theta,gen,true_prior,trialNo,P(n=0 boxes open),P(n=1 boxes open),P(n=2 boxes open),P(n=3 boxes open),P(n=4 boxes open),P(n=5 boxes open)
"(1,1)",0.1,0.02,1,1.0,0.0,0.0,0.0,0.0,0.0
"(1,1)",0.1,0.02,2,1.0,0.0,0.0,0.0,0.0,0.0
"(1,1)",0.1,0.02,3,0.98,0.02,0.0,0.0,0.0,0.0
"(1,1)",0.1,0.02,4,0.93,0.06,0.01,0.0,0.0,0.0
"(1,1)",0.1,0.02,5,0.88,0.07,0.05,0.0,0.0,0.0
"(1,1)",0.1,0.02,6,0.79,0.12,0.06,0.03,0.0,0.0
"(1,1)",0.1,0.02,7,0.77,0.06,0.12,0.05,0.0,0.0
"(1,1)",0.1,0.02,8,0.73,0.05,0.07,0.13,0.02,0.0
"(1,1)",0.1,0.02,9,0.7,0.05,0.06,0.13,0.06,0.0
"(1,1)",0.1,0.02,10,0.64,0.08,0.08,0.08,0.11,0.01
"(1,1)",0.1,0.02,11,0.6,0.11,0.05,0.1,0.09,0.05
"(1,1)",0.1,0.02,12,0.56,0.09,0.09,0.09,0.08,0.09
"(1,1)",0.1,0.02,13,0.5,0.13,0.08,0.1,0.08,0.11
"(1,1)",0.1,0.02,14,0.45,0.15,0.05,0.11,0.1,0.14
"(1,1)",0.1,0.02,15,0.39,0.16,0.08,0.07,0.11,0.19
"(1,1)",0.1,0.02,16,0.38,0.15,0.04,0.1,0.08,0.25
"(1,1)",0.1,0.02,17,0.34,0.13,0.09,0.07,0.09,0.28
"(1,1)",0.1,0.02,18,0.3,0.16,0.04,0.09,0.1,0.31
"(1,1)",0.1,0.02,19,0.28,0.18,0.02,0.08,0.09,0.35
"(1,1)",0.1,0.02,20,0.26,0.17,0.05,0.04,0.09,0.39
"(1,1)",0.1,0.02,21,0.24,0.17,0.05,0.06,0.04,0.44
"(1,1)",0.1,0.02,22,0.21,0.19,0.01,0.08,0.03,0.48
"(1,1)",0.1,0.02,23,0.2,0.16,0.04,0.05,0.05,0.5
"(1,1)",0.1,0.02,24,0.18,0.13,0.07,0.06,0.01,0.55
"(1,1)",0.1,0.02,25,0.17,0.12,0.05,0.07,0.03,0.56
"(1,1)",0.1,0.02,26,0.17,0.11,0.05,0.05,0.03,0.59
"(1,1)",0.1,0.02,27,0.16,0.12,0.0,0.07,0.05,0.6
"(1,1)",0.1,0.02,28,0.16,0.1,0.02,0.04,0.06,0.62
"(1,1)",0.1,0.02,29,0.15,0.1,0.02,0.04,0.03,0.66
"(1,1)",0.1,0.02,30,0.14,0.11,0.01,0.03,0.03,0.68
"(1,1)",0.1,0.02,31,0.12,0.11,0.02,0.03,0.03,0.69
"(1,1)",0.1,0.02,32,0.11,0.11,0.02,0.02,0.03,0.71
"(1,1)",0.1,0.02,33,0.11,0.09,0.04,0.01,0.03,0.72
"(1,1)",0.1,0.02,34,0.11,0.09,0.03,0.02,0.0,0.75
"(1,1)",0.1,0.02,35,0.1,0.09,0.03,0.03,0.0,0.75
"(1,1)",0.1,0.02,36,0.1,0.08,0.01,0.05,0.01,0.75
"(1,1)",0.1,0.02,37,0.09,0.07,0.03,0.04,0.01,0.76
"(1,1)",0.1,0.02,38,0.09,0.07,0.02,0.03,0.02,0.77
"(1,1)",0.1,0.02,39,0.09,0.05,0.02,0.04,0.02,0.78
"(1,1)",0.1,0.02,40,0.09,0.05,0.01,0.05,0.0,0.8
"(1,1)",0.1,0.02,41,0.08,0.06,0.0,0.05,0.01,0.8
"(1,1)",0.1,0.02,42,0.08,0.06,0.0,0.04,0.01,0.81
"(1,1)",0.1,0.02,43,0.07,0.07,0.0,0.04,0.0,0.82
"(1,1)",0.1,0.02,44,0.07,0.06,0.01,0.04,0.0,0.82
"(1,1)",0.1,0.02,45,0.07,0.06,0.01,0.03,0.01,0.82
"(1,1)",0.1,0.02,46,0.07,0.05,0.01,0.04,0.01,0.82
"(1,1)",0.1,0.02,47,0.07,0.04,0.02,0.03,0.01,0.83
"(1,1)",0.1,0.02,48,0.07,0.04,0.01,0.04,0.0,0.84
"(1,1)",0.1,0.02,49,0.07,0.04,0.0,0.04,0.01,0.84
"(1,1)",0.1,0.02,50,0.07,0.04,0.0,0.04,0.01,0.84
"(1,1)",0.1,0.02,51,0.07,0.03,0.01,0.03,0.02,0.84
"(1,1)",0.1,0.02,52,0.07,0.03,0.0,0.04,0.01,0.85
"(1,1)",0.1,0.02,53,0.07,0.03,0.0,0.04,0.01,0.85
"(1,1)",0.1,0.02,54,0.07,0.03,0.0,0.04,0.0,0.86
"(1,1)",0.1,0.02,55,0.07,0.03,0.0,0.04,0.0,0.86
"(1,1)",0.1,0.02,56,0.07,0.03,0.0,0.04,0.0,0.86
"(1,1)",0.1,0.02,57,0.07,0.03,0.0,0.03,0.01,0.86
"(1,1)",0.1,0.02,58,0.07,0.03,0.0,0.03,0.0,0.87
"(1,1)",0.1,0.02,59,0.07,0.03,0.0,0.03,0.0,0.87
"(1,1)",0.1,0.02,60,0.07,0.03,0.0,0.03,0.0,0.87
"(1,1)",0.1,0.02,61,0.06,0.04,0.0,0.03,0.0,0.87
"(1,1)",0.1,0.02,62,0.06,0.04,0.0,0.03,0.0,0.87
"(1,1)",0.1,0.02,63,0.06,0.03,0.01,0.03,0.0,0.87
"(1,1)",0.1,0.02,64,0.06,0.03,0.0,0.04,0.0,0.87
"(1,1)",0.1,0.02,65,0.06,0.03,0.0,0.04,0.0,0.87
"(1,1)",0.1,0.02,66,0.06,0.03,0.0,0.04,0.0,0.87
"(1,1)",0.1,0.02,67,0.06,0.03,0.0,0.03,0.01,0.87
"(1,1)",0.1,0.02,68,0.06,0.03,0.0,0.03,0.0,0.88
"(1,1)",0.1,0.02,69,0.06,0.03,0.0,0.03,0.0,0.88
"(1,1)",0.1,0.02,70,0.06,0.03,0.0,0.03,0.0,0.88
"(1,1)",0.2,0.02,1,1.0,0.0,0.0,0.0,0.0,0.0
"(1,1)",0.2,0.02,2,0.99,0.01,0.0,0.0,0.0,0.0
"(1,1)",0.2,0.02,3,0.98,0.01,0.01,0.0,0.0,0.0
"(1,1)",0.2,0.02,4,0.96,0.02,0.01,0.01,0.0,0.0
"(1,1)",0.2,0.02,5,0.89,0.08,0.02,0.01,0.0,0.0
"(1,1)",0.2,0.02,6,0.77,0.19,0.02,0.02,0.0,0.0
"(1,1)",0.2,0.02,7,0.64,0.3,0.04,0.02,0.0,0.0
"(1,1)",0.2,0.02,8,0.55,0.32,0.1,0.03,0.0,0.0
"(1,1)",0.2,0.02,9,0.49,0.33,0.13,0.04,0.01,0.0
"(1,1)",0.2,0.02,10,0.43,0.36,0.15,0.03,0.03,0.0
"(1,1)",0.2,0.02,11,0.37,0.35,0.18,0.06,0.04,0.0
"(1,1)",0.2,0.02,12,0.34,0.32,0.16,0.13,0.03,0.02
"(1,1)",0.2,0.02,13,0.28,0.35,0.14,0.16,0.04,0.03
"(1,1)",0.2,0.02,14,0.21,0.37,0.14,0.15,0.09,0.04
"(1,1)",0.2,0.02,15,0.18,0.31,0.19,0.14,0.11,0.07
"(1,1)",0.2,0.02,16,0.15,0.33,0.17,0.14,0.12,0.09
"(1,1)",0.2,0.02,17,0.13,0.31,0.18,0.14,0.12,0.12
"(1,1)",0.2,0.02,18,0.12,0.29,0.19,0.13,0.11,0.16
"(1,1)",0.2,0.02,19,0.11,0.27,0.19,0.12,0.11,0.2
"(1,1)",0.2,0.02,20,0.11,0.24,0.15,0.16,0.11,0.23
"(1,1)",0.2,0.02,21,0.09,0.25,0.11,0.21,0.07,0.27
"(1,1)",0.2,0.02,22,0.08,0.26,0.11,0.16,0.1,0.29
"(1,1)",0.2,0.02,23,0.08,0.23,0.12,0.15,0.12,0.3
"(1,1)",0.2,0.02,24,0.08,0.22,0.11,0.12,0.1,0.37
"(1,1)",0.2,0.02,25,0.08,0.22,0.08,0.11,0.11,0.4
"(1,1)",0.2,0.02,26,0.07,0.23,0.08,0.07,0.12,0.43
"(1,1)",0.2,0.02,27,0.07,0.21,0.1,0.07,0.07,0.48
"(1,1)",0.2,0.02,28,0.06,0.2,0.08,0.1,0.04,0.52
"(1,1)",0.2,0.02,29,0.04,0.21,0.07,0.11,0.04,0.53
"(1,1)",0.2,0.02,30,0.03,0.2,0.08,0.06,0.1,0.53
"(1,1)",0.2,0.02,31,0.03,0.19,0.07,0.06,0.06,0.59
"(1,1)",0.2,0.02,32,0.03,0.19,0.07,0.06,0.05,0.6
"(1,1)",0.2,0.02,33,0.03,0.17,0.09,0.05,0.06,0.6
"(1,1)",0.2,0.02,34,0.03,0.17,0.09,0.05,0.05,0.61
"(1,1)",0.2,0.02,35,0.02,0.18,0.08,0.05,0.04,0.63
"(1,1)",0.2,0.02,36,0.02,0.18,0.07,0.06,0.03,0.64
"(1,1)",0.2,0.02,37,0.02,0.18,0.07,0.02,0.07,0.64
"(1,1)",0.2,0.02,38,0.02,0.18,0.06,0.03,0.05,0.66
"(1,1)",0.2,0.02,39,0.02,0.18,0.06,0.02,0.05,0.67
"(1,1)",0.2,0.02,40,0.02,0.17,0.07,0.02,0.02,0.7
"(1,1)",0.2,0.02,41,0.02,0.17,0.07,0.02,0.02,0.7
"(1,1)",0.2,0.02,42,0.02,0.17,0.06,0.03,0.02,0.7
"(1,1)",0.2,0.02,43,0.02,0.16,0.07,0.02,0.03,0.7
"(1,1)",0.2,0.02,44,0.02,0.15,0.06,0.03,0.01,0.73
"(1,1)",0.2,0.02,45,0.02,0.15,0.05,0.03,0.02,0.73
"(1,1)",0.2,0.02,46,0.02,0.15,0.05,0.02,0.02,0.74
"(1,1)",0.2,0.02,47,0.02,0.15,0.05,0.02,0.02,0.74
"(1,1)",0.2,0.02,48,0.02,0.15,0.05,0.02,0.02,0.74
"(1,1)",0.2,0.02,49,0.02,0.15,0.05,0.01,0.02,0.75
"(1,1)",0.2,0.02,50,0.02,0.15,0.05,0.01,0.01,0.76
"(1,1)",0.2,0.02,51,0.02,0.15,0.05,0.01,0.0,0.77
"(1,1)",0.2,0.02,52,0.02,0.15,0.05,0.01,0.0,0.77
"(1,1)",0.2,0.02,53,0.02,0.15,0.05,0.01,0.0,0.77
"(1,1)",0.2,0.02,54,0.02,0.15,0.05,0.01,0.0,0.77
"(1,1)",0.2,0.02,55,0.02,0.15,0.05,0.01,0.0,0.77
"(1,1)",0.2,0.02,56,0.02,0.15,0.05,0.01,0.0,0.77
"(1,1)",0.2,0.02,57,0.02,0.15,0.05,0.01,0.0,0.77
"(1,1)",0.2,0.02,58,0.02,0.15,0.05,0.01,0.0,0.77
"(1,1)",0.2,0.02,59,0.02,0.15,0.05,0.01,0.0,0.77
"(1,1)",0.2,0.02,60,0.02,0.14,0.06,0.01,0.0,0.77
"(1,1)",0.2,0.02,61,0.02,0.14,0.06,0.01,0.0,0.77
"(1,1)",0.2,0.02,62,0.02,0.14,0.06,0.01,0.0,0.77
"(1,1)",0.2,0.02,63,0.02,0.14,0.06,0.01,0.0,0.77
"(1,1)",0.2,0.02,64,0.02,0.14,0.06,0.01,0.0,0.77
"(1,1)",0.2,0.02,65,0.02,0.14,0.06,0.01,0.0,0.77
"(1,1)",0.2,0.02,66,0.02,0.14,0.06,0.01,0.0,0.77
"(1,1)",0.2,0.02,67,0.02,0.14,0.05,0.02,0.0,0.77
"(1,1)",0.2,0.02,68,0.02,0.14,0.05,0.01,0.01,0.77
"(1,1)",0.2,0.02,69,0.02,0.14,0.04,0.02,0.0,0.78
"(1,1)",0.2,0.02,70,0.02,0.14,0.04,0.01,0.01,0.78
"(1,1)",0.3,0.02,1,0.95,0.05,0.0,0.0,0.0,0.0
"(1,1)",0.3,0.02,2,0.91,0.08,0.01,0.0,0.0,0.0
"(1,1)",0.3,0.02,3,0.81,0.18,0.01,0.0,0.0,0.0
"(1,1)",0.3,0.02,4,0.65,0.32,0.03,0.0,0.0,0.0
"(1,1)",0.3,0.02,5,0.49,0.47,0.02,0.02,0.0,0.0
"(1,1)",0.3,0.02,6,0.33,0.58,0.06,0.03,0.0,0.0
"(1,1)",0.3,0.02,7,0.24,0.55,0.15,0.06,0.0,0.0
"(1,1)",0.3,0.02,8,0.19,0.51,0.17,0.12,0.01,0.0
"(1,1)",0.3,0.02,9,0.16,0.37,0.3,0.15,0.02,0.0
"(1,1)",0.3,0.02,10,0.13,0.31,0.31,0.21,0.04,0.0
"(1,1)",0.3,0.02,11,0.08,0.31,0.26,0.24,0.11,0.0
"(1,1)",0.3,0.02,12,0.06,0.28,0.21,0.29,0.13,0.03
"(1,1)",0.3,0.02,13,0.04,0.25,0.22,0.29,0.15,0.05
"(1,1)",0.3,0.02,14,0.03,0.24,0.17,0.31,0.18,0.07
"(1,1)",0.3,0.02,15,0.03,0.2,0.2,0.27,0.19,0.11
"(1,1)",0.3,0.02,16,0.02,0.18,0.19,0.26,0.21,0.14
"(1,1)",0.3,0.02,17,0.01,0.18,0.16,0.22,0.26,0.17
"(1,1)",0.3,0.02,18,0.01,0.17,0.14,0.21,0.25,0.22
"(1,1)",0.3,0.02,19,0.01,0.17,0.12,0.17,0.23,0.3
"(1,1)",0.3,0.02,20,0.0,0.16,0.13,0.16,0.17,0.38
"(1,1)",0.3,0.02,21,0.0,0.15,0.11,0.16,0.13,0.45
"(1,1)",0.3,0.02,22,0.0,0.14,0.11,0.13,0.14,0.48
"(1,1)",0.3,0.02,23,0.0,0.14,0.08,0.13,0.15,0.5
"(1,1)",0.3,0.02,24,0.0,0.13,0.09,0.1,0.13,0.55
"(1,1)",0.3,0.02,25,0.0,0.13,0.09,0.09,0.12,0.57
"(1,1)",0.3,0.02,26,0.0,0.12,0.1,0.09,0.09,0.6
"(1,1)",0.3,0.02,27,0.0,0.12,0.09,0.1,0.07,0.62
"(1,1)",0.3,0.02,28,0.0,0.11,0.1,0.1,0.05,0.64
"(1,1)",0.3,0.02,29,0.0,0.11,0.1,0.09,0.05,0.65
"(1,1)",0.3,0.02,30,0.0,0.11,0.1,0.09,0.05,0.65
"(1,1)",0.3,0.02,31,0.0,0.11,0.1,0.07,0.07,0.65
"(1,1)",0.3,0.02,32,0.0,0.11,0.1,0.06,0.06,0.67
"(1,1)",0.3,0.02,33,0.0,0.11,0.1,0.06,0.05,0.68
"(1,1)",0.3,0.02,34,0.0,0.11,0.1,0.06,0.03,0.7
"(1,1)",0.3,0.02,35,0.0,0.1,0.11,0.06,0.01,0.72
"(1,1)",0.3,0.02,36,0.0,0.1,0.11,0.06,0.01,0.72
"(1,1)",0.3,0.02,37,0.0,0.09,0.11,0.07,0.01,0.72
"(1,1)",0.3,0.02,38,0.0,0.09,0.1,0.07,0.02,0.72
"(1,1)",0.3,0.02,39,0.0,0.09,0.1,0.06,0.03,0.72
"(1,1)",0.3,0.02,40,0.0,0.09,0.1,0.06,0.01,0.74
"(1,1)",0.3,0.02,41,0.0,0.09,0.1,0.05,0.02,0.74
"(1,1)",0.3,0.02,42,0.0,0.09,0.1,0.05,0.01,0.75
"(1,1)",0.3,0.02,43,0.0,0.09,0.1,0.05,0.01,0.75
"(1,1)",0.3,0.02,44,0.0,0.09,0.09,0.06,0.01,0.75
"(1,1)",0.3,0.02,45,0.0,0.09,0.07,0.08,0.01,0.75
"(1,1)",0.3,0.02,46,0.0,0.09,0.07,0.07,0.02,0.75
"(1,1)",0.3,0.02,47,0.0,0.09,0.07,0.05,0.04,0.75
"(1,1)",0.3,0.02,48,0.0,0.09,0.06,0.06,0.03,0.76
"(1,1)",0.3,0.02,49,0.0,0.09,0.06,0.06,0.03,0.76
"(1,1)",0.3,0.02,50,0.0,0.09,0.06,0.06,0.03,0.76
"(1,1)",0.3,0.02,51,0.0,0.09,0.06,0.04,0.04,0.77
"(1,1)",0.3,0.02,52,0.0,0.09,0.06,0.04,0.03,0.78
"(1,1)",0.3,0.02,53,0.0,0.09,0.06,0.04,0.01,0.8
"(1,1)",0.3,0.02,54,0.0,0.09,0.06,0.04,0.01,0.8
"(1,1)",0.3,0.02,55,0.0,0.09,0.06,0.04,0.01,0.8
"(1,1)",0.3,0.02,56,0.0,0.09,0.06,0.04,0.01,0.8
"(1,1)",0.3,0.02,57,0.0,0.09,0.06,0.04,0.01,0.8
"(1,1)",0.3,0.02,58,0.0,0.09,0.06,0.04,0.01,0.8
"(1,1)",0.3,0.02,59,0.0,0.09,0.05,0.05,0.0,0.81
"(1,1)",0.3,0.02,60,0.0,0.09,0.05,0.04,0.01,0.81
"(1,1)",0.3,0.02,61,0.0,0.09,0.05,0.03,0.02,0.81
"(1,1)",0.3,0.02,62,0.0,0.09,0.05,0.03,0.02,0.81
"(1,1)",0.3,0.02,63,0.0,0.09,0.05,0.03,0.02,0.81
"(1,1)",0.3,0.02,64,0.0,0.09,0.05,0.03,0.02,0.81
"(1,1)",0.3,0.02,65,0.0,0.09,0.05,0.02,0.02,0.82
"(1,1)",0.3,0.02,66,0.0,0.09,0.05,0.02,0.02,0.82
"(1,1)",0.3,0.02,67,0.0,0.09,0.05,0.02,0.02,0.82
"(1,1)",0.3,0.02,68,0.0,0.09,0.05,0.02,0.02,0.82
"(1,1)",0.3,0.02,69,0.0,0.09,0.05,0.02,0.02,0.82
"(1,1)",0.3,0.02,70,0.0,0.09,0.05,0.02,0.0,0.84
"(1,1)",0.4,0.02,1,0.93,0.07,0.0,0.0,0.0,0.0
"(1,1)",0.4,0.02,2,0.77,0.23,0.0,0.0,0.0,0.0
"(1,1)",0.4,0.02,3,0.53,0.46,0.01,0.0,0.0,0.0
"(1,1)",0.4,0.02,4,0.38,0.58,0.04,0.0,0.0,0.0
"(1,1)",0.4,0.02,5,0.2,0.66,0.12,0.02,0.0,0.0
"(1,1)",0.4,0.02,6,0.17,0.61,0.17,0.05,0.0,0.0
"(1,1)",0.4,0.02,7,0.11,0.58,0.19,0.09,0.03,0.0
"(1,1)",0.4,0.02,8,0.09,0.49,0.26,0.13,0.03,0.0
"(1,1)",0.4,0.02,9,0.07,0.41,0.29,0.16,0.05,0.02
"(1,1)",0.4,0.02,10,0.06,0.32,0.32,0.23,0.04,0.03
"(1,1)",0.4,0.02,11,0.04,0.34,0.24,0.28,0.05,0.05
"(1,1)",0.4,0.02,12,0.03,0.32,0.24,0.23,0.13,0.05
"(1,1)",0.4,0.02,13,0.03,0.31,0.24,0.2,0.17,0.05
"(1,1)",0.4,0.02,14,0.02,0.28,0.23,0.21,0.14,0.12
"(1,1)",0.4,0.02,15,0.02,0.25,0.22,0.23,0.12,0.16
"(1,1)",0.4,0.02,16,0.02,0.24,0.17,0.26,0.14,0.17
"(1,1)",0.4,0.02,17,0.02,0.24,0.12,0.27,0.14,0.21
"(1,1)",0.4,0.02,18,0.02,0.23,0.13,0.24,0.13,0.25
"(1,1)",0.4,0.02,19,0.02,0.21,0.14,0.2,0.13,0.3
"(1,1)",0.4,0.02,20,0.02,0.19,0.15,0.18,0.14,0.32
"(1,1)",0.4,0.02,21,0.02,0.19,0.14,0.18,0.12,0.35
"(1,1)",0.4,0.02,22,0.02,0.18,0.14,0.17,0.11,0.38
"(1,1)",0.4,0.02,23,0.02,0.17,0.15,0.17,0.09,0.4
"(1,1)",0.4,0.02,24,0.02,0.17,0.13,0.19,0.07,0.42
"(1,1)",0.4,0.02,25,0.02,0.17,0.12,0.19,0.04,0.46
"(1,1)",0.4,0.02,26,0.01,0.18,0.11,0.17,0.06,0.47
"(1,1)",0.4,0.02,27,0.01,0.18,0.11,0.16,0.06,0.48
"(1,1)",0.4,0.02,28,0.01,0.18,0.1,0.13,0.1,0.48
"(1,1)",0.4,0.02,29,0.01,0.18,0.1,0.1,0.13,0.48
"(1,1)",0.4,0.02,30,0.01,0.17,0.1,0.11,0.12,0.49
"(1,1)",0.4,0.02,31,0.01,0.15,0.11,0.1,0.11,0.52
"(1,1)",0.4,0.02,32,0.01,0.15,0.11,0.1,0.09,0.54
"(1,1)",0.4,0.02,33,0.01,0.15,0.11,0.09,0.09,0.55
"(1,1)",0.4,0.02,34,0.0,0.16,0.1,0.1,0.06,0.58
"(1,1)",0.4,0.02,35,0.0,0.16,0.09,0.1,0.06,0.59
"(1,1)",0.4,0.02,36,0.0,0.16,0.09,0.09,0.04,0.62
"(1,1)",0.4,0.02,37,0.0,0.16,0.09,0.09,0.01,0.65
"(1,1)",0.4,0.02,38,0.0,0.16,0.09,0.09,0.01,0.65
"(1,1)",0.4,0.02,39,0.0,0.16,0.09,0.09,0.01,0.65
"(1,1)",0.4,0.02,40,0.0,0.14,0.11,0.09,0.01,0.65
"(1,1)",0.4,0.02,41,0.0,0.14,0.11,0.09,0.01,0.65
"(1,1)",0.4,0.02,42,0.0,0.14,0.1,0.1,0.01,0.65
"(1,1)",0.4,0.02,43,0.0,0.14,0.1,0.1,0.01,0.65
"(1,1)",0.4,0.02,44,0.0,0.14,0.07,0.12,0.02,0.65
"(1,1)",0.4,0.02,45,0.0,0.14,0.06,0.11,0.03,0.66
"(1,1)",0.4,0.02,46,0.0,0.14,0.06,0.08,0.06,0.66
"(1,1)",0.4,0.02,47,0.0,0.14,0.06,0.07,0.06,0.67
"(1,1)",0.4,0.02,48,0.0,0.13,0.07,0.06,0.06,0.68
"(1,1)",0.4,0.02,49,0.0,0.13,0.06,0.06,0.04,0.71
"(1,1)",0.4,0.02,50,0.0,0.13,0.06,0.06,0.03,0.72
"(1,1)",0.4,0.02,51,0.0,0.13,0.06,0.06,0.02,0.73
"(1,1)",0.4,0.02,52,0.0,0.1,0.09,0.05,0.03,0.73
"(1,1)",0.4,0.02,53,0.0,0.1,0.08,0.06,0.03,0.73
"(1,1)",0.4,0.02,54,0.0,0.1,0.07,0.06,0.04,0.73
"(1,1)",0.4,0.02,55,0.0,0.1,0.06,0.07,0.04,0.73
"(1,1)",0.4,0.02,56,0.0,0.1,0.06,0.05,0.06,0.73
"(1,1)",0.4,0.02,57,0.0,0.1,0.06,0.05,0.03,0.76
"(1,1)",0.4,0.02,58,0.0,0.1,0.06,0.05,0.03,0.76
"(1,1)",0.4,0.02,59,0.0,0.1,0.06,0.05,0.03,0.76
"(1,1)",0.4,0.02,60,0.0,0.1,0.06,0.05,0.03,0.76
"(1,1)",0.4,0.02,61,0.0,0.1,0.06,0.04,0.04,0.76
"(1,1)",0.4,0.02,62,0.0,0.1,0.06,0.04,0.03,0.77
"(1,1)",0.4,0.02,63,0.0,0.1,0.06,0.04,0.03,0.77
"(1,1)",0.4,0.02,64,0.0,0.1,0.06,0.04,0.03,0.77
"(1,1)",0.4,0.02,65,0.0,0.09,0.07,0.04,0.02,0.78
"(1,1)",0.4,0.02,66,0.0,0.09,0.07,0.03,0.03,0.78
"(1,1)",0.4,0.02,67,0.0,0.08,0.08,0.03,0.03,0.78
"(1,1)",0.4,0.02,68,0.0,0.08,0.07,0.04,0.03,0.78
"(1,1)",0.4,0.02,69,0.0,0.08,0.07,0.03,0.04,0.78
"(1,1)",0.4,0.02,70,0.0,0.08,0.07,0.03,0.03,0.79
"(1,1)",0.5,0.02,1,0.77,0.23,0.0,0.0,0.0,0.0
"(1,1)",0.5,0.02,2,0.45,0.55,0.0,0.0,0.0,0.0
"(1,1)",0.5,0.02,3,0.24,0.74,0.02,0.0,0.0,0.0
"(1,1)",0.5,0.02,4,0.12,0.8,0.07,0.01,0.0,0.0
"(1,1)",0.5,0.02,5,0.09,0.58,0.32,0.01,0.0,0.0
"(1,1)",0.5,0.02,6,0.04,0.47,0.39,0.1,0.0,0.0
"(1,1)",0.5,0.02,7,0.02,0.42,0.36,0.18,0.02,0.0
"(1,1)",0.5,0.02,8,0.02,0.39,0.35,0.18,0.06,0.0
"(1,1)",0.5,0.02,9,0.01,0.34,0.35,0.22,0.08,0.0
"(1,1)",0.5,0.02,10,0.01,0.26,0.38,0.24,0.11,0.0
"(1,1)",0.5,0.02,11,0.01,0.25,0.33,0.26,0.13,0.02
"(1,1)",0.5,0.02,12,0.01,0.18,0.34,0.27,0.16,0.04
"(1,1)",0.5,0.02,13,0.01,0.17,0.28,0.31,0.17,0.06
"(1,1)",0.5,0.02,14,0.01,0.13,0.29,0.31,0.16,0.1
"(1,1)",0.5,0.02,15,0.01,0.11,0.31,0.29,0.15,0.13
"(1,1)",0.5,0.02,16,0.01,0.1,0.29,0.28,0.14,0.18
"(1,1)",0.5,0.02,17,0.01,0.08,0.27,0.29,0.12,0.23
"(1,1)",0.5,0.02,18,0.01,0.07,0.24,0.32,0.1,0.26
"(1,1)",0.5,0.02,19,0.01,0.07,0.22,0.29,0.13,0.28
"(1,1)",0.5,0.02,20,0.01,0.07,0.18,0.28,0.16,0.3
"(1,1)",0.5,0.02,21,0.01,0.07,0.17,0.22,0.19,0.34
"(1,1)",0.5,0.02,22,0.01,0.07,0.17,0.2,0.17,0.38
"(1,1)",0.5,0.02,23,0.01,0.07,0.16,0.18,0.16,0.42
"(1,1)",0.5,0.02,24,0.01,0.07,0.14,0.17,0.13,0.48
"(1,1)",0.5,0.02,25,0.01,0.07,0.13,0.18,0.1,0.51
"(1,1)",0.5,0.02,26,0.01,0.07,0.12,0.16,0.12,0.52
"(1,1)",0.5,0.02,27,0.01,0.07,0.11,0.15,0.14,0.52
"(1,1)",0.5,0.02,28,0.01,0.07,0.1,0.16,0.12,0.54
"(1,1)",0.5,0.02,29,0.01,0.07,0.1,0.14,0.11,0.57
"(1,1)",0.5,0.02,30,0.01,0.07,0.1,0.14,0.09,0.59
"(1,1)",0.5,0.02,31,0.01,0.07,0.1,0.14,0.08,0.6
"(1,1)",0.5,0.02,32,0.01,0.07,0.09,0.15,0.05,0.63
"(1,1)",0.5,0.02,33,0.01,0.07,0.09,0.13,0.06,0.64
"(1,1)",0.5,0.02,34,0.01,0.07,0.09,0.13,0.04,0.66
"(1,1)",0.5,0.02,35,0.01,0.07,0.09,0.11,0.05,0.67
"(1,1)",0.5,0.02,36,0.01,0.07,0.09,0.11,0.03,0.69
"(1,1)",0.5,0.02,37,0.01,0.07,0.09,0.11,0.02,0.7
"(1,1)",0.5,0.02,38,0.01,0.07,0.09,0.09,0.04,0.7
"(1,1)",0.5,0.02,39,0.01,0.07,0.08,0.1,0.03,0.71
"(1,1)",0.5,0.02,40,0.01,0.07,0.08,0.1,0.03,0.71
"(1,1)",0.5,0.02,41,0.01,0.07,0.08,0.1,0.03,0.71
"(1,1)",0.5,0.02,42,0.01,0.07,0.08,0.1,0.03,0.71
"(1,1)",0.5,0.02,43,0.01,0.07,0.08,0.1,0.03,0.71
"(1,1)",0.5,0.02,44,0.01,0.07,0.08,0.1,0.02,0.72
"(1,1)",0.5,0.02,45,0.01,0.07,0.07,0.1,0.03,0.72
"(1,1)",0.5,0.02,46,0.01,0.07,0.07,0.09,0.04,0.72
"(1,1)",0.5,0.02,47,0.01,0.07,0.07,0.09,0.03,0.73
"(1,1)",0.5,0.02,48,0.01,0.07,0.07,0.09,0.02,0.74
"(1,1)",0.5,0.02,49,0.01,0.07,0.07,0.09,0.02,0.74
"(1,1)",0.5,0.02,50,0.01,0.07,0.07,0.09,0.02,0.74
"(1,1)",0.5,0.02,51,0.01,0.07,0.07,0.08,0.03,0.74
"(1,1)",0.5,0.02,52,0.01,0.07,0.07,0.08,0.03,0.74
"(1,1)",0.5,0.02,53,0.01,0.07,0.07,0.08,0.03,0.74
"(1,1)",0.5,0.02,54,0.01,0.07,0.07,0.08,0.02,0.75
"(1,1)",0.5,0.02,55,0.01,0.07,0.07,0.08,0.01,0.76
"(1,1)",0.5,0.02,56,0.01,0.07,0.07,0.08,0.0,0.77
"(1,1)",0.5,0.02,57,0.01,0.07,0.07,0.08,0.0,0.77
"(1,1)",0.5,0.02,58,0.01,0.07,0.07,0.08,0.0,0.77
"(1,1)",0.5,0.02,59,0.01,0.07,0.07,0.08,0.0,0.77
"(1,1)",0.5,0.02,60,0.01,0.07,0.07,0.08,0.0,0.77
"(1,1)",0.5,0.02,61,0.01,0.07,0.07,0.08,0.0,0.77
"(1,1)",0.5,0.02,62,0.01,0.07,0.07,0.08,0.0,0.77
"(1,1)",0.5,0.02,63,0.01,0.07,0.07,0.08,0.0,0.77
"(1,1)",0.5,0.02,64,0.01,0.07,0.07,0.08,0.0,0.77
"(1,1)",0.5,0.02,65,0.01,0.07,0.06,0.09,0.0,0.77
"(1,1)",0.5,0.02,66,0.01,0.07,0.06,0.08,0.01,0.77
"(1,1)",0.5,0.02,67,0.01,0.07,0.06,0.08,0.01,0.77
"(1,1)",0.5,0.02,68,0.01,0.07,0.06,0.08,0.01,0.77
"(1,1)",0.5,0.02,69,0.01,0.07,0.06,0.08,0.01,0.77
"(1,1)",0.5,0.02,70,0.01,0.07,0.06,0.08,0.01,0.77
"(1,1)",0.6,0.02,1,0.58,0.42,0.0,0.0,0.0,0.0
"(1,1)",0.6,0.02,2,0.3,0.7,0.0,0.0,0.0,0.0
"(1,1)",0.6,0.02,3,0.13,0.78,0.09,0.0,0.0,0.0
"(1,1)",0.6,0.02,4,0.1,0.67,0.22,0.01,0.0,0.0
"(1,1)",0.6,0.02,5,0.08,0.55,0.35,0.02,0.0,0.0
"(1,1)",0.6,0.02,6,0.08,0.43,0.43,0.05,0.01,0.0
"(1,1)",0.6,0.02,7,0.05,0.38,0.45,0.11,0.01,0.0
"(1,1)",0.6,0.02,8,0.05,0.34,0.41,0.17,0.03,0.0
"(1,1)",0.6,0.02,9,0.04,0.28,0.41,0.22,0.03,0.02
"(1,1)",0.6,0.02,10,0.03,0.23,0.46,0.17,0.09,0.02
"(1,1)",0.6,0.02,11,0.03,0.19,0.4,0.24,0.11,0.03
"(1,1)",0.6,0.02,12,0.03,0.16,0.4,0.25,0.09,0.07
"(1,1)",0.6,0.02,13,0.03,0.16,0.34,0.29,0.07,0.11
"(1,1)",0.6,0.02,14,0.03,0.16,0.31,0.29,0.09,0.12
"(1,1)",0.6,0.02,15,0.03,0.15,0.28,0.28,0.12,0.14
"(1,1)",0.6,0.02,16,0.03,0.15,0.25,0.28,0.14,0.15
"(1,1)",0.6,0.02,17,0.03,0.15,0.22,0.25,0.19,0.16
"(1,1)",0.6,0.02,18,0.03,0.15,0.22,0.23,0.18,0.19
"(1,1)",0.6,0.02,19,0.03,0.15,0.2,0.24,0.15,0.23
"(1,1)",0.6,0.02,20,0.03,0.14,0.19,0.21,0.18,0.25
"(1,1)",0.6,0.02,21,0.03,0.14,0.17,0.22,0.17,0.27
"(1,1)",0.6,0.02,22,0.03,0.14,0.16,0.22,0.13,0.32
"(1,1)",0.6,0.02,23,0.03,0.14,0.16,0.21,0.1,0.36
"(1,1)",0.6,0.02,24,0.03,0.14,0.15,0.16,0.15,0.37
"(1,1)",0.6,0.02,25,0.03,0.14,0.15,0.15,0.12,0.41
"(1,1)",0.6,0.02,26,0.03,0.14,0.15,0.13,0.12,0.43
"(1,1)",0.6,0.02,27,0.03,0.13,0.15,0.14,0.1,0.45
"(1,1)",0.6,0.02,28,0.03,0.13,0.15,0.14,0.09,0.46
"(1,1)",0.6,0.02,29,0.03,0.13,0.13,0.16,0.04,0.51
"(1,1)",0.6,0.02,30,0.03,0.13,0.13,0.15,0.05,0.51
"(1,1)",0.6,0.02,31,0.03,0.12,0.12,0.16,0.06,0.51
"(1,1)",0.6,0.02,32,0.03,0.12,0.12,0.15,0.06,0.52
"(1,1)",0.6,0.02,33,0.03,0.12,0.11,0.14,0.06,0.54
"(1,1)",0.6,0.02,34,0.03,0.12,0.11,0.13,0.07,0.54
"(1,1)",0.6,0.02,35,0.03,0.12,0.11,0.09,0.11,0.54
"(1,1)",0.6,0.02,36,0.03,0.12,0.11,0.09,0.08,0.57
"(1,1)",0.6,0.02,37,0.03,0.12,0.11,0.09,0.07,0.58
"(1,1)",0.6,0.02,38,0.03,0.12,0.1,0.1,0.07,0.58
"(1,1)",0.6,0.02,39,0.03,0.12,0.1,0.09,0.08,0.58
"(1,1)",0.6,0.02,40,0.03,0.12,0.09,0.1,0.04,0.62
"(1,1)",0.6,0.02,41,0.03,0.11,0.1,0.1,0.03,0.63
"(1,1)",0.6,0.02,42,0.03,0.1,0.1,0.11,0.03,0.63
"(1,1)",0.6,0.02,43,0.03,0.1,0.1,0.1,0.03,0.64
"(1,1)",0.6,0.02,44,0.03,0.1,0.1,0.1,0.03,0.64
"(1,1)",0.6,0.02,45,0.03,0.09,0.1,0.11,0.03,0.64
"(1,1)",0.6,0.02,46,0.03,0.09,0.1,0.09,0.05,0.64
"(1,1)",0.6,0.02,47,0.03,0.09,0.09,0.09,0.06,0.64
"(1,1)",0.6,0.02,48,0.03,0.09,0.09,0.09,0.03,0.67
"(1,1)",0.6,0.02,49,0.03,0.09,0.08,0.07,0.06,0.67
"(1,1)",0.6,0.02,50,0.03,0.09,0.08,0.07,0.05,0.68
"(1,1)",0.6,0.02,51,0.03,0.09,0.08,0.06,0.05,0.69
"(1,1)",0.6,0.02,52,0.03,0.09,0.08,0.06,0.05,0.69
"(1,1)",0.6,0.02,53,0.03,0.09,0.08,0.06,0.05,0.69
"(1,1)",0.6,0.02,54,0.03,0.09,0.08,0.06,0.03,0.71
"(1,1)",0.6,0.02,55,0.03,0.09,0.08,0.06,0.03,0.71
"(1,1)",0.6,0.02,56,0.03,0.09,0.08,0.06,0.01,0.73
"(1,1)",0.6,0.02,57,0.03,0.09,0.08,0.06,0.01,0.73
"(1,1)",0.6,0.02,58,0.03,0.09,0.08,0.06,0.01,0.73
"(1,1)",0.6,0.02,59,0.03,0.08,0.09,0.06,0.01,0.73
"(1,1)",0.6,0.02,60,0.03,0.08,0.09,0.06,0.01,0.73
"(1,1)",0.6,0.02,61,0.03,0.08,0.08,0.07,0.01,0.73
"(1,1)",0.6,0.02,62,0.03,0.08,0.08,0.06,0.02,0.73
"(1,1)",0.6,0.02,63,0.03,0.08,0.07,0.07,0.02,0.73
"(1,1)",0.6,0.02,64,0.03,0.08,0.07,0.07,0.02,0.73
"(1,1)",0.6,0.02,65,0.03,0.08,0.07,0.06,0.02,0.74
"(1,1)",0.6,0.02,66,0.03,0.08,0.07,0.06,0.02,0.74
"(1,1)",0.6,0.02,67,0.03,0.08,0.07,0.06,0.02,0.74
"(1,1)",0.6,0.02,68,0.03,0.08,0.07,0.06,0.02,0.74
"(1,1)",0.6,0.02,69,0.03,0.08,0.06,0.07,0.02,0.74
"(1,1)",0.6,0.02,70,0.03,0.08,0.06,0.07,0.02,0.74
"(1,1)",0.7,0.02,1,0.57,0.43,0.0,0.0,0.0,0.0
"(1,1)",0.7,0.02,2,0.32,0.66,0.02,0.0,0.0,0.0
"(1,1)",0.7,0.02,3,0.23,0.63,0.13,0.01,0.0,0.0
"(1,1)",0.7,0.02,4,0.21,0.55,0.23,0.01,0.0,0.0
"(1,1)",0.7,0.02,5,0.18,0.47,0.3,0.05,0.0,0.0
"(1,1)",0.7,0.02,6,0.15,0.42,0.34,0.08,0.01,0.0
"(1,1)",0.7,0.02,7,0.15,0.36,0.33,0.14,0.02,0.0
"(1,1)",0.7,0.02,8,0.15,0.29,0.36,0.15,0.05,0.0
"(1,1)",0.7,0.02,9,0.14,0.27,0.35,0.16,0.08,0.0
"(1,1)",0.7,0.02,10,0.13,0.26,0.31,0.2,0.09,0.01
"(1,1)",0.7,0.02,11,0.12,0.24,0.31,0.19,0.11,0.03
"(1,1)",0.7,0.02,12,0.12,0.24,0.25,0.24,0.1,0.05
"(1,1)",0.7,0.02,13,0.12,0.22,0.24,0.24,0.11,0.07
"(1,1)",0.7,0.02,14,0.12,0.2,0.24,0.24,0.11,0.09
"(1,1)",0.7,0.02,15,0.12,0.19,0.24,0.19,0.16,0.1
"(1,1)",0.7,0.02,16,0.12,0.18,0.23,0.18,0.16,0.13
"(1,1)",0.7,0.02,17,0.12,0.17,0.21,0.19,0.14,0.17
"(1,1)",0.7,0.02,18,0.12,0.15,0.22,0.15,0.15,0.21
"(1,1)",0.7,0.02,19,0.12,0.15,0.2,0.14,0.16,0.23
"(1,1)",0.7,0.02,20,0.12,0.13,0.2,0.15,0.15,0.25
"(1,1)",0.7,0.02,21,0.12,0.13,0.19,0.14,0.14,0.28
"(1,1)",0.7,0.02,22,0.12,0.13,0.19,0.13,0.12,0.31
"(1,1)",0.7,0.02,23,0.12,0.13,0.18,0.13,0.09,0.35
"(1,1)",0.7,0.02,24,0.12,0.12,0.17,0.12,0.11,0.36
"(1,1)",0.7,0.02,25,0.12,0.12,0.16,0.11,0.11,0.38
"(1,1)",0.7,0.02,26,0.12,0.11,0.16,0.09,0.14,0.38
"(1,1)",0.7,0.02,27,0.12,0.1,0.16,0.09,0.11,0.42
"(1,1)",0.7,0.02,28,0.12,0.09,0.14,0.1,0.12,0.43
"(1,1)",0.7,0.02,29,0.12,0.08,0.15,0.08,0.11,0.46
"(1,1)",0.7,0.02,30,0.12,0.07,0.15,0.09,0.08,0.49
"(1,1)",0.7,0.02,31,0.12,0.07,0.14,0.08,0.08,0.51
"(1,1)",0.7,0.02,32,0.12,0.07,0.14,0.08,0.07,0.52
"(1,1)",0.7,0.02,33,0.12,0.07,0.12,0.09,0.05,0.55
"(1,1)",0.7,0.02,34,0.12,0.07,0.11,0.1,0.04,0.56
"(1,1)",0.7,0.02,35,0.11,0.08,0.11,0.1,0.03,0.57
"(1,1)",0.7,0.02,36,0.11,0.08,0.11,0.05,0.07,0.58
"(1,1)",0.7,0.02,37,0.11,0.08,0.11,0.03,0.08,0.59
"(1,1)",0.7,0.02,38,0.11,0.07,0.12,0.03,0.06,0.61
"(1,1)",0.7,0.02,39,0.11,0.07,0.12,0.03,0.05,0.62
"(1,1)",0.7,0.02,40,0.11,0.07,0.11,0.04,0.03,0.64
"(1,1)",0.7,0.02,41,0.11,0.07,0.11,0.04,0.03,0.64
"(1,1)",0.7,0.02,42,0.11,0.07,0.11,0.04,0.01,0.66
"(1,1)",0.7,0.02,43,0.11,0.07,0.11,0.04,0.01,0.66
"(1,1)",0.7,0.02,44,0.11,0.07,0.11,0.03,0.02,0.66
"(1,1)",0.7,0.02,45,0.11,0.06,0.12,0.03,0.02,0.66
"(1,1)",0.7,0.02,46,0.11,0.06,0.11,0.04,0.02,0.66
"(1,1)",0.7,0.02,47,0.11,0.06,0.11,0.03,0.03,0.66
"(1,1)",0.7,0.02,48,0.11,0.06,0.11,0.03,0.01,0.68
"(1,1)",0.7,0.02,49,0.11,0.06,0.11,0.03,0.01,0.68
"(1,1)",0.7,0.02,50,0.11,0.06,0.11,0.02,0.02,0.68
"(1,1)",0.7,0.02,51,0.11,0.06,0.11,0.02,0.02,0.68
"(1,1)",0.7,0.02,52,0.11,0.06,0.11,0.02,0.01,0.69
"(1,1)",0.7,0.02,53,0.1,0.07,0.11,0.02,0.01,0.69
"(1,1)",0.7,0.02,54,0.1,0.07,0.1,0.03,0.01,0.69
"(1,1)",0.7,0.02,55,0.1,0.07,0.1,0.03,0.01,0.69
"(1,1)",0.7,0.02,56,0.1,0.07,0.09,0.04,0.01,0.69
"(1,1)",0.7,0.02,57,0.1,0.07,0.09,0.04,0.01,0.69
"(1,1)",0.7,0.02,58,0.1,0.07,0.09,0.04,0.01,0.69
"(1,1)",0.7,0.02,59,0.1,0.07,0.09,0.04,0.01,0.69
"(1,1)",0.7,0.02,60,0.1,0.07,0.09,0.03,0.02,0.69
"(1,1)",0.7,0.02,61,0.1,0.07,0.09,0.02,0.03,0.69
"(1,1)",0.7,0.02,62,0.1,0.06,0.1,0.02,0.02,0.7
"(1,1)",0.7,0.02,63,0.1,0.06,0.1,0.02,0.02,0.7
"(1,1)",0.7,0.02,64,0.1,0.06,0.1,0.02,0.02,0.7
"(1,1)",0.7,0.02,65,0.1,0.06,0.1,0.02,0.02,0.7
"(1,1)",0.7,0.02,66,0.1,0.06,0.09,0.03,0.02,0.7
"(1,1)",0.7,0.02,67,0.1,0.06,0.09,0.02,0.03,0.7
"(1,1)",0.7,0.02,68,0.1,0.06,0.09,0.02,0.02,0.71
"(1,1)",0.7,0.02,69,0.1,0.06,0.08,0.03,0.01,0.72
"(1,1)",0.7,0.02,70,0.1,0.06,0.08,0.02,0.02,0.72
"(1,1)",0.8,0.02,1,0.56,0.44,0.0,0.0,0.0,0.0
"(1,1)",0.8,0.02,2,0.37,0.55,0.08,0.0,0.0,0.0
"(1,1)",0.8,0.02,3,0.28,0.58,0.14,0.0,0.0,0.0
"(1,1)",0.8,0.02,4,0.22,0.55,0.22,0.01,0.0,0.0
"(1,1)",0.8,0.02,5,0.2,0.49,0.27,0.04,0.0,0.0
"(1,1)",0.8,0.02,6,0.19,0.44,0.32,0.05,0.0,0.0
"(1,1)",0.8,0.02,7,0.18,0.4,0.33,0.07,0.02,0.0
"(1,1)",0.8,0.02,8,0.16,0.36,0.36,0.1,0.01,0.01
"(1,1)",0.8,0.02,9,0.16,0.35,0.29,0.17,0.02,0.01
"(1,1)",0.8,0.02,10,0.14,0.33,0.32,0.17,0.03,0.01
"(1,1)",0.8,0.02,11,0.13,0.32,0.32,0.19,0.03,0.01
"(1,1)",0.8,0.02,12,0.13,0.28,0.31,0.23,0.03,0.02
"(1,1)",0.8,0.02,13,0.11,0.28,0.32,0.18,0.07,0.04
"(1,1)",0.8,0.02,14,0.1,0.29,0.31,0.18,0.07,0.05
"(1,1)",0.8,0.02,15,0.08,0.28,0.31,0.16,0.12,0.05
"(1,1)",0.8,0.02,16,0.07,0.28,0.32,0.16,0.1,0.07
"(1,1)",0.8,0.02,17,0.07,0.27,0.28,0.21,0.07,0.1
"(1,1)",0.8,0.02,18,0.07,0.23,0.3,0.21,0.08,0.11
"(1,1)",0.8,0.02,19,0.06,0.24,0.27,0.21,0.1,0.12
"(1,1)",0.8,0.02,20,0.06,0.21,0.29,0.18,0.12,0.14
"(1,1)",0.8,0.02,21,0.06,0.2,0.27,0.18,0.09,0.2
"(1,1)",0.8,0.02,22,0.06,0.17,0.29,0.19,0.04,0.25
"(1,1)",0.8,0.02,23,0.06,0.17,0.29,0.16,0.07,0.25
"(1,1)",0.8,0.02,24,0.06,0.17,0.26,0.18,0.05,0.28
"(1,1)",0.8,0.02,25,0.05,0.18,0.25,0.18,0.04,0.3
"(1,1)",0.8,0.02,26,0.05,0.18,0.23,0.15,0.09,0.3
"(1,1)",0.8,0.02,27,0.05,0.17,0.22,0.15,0.11,0.3
"(1,1)",0.8,0.02,28,0.05,0.17,0.2,0.14,0.12,0.32
"(1,1)",0.8,0.02,29,0.05,0.17,0.19,0.12,0.11,0.36
"(1,1)",0.8,0.02,30,0.05,0.17,0.19,0.11,0.09,0.39
"(1,1)",0.8,0.02,31,0.04,0.18,0.19,0.11,0.08,0.4
"(1,1)",0.8,0.02,32,0.04,0.17,0.2,0.11,0.07,0.41
"(1,1)",0.8,0.02,33,0.04,0.17,0.2,0.11,0.06,0.42
"(1,1)",0.8,0.02,34,0.04,0.17,0.2,0.09,0.06,0.44
"(1,1)",0.8,0.02,35,0.04,0.16,0.21,0.07,0.07,0.45
"(1,1)",0.8,0.02,36,0.03,0.15,0.22,0.08,0.07,0.45
"(1,1)",0.8,0.02,37,0.03,0.13,0.24,0.07,0.08,0.45
"(1,1)",0.8,0.02,38,0.03,0.13,0.23,0.08,0.08,0.45
"(1,1)",0.8,0.02,39,0.03,0.13,0.23,0.08,0.07,0.46
"(1,1)",0.8,0.02,40,0.03,0.13,0.22,0.08,0.06,0.48
"(1,1)",0.8,0.02,41,0.03,0.13,0.21,0.09,0.05,0.49
"(1,1)",0.8,0.02,42,0.03,0.13,0.2,0.09,0.04,0.51
"(1,1)",0.8,0.02,43,0.03,0.13,0.2,0.08,0.04,0.52
"(1,1)",0.8,0.02,44,0.03,0.13,0.19,0.08,0.04,0.53
"(1,1)",0.8,0.02,45,0.03,0.13,0.17,0.1,0.03,0.54
"(1,1)",0.8,0.02,46,0.03,0.13,0.15,0.12,0.03,0.54
"(1,1)",0.8,0.02,47,0.03,0.12,0.16,0.11,0.03,0.55
"(1,1)",0.8,0.02,48,0.03,0.11,0.17,0.09,0.04,0.56
"(1,1)",0.8,0.02,49,0.03,0.11,0.16,0.1,0.04,0.56
"(1,1)",0.8,0.02,50,0.03,0.11,0.16,0.1,0.04,0.56
"(1,1)",0.8,0.02,51,0.03,0.11,0.15,0.11,0.03,0.57
"(1,1)",0.8,0.02,52,0.03,0.1,0.15,0.11,0.04,0.57
"(1,1)",0.8,0.02,53,0.03,0.1,0.15,0.11,0.02,0.59
"(1,1)",0.8,0.02,54,0.03,0.09,0.16,0.08,0.05,0.59
"(1,1)",0.8,0.02,55,0.03,0.09,0.16,0.07,0.05,0.6
"(1,1)",0.8,0.02,56,0.03,0.09,0.16,0.06,0.05,0.61
"(1,1)",0.8,0.02,57,0.03,0.09,0.16,0.05,0.03,0.64
"(1,1)",0.8,0.02,58,0.03,0.09,0.16,0.05,0.03,0.64
"(1,1)",0.8,0.02,59,0.03,0.09,0.16,0.04,0.03,0.65
"(1,1)",0.8,0.02,60,0.03,0.09,0.15,0.05,0.03,0.65
"(1,1)",0.8,0.02,61,0.03,0.09,0.15,0.04,0.03,0.66
"(1,1)",0.8,0.02,62,0.03,0.09,0.15,0.04,0.03,0.66
"(1,1)",0.8,0.02,63,0.03,0.09,0.14,0.05,0.02,0.67
"(1,1)",0.8,0.02,64,0.03,0.09,0.14,0.03,0.04,0.67
"(1,1)",0.8,0.02,65,0.03,0.09,0.14,0.03,0.03,0.68
"(1,1)",0.8,0.02,66,0.03,0.09,0.14,0.03,0.02,0.69
"(1,1)",0.8,0.02,67,0.03,0.09,0.14,0.03,0.02,0.69
"(1,1)",0.8,0.02,68,0.03,0.09,0.14,0.03,0.02,0.69
"(1,1)",0.8,0.02,69,0.03,0.09,0.14,0.03,0.02,0.69
"(1,1)",0.8,0.02,70,0.03,0.09,0.14,0.03,0.02,0.69
"(1,1)",0.9,0.02,1,0.69,0.31,0.0,0.0,0.0,0.0
"(1,1)",0.9,0.02,2,0.54,0.4,0.06,0.0,0.0,0.0
"(1,1)",0.9,0.02,3,0.45,0.46,0.08,0.01,0.0,0.0
"(1,1)",0.9,0.02,4,0.35,0.47,0.17,0.01,0.0,0.0
"(1,1)",0.9,0.02,5,0.28,0.46,0.21,0.05,0.0,0.0
"(1,1)",0.9,0.02,6,0.25,0.41,0.28,0.06,0.0,0.0
"(1,1)",0.9,0.02,7,0.24,0.39,0.3,0.03,0.04,0.0
"(1,1)",0.9,0.02,8,0.24,0.32,0.33,0.07,0.03,0.01
"(1,1)",0.9,0.02,9,0.21,0.32,0.32,0.1,0.03,0.02
"(1,1)",0.9,0.02,10,0.18,0.3,0.36,0.1,0.03,0.03
"(1,1)",0.9,0.02,11,0.15,0.3,0.37,0.12,0.03,0.03
"(1,1)",0.9,0.02,12,0.13,0.29,0.38,0.13,0.03,0.04
"(1,1)",0.9,0.02,13,0.13,0.26,0.37,0.17,0.0,0.07
"(1,1)",0.9,0.02,14,0.13,0.24,0.37,0.18,0.01,0.07
"(1,1)",0.9,0.02,15,0.13,0.22,0.34,0.2,0.04,0.07
"(1,1)",0.9,0.02,16,0.13,0.2,0.34,0.2,0.04,0.09
"(1,1)",0.9,0.02,17,0.13,0.19,0.33,0.2,0.03,0.12
"(1,1)",0.9,0.02,18,0.13,0.17,0.32,0.21,0.05,0.12
"(1,1)",0.9,0.02,19,0.13,0.17,0.29,0.23,0.06,0.12
"(1,1)",0.9,0.02,20,0.13,0.17,0.27,0.23,0.07,0.13
"(1,1)",0.9,0.02,21,0.13,0.17,0.24,0.24,0.08,0.14
"(1,1)",0.9,0.02,22,0.13,0.17,0.24,0.19,0.12,0.15
"(1,1)",0.9,0.02,23,0.13,0.17,0.23,0.16,0.15,0.16
"(1,1)",0.9,0.02,24,0.13,0.17,0.22,0.16,0.14,0.18
"(1,1)",0.9,0.02,25,0.13,0.15,0.22,0.14,0.13,0.23
"(1,1)",0.9,0.02,26,0.13,0.15,0.21,0.15,0.1,0.26
"(1,1)",0.9,0.02,27,0.13,0.15,0.18,0.16,0.07,0.31
"(1,1)",0.9,0.02,28,0.13,0.15,0.18,0.14,0.06,0.34
"(1,1)",0.9,0.02,29,0.13,0.14,0.18,0.13,0.06,0.36
"(1,1)",0.9,0.02,30,0.13,0.14,0.18,0.11,0.07,0.37
"(1,1)",0.9,0.02,31,0.13,0.14,0.17,0.11,0.04,0.41
"(1,1)",0.9,0.02,32,0.13,0.12,0.19,0.11,0.03,0.42
"(1,1)",0.9,0.02,33,0.13,0.12,0.17,0.13,0.03,0.42
"(1,1)",0.9,0.02,34,0.13,0.12,0.15,0.13,0.05,0.42
"(1,1)",0.9,0.02,35,0.13,0.12,0.14,0.14,0.04,0.43
"(1,1)",0.9,0.02,36,0.13,0.12,0.14,0.13,0.05,0.43
"(1,1)",0.9,0.02,37,0.13,0.11,0.15,0.13,0.02,0.46
"(1,1)",0.9,0.02,38,0.13,0.11,0.15,0.13,0.02,0.46
"(1,1)",0.9,0.02,39,0.13,0.11,0.14,0.14,0.02,0.46
"(1,1)",0.9,0.02,40,0.13,0.11,0.13,0.13,0.04,0.46
"(1,1)",0.9,0.02,41,0.13,0.11,0.12,0.13,0.04,0.47
"(1,1)",0.9,0.02,42,0.13,0.1,0.13,0.11,0.06,0.47
"(1,1)",0.9,0.02,43,0.13,0.1,0.13,0.09,0.06,0.49
"(1,1)",0.9,0.02,44,0.13,0.1,0.12,0.08,0.05,0.52
"(1,1)",0.9,0.02,45,0.13,0.09,0.13,0.07,0.05,0.53
"(1,1)",0.9,0.02,46,0.12,0.1,0.12,0.08,0.05,0.53
"(1,1)",0.9,0.02,47,0.12,0.1,0.11,0.09,0.04,0.54
"(1,1)",0.9,0.02,48,0.12,0.09,0.11,0.1,0.03,0.55
"(1,1)",0.9,0.02,49,0.12,0.09,0.09,0.09,0.04,0.57
"(1,1)",0.9,0.02,50,0.12,0.08,0.1,0.09,0.03,0.58
"(1,1)",0.9,0.02,51,0.12,0.08,0.09,0.09,0.03,0.59
"(1,1)",0.9,0.02,52,0.12,0.08,0.09,0.08,0.04,0.59
"(1,1)",0.9,0.02,53,0.12,0.08,0.09,0.08,0.02,0.61
"(1,1)",0.9,0.02,54,0.12,0.08,0.09,0.08,0.02,0.61
"(1,1)",0.9,0.02,55,0.12,0.08,0.09,0.08,0.02,0.61
"(1,1)",0.9,0.02,56,0.12,0.08,0.09,0.07,0.02,0.62
"(1,1)",0.9,0.02,57,0.12,0.08,0.08,0.08,0.02,0.62
"(1,1)",0.9,0.02,58,0.12,0.08,0.08,0.08,0.01,0.63
"(1,1)",0.9,0.02,59,0.12,0.08,0.08,0.08,0.01,0.63
"(1,1)",0.9,0.02,60,0.12,0.08,0.08,0.08,0.01,0.63
"(1,1)",0.9,0.02,61,0.12,0.08,0.08,0.08,0.01,0.63
"(1,1)",0.9,0.02,62,0.12,0.08,0.07,0.08,0.01,0.64
"(1,1)",0.9,0.02,63,0.12,0.07,0.08,0.07,0.02,0.64
"(1,1)",0.9,0.02,64,0.12,0.07,0.07,0.08,0.01,0.65
"(1,1)",0.9,0.02,65,0.12,0.07,0.07,0.07,0.02,0.65
"(1,1)",0.9,0.02,66,0.12,0.07,0.06,0.08,0.01,0.66
"(1,1)",0.9,0.02,67,0.12,0.07,0.06,0.07,0.02,0.66
"(1,1)",0.9,0.02,68,0.12,0.07,0.06,0.07,0.01,0.67
"(1,1)",0.9,0.02,69,0.12,0.07,0.06,0.06,0.01,0.68
"(1,1)",0.9,0.02,70,0.12,0.07,0.06,0.05,0.02,0.68
"(1,2)",0.1,0.02,1,1.0,0.0,0.0,0.0,0.0,0.0
"(1,2)",0.1,0.02,2,1.0,0.0,0.0,0.0,0.0,0.0
"(1,2)",0.1,0.02,3,1.0,0.0,0.0,0.0,0.0,0.0
"(1,2)",0.1,0.02,4,0.99,0.01,0.0,0.0,0.0,0.0
"(1,2)",0.1,0.02,5,0.99,0.01,0.0,0.0,0.0,0.0
"(1,2)",0.1,0.02,6,0.96,0.03,0.01,0.0,0.0,0.0
"(1,2)",0.1,0.02,7,0.92,0.06,0.02,0.0,0.0,0.0
"(1,2)",0.1,0.02,8,0.9,0.06,0.03,0.01,0.0,0.0
"(1,2)",0.1,0.02,9,0.83,0.11,0.05,0.01,0.0,0.0
"(1,2)",0.1,0.02,10,0.79,0.11,0.05,0.05,0.0,0.0
"(1,2)",0.1,0.02,11,0.78,0.08,0.07,0.05,0.02,0.0
"(1,2)",0.1,0.02,12,0.75,0.07,0.07,0.08,0.02,0.01
"(1,2)",0.1,0.02,13,0.66,0.15,0.03,0.09,0.05,0.02
"(1,2)",0.1,0.02,14,0.6,0.18,0.04,0.09,0.05,0.04
"(1,2)",0.1,0.02,15,0.59,0.12,0.09,0.09,0.05,0.06
"(1,2)",0.1,0.02,16,0.56,0.1,0.08,0.12,0.07,0.07
"(1,2)",0.1,0.02,17,0.54,0.11,0.06,0.11,0.11,0.07
"(1,2)",0.1,0.02,18,0.53,0.11,0.03,0.11,0.11,0.11
"(1,2)",0.1,0.02,19,0.51,0.11,0.03,0.1,0.07,0.18
"(1,2)",0.1,0.02,20,0.51,0.09,0.03,0.09,0.06,0.22
"(1,2)",0.1,0.02,21,0.47,0.12,0.03,0.08,0.05,0.25
"(1,2)",0.1,0.02,22,0.44,0.15,0.01,0.09,0.06,0.25
"(1,2)",0.1,0.02,23,0.43,0.14,0.02,0.05,0.08,0.28
"(1,2)",0.1,0.02,24,0.35,0.16,0.07,0.05,0.04,0.33
"(1,2)",0.1,0.02,25,0.32,0.18,0.05,0.07,0.02,0.36
"(1,2)",0.1,0.02,26,0.28,0.17,0.06,0.09,0.02,0.38
"(1,2)",0.1,0.02,27,0.27,0.15,0.06,0.04,0.08,0.4
"(1,2)",0.1,0.02,28,0.26,0.15,0.03,0.08,0.02,0.46
"(1,2)",0.1,0.02,29,0.25,0.14,0.04,0.06,0.04,0.47
"(1,2)",0.1,0.02,30,0.24,0.14,0.02,0.06,0.06,0.48
"(1,2)",0.1,0.02,31,0.22,0.14,0.03,0.05,0.06,0.5
"(1,2)",0.1,0.02,32,0.2,0.14,0.03,0.06,0.05,0.52
"(1,2)",0.1,0.02,33,0.2,0.1,0.05,0.04,0.07,0.54
"(1,2)",0.1,0.02,34,0.18,0.12,0.03,0.05,0.03,0.59
"(1,2)",0.1,0.02,35,0.18,0.11,0.03,0.03,0.06,0.59
"(1,2)",0.1,0.02,36,0.14,0.14,0.02,0.05,0.03,0.62
"(1,2)",0.1,0.02,37,0.12,0.16,0.01,0.03,0.06,0.62
"(1,2)",0.1,0.02,38,0.12,0.14,0.03,0.03,0.03,0.65
"(1,2)",0.1,0.02,39,0.12,0.1,0.07,0.03,0.03,0.65
"(1,2)",0.1,0.02,40,0.12,0.09,0.04,0.07,0.02,0.66
"(1,2)",0.1,0.02,41,0.12,0.08,0.04,0.05,0.05,0.66
"(1,2)",0.1,0.02,42,0.12,0.08,0.02,0.05,0.05,0.68
"(1,2)",0.1,0.02,43,0.12,0.08,0.01,0.05,0.03,0.71
"(1,2)",0.1,0.02,44,0.12,0.06,0.03,0.04,0.03,0.72
"(1,2)",0.1,0.02,45,0.12,0.06,0.02,0.03,0.03,0.74
"(1,2)",0.1,0.02,46,0.11,0.07,0.01,0.04,0.01,0.76
"(1,2)",0.1,0.02,47,0.09,0.09,0.01,0.03,0.01,0.77
"(1,2)",0.1,0.02,48,0.09,0.09,0.01,0.02,0.01,0.78
"(1,2)",0.1,0.02,49,0.07,0.09,0.03,0.01,0.01,0.79
"(1,2)",0.1,0.02,50,0.07,0.07,0.03,0.03,0.0,0.8
"(1,2)",0.1,0.02,51,0.07,0.06,0.04,0.02,0.01,0.8
"(1,2)",0.1,0.02,52,0.06,0.06,0.03,0.04,0.01,0.8
"(1,2)",0.1,0.02,53,0.06,0.05,0.03,0.04,0.02,0.8
"(1,2)",0.1,0.02,54,0.06,0.04,0.03,0.02,0.04,0.81
"(1,2)",0.1,0.02,55,0.06,0.04,0.02,0.03,0.02,0.83
"(1,2)",0.1,0.02,56,0.06,0.04,0.02,0.02,0.03,0.83
"(1,2)",0.1,0.02,57,0.05,0.04,0.02,0.03,0.01,0.85
"(1,2)",0.1,0.02,58,0.05,0.03,0.03,0.02,0.01,0.86
"(1,2)",0.1,0.02,59,0.05,0.03,0.01,0.04,0.0,0.87
"(1,2)",0.1,0.02,60,0.05,0.03,0.01,0.02,0.02,0.87
"(1,2)",0.1,0.02,61,0.05,0.03,0.01,0.02,0.01,0.88
"(1,2)",0.1,0.02,62,0.05,0.03,0.01,0.02,0.0,0.89
"(1,2)",0.1,0.02,63,0.05,0.03,0.01,0.02,0.0,0.89
"(1,2)",0.1,0.02,64,0.05,0.03,0.01,0.02,0.0,0.89
"(1,2)",0.1,0.02,65,0.05,0.03,0.01,0.02,0.0,0.89
"(1,2)",0.1,0.02,66,0.05,0.03,0.01,0.02,0.0,0.89
"(1,2)",0.1,0.02,67,0.05,0.03,0.01,0.02,0.0,0.89
"(1,2)",0.1,0.02,68,0.05,0.03,0.01,0.02,0.0,0.89
"(1,2)",0.1,0.02,69,0.05,0.03,0.01,0.02,0.0,0.89
"(1,2)",0.1,0.02,70,0.05,0.03,0.01,0.02,0.0,0.89
"(1,2)",0.2,0.02,1,1.0,0.0,0.0,0.0,0.0,0.0
"(1,2)",0.2,0.02,2,0.99,0.01,0.0,0.0,0.0,0.0
"(1,2)",0.2,0.02,3,0.99,0.0,0.01,0.0,0.0,0.0
"(1,2)",0.2,0.02,4,0.96,0.03,0.0,0.01,0.0,0.0
"(1,2)",0.2,0.02,5,0.94,0.04,0.01,0.0,0.01,0.0
"(1,2)",0.2,0.02,6,0.9,0.08,0.01,0.0,0.01,0.0
"(1,2)",0.2,0.02,7,0.86,0.12,0.01,0.0,0.01,0.0
"(1,2)",0.2,0.02,8,0.83,0.14,0.01,0.01,0.0,0.01
"(1,2)",0.2,0.02,9,0.78,0.19,0.01,0.01,0.0,0.01
"(1,2)",0.2,0.02,10,0.75,0.18,0.04,0.01,0.01,0.01
"(1,2)",0.2,0.02,11,0.66,0.24,0.06,0.01,0.01,0.02
"(1,2)",0.2,0.02,12,0.6,0.28,0.04,0.05,0.01,0.02
"(1,2)",0.2,0.02,13,0.52,0.3,0.08,0.05,0.03,0.02
"(1,2)",0.2,0.02,14,0.45,0.3,0.12,0.08,0.02,0.03
"(1,2)",0.2,0.02,15,0.39,0.32,0.11,0.12,0.02,0.04
"(1,2)",0.2,0.02,16,0.34,0.31,0.15,0.13,0.03,0.04
"(1,2)",0.2,0.02,17,0.29,0.33,0.13,0.13,0.07,0.05
"(1,2)",0.2,0.02,18,0.27,0.3,0.12,0.16,0.1,0.05
"(1,2)",0.2,0.02,19,0.23,0.32,0.1,0.16,0.12,0.07
"(1,2)",0.2,0.02,20,0.2,0.34,0.07,0.16,0.16,0.07
"(1,2)",0.2,0.02,21,0.18,0.33,0.09,0.13,0.16,0.11
"(1,2)",0.2,0.02,22,0.18,0.3,0.08,0.14,0.18,0.12
"(1,2)",0.2,0.02,23,0.18,0.28,0.07,0.13,0.17,0.17
"(1,2)",0.2,0.02,24,0.16,0.27,0.07,0.14,0.15,0.21
"(1,2)",0.2,0.02,25,0.16,0.23,0.1,0.09,0.15,0.27
"(1,2)",0.2,0.02,26,0.16,0.22,0.07,0.1,0.13,0.32
"(1,2)",0.2,0.02,27,0.12,0.26,0.03,0.11,0.13,0.35
"(1,2)",0.2,0.02,28,0.1,0.25,0.06,0.09,0.12,0.38
"(1,2)",0.2,0.02,29,0.1,0.23,0.05,0.12,0.1,0.4
"(1,2)",0.2,0.02,30,0.1,0.23,0.03,0.12,0.09,0.43
"(1,2)",0.2,0.02,31,0.1,0.23,0.02,0.09,0.11,0.45
"(1,2)",0.2,0.02,32,0.1,0.2,0.05,0.08,0.1,0.47
"(1,2)",0.2,0.02,33,0.1,0.2,0.05,0.08,0.06,0.51
"(1,2)",0.2,0.02,34,0.1,0.2,0.03,0.08,0.04,0.55
"(1,2)",0.2,0.02,35,0.1,0.19,0.04,0.08,0.02,0.57
"(1,2)",0.2,0.02,36,0.1,0.19,0.03,0.07,0.03,0.58
"(1,2)",0.2,0.02,37,0.09,0.19,0.03,0.07,0.03,0.59
"(1,2)",0.2,0.02,38,0.09,0.19,0.03,0.07,0.03,0.59
"(1,2)",0.2,0.02,39,0.08,0.2,0.03,0.06,0.03,0.6
"(1,2)",0.2,0.02,40,0.08,0.2,0.03,0.05,0.02,0.62
"(1,2)",0.2,0.02,41,0.08,0.2,0.02,0.05,0.02,0.63
"(1,2)",0.2,0.02,42,0.08,0.2,0.02,0.05,0.01,0.64
"(1,2)",0.2,0.02,43,0.08,0.2,0.02,0.04,0.02,0.64
"(1,2)",0.2,0.02,44,0.07,0.21,0.02,0.04,0.01,0.65
"(1,2)",0.2,0.02,45,0.07,0.2,0.03,0.04,0.01,0.65
"(1,2)",0.2,0.02,46,0.07,0.2,0.03,0.03,0.02,0.65
"(1,2)",0.2,0.02,47,0.07,0.2,0.03,0.03,0.01,0.66
"(1,2)",0.2,0.02,48,0.07,0.17,0.06,0.03,0.01,0.66
"(1,2)",0.2,0.02,49,0.07,0.17,0.06,0.03,0.01,0.66
"(1,2)",0.2,0.02,50,0.07,0.17,0.04,0.05,0.01,0.66
"(1,2)",0.2,0.02,51,0.07,0.17,0.04,0.05,0.01,0.66
"(1,2)",0.2,0.02,52,0.07,0.17,0.03,0.06,0.01,0.66
"(1,2)",0.2,0.02,53,0.07,0.17,0.02,0.07,0.01,0.66
"(1,2)",0.2,0.02,54,0.07,0.17,0.02,0.07,0.01,0.66
"(1,2)",0.2,0.02,55,0.06,0.18,0.02,0.05,0.03,0.66
"(1,2)",0.2,0.02,56,0.06,0.17,0.03,0.04,0.03,0.67
"(1,2)",0.2,0.02,57,0.06,0.17,0.03,0.04,0.02,0.68
"(1,2)",0.2,0.02,58,0.06,0.17,0.03,0.04,0.01,0.69
"(1,2)",0.2,0.02,59,0.06,0.16,0.04,0.04,0.01,0.69
"(1,2)",0.2,0.02,60,0.06,0.16,0.04,0.04,0.01,0.69
"(1,2)",0.2,0.02,61,0.05,0.17,0.03,0.05,0.01,0.69
"(1,2)",0.2,0.02,62,0.05,0.17,0.03,0.03,0.03,0.69
"(1,2)",0.2,0.02,63,0.05,0.17,0.03,0.03,0.02,0.7
"(1,2)",0.2,0.02,64,0.05,0.17,0.03,0.03,0.02,0.7
"(1,2)",0.2,0.02,65,0.05,0.17,0.02,0.04,0.01,0.71
"(1,2)",0.2,0.02,66,0.05,0.17,0.02,0.03,0.02,0.71
"(1,2)",0.2,0.02,67,0.05,0.17,0.02,0.03,0.01,0.72
"(1,2)",0.2,0.02,68,0.05,0.17,0.02,0.03,0.01,0.72
"(1,2)",0.2,0.02,69,0.05,0.17,0.02,0.03,0.01,0.72
"(1,2)",0.2,0.02,70,0.05,0.16,0.03,0.03,0.0,0.73
"(1,2)",0.3,0.02,1,0.98,0.02,0.0,0.0,0.0,0.0
"(1,2)",0.3,0.02,2,0.96,0.04,0.0,0.0,0.0,0.0
"(1,2)",0.3,0.02,3,0.92,0.08,0.0,0.0,0.0,0.0
"(1,2)",0.3,0.02,4,0.81,0.18,0.01,0.0,0.0,0.0
"(1,2)",0.3,0.02,5,0.7,0.25,0.05,0.0,0.0,0.0
"(1,2)",0.3,0.02,6,0.58,0.34,0.06,0.02,0.0,0.0
"(1,2)",0.3,0.02,7,0.52,0.35,0.1,0.03,0.0,0.0
"(1,2)",0.3,0.02,8,0.45,0.36,0.13,0.05,0.01,0.0
"(1,2)",0.3,0.02,9,0.39,0.38,0.14,0.08,0.01,0.0
"(1,2)",0.3,0.02,10,0.27,0.48,0.14,0.09,0.02,0.0
"(1,2)",0.3,0.02,11,0.21,0.5,0.15,0.1,0.03,0.01
"(1,2)",0.3,0.02,12,0.16,0.46,0.21,0.09,0.07,0.01
"(1,2)",0.3,0.02,13,0.14,0.42,0.24,0.12,0.06,0.02
"(1,2)",0.3,0.02,14,0.1,0.41,0.23,0.15,0.07,0.04
"(1,2)",0.3,0.02,15,0.07,0.37,0.28,0.12,0.12,0.04
"(1,2)",0.3,0.02,16,0.06,0.35,0.25,0.17,0.1,0.07
"(1,2)",0.3,0.02,17,0.02,0.39,0.2,0.19,0.12,0.08
"(1,2)",0.3,0.02,18,0.01,0.37,0.17,0.21,0.13,0.11
"(1,2)",0.3,0.02,19,0.0,0.33,0.2,0.18,0.16,0.13
"(1,2)",0.3,0.02,20,0.0,0.29,0.2,0.17,0.16,0.18
"(1,2)",0.3,0.02,21,0.0,0.24,0.23,0.17,0.16,0.2
"(1,2)",0.3,0.02,22,0.0,0.22,0.18,0.19,0.2,0.21
"(1,2)",0.3,0.02,23,0.0,0.18,0.2,0.19,0.2,0.23
"(1,2)",0.3,0.02,24,0.0,0.16,0.19,0.17,0.2,0.28
"(1,2)",0.3,0.02,25,0.0,0.14,0.19,0.19,0.16,0.32
"(1,2)",0.3,0.02,26,0.0,0.14,0.17,0.16,0.19,0.34
"(1,2)",0.3,0.02,27,0.0,0.14,0.14,0.15,0.2,0.37
"(1,2)",0.3,0.02,28,0.0,0.13,0.13,0.12,0.21,0.41
"(1,2)",0.3,0.02,29,0.0,0.13,0.12,0.07,0.21,0.47
"(1,2)",0.3,0.02,30,0.0,0.12,0.12,0.07,0.19,0.5
"(1,2)",0.3,0.02,31,0.0,0.12,0.1,0.08,0.18,0.52
"(1,2)",0.3,0.02,32,0.0,0.11,0.1,0.08,0.15,0.56
"(1,2)",0.3,0.02,33,0.0,0.11,0.1,0.07,0.11,0.61
"(1,2)",0.3,0.02,34,0.0,0.09,0.12,0.07,0.07,0.65
"(1,2)",0.3,0.02,35,0.0,0.09,0.11,0.07,0.06,0.67
"(1,2)",0.3,0.02,36,0.0,0.09,0.1,0.06,0.06,0.69
"(1,2)",0.3,0.02,37,0.0,0.09,0.09,0.07,0.04,0.71
"(1,2)",0.3,0.02,38,0.0,0.09,0.09,0.07,0.01,0.74
"(1,2)",0.3,0.02,39,0.0,0.09,0.09,0.06,0.02,0.74
"(1,2)",0.3,0.02,40,0.0,0.09,0.09,0.05,0.02,0.75
"(1,2)",0.3,0.02,41,0.0,0.09,0.07,0.07,0.02,0.75
"(1,2)",0.3,0.02,42,0.0,0.09,0.07,0.05,0.04,0.75
"(1,2)",0.3,0.02,43,0.0,0.09,0.07,0.03,0.05,0.76
"(1,2)",0.3,0.02,44,0.0,0.09,0.07,0.03,0.05,0.76
"(1,2)",0.3,0.02,45,0.0,0.09,0.06,0.04,0.05,0.76
"(1,2)",0.3,0.02,46,0.0,0.08,0.07,0.04,0.05,0.76
"(1,2)",0.3,0.02,47,0.0,0.08,0.05,0.06,0.03,0.78
"(1,2)",0.3,0.02,48,0.0,0.08,0.05,0.05,0.04,0.78
"(1,2)",0.3,0.02,49,0.0,0.08,0.05,0.04,0.04,0.79
"(1,2)",0.3,0.02,50,0.0,0.08,0.05,0.04,0.02,0.81
"(1,2)",0.3,0.02,51,0.0,0.08,0.05,0.04,0.02,0.81
"(1,2)",0.3,0.02,52,0.0,0.08,0.05,0.03,0.02,0.82
"(1,2)",0.3,0.02,53,0.0,0.08,0.05,0.03,0.02,0.82
"(1,2)",0.3,0.02,54,0.0,0.08,0.05,0.03,0.02,0.82
"(1,2)",0.3,0.02,55,0.0,0.08,0.05,0.03,0.02,0.82
"(1,2)",0.3,0.02,56,0.0,0.08,0.05,0.03,0.02,0.82
"(1,2)",0.3,0.02,57,0.0,0.08,0.05,0.03,0.02,0.82
"(1,2)",0.3,0.02,58,0.0,0.08,0.05,0.03,0.02,0.82
"(1,2)",0.3,0.02,59,0.0,0.08,0.05,0.03,0.02,0.82
"(1,2)",0.3,0.02,60,0.0,0.08,0.05,0.03,0.02,0.82
"(1,2)",0.3,0.02,61,0.0,0.08,0.05,0.03,0.02,0.82
"(1,2)",0.3,0.02,62,0.0,0.08,0.05,0.03,0.02,0.82
"(1,2)",0.3,0.02,63,0.0,0.08,0.05,0.03,0.02,0.82
"(1,2)",0.3,0.02,64,0.0,0.08,0.05,0.03,0.02,0.82
"(1,2)",0.3,0.02,65,0.0,0.08,0.05,0.03,0.02,0.82
"(1,2)",0.3,0.02,66,0.0,0.08,0.05,0.03,0.01,0.83
"(1,2)",0.3,0.02,67,0.0,0.08,0.05,0.03,0.01,0.83
"(1,2)",0.3,0.02,68,0.0,0.08,0.05,0.03,0.01,0.83
"(1,2)",0.3,0.02,69,0.0,0.08,0.05,0.03,0.01,0.83
"(1,2)",0.3,0.02,70,0.0,0.08,0.05,0.03,0.01,0.83
"(1,2)",0.4,0.02,1,0.93,0.07,0.0,0.0,0.0,0.0
"(1,2)",0.4,0.02,2,0.85,0.15,0.0,0.0,0.0,0.0
"(1,2)",0.4,0.02,3,0.69,0.29,0.02,0.0,0.0,0.0
"(1,2)",0.4,0.02,4,0.56,0.41,0.02,0.01,0.0,0.0
"(1,2)",0.4,0.02,5,0.44,0.51,0.04,0.01,0.0,0.0
"(1,2)",0.4,0.02,6,0.33,0.6,0.06,0.01,0.0,0.0
"(1,2)",0.4,0.02,7,0.2,0.65,0.11,0.04,0.0,0.0
"(1,2)",0.4,0.02,8,0.15,0.62,0.17,0.06,0.0,0.0
"(1,2)",0.4,0.02,9,0.11,0.59,0.18,0.11,0.01,0.0
"(1,2)",0.4,0.02,10,0.08,0.52,0.25,0.11,0.04,0.0
"(1,2)",0.4,0.02,11,0.03,0.45,0.35,0.09,0.07,0.01
"(1,2)",0.4,0.02,12,0.01,0.42,0.32,0.17,0.05,0.03
"(1,2)",0.4,0.02,13,0.01,0.34,0.33,0.18,0.08,0.06
"(1,2)",0.4,0.02,14,0.01,0.3,0.31,0.23,0.08,0.07
"(1,2)",0.4,0.02,15,0.01,0.29,0.27,0.24,0.11,0.08
"(1,2)",0.4,0.02,16,0.01,0.26,0.24,0.23,0.17,0.09
"(1,2)",0.4,0.02,17,0.01,0.26,0.18,0.28,0.16,0.11
"(1,2)",0.4,0.02,18,0.01,0.25,0.15,0.25,0.2,0.14
"(1,2)",0.4,0.02,19,0.01,0.24,0.14,0.23,0.22,0.16
"(1,2)",0.4,0.02,20,0.01,0.21,0.15,0.21,0.23,0.19
"(1,2)",0.4,0.02,21,0.01,0.21,0.13,0.23,0.17,0.25
"(1,2)",0.4,0.02,22,0.01,0.19,0.15,0.19,0.15,0.31
"(1,2)",0.4,0.02,23,0.01,0.19,0.12,0.2,0.13,0.35
"(1,2)",0.4,0.02,24,0.0,0.18,0.12,0.17,0.12,0.41
"(1,2)",0.4,0.02,25,0.0,0.18,0.09,0.2,0.09,0.44
"(1,2)",0.4,0.02,26,0.0,0.18,0.08,0.19,0.09,0.46
"(1,2)",0.4,0.02,27,0.0,0.18,0.07,0.18,0.09,0.48
"(1,2)",0.4,0.02,28,0.0,0.18,0.07,0.18,0.06,0.51
"(1,2)",0.4,0.02,29,0.0,0.18,0.07,0.16,0.08,0.51
"(1,2)",0.4,0.02,30,0.0,0.18,0.06,0.17,0.06,0.53
"(1,2)",0.4,0.02,31,0.0,0.16,0.07,0.15,0.08,0.54
"(1,2)",0.4,0.02,32,0.0,0.16,0.06,0.13,0.11,0.54
"(1,2)",0.4,0.02,33,0.0,0.16,0.06,0.13,0.1,0.55
"(1,2)",0.4,0.02,34,0.0,0.16,0.06,0.12,0.1,0.56
"(1,2)",0.4,0.02,35,0.0,0.16,0.04,0.12,0.08,0.6
"(1,2)",0.4,0.02,36,0.0,0.16,0.04,0.08,0.1,0.62
"(1,2)",0.4,0.02,37,0.0,0.15,0.05,0.07,0.09,0.64
"(1,2)",0.4,0.02,38,0.0,0.15,0.05,0.07,0.08,0.65
"(1,2)",0.4,0.02,39,0.0,0.15,0.05,0.07,0.06,0.67
"(1,2)",0.4,0.02,40,0.0,0.15,0.05,0.07,0.04,0.69
"(1,2)",0.4,0.02,41,0.0,0.15,0.05,0.07,0.04,0.69
"(1,2)",0.4,0.02,42,0.0,0.14,0.06,0.07,0.04,0.69
"(1,2)",0.4,0.02,43,0.0,0.14,0.05,0.08,0.03,0.7
"(1,2)",0.4,0.02,44,0.0,0.14,0.05,0.08,0.01,0.72
"(1,2)",0.4,0.02,45,0.0,0.14,0.04,0.09,0.01,0.72
"(1,2)",0.4,0.02,46,0.0,0.14,0.03,0.1,0.01,0.72
"(1,2)",0.4,0.02,47,0.0,0.14,0.03,0.1,0.01,0.72
"(1,2)",0.4,0.02,48,0.0,0.14,0.03,0.1,0.01,0.72
"(1,2)",0.4,0.02,49,0.0,0.13,0.04,0.1,0.01,0.72
"(1,2)",0.4,0.02,50,0.0,0.13,0.04,0.09,0.02,0.72
"(1,2)",0.4,0.02,51,0.0,0.13,0.03,0.08,0.03,0.73
"(1,2)",0.4,0.02,52,0.0,0.13,0.03,0.08,0.03,0.73
"(1,2)",0.4,0.02,53,0.0,0.12,0.04,0.07,0.04,0.73
"(1,2)",0.4,0.02,54,0.0,0.12,0.03,0.08,0.04,0.73
"(1,2)",0.4,0.02,55,0.0,0.12,0.03,0.07,0.05,0.73
"(1,2)",0.4,0.02,56,0.0,0.12,0.03,0.05,0.07,0.73
"(1,2)",0.4,0.02,57,0.0,0.12,0.03,0.05,0.07,0.73
"(1,2)",0.4,0.02,58,0.0,0.12,0.03,0.05,0.07,0.73
"(1,2)",0.4,0.02,59,0.0,0.12,0.03,0.04,0.05,0.76
"(1,2)",0.4,0.02,60,0.0,0.11,0.04,0.04,0.04,0.77
"(1,2)",0.4,0.02,61,0.0,0.11,0.03,0.05,0.03,0.78
"(1,2)",0.4,0.02,62,0.0,0.11,0.03,0.04,0.04,0.78
"(1,2)",0.4,0.02,63,0.0,0.11,0.03,0.03,0.05,0.78
"(1,2)",0.4,0.02,64,0.0,0.11,0.03,0.03,0.05,0.78
"(1,2)",0.4,0.02,65,0.0,0.11,0.03,0.03,0.05,0.78
"(1,2)",0.4,0.02,66,0.0,0.11,0.03,0.02,0.06,0.78
"(1,2)",0.4,0.02,67,0.0,0.11,0.03,0.02,0.05,0.79
"(1,2)",0.4,0.02,68,0.0,0.11,0.03,0.02,0.03,0.81
"(1,2)",0.4,0.02,69,0.0,0.11,0.03,0.02,0.03,0.81
"(1,2)",0.4,0.02,70,0.0,0.11,0.03,0.02,0.03,0.81
"(1,2)",0.5,0.02,1,0.87,0.13,0.0,0.0,0.0,0.0
"(1,2)",0.5,0.02,2,0.63,0.37,0.0,0.0,0.0,0.0
"(1,2)",0.5,0.02,3,0.46,0.53,0.01,0.0,0.0,0.0
"(1,2)",0.5,0.02,4,0.31,0.65,0.04,0.0,0.0,0.0
"(1,2)",0.5,0.02,5,0.22,0.67,0.1,0.01,0.0,0.0
"(1,2)",0.5,0.02,6,0.13,0.69,0.17,0.01,0.0,0.0
"(1,2)",0.5,0.02,7,0.06,0.65,0.23,0.06,0.0,0.0
"(1,2)",0.5,0.02,8,0.04,0.61,0.25,0.09,0.01,0.0
"(1,2)",0.5,0.02,9,0.03,0.56,0.23,0.16,0.02,0.0
"(1,2)",0.5,0.02,10,0.03,0.49,0.28,0.16,0.03,0.01
"(1,2)",0.5,0.02,11,0.02,0.42,0.34,0.17,0.04,0.01
"(1,2)",0.5,0.02,12,0.02,0.38,0.34,0.18,0.07,0.01
"(1,2)",0.5,0.02,13,0.02,0.32,0.36,0.18,0.1,0.02
"(1,2)",0.5,0.02,14,0.02,0.3,0.33,0.19,0.1,0.06
"(1,2)",0.5,0.02,15,0.02,0.29,0.3,0.2,0.1,0.09
"(1,2)",0.5,0.02,16,0.02,0.28,0.3,0.18,0.11,0.11
"(1,2)",0.5,0.02,17,0.02,0.26,0.26,0.21,0.13,0.12
"(1,2)",0.5,0.02,18,0.02,0.2,0.29,0.23,0.11,0.15
"(1,2)",0.5,0.02,19,0.02,0.2,0.26,0.23,0.12,0.17
"(1,2)",0.5,0.02,20,0.02,0.19,0.23,0.23,0.13,0.2
"(1,2)",0.5,0.02,21,0.02,0.19,0.22,0.22,0.08,0.27
"(1,2)",0.5,0.02,22,0.02,0.18,0.2,0.21,0.11,0.28
"(1,2)",0.5,0.02,23,0.02,0.16,0.21,0.2,0.1,0.31
"(1,2)",0.5,0.02,24,0.02,0.15,0.22,0.18,0.1,0.33
"(1,2)",0.5,0.02,25,0.02,0.15,0.22,0.15,0.1,0.36
"(1,2)",0.5,0.02,26,0.01,0.16,0.19,0.17,0.07,0.4
"(1,2)",0.5,0.02,27,0.01,0.16,0.18,0.16,0.08,0.41
"(1,2)",0.5,0.02,28,0.01,0.16,0.17,0.15,0.08,0.43
"(1,2)",0.5,0.02,29,0.01,0.15,0.17,0.16,0.08,0.43
"(1,2)",0.5,0.02,30,0.01,0.15,0.16,0.15,0.08,0.45
"(1,2)",0.5,0.02,31,0.01,0.15,0.15,0.16,0.06,0.47
"(1,2)",0.5,0.02,32,0.01,0.15,0.13,0.16,0.07,0.48
"(1,2)",0.5,0.02,33,0.01,0.15,0.13,0.15,0.08,0.48
"(1,2)",0.5,0.02,34,0.01,0.15,0.13,0.13,0.07,0.51
"(1,2)",0.5,0.02,35,0.01,0.15,0.13,0.13,0.06,0.52
"(1,2)",0.5,0.02,36,0.01,0.15,0.12,0.13,0.07,0.52
"(1,2)",0.5,0.02,37,0.01,0.15,0.11,0.12,0.08,0.53
"(1,2)",0.5,0.02,38,0.01,0.15,0.11,0.11,0.08,0.54
"(1,2)",0.5,0.02,39,0.01,0.15,0.11,0.11,0.07,0.55
"(1,2)",0.5,0.02,40,0.01,0.14,0.12,0.09,0.08,0.56
"(1,2)",0.5,0.02,41,0.01,0.14,0.12,0.09,0.07,0.57
"(1,2)",0.5,0.02,42,0.01,0.14,0.11,0.09,0.07,0.58
"(1,2)",0.5,0.02,43,0.01,0.14,0.11,0.09,0.06,0.59
"(1,2)",0.5,0.02,44,0.01,0.14,0.11,0.09,0.04,0.61
"(1,2)",0.5,0.02,45,0.01,0.14,0.11,0.08,0.03,0.63
"(1,2)",0.5,0.02,46,0.01,0.13,0.11,0.09,0.01,0.65
"(1,2)",0.5,0.02,47,0.01,0.13,0.11,0.09,0.01,0.65
"(1,2)",0.5,0.02,48,0.01,0.13,0.11,0.09,0.0,0.66
"(1,2)",0.5,0.02,49,0.01,0.13,0.11,0.09,0.0,0.66
"(1,2)",0.5,0.02,50,0.01,0.13,0.11,0.08,0.01,0.66
"(1,2)",0.5,0.02,51,0.01,0.13,0.11,0.07,0.02,0.66
"(1,2)",0.5,0.02,52,0.01,0.13,0.11,0.07,0.02,0.66
"(1,2)",0.5,0.02,53,0.01,0.13,0.1,0.08,0.01,0.67
"(1,2)",0.5,0.02,54,0.01,0.12,0.11,0.06,0.03,0.67
"(1,2)",0.5,0.02,55,0.01,0.12,0.11,0.06,0.03,0.67
"(1,2)",0.5,0.02,56,0.01,0.11,0.11,0.07,0.03,0.67
"(1,2)",0.5,0.02,57,0.01,0.11,0.1,0.07,0.02,0.69
"(1,2)",0.5,0.02,58,0.01,0.11,0.1,0.07,0.01,0.7
"(1,2)",0.5,0.02,59,0.01,0.11,0.1,0.07,0.01,0.7
"(1,2)",0.5,0.02,60,0.01,0.11,0.09,0.08,0.01,0.7
"(1,2)",0.5,0.02,61,0.01,0.11,0.09,0.07,0.02,0.7
"(1,2)",0.5,0.02,62,0.01,0.11,0.08,0.08,0.02,0.7
"(1,2)",0.5,0.02,63,0.01,0.11,0.08,0.07,0.02,0.71
"(1,2)",0.5,0.02,64,0.01,0.1,0.08,0.08,0.02,0.71
"(1,2)",0.5,0.02,65,0.01,0.1,0.08,0.08,0.02,0.71
"(1,2)",0.5,0.02,66,0.01,0.1,0.08,0.08,0.01,0.72
"(1,2)",0.5,0.02,67,0.01,0.1,0.08,0.08,0.01,0.72
"(1,2)",0.5,0.02,68,0.01,0.1,0.08,0.08,0.01,0.72
"(1,2)",0.5,0.02,69,0.01,0.1,0.07,0.09,0.01,0.72
"(1,2)",0.5,0.02,70,0.01,0.1,0.07,0.09,0.01,0.72
"(1,2)",0.6,0.02,1,0.69,0.31,0.0,0.0,0.0,0.0
"(1,2)",0.6,0.02,2,0.4,0.6,0.0,0.0,0.0,0.0
"(1,2)",0.6,0.02,3,0.33,0.65,0.02,0.0,0.0,0.0
"(1,2)",0.6,0.02,4,0.2,0.69,0.11,0.0,0.0,0.0
"(1,2)",0.6,0.02,5,0.16,0.62,0.2,0.02,0.0,0.0
"(1,2)",0.6,0.02,6,0.12,0.55,0.25,0.08,0.0,0.0
"(1,2)",0.6,0.02,7,0.11,0.5,0.27,0.09,0.03,0.0
"(1,2)",0.6,0.02,8,0.11,0.41,0.33,0.11,0.04,0.0
"(1,2)",0.6,0.02,9,0.11,0.34,0.36,0.14,0.05,0.0
"(1,2)",0.6,0.02,10,0.1,0.29,0.37,0.15,0.08,0.01
"(1,2)",0.6,0.02,11,0.08,0.29,0.34,0.19,0.07,0.03
"(1,2)",0.6,0.02,12,0.06,0.28,0.33,0.2,0.07,0.06
"(1,2)",0.6,0.02,13,0.06,0.27,0.26,0.28,0.05,0.08
"(1,2)",0.6,0.02,14,0.06,0.26,0.22,0.29,0.09,0.08
"(1,2)",0.6,0.02,15,0.06,0.24,0.2,0.28,0.1,0.12
"(1,2)",0.6,0.02,16,0.06,0.24,0.19,0.28,0.08,0.15
"(1,2)",0.6,0.02,17,0.05,0.25,0.18,0.23,0.12,0.17
"(1,2)",0.6,0.02,18,0.05,0.24,0.18,0.22,0.13,0.18
"(1,2)",0.6,0.02,19,0.05,0.23,0.17,0.18,0.18,0.19
"(1,2)",0.6,0.02,20,0.05,0.23,0.16,0.15,0.19,0.22
"(1,2)",0.6,0.02,21,0.04,0.23,0.16,0.15,0.17,0.25
"(1,2)",0.6,0.02,22,0.04,0.22,0.17,0.14,0.15,0.28
"(1,2)",0.6,0.02,23,0.04,0.21,0.16,0.14,0.13,0.32
"(1,2)",0.6,0.02,24,0.04,0.2,0.16,0.13,0.12,0.35
"(1,2)",0.6,0.02,25,0.04,0.2,0.15,0.12,0.11,0.38
"(1,2)",0.6,0.02,26,0.04,0.19,0.15,0.12,0.11,0.39
"(1,2)",0.6,0.02,27,0.04,0.19,0.13,0.13,0.08,0.43
"(1,2)",0.6,0.02,28,0.04,0.19,0.12,0.14,0.08,0.43
"(1,2)",0.6,0.02,29,0.04,0.19,0.1,0.15,0.08,0.44
"(1,2)",0.6,0.02,30,0.04,0.19,0.1,0.14,0.08,0.45
"(1,2)",0.6,0.02,31,0.04,0.19,0.1,0.14,0.06,0.47
"(1,2)",0.6,0.02,32,0.04,0.19,0.1,0.12,0.06,0.49
"(1,2)",0.6,0.02,33,0.04,0.19,0.1,0.12,0.05,0.5
"(1,2)",0.6,0.02,34,0.04,0.19,0.1,0.12,0.04,0.51
"(1,2)",0.6,0.02,35,0.04,0.19,0.1,0.1,0.06,0.51
"(1,2)",0.6,0.02,36,0.04,0.19,0.1,0.1,0.03,0.54
"(1,2)",0.6,0.02,37,0.04,0.19,0.09,0.1,0.04,0.54
"(1,2)",0.6,0.02,38,0.04,0.19,0.09,0.1,0.03,0.55
"(1,2)",0.6,0.02,39,0.04,0.19,0.09,0.1,0.03,0.55
"(1,2)",0.6,0.02,40,0.04,0.19,0.09,0.1,0.02,0.56
"(1,2)",0.6,0.02,41,0.04,0.19,0.08,0.1,0.03,0.56
"(1,2)",0.6,0.02,42,0.04,0.19,0.07,0.09,0.04,0.57
"(1,2)",0.6,0.02,43,0.04,0.18,0.08,0.09,0.04,0.57
"(1,2)",0.6,0.02,44,0.04,0.18,0.07,0.1,0.04,0.57
"(1,2)",0.6,0.02,45,0.04,0.18,0.06,0.11,0.04,0.57
"(1,2)",0.6,0.02,46,0.04,0.17,0.07,0.11,0.04,0.57
"(1,2)",0.6,0.02,47,0.04,0.17,0.07,0.11,0.03,0.58
"(1,2)",0.6,0.02,48,0.04,0.17,0.07,0.11,0.03,0.58
"(1,2)",0.6,0.02,49,0.04,0.17,0.07,0.11,0.03,0.58
"(1,2)",0.6,0.02,50,0.04,0.17,0.07,0.1,0.04,0.58
"(1,2)",0.6,0.02,51,0.04,0.17,0.07,0.09,0.05,0.58
"(1,2)",0.6,0.02,52,0.04,0.17,0.06,0.1,0.05,0.58
"(1,2)",0.6,0.02,53,0.04,0.17,0.06,0.09,0.06,0.58
"(1,2)",0.6,0.02,54,0.04,0.17,0.06,0.09,0.06,0.58
"(1,2)",0.6,0.02,55,0.04,0.17,0.05,0.1,0.05,0.59
"(1,2)",0.6,0.02,56,0.04,0.17,0.05,0.09,0.06,0.59
"(1,2)",0.6,0.02,57,0.04,0.17,0.05,0.09,0.05,0.6
"(1,2)",0.6,0.02,58,0.04,0.17,0.05,0.09,0.04,0.61
"(1,2)",0.6,0.02,59,0.04,0.17,0.05,0.09,0.04,0.61
"(1,2)",0.6,0.02,60,0.04,0.16,0.06,0.09,0.04,0.61
"(1,2)",0.6,0.02,61,0.04,0.16,0.06,0.09,0.04,0.61
"(1,2)",0.6,0.02,62,0.04,0.16,0.06,0.08,0.05,0.61
"(1,2)",0.6,0.02,63,0.04,0.16,0.04,0.1,0.05,0.61
"(1,2)",0.6,0.02,64,0.04,0.16,0.04,0.09,0.06,0.61
"(1,2)",0.6,0.02,65,0.04,0.16,0.04,0.09,0.05,0.62
"(1,2)",0.6,0.02,66,0.04,0.16,0.04,0.08,0.05,0.63
"(1,2)",0.6,0.02,67,0.04,0.16,0.04,0.08,0.05,0.63
"(1,2)",0.6,0.02,68,0.04,0.16,0.04,0.08,0.05,0.63
"(1,2)",0.6,0.02,69,0.04,0.15,0.05,0.08,0.05,0.63
"(1,2)",0.6,0.02,70,0.04,0.15,0.05,0.08,0.04,0.64
"(1,2)",0.7,0.02,1,0.64,0.36,0.0,0.0,0.0,0.0
"(1,2)",0.7,0.02,2,0.34,0.64,0.02,0.0,0.0,0.0
"(1,2)",0.7,0.02,3,0.25,0.68,0.06,0.01,0.0,0.0
"(1,2)",0.7,0.02,4,0.18,0.64,0.17,0.01,0.0,0.0
"(1,2)",0.7,0.02,5,0.16,0.59,0.21,0.04,0.0,0.0
"(1,2)",0.7,0.02,6,0.13,0.55,0.22,0.08,0.02,0.0
"(1,2)",0.7,0.02,7,0.13,0.45,0.29,0.1,0.03,0.0
"(1,2)",0.7,0.02,8,0.11,0.41,0.31,0.13,0.04,0.0
"(1,2)",0.7,0.02,9,0.11,0.35,0.33,0.15,0.06,0.0
"(1,2)",0.7,0.02,10,0.1,0.29,0.4,0.14,0.05,0.02
"(1,2)",0.7,0.02,11,0.1,0.25,0.4,0.17,0.06,0.02
"(1,2)",0.7,0.02,12,0.1,0.25,0.34,0.21,0.08,0.02
"(1,2)",0.7,0.02,13,0.1,0.22,0.35,0.19,0.1,0.04
"(1,2)",0.7,0.02,14,0.09,0.23,0.29,0.22,0.13,0.04
"(1,2)",0.7,0.02,15,0.07,0.22,0.29,0.17,0.2,0.05
"(1,2)",0.7,0.02,16,0.07,0.21,0.23,0.21,0.2,0.08
"(1,2)",0.7,0.02,17,0.07,0.19,0.21,0.2,0.24,0.09
"(1,2)",0.7,0.02,18,0.07,0.17,0.21,0.2,0.22,0.13
"(1,2)",0.7,0.02,19,0.07,0.17,0.19,0.2,0.22,0.15
"(1,2)",0.7,0.02,20,0.07,0.16,0.16,0.19,0.23,0.19
"(1,2)",0.7,0.02,21,0.07,0.15,0.15,0.17,0.2,0.26
"(1,2)",0.7,0.02,22,0.07,0.15,0.12,0.18,0.19,0.29
"(1,2)",0.7,0.02,23,0.07,0.15,0.12,0.17,0.16,0.33
"(1,2)",0.7,0.02,24,0.07,0.15,0.11,0.15,0.13,0.39
"(1,2)",0.7,0.02,25,0.06,0.16,0.11,0.14,0.12,0.41
"(1,2)",0.7,0.02,26,0.06,0.15,0.12,0.14,0.1,0.43
"(1,2)",0.7,0.02,27,0.06,0.15,0.12,0.12,0.09,0.46
"(1,2)",0.7,0.02,28,0.06,0.15,0.11,0.11,0.08,0.49
"(1,2)",0.7,0.02,29,0.06,0.14,0.1,0.11,0.1,0.49
"(1,2)",0.7,0.02,30,0.06,0.13,0.11,0.1,0.08,0.52
"(1,2)",0.7,0.02,31,0.06,0.13,0.11,0.07,0.1,0.53
"(1,2)",0.7,0.02,32,0.06,0.13,0.1,0.08,0.06,0.57
"(1,2)",0.7,0.02,33,0.06,0.13,0.1,0.08,0.04,0.59
"(1,2)",0.7,0.02,34,0.06,0.13,0.1,0.08,0.04,0.59
"(1,2)",0.7,0.02,35,0.06,0.12,0.11,0.07,0.04,0.6
"(1,2)",0.7,0.02,36,0.06,0.12,0.11,0.07,0.04,0.6
"(1,2)",0.7,0.02,37,0.06,0.12,0.11,0.07,0.04,0.6
"(1,2)",0.7,0.02,38,0.06,0.12,0.11,0.07,0.03,0.61
"(1,2)",0.7,0.02,39,0.06,0.12,0.1,0.08,0.02,0.62
"(1,2)",0.7,0.02,40,0.06,0.12,0.1,0.08,0.02,0.62
"(1,2)",0.7,0.02,41,0.06,0.12,0.1,0.07,0.03,0.62
"(1,2)",0.7,0.02,42,0.06,0.12,0.1,0.07,0.03,0.62
"(1,2)",0.7,0.02,43,0.06,0.12,0.07,0.1,0.03,0.62
"(1,2)",0.7,0.02,44,0.06,0.12,0.07,0.09,0.04,0.62
"(1,2)",0.7,0.02,45,0.06,0.12,0.07,0.09,0.03,0.63
"(1,2)",0.7,0.02,46,0.06,0.12,0.07,0.09,0.03,0.63
"(1,2)",0.7,0.02,47,0.06,0.12,0.07,0.08,0.03,0.64
"(1,2)",0.7,0.02,48,0.06,0.12,0.06,0.09,0.03,0.64
"(1,2)",0.7,0.02,49,0.06,0.12,0.06,0.09,0.03,0.64
"(1,2)",0.7,0.02,50,0.06,0.12,0.06,0.09,0.03,0.64
"(1,2)",0.7,0.02,51,0.06,0.12,0.06,0.08,0.03,0.65
"(1,2)",0.7,0.02,52,0.06,0.12,0.06,0.08,0.02,0.66
"(1,2)",0.7,0.02,53,0.06,0.12,0.06,0.08,0.02,0.66
"(1,2)",0.7,0.02,54,0.05,0.13,0.06,0.08,0.02,0.66
"(1,2)",0.7,0.02,55,0.05,0.13,0.06,0.08,0.02,0.66
"(1,2)",0.7,0.02,56,0.05,0.13,0.06,0.08,0.02,0.66
"(1,2)",0.7,0.02,57,0.05,0.12,0.07,0.07,0.03,0.66
"(1,2)",0.7,0.02,58,0.05,0.12,0.07,0.07,0.03,0.66
"(1,2)",0.7,0.02,59,0.05,0.12,0.07,0.07,0.03,0.66
"(1,2)",0.7,0.02,60,0.05,0.12,0.07,0.07,0.03,0.66
"(1,2)",0.7,0.02,61,0.05,0.12,0.06,0.08,0.03,0.66
"(1,2)",0.7,0.02,62,0.05,0.12,0.06,0.08,0.02,0.67
"(1,2)",0.7,0.02,63,0.05,0.12,0.06,0.08,0.02,0.67
"(1,2)",0.7,0.02,64,0.05,0.12,0.05,0.08,0.03,0.67
"(1,2)",0.7,0.02,65,0.05,0.12,0.05,0.08,0.02,0.68
"(1,2)",0.7,0.02,66,0.05,0.12,0.05,0.08,0.02,0.68
"(1,2)",0.7,0.02,67,0.05,0.12,0.05,0.07,0.03,0.68
"(1,2)",0.7,0.02,68,0.05,0.12,0.05,0.07,0.03,0.68
"(1,2)",0.7,0.02,69,0.05,0.12,0.05,0.07,0.03,0.68
"(1,2)",0.7,0.02,70,0.05,0.12,0.05,0.07,0.03,0.68
"(1,2)",0.8,0.02,1,0.49,0.51,0.0,0.0,0.0,0.0
"(1,2)",0.8,0.02,2,0.37,0.59,0.04,0.0,0.0,0.0
"(1,2)",0.8,0.02,3,0.31,0.57,0.12,0.0,0.0,0.0
"(1,2)",0.8,0.02,4,0.28,0.52,0.19,0.01,0.0,0.0
"(1,2)",0.8,0.02,5,0.23,0.49,0.23,0.04,0.01,0.0
"(1,2)",0.8,0.02,6,0.21,0.42,0.3,0.05,0.02,0.0
"(1,2)",0.8,0.02,7,0.18,0.38,0.31,0.11,0.01,0.01
"(1,2)",0.8,0.02,8,0.17,0.27,0.39,0.14,0.02,0.01
"(1,2)",0.8,0.02,9,0.16,0.27,0.37,0.16,0.03,0.01
"(1,2)",0.8,0.02,10,0.15,0.26,0.32,0.22,0.04,0.01
"(1,2)",0.8,0.02,11,0.14,0.25,0.32,0.22,0.06,0.01
"(1,2)",0.8,0.02,12,0.13,0.24,0.31,0.25,0.06,0.01
"(1,2)",0.8,0.02,13,0.13,0.23,0.29,0.26,0.08,0.01
"(1,2)",0.8,0.02,14,0.13,0.2,0.29,0.24,0.12,0.02
"(1,2)",0.8,0.02,15,0.13,0.17,0.3,0.2,0.16,0.04
"(1,2)",0.8,0.02,16,0.12,0.17,0.29,0.2,0.15,0.07
"(1,2)",0.8,0.02,17,0.12,0.17,0.27,0.2,0.13,0.11
"(1,2)",0.8,0.02,18,0.11,0.18,0.25,0.19,0.12,0.15
"(1,2)",0.8,0.02,19,0.11,0.18,0.23,0.18,0.15,0.15
"(1,2)",0.8,0.02,20,0.11,0.18,0.21,0.18,0.12,0.2
"(1,2)",0.8,0.02,21,0.11,0.16,0.23,0.15,0.09,0.26
"(1,2)",0.8,0.02,22,0.09,0.17,0.23,0.16,0.06,0.29
"(1,2)",0.8,0.02,23,0.08,0.18,0.21,0.17,0.05,0.31
"(1,2)",0.8,0.02,24,0.08,0.18,0.21,0.16,0.02,0.35
"(1,2)",0.8,0.02,25,0.08,0.18,0.2,0.17,0.02,0.35
"(1,2)",0.8,0.02,26,0.08,0.18,0.18,0.18,0.03,0.35
"(1,2)",0.8,0.02,27,0.08,0.17,0.19,0.17,0.04,0.35
"(1,2)",0.8,0.02,28,0.08,0.17,0.19,0.16,0.04,0.36
"(1,2)",0.8,0.02,29,0.08,0.17,0.18,0.16,0.03,0.38
"(1,2)",0.8,0.02,30,0.07,0.18,0.17,0.16,0.04,0.38
"(1,2)",0.8,0.02,31,0.07,0.18,0.17,0.15,0.05,0.38
"(1,2)",0.8,0.02,32,0.07,0.18,0.17,0.14,0.04,0.4
"(1,2)",0.8,0.02,33,0.07,0.17,0.17,0.12,0.06,0.41
"(1,2)",0.8,0.02,34,0.07,0.15,0.18,0.13,0.06,0.41
"(1,2)",0.8,0.02,35,0.07,0.15,0.17,0.14,0.06,0.41
"(1,2)",0.8,0.02,36,0.07,0.15,0.17,0.13,0.07,0.41
"(1,2)",0.8,0.02,37,0.07,0.15,0.17,0.1,0.09,0.42
"(1,2)",0.8,0.02,38,0.07,0.15,0.16,0.1,0.1,0.42
"(1,2)",0.8,0.02,39,0.07,0.15,0.16,0.08,0.11,0.43
"(1,2)",0.8,0.02,40,0.07,0.15,0.16,0.08,0.06,0.48
"(1,2)",0.8,0.02,41,0.07,0.15,0.15,0.08,0.07,0.48
"(1,2)",0.8,0.02,42,0.07,0.14,0.14,0.09,0.06,0.5
"(1,2)",0.8,0.02,43,0.07,0.13,0.15,0.09,0.05,0.51
"(1,2)",0.8,0.02,44,0.07,0.13,0.14,0.09,0.06,0.51
"(1,2)",0.8,0.02,45,0.07,0.12,0.14,0.1,0.03,0.54
"(1,2)",0.8,0.02,46,0.07,0.12,0.14,0.1,0.01,0.56
"(1,2)",0.8,0.02,47,0.07,0.12,0.13,0.11,0.01,0.56
"(1,2)",0.8,0.02,48,0.07,0.12,0.13,0.1,0.02,0.56
"(1,2)",0.8,0.02,49,0.07,0.12,0.13,0.09,0.02,0.57
"(1,2)",0.8,0.02,50,0.07,0.12,0.12,0.09,0.03,0.57
"(1,2)",0.8,0.02,51,0.07,0.12,0.1,0.11,0.02,0.58
"(1,2)",0.8,0.02,52,0.07,0.12,0.09,0.12,0.02,0.58
"(1,2)",0.8,0.02,53,0.07,0.11,0.1,0.12,0.02,0.58
"(1,2)",0.8,0.02,54,0.07,0.11,0.1,0.11,0.01,0.6
"(1,2)",0.8,0.02,55,0.07,0.11,0.09,0.11,0.01,0.61
"(1,2)",0.8,0.02,56,0.07,0.11,0.09,0.11,0.01,0.61
"(1,2)",0.8,0.02,57,0.07,0.11,0.09,0.1,0.02,0.61
"(1,2)",0.8,0.02,58,0.07,0.11,0.08,0.11,0.01,0.62
"(1,2)",0.8,0.02,59,0.07,0.11,0.07,0.12,0.0,0.63
"(1,2)",0.8,0.02,60,0.07,0.11,0.07,0.12,0.0,0.63
"(1,2)",0.8,0.02,61,0.07,0.11,0.07,0.1,0.02,0.63
"(1,2)",0.8,0.02,62,0.07,0.1,0.08,0.1,0.02,0.63
"(1,2)",0.8,0.02,63,0.07,0.1,0.06,0.12,0.02,0.63
"(1,2)",0.8,0.02,64,0.07,0.1,0.05,0.12,0.03,0.63
"(1,2)",0.8,0.02,65,0.07,0.1,0.05,0.11,0.04,0.63
"(1,2)",0.8,0.02,66,0.07,0.1,0.05,0.1,0.05,0.63
"(1,2)",0.8,0.02,67,0.07,0.1,0.05,0.1,0.03,0.65
"(1,2)",0.8,0.02,68,0.07,0.1,0.05,0.1,0.03,0.65
"(1,2)",0.8,0.02,69,0.07,0.1,0.04,0.11,0.02,0.66
"(1,2)",0.8,0.02,70,0.07,0.1,0.04,0.11,0.02,0.66
"(1,2)",0.9,0.02,1,0.68,0.32,0.0,0.0,0.0,0.0
"(1,2)",0.9,0.02,2,0.53,0.44,0.03,0.0,0.0,0.0
"(1,2)",0.9,0.02,3,0.41,0.48,0.1,0.01,0.0,0.0
"(1,2)",0.9,0.02,4,0.33,0.53,0.1,0.04,0.0,0.0
"(1,2)",0.9,0.02,5,0.29,0.44,0.21,0.05,0.01,0.0
"(1,2)",0.9,0.02,6,0.29,0.37,0.25,0.07,0.02,0.0
"(1,2)",0.9,0.02,7,0.26,0.34,0.28,0.1,0.01,0.01
"(1,2)",0.9,0.02,8,0.24,0.34,0.24,0.14,0.03,0.01
"(1,2)",0.9,0.02,9,0.22,0.36,0.19,0.16,0.06,0.01
"(1,2)",0.9,0.02,10,0.2,0.37,0.15,0.21,0.05,0.02
"(1,2)",0.9,0.02,11,0.19,0.34,0.18,0.2,0.05,0.04
"(1,2)",0.9,0.02,12,0.19,0.33,0.18,0.2,0.05,0.05
"(1,2)",0.9,0.02,13,0.17,0.33,0.16,0.19,0.09,0.06
"(1,2)",0.9,0.02,14,0.15,0.33,0.16,0.21,0.06,0.09
"(1,2)",0.9,0.02,15,0.15,0.3,0.19,0.18,0.07,0.11
"(1,2)",0.9,0.02,16,0.14,0.27,0.23,0.15,0.1,0.11
"(1,2)",0.9,0.02,17,0.12,0.26,0.24,0.15,0.1,0.13
"(1,2)",0.9,0.02,18,0.11,0.27,0.22,0.17,0.09,0.14
"(1,2)",0.9,0.02,19,0.11,0.24,0.22,0.19,0.06,0.18
"(1,2)",0.9,0.02,20,0.11,0.22,0.21,0.2,0.07,0.19
"(1,2)",0.9,0.02,21,0.11,0.21,0.21,0.19,0.08,0.2
"(1,2)",0.9,0.02,22,0.11,0.21,0.17,0.21,0.08,0.22
"(1,2)",0.9,0.02,23,0.11,0.2,0.15,0.22,0.06,0.26
"(1,2)",0.9,0.02,24,0.11,0.19,0.16,0.2,0.08,0.26
"(1,2)",0.9,0.02,25,0.11,0.19,0.15,0.2,0.08,0.27
"(1,2)",0.9,0.02,26,0.11,0.18,0.16,0.19,0.07,0.29
"(1,2)",0.9,0.02,27,0.11,0.18,0.16,0.18,0.06,0.31
"(1,2)",0.9,0.02,28,0.11,0.17,0.16,0.17,0.06,0.33
"(1,2)",0.9,0.02,29,0.11,0.16,0.15,0.15,0.09,0.34
"(1,2)",0.9,0.02,30,0.11,0.15,0.15,0.15,0.08,0.36
"(1,2)",0.9,0.02,31,0.11,0.15,0.13,0.15,0.09,0.37
"(1,2)",0.9,0.02,32,0.11,0.15,0.13,0.15,0.07,0.39
"(1,2)",0.9,0.02,33,0.11,0.15,0.13,0.14,0.06,0.41
"(1,2)",0.9,0.02,34,0.11,0.13,0.15,0.14,0.04,0.43
"(1,2)",0.9,0.02,35,0.11,0.11,0.17,0.14,0.04,0.43
"(1,2)",0.9,0.02,36,0.11,0.11,0.17,0.13,0.05,0.43
"(1,2)",0.9,0.02,37,0.11,0.11,0.17,0.13,0.04,0.44
"(1,2)",0.9,0.02,38,0.11,0.11,0.16,0.14,0.04,0.44
"(1,2)",0.9,0.02,39,0.11,0.11,0.16,0.14,0.02,0.46
"(1,2)",0.9,0.02,40,0.1,0.12,0.14,0.16,0.02,0.46
"(1,2)",0.9,0.02,41,0.1,0.12,0.13,0.16,0.03,0.46
"(1,2)",0.9,0.02,42,0.1,0.12,0.13,0.16,0.02,0.47
"(1,2)",0.9,0.02,43,0.1,0.12,0.12,0.16,0.02,0.48
"(1,2)",0.9,0.02,44,0.1,0.12,0.11,0.13,0.06,0.48
"(1,2)",0.9,0.02,45,0.1,0.12,0.11,0.13,0.03,0.51
"(1,2)",0.9,0.02,46,0.1,0.12,0.1,0.14,0.03,0.51
"(1,2)",0.9,0.02,47,0.1,0.12,0.1,0.14,0.03,0.51
"(1,2)",0.9,0.02,48,0.1,0.12,0.09,0.14,0.03,0.52
"(1,2)",0.9,0.02,49,0.1,0.12,0.09,0.13,0.03,0.53
"(1,2)",0.9,0.02,50,0.1,0.12,0.09,0.12,0.03,0.54
"(1,2)",0.9,0.02,51,0.1,0.1,0.11,0.12,0.02,0.55
"(1,2)",0.9,0.02,52,0.1,0.1,0.09,0.14,0.01,0.56
"(1,2)",0.9,0.02,53,0.1,0.1,0.09,0.14,0.0,0.57
"(1,2)",0.9,0.02,54,0.1,0.1,0.07,0.16,0.0,0.57
"(1,2)",0.9,0.02,55,0.1,0.1,0.07,0.14,0.02,0.57
"(1,2)",0.9,0.02,56,0.1,0.1,0.07,0.12,0.03,0.58
"(1,2)",0.9,0.02,57,0.1,0.1,0.06,0.12,0.04,0.58
"(1,2)",0.9,0.02,58,0.1,0.1,0.06,0.11,0.04,0.59
"(1,2)",0.9,0.02,59,0.1,0.1,0.06,0.11,0.04,0.59
"(1,2)",0.9,0.02,60,0.1,0.1,0.06,0.11,0.02,0.61
"(1,2)",0.9,0.02,61,0.1,0.1,0.06,0.11,0.01,0.62
"(1,2)",0.9,0.02,62,0.1,0.1,0.06,0.1,0.01,0.63
"(1,2)",0.9,0.02,63,0.09,0.11,0.06,0.1,0.01,0.63
"(1,2)",0.9,0.02,64,0.09,0.11,0.06,0.1,0.01,0.63
"(1,2)",0.9,0.02,65,0.09,0.11,0.06,0.1,0.0,0.64
"(1,2)",0.9,0.02,66,0.09,0.1,0.06,0.11,0.0,0.64
"(1,2)",0.9,0.02,67,0.09,0.1,0.06,0.1,0.01,0.64
"(1,2)",0.9,0.02,68,0.09,0.1,0.05,0.1,0.02,0.64
"(1,2)",0.9,0.02,69,0.09,0.1,0.05,0.1,0.02,0.64
"(1,2)",0.9,0.02,70,0.09,0.1,0.05,0.1,0.01,0.65
"(1,3)",0.1,0.02,1,0.99,0.01,0.0,0.0,0.0,0.0
"(1,3)",0.1,0.02,2,0.99,0.01,0.0,0.0,0.0,0.0
"(1,3)",0.1,0.02,3,0.98,0.02,0.0,0.0,0.0,0.0
"(1,3)",0.1,0.02,4,0.98,0.0,0.02,0.0,0.0,0.0
"(1,3)",0.1,0.02,5,0.97,0.01,0.02,0.0,0.0,0.0
"(1,3)",0.1,0.02,6,0.92,0.05,0.02,0.01,0.0,0.0
"(1,3)",0.1,0.02,7,0.9,0.06,0.02,0.02,0.0,0.0
"(1,3)",0.1,0.02,8,0.89,0.02,0.06,0.02,0.01,0.0
"(1,3)",0.1,0.02,9,0.88,0.01,0.05,0.04,0.02,0.0
"(1,3)",0.1,0.02,10,0.88,0.01,0.02,0.05,0.03,0.01
"(1,3)",0.1,0.02,11,0.87,0.01,0.01,0.06,0.03,0.02
"(1,3)",0.1,0.02,12,0.78,0.1,0.01,0.04,0.03,0.04
"(1,3)",0.1,0.02,13,0.78,0.07,0.04,0.02,0.04,0.05
"(1,3)",0.1,0.02,14,0.75,0.06,0.05,0.03,0.04,0.07
"(1,3)",0.1,0.02,15,0.7,0.08,0.06,0.05,0.02,0.09
"(1,3)",0.1,0.02,16,0.7,0.06,0.04,0.08,0.02,0.1
"(1,3)",0.1,0.02,17,0.63,0.1,0.04,0.08,0.03,0.12
"(1,3)",0.1,0.02,18,0.63,0.07,0.03,0.09,0.03,0.15
"(1,3)",0.1,0.02,19,0.61,0.07,0.04,0.06,0.04,0.18
"(1,3)",0.1,0.02,20,0.56,0.1,0.04,0.07,0.04,0.19
"(1,3)",0.1,0.02,21,0.55,0.07,0.08,0.05,0.04,0.21
"(1,3)",0.1,0.02,22,0.51,0.09,0.08,0.04,0.05,0.23
"(1,3)",0.1,0.02,23,0.49,0.09,0.08,0.06,0.01,0.27
"(1,3)",0.1,0.02,24,0.48,0.08,0.09,0.05,0.02,0.28
"(1,3)",0.1,0.02,25,0.44,0.11,0.06,0.08,0.02,0.29
"(1,3)",0.1,0.02,26,0.43,0.1,0.05,0.1,0.01,0.31
"(1,3)",0.1,0.02,27,0.4,0.13,0.01,0.09,0.05,0.32
"(1,3)",0.1,0.02,28,0.4,0.09,0.05,0.05,0.06,0.35
"(1,3)",0.1,0.02,29,0.38,0.11,0.04,0.03,0.05,0.39
"(1,3)",0.1,0.02,30,0.34,0.14,0.03,0.03,0.06,0.4
"(1,3)",0.1,0.02,31,0.32,0.13,0.05,0.03,0.06,0.41
"(1,3)",0.1,0.02,32,0.31,0.13,0.05,0.04,0.03,0.44
"(1,3)",0.1,0.02,33,0.29,0.14,0.04,0.04,0.03,0.46
"(1,3)",0.1,0.02,34,0.28,0.15,0.03,0.03,0.03,0.48
"(1,3)",0.1,0.02,35,0.28,0.14,0.03,0.03,0.03,0.49
"(1,3)",0.1,0.02,36,0.26,0.14,0.04,0.03,0.02,0.51
"(1,3)",0.1,0.02,37,0.26,0.09,0.08,0.03,0.02,0.52
"(1,3)",0.1,0.02,38,0.24,0.11,0.05,0.05,0.01,0.54
"(1,3)",0.1,0.02,39,0.23,0.1,0.05,0.07,0.0,0.55
"(1,3)",0.1,0.02,40,0.22,0.11,0.03,0.07,0.02,0.55
"(1,3)",0.1,0.02,41,0.21,0.12,0.03,0.05,0.04,0.55
"(1,3)",0.1,0.02,42,0.21,0.09,0.05,0.03,0.05,0.57
"(1,3)",0.1,0.02,43,0.21,0.09,0.05,0.03,0.03,0.59
"(1,3)",0.1,0.02,44,0.21,0.09,0.03,0.04,0.03,0.6
"(1,3)",0.1,0.02,45,0.21,0.08,0.04,0.04,0.02,0.61
"(1,3)",0.1,0.02,46,0.21,0.08,0.03,0.04,0.03,0.61
"(1,3)",0.1,0.02,47,0.2,0.09,0.03,0.02,0.04,0.62
"(1,3)",0.1,0.02,48,0.19,0.09,0.04,0.01,0.03,0.64
"(1,3)",0.1,0.02,49,0.18,0.09,0.03,0.03,0.02,0.65
"(1,3)",0.1,0.02,50,0.18,0.09,0.03,0.03,0.02,0.65
"(1,3)",0.1,0.02,51,0.18,0.08,0.03,0.04,0.02,0.65
"(1,3)",0.1,0.02,52,0.18,0.08,0.0,0.07,0.01,0.66
"(1,3)",0.1,0.02,53,0.18,0.08,0.0,0.04,0.04,0.66
"(1,3)",0.1,0.02,54,0.16,0.1,0.0,0.02,0.04,0.68
"(1,3)",0.1,0.02,55,0.16,0.08,0.02,0.02,0.03,0.69
"(1,3)",0.1,0.02,56,0.16,0.08,0.01,0.03,0.01,0.71
"(1,3)",0.1,0.02,57,0.16,0.07,0.02,0.03,0.01,0.71
"(1,3)",0.1,0.02,58,0.16,0.07,0.02,0.03,0.01,0.71
"(1,3)",0.1,0.02,59,0.16,0.07,0.01,0.03,0.02,0.71
"(1,3)",0.1,0.02,60,0.16,0.07,0.01,0.03,0.01,0.72
"(1,3)",0.1,0.02,61,0.16,0.07,0.01,0.02,0.01,0.73
"(1,3)",0.1,0.02,62,0.15,0.08,0.01,0.01,0.01,0.74
"(1,3)",0.1,0.02,63,0.14,0.09,0.01,0.01,0.0,0.75
"(1,3)",0.1,0.02,64,0.14,0.09,0.01,0.01,0.0,0.75
"(1,3)",0.1,0.02,65,0.14,0.06,0.03,0.02,0.0,0.75
"(1,3)",0.1,0.02,66,0.14,0.06,0.02,0.03,0.0,0.75
"(1,3)",0.1,0.02,67,0.14,0.05,0.01,0.03,0.02,0.75
"(1,3)",0.1,0.02,68,0.13,0.06,0.01,0.02,0.02,0.76
"(1,3)",0.1,0.02,69,0.13,0.06,0.0,0.02,0.01,0.78
"(1,3)",0.1,0.02,70,0.13,0.06,0.0,0.01,0.01,0.79
"(1,3)",0.2,0.02,1,1.0,0.0,0.0,0.0,0.0,0.0
"(1,3)",0.2,0.02,2,1.0,0.0,0.0,0.0,0.0,0.0
"(1,3)",0.2,0.02,3,0.99,0.01,0.0,0.0,0.0,0.0
"(1,3)",0.2,0.02,4,0.99,0.0,0.01,0.0,0.0,0.0
"(1,3)",0.2,0.02,5,0.97,0.02,0.0,0.01,0.0,0.0
"(1,3)",0.2,0.02,6,0.95,0.03,0.01,0.01,0.0,0.0
"(1,3)",0.2,0.02,7,0.91,0.07,0.0,0.02,0.0,0.0
"(1,3)",0.2,0.02,8,0.87,0.1,0.01,0.01,0.01,0.0
"(1,3)",0.2,0.02,9,0.84,0.11,0.03,0.0,0.02,0.0
"(1,3)",0.2,0.02,10,0.81,0.11,0.05,0.01,0.01,0.01
"(1,3)",0.2,0.02,11,0.76,0.14,0.06,0.02,0.01,0.01
"(1,3)",0.2,0.02,12,0.68,0.18,0.09,0.02,0.02,0.01
"(1,3)",0.2,0.02,13,0.63,0.2,0.06,0.07,0.03,0.01
"(1,3)",0.2,0.02,14,0.61,0.19,0.07,0.07,0.03,0.03
"(1,3)",0.2,0.02,15,0.58,0.18,0.1,0.07,0.03,0.04
"(1,3)",0.2,0.02,16,0.54,0.21,0.1,0.08,0.03,0.04
"(1,3)",0.2,0.02,17,0.53,0.18,0.11,0.09,0.04,0.05
"(1,3)",0.2,0.02,18,0.49,0.21,0.09,0.12,0.03,0.06
"(1,3)",0.2,0.02,19,0.47,0.17,0.13,0.12,0.04,0.07
"(1,3)",0.2,0.02,20,0.43,0.19,0.12,0.12,0.07,0.07
"(1,3)",0.2,0.02,21,0.39,0.19,0.13,0.15,0.05,0.09
"(1,3)",0.2,0.02,22,0.36,0.2,0.1,0.15,0.08,0.11
"(1,3)",0.2,0.02,23,0.29,0.26,0.09,0.17,0.07,0.12
"(1,3)",0.2,0.02,24,0.26,0.27,0.1,0.13,0.11,0.13
"(1,3)",0.2,0.02,25,0.23,0.26,0.11,0.11,0.13,0.16
"(1,3)",0.2,0.02,26,0.19,0.29,0.08,0.15,0.11,0.18
"(1,3)",0.2,0.02,27,0.17,0.3,0.07,0.15,0.12,0.19
"(1,3)",0.2,0.02,28,0.16,0.27,0.09,0.14,0.13,0.21
"(1,3)",0.2,0.02,29,0.14,0.26,0.09,0.14,0.13,0.24
"(1,3)",0.2,0.02,30,0.12,0.27,0.09,0.13,0.13,0.26
"(1,3)",0.2,0.02,31,0.11,0.26,0.09,0.12,0.15,0.27
"(1,3)",0.2,0.02,32,0.1,0.26,0.07,0.12,0.13,0.32
"(1,3)",0.2,0.02,33,0.09,0.25,0.07,0.13,0.09,0.37
"(1,3)",0.2,0.02,34,0.09,0.24,0.08,0.12,0.08,0.39
"(1,3)",0.2,0.02,35,0.09,0.23,0.08,0.09,0.11,0.4
"(1,3)",0.2,0.02,36,0.09,0.21,0.07,0.09,0.11,0.43
"(1,3)",0.2,0.02,37,0.09,0.17,0.09,0.09,0.11,0.45
"(1,3)",0.2,0.02,38,0.08,0.18,0.06,0.1,0.09,0.49
"(1,3)",0.2,0.02,39,0.08,0.18,0.05,0.09,0.07,0.53
"(1,3)",0.2,0.02,40,0.08,0.16,0.07,0.07,0.07,0.55
"(1,3)",0.2,0.02,41,0.08,0.16,0.06,0.06,0.07,0.57
"(1,3)",0.2,0.02,42,0.07,0.17,0.05,0.06,0.07,0.58
"(1,3)",0.2,0.02,43,0.07,0.17,0.05,0.04,0.07,0.6
"(1,3)",0.2,0.02,44,0.06,0.18,0.05,0.04,0.06,0.61
"(1,3)",0.2,0.02,45,0.06,0.18,0.05,0.04,0.04,0.63
"(1,3)",0.2,0.02,46,0.05,0.19,0.05,0.03,0.03,0.65
"(1,3)",0.2,0.02,47,0.05,0.19,0.05,0.03,0.0,0.68
"(1,3)",0.2,0.02,48,0.05,0.19,0.05,0.03,0.0,0.68
"(1,3)",0.2,0.02,49,0.05,0.19,0.05,0.02,0.01,0.68
"(1,3)",0.2,0.02,50,0.05,0.19,0.05,0.02,0.01,0.68
"(1,3)",0.2,0.02,51,0.05,0.19,0.04,0.02,0.02,0.68
"(1,3)",0.2,0.02,52,0.05,0.19,0.04,0.02,0.02,0.68
"(1,3)",0.2,0.02,53,0.05,0.19,0.04,0.02,0.02,0.68
"(1,3)",0.2,0.02,54,0.05,0.19,0.04,0.01,0.02,0.69
"(1,3)",0.2,0.02,55,0.05,0.19,0.04,0.01,0.02,0.69
"(1,3)",0.2,0.02,56,0.05,0.19,0.04,0.01,0.01,0.7
"(1,3)",0.2,0.02,57,0.05,0.19,0.04,0.01,0.01,0.7
"(1,3)",0.2,0.02,58,0.05,0.19,0.04,0.0,0.02,0.7
"(1,3)",0.2,0.02,59,0.05,0.19,0.04,0.0,0.01,0.71
"(1,3)",0.2,0.02,60,0.05,0.18,0.04,0.01,0.01,0.71
"(1,3)",0.2,0.02,61,0.05,0.18,0.03,0.02,0.01,0.71
"(1,3)",0.2,0.02,62,0.05,0.18,0.03,0.02,0.01,0.71
"(1,3)",0.2,0.02,63,0.05,0.17,0.04,0.01,0.01,0.72
"(1,3)",0.2,0.02,64,0.05,0.16,0.05,0.01,0.01,0.72
"(1,3)",0.2,0.02,65,0.05,0.16,0.05,0.0,0.02,0.72
"(1,3)",0.2,0.02,66,0.05,0.16,0.04,0.01,0.01,0.73
"(1,3)",0.2,0.02,67,0.04,0.16,0.05,0.01,0.0,0.74
"(1,3)",0.2,0.02,68,0.04,0.15,0.06,0.01,0.0,0.74
"(1,3)",0.2,0.02,69,0.04,0.14,0.06,0.02,0.0,0.74
"(1,3)",0.2,0.02,70,0.04,0.14,0.03,0.05,0.0,0.74
"(1,3)",0.3,0.02,1,1.0,0.0,0.0,0.0,0.0,0.0
"(1,3)",0.3,0.02,2,0.99,0.01,0.0,0.0,0.0,0.0
"(1,3)",0.3,0.02,3,0.96,0.04,0.0,0.0,0.0,0.0
"(1,3)",0.3,0.02,4,0.88,0.12,0.0,0.0,0.0,0.0
"(1,3)",0.3,0.02,5,0.78,0.21,0.01,0.0,0.0,0.0
"(1,3)",0.3,0.02,6,0.75,0.23,0.02,0.0,0.0,0.0
"(1,3)",0.3,0.02,7,0.71,0.26,0.02,0.01,0.0,0.0
"(1,3)",0.3,0.02,8,0.64,0.32,0.02,0.02,0.0,0.0
"(1,3)",0.3,0.02,9,0.59,0.35,0.04,0.01,0.01,0.0
"(1,3)",0.3,0.02,10,0.54,0.37,0.07,0.01,0.01,0.0
"(1,3)",0.3,0.02,11,0.45,0.41,0.11,0.01,0.02,0.0
"(1,3)",0.3,0.02,12,0.38,0.43,0.12,0.04,0.03,0.0
"(1,3)",0.3,0.02,13,0.34,0.4,0.15,0.08,0.03,0.0
"(1,3)",0.3,0.02,14,0.29,0.39,0.17,0.11,0.04,0.0
"(1,3)",0.3,0.02,15,0.26,0.35,0.2,0.13,0.05,0.01
"(1,3)",0.3,0.02,16,0.24,0.36,0.17,0.13,0.09,0.01
"(1,3)",0.3,0.02,17,0.21,0.34,0.2,0.11,0.12,0.02
"(1,3)",0.3,0.02,18,0.18,0.3,0.23,0.13,0.11,0.05
"(1,3)",0.3,0.02,19,0.15,0.29,0.23,0.15,0.09,0.09
"(1,3)",0.3,0.02,20,0.14,0.24,0.28,0.15,0.08,0.11
"(1,3)",0.3,0.02,21,0.12,0.2,0.28,0.21,0.06,0.13
"(1,3)",0.3,0.02,22,0.11,0.21,0.23,0.22,0.1,0.13
"(1,3)",0.3,0.02,23,0.1,0.19,0.23,0.19,0.15,0.14
"(1,3)",0.3,0.02,24,0.08,0.21,0.19,0.16,0.18,0.18
"(1,3)",0.3,0.02,25,0.07,0.2,0.19,0.14,0.2,0.2
"(1,3)",0.3,0.02,26,0.06,0.17,0.21,0.12,0.18,0.26
"(1,3)",0.3,0.02,27,0.05,0.17,0.19,0.13,0.15,0.31
"(1,3)",0.3,0.02,28,0.05,0.16,0.16,0.17,0.1,0.36
"(1,3)",0.3,0.02,29,0.04,0.14,0.18,0.16,0.11,0.37
"(1,3)",0.3,0.02,30,0.02,0.15,0.18,0.14,0.11,0.4
"(1,3)",0.3,0.02,31,0.02,0.14,0.16,0.14,0.13,0.41
"(1,3)",0.3,0.02,32,0.02,0.14,0.14,0.15,0.11,0.44
"(1,3)",0.3,0.02,33,0.01,0.15,0.13,0.15,0.08,0.48
"(1,3)",0.3,0.02,34,0.01,0.15,0.11,0.17,0.07,0.49
"(1,3)",0.3,0.02,35,0.01,0.14,0.12,0.15,0.08,0.5
"(1,3)",0.3,0.02,36,0.01,0.13,0.12,0.16,0.07,0.51
"(1,3)",0.3,0.02,37,0.01,0.12,0.12,0.15,0.09,0.51
"(1,3)",0.3,0.02,38,0.01,0.11,0.12,0.15,0.09,0.52
"(1,3)",0.3,0.02,39,0.01,0.11,0.11,0.15,0.09,0.53
"(1,3)",0.3,0.02,40,0.01,0.09,0.12,0.12,0.1,0.56
"(1,3)",0.3,0.02,41,0.01,0.09,0.11,0.13,0.08,0.58
"(1,3)",0.3,0.02,42,0.01,0.09,0.11,0.12,0.08,0.59
"(1,3)",0.3,0.02,43,0.01,0.09,0.1,0.11,0.1,0.59
"(1,3)",0.3,0.02,44,0.01,0.09,0.09,0.12,0.09,0.6
"(1,3)",0.3,0.02,45,0.01,0.09,0.09,0.12,0.09,0.6
"(1,3)",0.3,0.02,46,0.01,0.09,0.08,0.11,0.08,0.63
"(1,3)",0.3,0.02,47,0.01,0.09,0.08,0.1,0.09,0.63
"(1,3)",0.3,0.02,48,0.01,0.09,0.08,0.1,0.06,0.66
"(1,3)",0.3,0.02,49,0.01,0.09,0.08,0.1,0.05,0.67
"(1,3)",0.3,0.02,50,0.01,0.09,0.08,0.1,0.03,0.69
"(1,3)",0.3,0.02,51,0.01,0.09,0.08,0.09,0.03,0.7
"(1,3)",0.3,0.02,52,0.01,0.09,0.08,0.08,0.04,0.7
"(1,3)",0.3,0.02,53,0.01,0.09,0.08,0.08,0.02,0.72
"(1,3)",0.3,0.02,54,0.01,0.09,0.08,0.05,0.04,0.73
"(1,3)",0.3,0.02,55,0.01,0.09,0.08,0.05,0.03,0.74
"(1,3)",0.3,0.02,56,0.01,0.09,0.08,0.05,0.03,0.74
"(1,3)",0.3,0.02,57,0.01,0.09,0.08,0.05,0.03,0.74
"(1,3)",0.3,0.02,58,0.0,0.1,0.08,0.05,0.02,0.75
"(1,3)",0.3,0.02,59,0.0,0.1,0.07,0.06,0.02,0.75
"(1,3)",0.3,0.02,60,0.0,0.1,0.07,0.06,0.02,0.75
"(1,3)",0.3,0.02,61,0.0,0.1,0.07,0.06,0.02,0.75
"(1,3)",0.3,0.02,62,0.0,0.1,0.07,0.06,0.02,0.75
"(1,3)",0.3,0.02,63,0.0,0.1,0.07,0.06,0.01,0.76
"(1,3)",0.3,0.02,64,0.0,0.1,0.07,0.06,0.01,0.76
"(1,3)",0.3,0.02,65,0.0,0.1,0.07,0.06,0.01,0.76
"(1,3)",0.3,0.02,66,0.0,0.1,0.07,0.06,0.01,0.76
"(1,3)",0.3,0.02,67,0.0,0.1,0.07,0.05,0.02,0.76
"(1,3)",0.3,0.02,68,0.0,0.1,0.07,0.05,0.02,0.76
"(1,3)",0.3,0.02,69,0.0,0.1,0.07,0.05,0.02,0.76
"(1,3)",0.3,0.02,70,0.0,0.1,0.07,0.05,0.02,0.76
"(1,3)",0.4,0.02,1,0.99,0.01,0.0,0.0,0.0,0.0
"(1,3)",0.4,0.02,2,0.88,0.12,0.0,0.0,0.0,0.0
"(1,3)",0.4,0.02,3,0.81,0.19,0.0,0.0,0.0,0.0
"(1,3)",0.4,0.02,4,0.69,0.31,0.0,0.0,0.0,0.0
"(1,3)",0.4,0.02,5,0.55,0.39,0.06,0.0,0.0,0.0
"(1,3)",0.4,0.02,6,0.44,0.47,0.08,0.01,0.0,0.0
"(1,3)",0.4,0.02,7,0.3,0.57,0.12,0.01,0.0,0.0
"(1,3)",0.4,0.02,8,0.24,0.56,0.19,0.0,0.01,0.0
"(1,3)",0.4,0.02,9,0.18,0.57,0.22,0.02,0.01,0.0
"(1,3)",0.4,0.02,10,0.16,0.54,0.21,0.08,0.01,0.0
"(1,3)",0.4,0.02,11,0.11,0.49,0.29,0.09,0.02,0.0
"(1,3)",0.4,0.02,12,0.1,0.42,0.32,0.13,0.03,0.0
"(1,3)",0.4,0.02,13,0.1,0.37,0.32,0.17,0.04,0.0
"(1,3)",0.4,0.02,14,0.09,0.35,0.29,0.22,0.05,0.0
"(1,3)",0.4,0.02,15,0.06,0.34,0.28,0.22,0.1,0.0
"(1,3)",0.4,0.02,16,0.05,0.27,0.32,0.23,0.1,0.03
"(1,3)",0.4,0.02,17,0.05,0.26,0.29,0.22,0.15,0.03
"(1,3)",0.4,0.02,18,0.05,0.23,0.29,0.22,0.17,0.04
"(1,3)",0.4,0.02,19,0.04,0.24,0.26,0.23,0.14,0.09
"(1,3)",0.4,0.02,20,0.04,0.23,0.23,0.26,0.13,0.11
"(1,3)",0.4,0.02,21,0.04,0.22,0.22,0.24,0.14,0.14
"(1,3)",0.4,0.02,22,0.03,0.22,0.21,0.22,0.13,0.19
"(1,3)",0.4,0.02,23,0.03,0.2,0.21,0.2,0.13,0.23
"(1,3)",0.4,0.02,24,0.01,0.19,0.22,0.21,0.11,0.26
"(1,3)",0.4,0.02,25,0.01,0.19,0.18,0.22,0.13,0.27
"(1,3)",0.4,0.02,26,0.01,0.19,0.17,0.19,0.16,0.28
"(1,3)",0.4,0.02,27,0.01,0.19,0.17,0.16,0.15,0.32
"(1,3)",0.4,0.02,28,0.01,0.17,0.18,0.17,0.12,0.35
"(1,3)",0.4,0.02,29,0.01,0.16,0.15,0.2,0.1,0.38
"(1,3)",0.4,0.02,30,0.01,0.15,0.16,0.19,0.09,0.4
"(1,3)",0.4,0.02,31,0.01,0.15,0.15,0.19,0.09,0.41
"(1,3)",0.4,0.02,32,0.01,0.13,0.14,0.19,0.11,0.42
"(1,3)",0.4,0.02,33,0.01,0.13,0.14,0.18,0.09,0.45
"(1,3)",0.4,0.02,34,0.01,0.13,0.14,0.16,0.1,0.46
"(1,3)",0.4,0.02,35,0.01,0.13,0.14,0.16,0.1,0.46
"(1,3)",0.4,0.02,36,0.01,0.13,0.13,0.17,0.08,0.48
"(1,3)",0.4,0.02,37,0.01,0.13,0.11,0.18,0.07,0.5
"(1,3)",0.4,0.02,38,0.01,0.13,0.11,0.16,0.08,0.51
"(1,3)",0.4,0.02,39,0.01,0.12,0.12,0.14,0.07,0.54
"(1,3)",0.4,0.02,40,0.01,0.12,0.12,0.12,0.07,0.56
"(1,3)",0.4,0.02,41,0.01,0.12,0.11,0.13,0.05,0.58
"(1,3)",0.4,0.02,42,0.01,0.11,0.11,0.14,0.04,0.59
"(1,3)",0.4,0.02,43,0.01,0.11,0.11,0.13,0.04,0.6
"(1,3)",0.4,0.02,44,0.01,0.11,0.1,0.14,0.04,0.6
"(1,3)",0.4,0.02,45,0.01,0.1,0.11,0.14,0.03,0.61
"(1,3)",0.4,0.02,46,0.01,0.09,0.11,0.15,0.03,0.61
"(1,3)",0.4,0.02,47,0.01,0.09,0.11,0.13,0.04,0.62
"(1,3)",0.4,0.02,48,0.01,0.09,0.1,0.13,0.04,0.63
"(1,3)",0.4,0.02,49,0.01,0.09,0.1,0.11,0.06,0.63
"(1,3)",0.4,0.02,50,0.01,0.09,0.1,0.11,0.06,0.63
"(1,3)",0.4,0.02,51,0.01,0.09,0.1,0.09,0.07,0.64
"(1,3)",0.4,0.02,52,0.01,0.09,0.09,0.1,0.07,0.64
"(1,3)",0.4,0.02,53,0.01,0.09,0.09,0.09,0.07,0.65
"(1,3)",0.4,0.02,54,0.01,0.09,0.09,0.08,0.07,0.66
"(1,3)",0.4,0.02,55,0.01,0.09,0.09,0.08,0.07,0.66
"(1,3)",0.4,0.02,56,0.01,0.09,0.09,0.08,0.06,0.67
"(1,3)",0.4,0.02,57,0.01,0.09,0.08,0.08,0.06,0.68
"(1,3)",0.4,0.02,58,0.01,0.09,0.08,0.08,0.05,0.69
"(1,3)",0.4,0.02,59,0.01,0.09,0.08,0.06,0.06,0.7
"(1,3)",0.4,0.02,60,0.01,0.09,0.08,0.05,0.05,0.72
"(1,3)",0.4,0.02,61,0.01,0.09,0.08,0.04,0.06,0.72
"(1,3)",0.4,0.02,62,0.01,0.09,0.08,0.04,0.06,0.72
"(1,3)",0.4,0.02,63,0.01,0.09,0.08,0.04,0.05,0.73
"(1,3)",0.4,0.02,64,0.01,0.09,0.08,0.04,0.03,0.75
"(1,3)",0.4,0.02,65,0.01,0.09,0.08,0.04,0.02,0.76
"(1,3)",0.4,0.02,66,0.01,0.09,0.08,0.04,0.02,0.76
"(1,3)",0.4,0.02,67,0.01,0.09,0.08,0.04,0.01,0.77
"(1,3)",0.4,0.02,68,0.01,0.09,0.08,0.04,0.01,0.77
"(1,3)",0.4,0.02,69,0.01,0.09,0.08,0.04,0.01,0.77
"(1,3)",0.4,0.02,70,0.01,0.09,0.08,0.04,0.01,0.77
"(1,3)",0.5,0.02,1,0.86,0.14,0.0,0.0,0.0,0.0
"(1,3)",0.5,0.02,2,0.73,0.27,0.0,0.0,0.0,0.0
"(1,3)",0.5,0.02,3,0.56,0.44,0.0,0.0,0.0,0.0
"(1,3)",0.5,0.02,4,0.39,0.58,0.03,0.0,0.0,0.0
"(1,3)",0.5,0.02,5,0.29,0.64,0.07,0.0,0.0,0.0
"(1,3)",0.5,0.02,6,0.2,0.67,0.11,0.02,0.0,0.0
"(1,3)",0.5,0.02,7,0.14,0.64,0.19,0.03,0.0,0.0
"(1,3)",0.5,0.02,8,0.14,0.54,0.23,0.08,0.01,0.0
"(1,3)",0.5,0.02,9,0.09,0.53,0.29,0.07,0.02,0.0
"(1,3)",0.5,0.02,10,0.06,0.47,0.32,0.12,0.03,0.0
"(1,3)",0.5,0.02,11,0.05,0.42,0.3,0.2,0.03,0.0
"(1,3)",0.5,0.02,12,0.04,0.37,0.32,0.22,0.05,0.0
"(1,3)",0.5,0.02,13,0.03,0.31,0.36,0.2,0.08,0.02
"(1,3)",0.5,0.02,14,0.02,0.26,0.38,0.24,0.07,0.03
"(1,3)",0.5,0.02,15,0.02,0.23,0.38,0.23,0.08,0.06
"(1,3)",0.5,0.02,16,0.02,0.23,0.34,0.24,0.11,0.06
"(1,3)",0.5,0.02,17,0.02,0.19,0.33,0.26,0.1,0.1
"(1,3)",0.5,0.02,18,0.02,0.19,0.27,0.29,0.11,0.12
"(1,3)",0.5,0.02,19,0.02,0.17,0.27,0.29,0.1,0.15
"(1,3)",0.5,0.02,20,0.02,0.17,0.24,0.28,0.13,0.16
"(1,3)",0.5,0.02,21,0.02,0.17,0.22,0.28,0.13,0.18
"(1,3)",0.5,0.02,22,0.02,0.15,0.24,0.24,0.13,0.22
"(1,3)",0.5,0.02,23,0.02,0.15,0.22,0.25,0.12,0.24
"(1,3)",0.5,0.02,24,0.02,0.15,0.2,0.21,0.16,0.26
"(1,3)",0.5,0.02,25,0.02,0.14,0.2,0.19,0.15,0.3
"(1,3)",0.5,0.02,26,0.02,0.14,0.18,0.18,0.15,0.33
"(1,3)",0.5,0.02,27,0.02,0.14,0.17,0.14,0.16,0.37
"(1,3)",0.5,0.02,28,0.02,0.14,0.16,0.14,0.14,0.4
"(1,3)",0.5,0.02,29,0.02,0.14,0.16,0.14,0.13,0.41
"(1,3)",0.5,0.02,30,0.01,0.15,0.14,0.14,0.13,0.43
"(1,3)",0.5,0.02,31,0.01,0.15,0.14,0.12,0.13,0.45
"(1,3)",0.5,0.02,32,0.01,0.14,0.15,0.1,0.12,0.48
"(1,3)",0.5,0.02,33,0.01,0.14,0.15,0.1,0.1,0.5
"(1,3)",0.5,0.02,34,0.01,0.14,0.15,0.1,0.05,0.55
"(1,3)",0.5,0.02,35,0.01,0.14,0.15,0.1,0.05,0.55
"(1,3)",0.5,0.02,36,0.01,0.14,0.15,0.1,0.04,0.56
"(1,3)",0.5,0.02,37,0.01,0.14,0.15,0.1,0.04,0.56
"(1,3)",0.5,0.02,38,0.01,0.14,0.15,0.1,0.02,0.58
"(1,3)",0.5,0.02,39,0.01,0.14,0.14,0.1,0.02,0.59
"(1,3)",0.5,0.02,40,0.01,0.14,0.14,0.1,0.02,0.59
"(1,3)",0.5,0.02,41,0.01,0.13,0.15,0.1,0.02,0.59
"(1,3)",0.5,0.02,42,0.01,0.13,0.15,0.09,0.02,0.6
"(1,3)",0.5,0.02,43,0.01,0.13,0.15,0.09,0.02,0.6
"(1,3)",0.5,0.02,44,0.01,0.13,0.15,0.09,0.02,0.6
"(1,3)",0.5,0.02,45,0.01,0.13,0.15,0.09,0.02,0.6
"(1,3)",0.5,0.02,46,0.01,0.13,0.13,0.1,0.03,0.6
"(1,3)",0.5,0.02,47,0.01,0.13,0.12,0.11,0.03,0.6
"(1,3)",0.5,0.02,48,0.01,0.13,0.12,0.11,0.03,0.6
"(1,3)",0.5,0.02,49,0.01,0.13,0.12,0.1,0.04,0.6
"(1,3)",0.5,0.02,50,0.01,0.13,0.12,0.1,0.04,0.6
"(1,3)",0.5,0.02,51,0.01,0.13,0.12,0.07,0.05,0.62
"(1,3)",0.5,0.02,52,0.01,0.13,0.12,0.07,0.05,0.62
"(1,3)",0.5,0.02,53,0.01,0.13,0.12,0.06,0.06,0.62
"(1,3)",0.5,0.02,54,0.01,0.13,0.12,0.05,0.05,0.64
"(1,3)",0.5,0.02,55,0.01,0.13,0.12,0.04,0.04,0.66
"(1,3)",0.5,0.02,56,0.01,0.13,0.12,0.04,0.03,0.67
"(1,3)",0.5,0.02,57,0.01,0.12,0.13,0.04,0.02,0.68
"(1,3)",0.5,0.02,58,0.01,0.12,0.13,0.04,0.02,0.68
"(1,3)",0.5,0.02,59,0.01,0.12,0.13,0.04,0.02,0.68
"(1,3)",0.5,0.02,60,0.01,0.12,0.13,0.04,0.02,0.68
"(1,3)",0.5,0.02,61,0.01,0.12,0.13,0.04,0.02,0.68
"(1,3)",0.5,0.02,62,0.01,0.12,0.13,0.04,0.02,0.68
"(1,3)",0.5,0.02,63,0.01,0.12,0.12,0.05,0.02,0.68
"(1,3)",0.5,0.02,64,0.01,0.12,0.12,0.05,0.01,0.69
"(1,3)",0.5,0.02,65,0.01,0.12,0.12,0.05,0.01,0.69
"(1,3)",0.5,0.02,66,0.01,0.12,0.12,0.05,0.01,0.69
"(1,3)",0.5,0.02,67,0.01,0.12,0.12,0.04,0.02,0.69
"(1,3)",0.5,0.02,68,0.01,0.12,0.12,0.04,0.02,0.69
"(1,3)",0.5,0.02,69,0.01,0.12,0.12,0.04,0.0,0.71
"(1,3)",0.5,0.02,70,0.01,0.12,0.12,0.04,0.0,0.71
"(1,3)",0.6,0.02,1,0.66,0.34,0.0,0.0,0.0,0.0
"(1,3)",0.6,0.02,2,0.46,0.54,0.0,0.0,0.0,0.0
"(1,3)",0.6,0.02,3,0.31,0.67,0.02,0.0,0.0,0.0
"(1,3)",0.6,0.02,4,0.16,0.77,0.05,0.02,0.0,0.0
"(1,3)",0.6,0.02,5,0.13,0.76,0.09,0.02,0.0,0.0
"(1,3)",0.6,0.02,6,0.12,0.65,0.2,0.02,0.01,0.0
"(1,3)",0.6,0.02,7,0.1,0.54,0.29,0.06,0.01,0.0
"(1,3)",0.6,0.02,8,0.09,0.47,0.3,0.13,0.01,0.0
"(1,3)",0.6,0.02,9,0.06,0.4,0.36,0.15,0.03,0.0
"(1,3)",0.6,0.02,10,0.06,0.38,0.34,0.13,0.09,0.0
"(1,3)",0.6,0.02,11,0.06,0.35,0.34,0.13,0.1,0.02
"(1,3)",0.6,0.02,12,0.06,0.34,0.33,0.14,0.09,0.04
"(1,3)",0.6,0.02,13,0.06,0.29,0.34,0.17,0.1,0.04
"(1,3)",0.6,0.02,14,0.05,0.26,0.35,0.19,0.11,0.04
"(1,3)",0.6,0.02,15,0.05,0.24,0.35,0.2,0.09,0.07
"(1,3)",0.6,0.02,16,0.05,0.2,0.34,0.24,0.09,0.08
"(1,3)",0.6,0.02,17,0.04,0.18,0.35,0.24,0.11,0.08
"(1,3)",0.6,0.02,18,0.04,0.14,0.36,0.25,0.11,0.1
"(1,3)",0.6,0.02,19,0.04,0.13,0.34,0.25,0.12,0.12
"(1,3)",0.6,0.02,20,0.04,0.13,0.3,0.25,0.14,0.14
"(1,3)",0.6,0.02,21,0.04,0.13,0.27,0.25,0.17,0.14
"(1,3)",0.6,0.02,22,0.04,0.13,0.25,0.22,0.21,0.15
"(1,3)",0.6,0.02,23,0.04,0.13,0.24,0.21,0.19,0.19
"(1,3)",0.6,0.02,24,0.04,0.13,0.24,0.16,0.21,0.22
"(1,3)",0.6,0.02,25,0.04,0.12,0.23,0.17,0.16,0.28
"(1,3)",0.6,0.02,26,0.03,0.12,0.22,0.18,0.13,0.32
"(1,3)",0.6,0.02,27,0.03,0.12,0.21,0.16,0.13,0.35
"(1,3)",0.6,0.02,28,0.03,0.12,0.2,0.16,0.1,0.39
"(1,3)",0.6,0.02,29,0.03,0.12,0.2,0.15,0.09,0.41
"(1,3)",0.6,0.02,30,0.03,0.12,0.18,0.16,0.09,0.42
"(1,3)",0.6,0.02,31,0.03,0.11,0.18,0.15,0.09,0.44
"(1,3)",0.6,0.02,32,0.03,0.11,0.18,0.13,0.1,0.45
"(1,3)",0.6,0.02,33,0.03,0.11,0.16,0.15,0.08,0.47
"(1,3)",0.6,0.02,34,0.03,0.11,0.16,0.14,0.07,0.49
"(1,3)",0.6,0.02,35,0.03,0.11,0.15,0.12,0.08,0.51
"(1,3)",0.6,0.02,36,0.03,0.1,0.16,0.12,0.06,0.53
"(1,3)",0.6,0.02,37,0.03,0.1,0.15,0.13,0.06,0.53
"(1,3)",0.6,0.02,38,0.03,0.1,0.15,0.13,0.03,0.56
"(1,3)",0.6,0.02,39,0.03,0.1,0.15,0.11,0.05,0.56
"(1,3)",0.6,0.02,40,0.03,0.1,0.15,0.1,0.05,0.57
"(1,3)",0.6,0.02,41,0.03,0.1,0.15,0.1,0.04,0.58
"(1,3)",0.6,0.02,42,0.03,0.1,0.15,0.1,0.04,0.58
"(1,3)",0.6,0.02,43,0.03,0.1,0.15,0.09,0.04,0.59
"(1,3)",0.6,0.02,44,0.03,0.1,0.15,0.08,0.05,0.59
"(1,3)",0.6,0.02,45,0.03,0.1,0.15,0.08,0.04,0.6
"(1,3)",0.6,0.02,46,0.03,0.1,0.15,0.08,0.03,0.61
"(1,3)",0.6,0.02,47,0.03,0.1,0.14,0.09,0.02,0.62
"(1,3)",0.6,0.02,48,0.03,0.1,0.14,0.09,0.02,0.62
"(1,3)",0.6,0.02,49,0.03,0.09,0.15,0.09,0.02,0.62
"(1,3)",0.6,0.02,50,0.03,0.08,0.16,0.09,0.02,0.62
"(1,3)",0.6,0.02,51,0.03,0.08,0.16,0.09,0.01,0.63
"(1,3)",0.6,0.02,52,0.03,0.08,0.15,0.1,0.01,0.63
"(1,3)",0.6,0.02,53,0.03,0.08,0.14,0.1,0.02,0.63
"(1,3)",0.6,0.02,54,0.03,0.07,0.15,0.1,0.02,0.63
"(1,3)",0.6,0.02,55,0.03,0.07,0.15,0.08,0.04,0.63
"(1,3)",0.6,0.02,56,0.03,0.07,0.15,0.08,0.04,0.63
"(1,3)",0.6,0.02,57,0.03,0.07,0.15,0.08,0.03,0.64
"(1,3)",0.6,0.02,58,0.03,0.07,0.15,0.08,0.03,0.64
"(1,3)",0.6,0.02,59,0.03,0.07,0.15,0.08,0.03,0.64
"(1,3)",0.6,0.02,60,0.03,0.07,0.15,0.08,0.02,0.65
"(1,3)",0.6,0.02,61,0.03,0.07,0.14,0.09,0.02,0.65
"(1,3)",0.6,0.02,62,0.03,0.07,0.14,0.08,0.02,0.66
"(1,3)",0.6,0.02,63,0.03,0.07,0.14,0.07,0.02,0.67
"(1,3)",0.6,0.02,64,0.03,0.07,0.14,0.07,0.02,0.67
"(1,3)",0.6,0.02,65,0.03,0.07,0.14,0.07,0.02,0.67
"(1,3)",0.6,0.02,66,0.03,0.07,0.14,0.07,0.0,0.69
"(1,3)",0.6,0.02,67,0.03,0.07,0.14,0.07,0.0,0.69
"(1,3)",0.6,0.02,68,0.03,0.07,0.14,0.07,0.0,0.69
"(1,3)",0.6,0.02,69,0.03,0.07,0.14,0.07,0.0,0.69
"(1,3)",0.6,0.02,70,0.03,0.07,0.14,0.07,0.0,0.69
"(1,3)",0.7,0.02,1,0.47,0.53,0.0,0.0,0.0,0.0
"(1,3)",0.7,0.02,2,0.35,0.63,0.02,0.0,0.0,0.0
"(1,3)",0.7,0.02,3,0.22,0.72,0.06,0.0,0.0,0.0
"(1,3)",0.7,0.02,4,0.18,0.67,0.15,0.0,0.0,0.0
"(1,3)",0.7,0.02,5,0.14,0.65,0.2,0.01,0.0,0.0
"(1,3)",0.7,0.02,6,0.13,0.56,0.28,0.03,0.0,0.0
"(1,3)",0.7,0.02,7,0.12,0.51,0.31,0.06,0.0,0.0
"(1,3)",0.7,0.02,8,0.11,0.51,0.29,0.09,0.0,0.0
"(1,3)",0.7,0.02,9,0.11,0.45,0.33,0.09,0.02,0.0
"(1,3)",0.7,0.02,10,0.11,0.39,0.33,0.13,0.03,0.01
"(1,3)",0.7,0.02,11,0.09,0.39,0.32,0.14,0.05,0.01
"(1,3)",0.7,0.02,12,0.08,0.36,0.34,0.15,0.04,0.03
"(1,3)",0.7,0.02,13,0.08,0.31,0.36,0.18,0.03,0.04
"(1,3)",0.7,0.02,14,0.07,0.3,0.37,0.19,0.01,0.06
"(1,3)",0.7,0.02,15,0.07,0.23,0.4,0.2,0.04,0.06
"(1,3)",0.7,0.02,16,0.07,0.23,0.38,0.2,0.05,0.07
"(1,3)",0.7,0.02,17,0.07,0.21,0.36,0.22,0.05,0.09
"(1,3)",0.7,0.02,18,0.07,0.2,0.35,0.19,0.1,0.09
"(1,3)",0.7,0.02,19,0.07,0.2,0.32,0.19,0.1,0.12
"(1,3)",0.7,0.02,20,0.07,0.2,0.28,0.2,0.1,0.15
"(1,3)",0.7,0.02,21,0.07,0.18,0.28,0.19,0.12,0.16
"(1,3)",0.7,0.02,22,0.07,0.17,0.27,0.19,0.13,0.17
"(1,3)",0.7,0.02,23,0.07,0.16,0.26,0.19,0.13,0.19
"(1,3)",0.7,0.02,24,0.07,0.16,0.26,0.17,0.11,0.23
"(1,3)",0.7,0.02,25,0.07,0.15,0.27,0.16,0.08,0.27
"(1,3)",0.7,0.02,26,0.07,0.15,0.26,0.16,0.09,0.27
"(1,3)",0.7,0.02,27,0.07,0.15,0.26,0.16,0.07,0.29
"(1,3)",0.7,0.02,28,0.07,0.15,0.26,0.13,0.09,0.3
"(1,3)",0.7,0.02,29,0.07,0.15,0.26,0.11,0.1,0.31
"(1,3)",0.7,0.02,30,0.07,0.15,0.25,0.1,0.1,0.33
"(1,3)",0.7,0.02,31,0.07,0.15,0.25,0.09,0.09,0.35
"(1,3)",0.7,0.02,32,0.07,0.15,0.24,0.09,0.1,0.35
"(1,3)",0.7,0.02,33,0.07,0.15,0.22,0.09,0.1,0.37
"(1,3)",0.7,0.02,34,0.07,0.15,0.22,0.09,0.08,0.39
"(1,3)",0.7,0.02,35,0.07,0.15,0.21,0.1,0.08,0.39
"(1,3)",0.7,0.02,36,0.07,0.15,0.2,0.11,0.07,0.4
"(1,3)",0.7,0.02,37,0.07,0.15,0.2,0.1,0.07,0.41
"(1,3)",0.7,0.02,38,0.07,0.15,0.2,0.08,0.06,0.44
"(1,3)",0.7,0.02,39,0.07,0.15,0.19,0.09,0.05,0.45
"(1,3)",0.7,0.02,40,0.07,0.15,0.19,0.08,0.06,0.45
"(1,3)",0.7,0.02,41,0.07,0.15,0.18,0.08,0.06,0.46
"(1,3)",0.7,0.02,42,0.07,0.15,0.18,0.07,0.06,0.47
"(1,3)",0.7,0.02,43,0.07,0.15,0.18,0.07,0.05,0.48
"(1,3)",0.7,0.02,44,0.07,0.15,0.18,0.07,0.03,0.5
"(1,3)",0.7,0.02,45,0.07,0.15,0.16,0.08,0.04,0.5
"(1,3)",0.7,0.02,46,0.07,0.15,0.16,0.07,0.05,0.5
"(1,3)",0.7,0.02,47,0.07,0.15,0.16,0.06,0.05,0.51
"(1,3)",0.7,0.02,48,0.07,0.15,0.15,0.06,0.04,0.53
"(1,3)",0.7,0.02,49,0.06,0.16,0.15,0.06,0.04,0.53
"(1,3)",0.7,0.02,50,0.06,0.16,0.15,0.05,0.05,0.53
"(1,3)",0.7,0.02,51,0.06,0.16,0.15,0.05,0.05,0.53
"(1,3)",0.7,0.02,52,0.06,0.15,0.16,0.05,0.05,0.53
"(1,3)",0.7,0.02,53,0.06,0.14,0.16,0.05,0.05,0.54
"(1,3)",0.7,0.02,54,0.06,0.13,0.16,0.06,0.04,0.55
"(1,3)",0.7,0.02,55,0.06,0.13,0.16,0.06,0.03,0.56
"(1,3)",0.7,0.02,56,0.06,0.13,0.16,0.06,0.02,0.57
"(1,3)",0.7,0.02,57,0.06,0.13,0.16,0.05,0.03,0.57
"(1,3)",0.7,0.02,58,0.06,0.13,0.16,0.05,0.01,0.59
"(1,3)",0.7,0.02,59,0.06,0.13,0.16,0.04,0.02,0.59
"(1,3)",0.7,0.02,60,0.06,0.13,0.16,0.04,0.02,0.59
"(1,3)",0.7,0.02,61,0.06,0.13,0.16,0.04,0.02,0.59
"(1,3)",0.7,0.02,62,0.06,0.13,0.16,0.04,0.02,0.59
"(1,3)",0.7,0.02,63,0.06,0.13,0.16,0.04,0.02,0.59
"(1,3)",0.7,0.02,64,0.06,0.13,0.16,0.04,0.02,0.59
"(1,3)",0.7,0.02,65,0.06,0.13,0.16,0.03,0.03,0.59
"(1,3)",0.7,0.02,66,0.06,0.13,0.16,0.03,0.03,0.59
"(1,3)",0.7,0.02,67,0.06,0.13,0.16,0.02,0.03,0.6
"(1,3)",0.7,0.02,68,0.06,0.13,0.16,0.02,0.03,0.6
"(1,3)",0.7,0.02,69,0.06,0.13,0.16,0.02,0.03,0.6
"(1,3)",0.7,0.02,70,0.06,0.13,0.16,0.02,0.03,0.6
"(1,3)",0.8,0.02,1,0.51,0.49,0.0,0.0,0.0,0.0
"(1,3)",0.8,0.02,2,0.37,0.57,0.06,0.0,0.0,0.0
"(1,3)",0.8,0.02,3,0.31,0.55,0.12,0.02,0.0,0.0
"(1,3)",0.8,0.02,4,0.23,0.57,0.16,0.04,0.0,0.0
"(1,3)",0.8,0.02,5,0.22,0.52,0.17,0.09,0.0,0.0
"(1,3)",0.8,0.02,6,0.2,0.47,0.22,0.11,0.0,0.0
"(1,3)",0.8,0.02,7,0.17,0.46,0.21,0.12,0.04,0.0
"(1,3)",0.8,0.02,8,0.16,0.45,0.21,0.14,0.04,0.0
"(1,3)",0.8,0.02,9,0.15,0.41,0.24,0.14,0.05,0.01
"(1,3)",0.8,0.02,10,0.14,0.38,0.24,0.16,0.06,0.02
"(1,3)",0.8,0.02,11,0.12,0.33,0.26,0.19,0.08,0.02
"(1,3)",0.8,0.02,12,0.11,0.32,0.26,0.2,0.09,0.02
"(1,3)",0.8,0.02,13,0.1,0.29,0.29,0.16,0.11,0.05
"(1,3)",0.8,0.02,14,0.09,0.28,0.28,0.18,0.09,0.08
"(1,3)",0.8,0.02,15,0.09,0.26,0.26,0.2,0.07,0.12
"(1,3)",0.8,0.02,16,0.08,0.25,0.28,0.19,0.08,0.12
"(1,3)",0.8,0.02,17,0.07,0.25,0.27,0.16,0.11,0.14
"(1,3)",0.8,0.02,18,0.07,0.23,0.26,0.17,0.12,0.15
"(1,3)",0.8,0.02,19,0.07,0.19,0.28,0.16,0.15,0.15
"(1,3)",0.8,0.02,20,0.07,0.19,0.25,0.18,0.11,0.2
"(1,3)",0.8,0.02,21,0.07,0.19,0.22,0.18,0.12,0.22
"(1,3)",0.8,0.02,22,0.06,0.19,0.23,0.16,0.11,0.25
"(1,3)",0.8,0.02,23,0.05,0.2,0.23,0.15,0.09,0.28
"(1,3)",0.8,0.02,24,0.04,0.21,0.22,0.16,0.08,0.29
"(1,3)",0.8,0.02,25,0.04,0.2,0.22,0.15,0.07,0.32
"(1,3)",0.8,0.02,26,0.04,0.2,0.2,0.17,0.05,0.34
"(1,3)",0.8,0.02,27,0.04,0.2,0.2,0.12,0.09,0.35
"(1,3)",0.8,0.02,28,0.04,0.2,0.2,0.1,0.09,0.37
"(1,3)",0.8,0.02,29,0.04,0.18,0.2,0.11,0.09,0.38
"(1,3)",0.8,0.02,30,0.04,0.17,0.2,0.12,0.08,0.39
"(1,3)",0.8,0.02,31,0.04,0.17,0.18,0.11,0.09,0.41
"(1,3)",0.8,0.02,32,0.04,0.17,0.18,0.11,0.09,0.41
"(1,3)",0.8,0.02,33,0.04,0.17,0.18,0.09,0.08,0.44
"(1,3)",0.8,0.02,34,0.04,0.17,0.18,0.08,0.08,0.45
"(1,3)",0.8,0.02,35,0.04,0.16,0.19,0.08,0.07,0.46
"(1,3)",0.8,0.02,36,0.04,0.16,0.17,0.1,0.07,0.46
"(1,3)",0.8,0.02,37,0.04,0.15,0.18,0.09,0.07,0.47
"(1,3)",0.8,0.02,38,0.04,0.15,0.18,0.09,0.05,0.49
"(1,3)",0.8,0.02,39,0.04,0.15,0.18,0.08,0.05,0.5
"(1,3)",0.8,0.02,40,0.04,0.15,0.17,0.08,0.04,0.52
"(1,3)",0.8,0.02,41,0.04,0.15,0.17,0.06,0.05,0.53
"(1,3)",0.8,0.02,42,0.04,0.14,0.18,0.04,0.07,0.53
"(1,3)",0.8,0.02,43,0.04,0.14,0.18,0.04,0.06,0.54
"(1,3)",0.8,0.02,44,0.04,0.14,0.15,0.07,0.06,0.54
"(1,3)",0.8,0.02,45,0.04,0.14,0.15,0.06,0.07,0.54
"(1,3)",0.8,0.02,46,0.04,0.14,0.15,0.06,0.06,0.55
"(1,3)",0.8,0.02,47,0.04,0.14,0.15,0.05,0.04,0.58
"(1,3)",0.8,0.02,48,0.04,0.14,0.15,0.05,0.04,0.58
"(1,3)",0.8,0.02,49,0.04,0.14,0.15,0.05,0.03,0.59
"(1,3)",0.8,0.02,50,0.04,0.14,0.15,0.05,0.01,0.61
"(1,3)",0.8,0.02,51,0.04,0.14,0.15,0.04,0.02,0.61
"(1,3)",0.8,0.02,52,0.04,0.13,0.16,0.04,0.02,0.61
"(1,3)",0.8,0.02,53,0.04,0.13,0.16,0.04,0.02,0.61
"(1,3)",0.8,0.02,54,0.04,0.13,0.16,0.04,0.02,0.61
"(1,3)",0.8,0.02,55,0.04,0.12,0.16,0.05,0.02,0.61
"(1,3)",0.8,0.02,56,0.04,0.12,0.15,0.06,0.02,0.61
"(1,3)",0.8,0.02,57,0.04,0.12,0.15,0.06,0.02,0.61
"(1,3)",0.8,0.02,58,0.04,0.12,0.14,0.07,0.02,0.61
"(1,3)",0.8,0.02,59,0.04,0.12,0.14,0.06,0.03,0.61
"(1,3)",0.8,0.02,60,0.04,0.12,0.14,0.06,0.02,0.62
"(1,3)",0.8,0.02,61,0.04,0.12,0.14,0.05,0.03,0.62
"(1,3)",0.8,0.02,62,0.04,0.12,0.14,0.05,0.03,0.62
"(1,3)",0.8,0.02,63,0.04,0.12,0.14,0.05,0.02,0.63
"(1,3)",0.8,0.02,64,0.04,0.12,0.14,0.05,0.02,0.63
"(1,3)",0.8,0.02,65,0.04,0.12,0.14,0.05,0.02,0.63
"(1,3)",0.8,0.02,66,0.04,0.12,0.14,0.05,0.02,0.63
"(1,3)",0.8,0.02,67,0.04,0.12,0.14,0.05,0.02,0.63
"(1,3)",0.8,0.02,68,0.04,0.12,0.13,0.06,0.02,0.63
"(1,3)",0.8,0.02,69,0.04,0.12,0.13,0.05,0.03,0.63
"(1,3)",0.8,0.02,70,0.04,0.12,0.13,0.05,0.01,0.65
"(1,3)",0.9,0.02,1,0.62,0.38,0.0,0.0,0.0,0.0
"(1,3)",0.9,0.02,2,0.52,0.46,0.02,0.0,0.0,0.0
"(1,3)",0.9,0.02,3,0.46,0.45,0.09,0.0,0.0,0.0
"(1,3)",0.9,0.02,4,0.39,0.44,0.15,0.02,0.0,0.0
"(1,3)",0.9,0.02,5,0.36,0.44,0.15,0.05,0.0,0.0
"(1,3)",0.9,0.02,6,0.33,0.44,0.17,0.05,0.01,0.0
"(1,3)",0.9,0.02,7,0.33,0.4,0.19,0.05,0.03,0.0
"(1,3)",0.9,0.02,8,0.3,0.38,0.21,0.08,0.03,0.0
"(1,3)",0.9,0.02,9,0.3,0.37,0.21,0.08,0.03,0.01
"(1,3)",0.9,0.02,10,0.28,0.38,0.2,0.08,0.04,0.02
"(1,3)",0.9,0.02,11,0.28,0.36,0.21,0.09,0.04,0.02
"(1,3)",0.9,0.02,12,0.26,0.36,0.22,0.09,0.05,0.02
"(1,3)",0.9,0.02,13,0.26,0.32,0.25,0.09,0.05,0.03
"(1,3)",0.9,0.02,14,0.26,0.31,0.23,0.09,0.07,0.04
"(1,3)",0.9,0.02,15,0.25,0.31,0.23,0.08,0.07,0.06
"(1,3)",0.9,0.02,16,0.24,0.32,0.2,0.08,0.1,0.06
"(1,3)",0.9,0.02,17,0.22,0.31,0.22,0.08,0.09,0.08
"(1,3)",0.9,0.02,18,0.21,0.28,0.24,0.07,0.1,0.1
"(1,3)",0.9,0.02,19,0.21,0.27,0.23,0.07,0.1,0.12
"(1,3)",0.9,0.02,20,0.21,0.25,0.25,0.04,0.12,0.13
"(1,3)",0.9,0.02,21,0.2,0.25,0.24,0.06,0.09,0.16
"(1,3)",0.9,0.02,22,0.18,0.27,0.21,0.09,0.08,0.17
"(1,3)",0.9,0.02,23,0.18,0.26,0.19,0.11,0.05,0.21
"(1,3)",0.9,0.02,24,0.18,0.23,0.21,0.09,0.08,0.21
"(1,3)",0.9,0.02,25,0.16,0.25,0.2,0.09,0.06,0.24
"(1,3)",0.9,0.02,26,0.16,0.24,0.2,0.09,0.06,0.25
"(1,3)",0.9,0.02,27,0.16,0.22,0.22,0.09,0.05,0.26
"(1,3)",0.9,0.02,28,0.15,0.23,0.2,0.1,0.03,0.29
"(1,3)",0.9,0.02,29,0.15,0.21,0.19,0.11,0.04,0.3
"(1,3)",0.9,0.02,30,0.15,0.18,0.22,0.11,0.02,0.32
"(1,3)",0.9,0.02,31,0.15,0.18,0.21,0.1,0.04,0.32
"(1,3)",0.9,0.02,32,0.15,0.18,0.2,0.09,0.06,0.32
"(1,3)",0.9,0.02,33,0.14,0.18,0.19,0.11,0.04,0.34
"(1,3)",0.9,0.02,34,0.14,0.17,0.19,0.11,0.04,0.35
"(1,3)",0.9,0.02,35,0.14,0.17,0.18,0.12,0.04,0.35
"(1,3)",0.9,0.02,36,0.14,0.17,0.18,0.11,0.04,0.36
"(1,3)",0.9,0.02,37,0.14,0.14,0.21,0.1,0.05,0.36
"(1,3)",0.9,0.02,38,0.14,0.13,0.21,0.1,0.05,0.37
"(1,3)",0.9,0.02,39,0.14,0.13,0.19,0.11,0.05,0.38
"(1,3)",0.9,0.02,40,0.14,0.13,0.19,0.09,0.03,0.42
"(1,3)",0.9,0.02,41,0.14,0.13,0.18,0.09,0.04,0.42
"(1,3)",0.9,0.02,42,0.14,0.12,0.19,0.09,0.03,0.43
"(1,3)",0.9,0.02,43,0.14,0.12,0.19,0.08,0.04,0.43
"(1,3)",0.9,0.02,44,0.14,0.12,0.19,0.07,0.05,0.43
"(1,3)",0.9,0.02,45,0.14,0.11,0.19,0.07,0.06,0.43
"(1,3)",0.9,0.02,46,0.14,0.11,0.16,0.1,0.06,0.43
"(1,3)",0.9,0.02,47,0.14,0.11,0.15,0.11,0.05,0.44
"(1,3)",0.9,0.02,48,0.14,0.11,0.15,0.1,0.06,0.44
"(1,3)",0.9,0.02,49,0.14,0.11,0.14,0.1,0.07,0.44
"(1,3)",0.9,0.02,50,0.14,0.11,0.14,0.09,0.06,0.46
"(1,3)",0.9,0.02,51,0.14,0.11,0.14,0.08,0.06,0.47
"(1,3)",0.9,0.02,52,0.14,0.11,0.14,0.08,0.04,0.49
"(1,3)",0.9,0.02,53,0.14,0.11,0.14,0.08,0.03,0.5
"(1,3)",0.9,0.02,54,0.14,0.11,0.14,0.07,0.03,0.51
"(1,3)",0.9,0.02,55,0.14,0.11,0.13,0.08,0.03,0.51
"(1,3)",0.9,0.02,56,0.14,0.1,0.14,0.08,0.03,0.51
"(1,3)",0.9,0.02,57,0.14,0.1,0.13,0.08,0.02,0.53
"(1,3)",0.9,0.02,58,0.14,0.1,0.13,0.08,0.0,0.55
"(1,3)",0.9,0.02,59,0.14,0.1,0.13,0.08,0.0,0.55
"(1,3)",0.9,0.02,60,0.14,0.1,0.13,0.07,0.01,0.55
"(1,3)",0.9,0.02,61,0.14,0.1,0.13,0.07,0.0,0.56
"(1,3)",0.9,0.02,62,0.13,0.11,0.13,0.06,0.01,0.56
"(1,3)",0.9,0.02,63,0.13,0.11,0.13,0.06,0.01,0.56
"(1,3)",0.9,0.02,64,0.13,0.11,0.12,0.07,0.01,0.56
"(1,3)",0.9,0.02,65,0.13,0.11,0.12,0.07,0.0,0.57
"(1,3)",0.9,0.02,66,0.13,0.11,0.12,0.07,0.0,0.57
"(1,3)",0.9,0.02,67,0.13,0.11,0.11,0.08,0.0,0.57
"(1,3)",0.9,0.02,68,0.13,0.11,0.11,0.07,0.01,0.57
"(1,3)",0.9,0.02,69,0.13,0.11,0.1,0.07,0.01,0.58
"(1,3)",0.9,0.02,70,0.13,0.11,0.1,0.07,0.01,0.58
"(2,1)",0.1,0.02,1,1.0,0.0,0.0,0.0,0.0,0.0
"(2,1)",0.1,0.02,2,1.0,0.0,0.0,0.0,0.0,0.0
"(2,1)",0.1,0.02,3,0.97,0.03,0.0,0.0,0.0,0.0
"(2,1)",0.1,0.02,4,0.88,0.1,0.02,0.0,0.0,0.0
"(2,1)",0.1,0.02,5,0.76,0.17,0.06,0.01,0.0,0.0
"(2,1)",0.1,0.02,6,0.65,0.2,0.11,0.04,0.0,0.0
"(2,1)",0.1,0.02,7,0.53,0.25,0.12,0.08,0.02,0.0
"(2,1)",0.1,0.02,8,0.41,0.27,0.15,0.12,0.05,0.0
"(2,1)",0.1,0.02,9,0.36,0.23,0.17,0.14,0.07,0.03
"(2,1)",0.1,0.02,10,0.31,0.21,0.13,0.19,0.1,0.06
"(2,1)",0.1,0.02,11,0.3,0.12,0.17,0.18,0.12,0.11
"(2,1)",0.1,0.02,12,0.26,0.13,0.16,0.16,0.15,0.14
"(2,1)",0.1,0.02,13,0.21,0.17,0.08,0.21,0.13,0.2
"(2,1)",0.1,0.02,14,0.2,0.14,0.08,0.13,0.16,0.29
"(2,1)",0.1,0.02,15,0.17,0.15,0.07,0.11,0.12,0.38
"(2,1)",0.1,0.02,16,0.17,0.12,0.07,0.1,0.11,0.43
"(2,1)",0.1,0.02,17,0.15,0.12,0.06,0.1,0.1,0.47
"(2,1)",0.1,0.02,18,0.15,0.1,0.04,0.11,0.09,0.51
"(2,1)",0.1,0.02,19,0.13,0.07,0.09,0.05,0.12,0.54
"(2,1)",0.1,0.02,20,0.09,0.09,0.06,0.07,0.11,0.58
"(2,1)",0.1,0.02,21,0.08,0.09,0.04,0.06,0.11,0.62
"(2,1)",0.1,0.02,22,0.08,0.08,0.05,0.04,0.08,0.67
"(2,1)",0.1,0.02,23,0.08,0.07,0.04,0.04,0.05,0.72
"(2,1)",0.1,0.02,24,0.08,0.07,0.04,0.03,0.06,0.72
"(2,1)",0.1,0.02,25,0.07,0.07,0.03,0.04,0.05,0.74
"(2,1)",0.1,0.02,26,0.07,0.04,0.04,0.05,0.03,0.77
"(2,1)",0.1,0.02,27,0.07,0.04,0.01,0.06,0.02,0.8
"(2,1)",0.1,0.02,28,0.07,0.04,0.01,0.03,0.03,0.82
"(2,1)",0.1,0.02,29,0.07,0.04,0.01,0.03,0.01,0.84
"(2,1)",0.1,0.02,30,0.07,0.04,0.01,0.03,0.0,0.85
"(2,1)",0.1,0.02,31,0.07,0.03,0.02,0.03,0.0,0.85
"(2,1)",0.1,0.02,32,0.07,0.03,0.02,0.03,0.0,0.85
"(2,1)",0.1,0.02,33,0.07,0.03,0.01,0.04,0.0,0.85
"(2,1)",0.1,0.02,34,0.06,0.04,0.01,0.04,0.0,0.85
"(2,1)",0.1,0.02,35,0.06,0.03,0.02,0.03,0.01,0.85
"(2,1)",0.1,0.02,36,0.06,0.03,0.02,0.03,0.0,0.86
"(2,1)",0.1,0.02,37,0.06,0.02,0.03,0.03,0.0,0.86
"(2,1)",0.1,0.02,38,0.06,0.02,0.03,0.03,0.0,0.86
"(2,1)",0.1,0.02,39,0.05,0.03,0.03,0.03,0.0,0.86
"(2,1)",0.1,0.02,40,0.04,0.04,0.02,0.04,0.0,0.86
"(2,1)",0.1,0.02,41,0.04,0.04,0.02,0.03,0.01,0.86
"(2,1)",0.1,0.02,42,0.04,0.02,0.04,0.03,0.0,0.87
"(2,1)",0.1,0.02,43,0.04,0.02,0.03,0.04,0.0,0.87
"(2,1)",0.1,0.02,44,0.04,0.02,0.02,0.04,0.01,0.87
"(2,1)",0.1,0.02,45,0.04,0.02,0.02,0.03,0.02,0.87
"(2,1)",0.1,0.02,46,0.04,0.02,0.02,0.03,0.02,0.87
"(2,1)",0.1,0.02,47,0.04,0.02,0.01,0.04,0.02,0.87
"(2,1)",0.1,0.02,48,0.04,0.02,0.01,0.04,0.01,0.88
"(2,1)",0.1,0.02,49,0.04,0.02,0.01,0.04,0.01,0.88
"(2,1)",0.1,0.02,50,0.04,0.02,0.01,0.04,0.01,0.88
"(2,1)",0.1,0.02,51,0.04,0.02,0.01,0.04,0.01,0.88
"(2,1)",0.1,0.02,52,0.04,0.02,0.01,0.04,0.0,0.89
"(2,1)",0.1,0.02,53,0.04,0.02,0.01,0.04,0.0,0.89
"(2,1)",0.1,0.02,54,0.04,0.02,0.01,0.04,0.0,0.89
"(2,1)",0.1,0.02,55,0.04,0.02,0.01,0.04,0.0,0.89
"(2,1)",0.1,0.02,56,0.04,0.02,0.01,0.04,0.0,0.89
"(2,1)",0.1,0.02,57,0.04,0.02,0.01,0.04,0.0,0.89
"(2,1)",0.1,0.02,58,0.04,0.02,0.01,0.04,0.0,0.89
"(2,1)",0.1,0.02,59,0.04,0.02,0.01,0.04,0.0,0.89
"(2,1)",0.1,0.02,60,0.04,0.02,0.01,0.04,0.0,0.89
"(2,1)",0.1,0.02,61,0.04,0.02,0.01,0.04,0.0,0.89
"(2,1)",0.1,0.02,62,0.04,0.02,0.01,0.04,0.0,0.89
"(2,1)",0.1,0.02,63,0.04,0.02,0.01,0.04,0.0,0.89
"(2,1)",0.1,0.02,64,0.04,0.02,0.01,0.04,0.0,0.89
"(2,1)",0.1,0.02,65,0.04,0.02,0.01,0.04,0.0,0.89
"(2,1)",0.1,0.02,66,0.04,0.02,0.01,0.04,0.0,0.89
"(2,1)",0.1,0.02,67,0.04,0.02,0.01,0.04,0.0,0.89
"(2,1)",0.1,0.02,68,0.04,0.02,0.01,0.04,0.0,0.89
"(2,1)",0.1,0.02,69,0.04,0.02,0.01,0.04,0.0,0.89
"(2,1)",0.1,0.02,70,0.04,0.02,0.01,0.04,0.0,0.89
"(2,1)",0.2,0.02,1,1.0,0.0,0.0,0.0,0.0,0.0
"(2,1)",0.2,0.02,2,0.94,0.06,0.0,0.0,0.0,0.0
"(2,1)",0.2,0.02,3,0.84,0.15,0.01,0.0,0.0,0.0
"(2,1)",0.2,0.02,4,0.63,0.32,0.05,0.0,0.0,0.0
"(2,1)",0.2,0.02,5,0.46,0.41,0.11,0.02,0.0,0.0
"(2,1)",0.2,0.02,6,0.27,0.43,0.22,0.08,0.0,0.0
"(2,1)",0.2,0.02,7,0.2,0.36,0.3,0.14,0.0,0.0
"(2,1)",0.2,0.02,8,0.15,0.35,0.27,0.2,0.03,0.0
"(2,1)",0.2,0.02,9,0.1,0.34,0.24,0.26,0.05,0.01
"(2,1)",0.2,0.02,10,0.05,0.31,0.24,0.28,0.08,0.04
"(2,1)",0.2,0.02,11,0.05,0.25,0.18,0.31,0.16,0.05
"(2,1)",0.2,0.02,12,0.03,0.21,0.21,0.25,0.24,0.06
"(2,1)",0.2,0.02,13,0.02,0.2,0.12,0.29,0.28,0.09
"(2,1)",0.2,0.02,14,0.01,0.2,0.1,0.22,0.32,0.15
"(2,1)",0.2,0.02,15,0.01,0.17,0.12,0.15,0.31,0.24
"(2,1)",0.2,0.02,16,0.01,0.17,0.09,0.15,0.24,0.34
"(2,1)",0.2,0.02,17,0.01,0.15,0.11,0.14,0.2,0.39
"(2,1)",0.2,0.02,18,0.01,0.14,0.11,0.12,0.16,0.46
"(2,1)",0.2,0.02,19,0.01,0.13,0.11,0.12,0.1,0.53
"(2,1)",0.2,0.02,20,0.01,0.11,0.11,0.12,0.08,0.57
"(2,1)",0.2,0.02,21,0.01,0.11,0.08,0.14,0.05,0.61
"(2,1)",0.2,0.02,22,0.01,0.1,0.09,0.12,0.07,0.61
"(2,1)",0.2,0.02,23,0.01,0.1,0.07,0.13,0.07,0.62
"(2,1)",0.2,0.02,24,0.01,0.09,0.07,0.1,0.09,0.64
"(2,1)",0.2,0.02,25,0.01,0.08,0.06,0.09,0.07,0.69
"(2,1)",0.2,0.02,26,0.01,0.08,0.05,0.08,0.08,0.7
"(2,1)",0.2,0.02,27,0.01,0.07,0.06,0.07,0.08,0.71
"(2,1)",0.2,0.02,28,0.01,0.07,0.06,0.06,0.06,0.74
"(2,1)",0.2,0.02,29,0.01,0.07,0.05,0.06,0.04,0.77
"(2,1)",0.2,0.02,30,0.01,0.07,0.05,0.06,0.04,0.77
"(2,1)",0.2,0.02,31,0.01,0.07,0.05,0.06,0.04,0.77
"(2,1)",0.2,0.02,32,0.01,0.07,0.04,0.07,0.02,0.79
"(2,1)",0.2,0.02,33,0.01,0.07,0.04,0.04,0.05,0.79
"(2,1)",0.2,0.02,34,0.01,0.07,0.04,0.04,0.03,0.81
"(2,1)",0.2,0.02,35,0.01,0.07,0.03,0.05,0.03,0.81
"(2,1)",0.2,0.02,36,0.01,0.07,0.03,0.05,0.02,0.82
"(2,1)",0.2,0.02,37,0.01,0.07,0.03,0.04,0.03,0.82
"(2,1)",0.2,0.02,38,0.01,0.07,0.03,0.03,0.03,0.83
"(2,1)",0.2,0.02,39,0.01,0.07,0.03,0.03,0.02,0.84
"(2,1)",0.2,0.02,40,0.01,0.07,0.03,0.03,0.02,0.84
"(2,1)",0.2,0.02,41,0.01,0.07,0.03,0.03,0.01,0.85
"(2,1)",0.2,0.02,42,0.01,0.06,0.04,0.03,0.01,0.85
"(2,1)",0.2,0.02,43,0.01,0.06,0.03,0.04,0.01,0.85
"(2,1)",0.2,0.02,44,0.01,0.06,0.03,0.02,0.03,0.85
"(2,1)",0.2,0.02,45,0.01,0.06,0.03,0.02,0.03,0.85
"(2,1)",0.2,0.02,46,0.01,0.06,0.03,0.02,0.02,0.86
"(2,1)",0.2,0.02,47,0.01,0.06,0.03,0.02,0.02,0.86
"(2,1)",0.2,0.02,48,0.01,0.06,0.03,0.02,0.02,0.86
"(2,1)",0.2,0.02,49,0.01,0.06,0.03,0.02,0.02,0.86
"(2,1)",0.2,0.02,50,0.01,0.06,0.03,0.02,0.02,0.86
"(2,1)",0.2,0.02,51,0.01,0.06,0.03,0.02,0.01,0.87
"(2,1)",0.2,0.02,52,0.01,0.06,0.03,0.02,0.01,0.87
"(2,1)",0.2,0.02,53,0.01,0.06,0.03,0.02,0.01,0.87
"(2,1)",0.2,0.02,54,0.01,0.06,0.03,0.02,0.01,0.87
"(2,1)",0.2,0.02,55,0.01,0.06,0.03,0.02,0.01,0.87
"(2,1)",0.2,0.02,56,0.01,0.06,0.03,0.02,0.01,0.87
"(2,1)",0.2,0.02,57,0.01,0.06,0.03,0.02,0.01,0.87
"(2,1)",0.2,0.02,58,0.01,0.06,0.03,0.02,0.01,0.87
"(2,1)",0.2,0.02,59,0.01,0.06,0.03,0.02,0.01,0.87
"(2,1)",0.2,0.02,60,0.01,0.06,0.02,0.03,0.01,0.87
"(2,1)",0.2,0.02,61,0.01,0.06,0.02,0.03,0.01,0.87
"(2,1)",0.2,0.02,62,0.01,0.06,0.02,0.03,0.01,0.87
"(2,1)",0.2,0.02,63,0.01,0.06,0.02,0.02,0.02,0.87
"(2,1)",0.2,0.02,64,0.01,0.06,0.02,0.02,0.02,0.87
"(2,1)",0.2,0.02,65,0.01,0.06,0.02,0.02,0.01,0.88
"(2,1)",0.2,0.02,66,0.01,0.06,0.02,0.01,0.02,0.88
"(2,1)",0.2,0.02,67,0.01,0.06,0.02,0.01,0.01,0.89
"(2,1)",0.2,0.02,68,0.01,0.06,0.02,0.01,0.01,0.89
"(2,1)",0.2,0.02,69,0.01,0.06,0.02,0.01,0.01,0.89
"(2,1)",0.2,0.02,70,0.01,0.06,0.02,0.01,0.01,0.89
"(2,1)",0.3,0.02,1,1.0,0.0,0.0,0.0,0.0,0.0
"(2,1)",0.3,0.02,2,0.83,0.17,0.0,0.0,0.0,0.0
"(2,1)",0.3,0.02,3,0.55,0.44,0.01,0.0,0.0,0.0
"(2,1)",0.3,0.02,4,0.34,0.61,0.05,0.0,0.0,0.0
"(2,1)",0.3,0.02,5,0.21,0.6,0.18,0.01,0.0,0.0
"(2,1)",0.3,0.02,6,0.12,0.58,0.22,0.08,0.0,0.0
"(2,1)",0.3,0.02,7,0.08,0.52,0.26,0.12,0.02,0.0
"(2,1)",0.3,0.02,8,0.06,0.36,0.34,0.17,0.06,0.01
"(2,1)",0.3,0.02,9,0.05,0.27,0.34,0.26,0.05,0.03
"(2,1)",0.3,0.02,10,0.05,0.23,0.28,0.32,0.09,0.03
"(2,1)",0.3,0.02,11,0.04,0.22,0.25,0.29,0.16,0.04
"(2,1)",0.3,0.02,12,0.03,0.2,0.23,0.29,0.2,0.05
"(2,1)",0.3,0.02,13,0.03,0.19,0.18,0.31,0.17,0.12
"(2,1)",0.3,0.02,14,0.03,0.17,0.19,0.22,0.23,0.16
"(2,1)",0.3,0.02,15,0.01,0.17,0.19,0.21,0.23,0.19
"(2,1)",0.3,0.02,16,0.01,0.13,0.19,0.19,0.25,0.23
"(2,1)",0.3,0.02,17,0.01,0.12,0.19,0.17,0.21,0.3
"(2,1)",0.3,0.02,18,0.01,0.11,0.17,0.13,0.24,0.34
"(2,1)",0.3,0.02,19,0.01,0.08,0.17,0.15,0.21,0.38
"(2,1)",0.3,0.02,20,0.01,0.08,0.15,0.15,0.16,0.45
"(2,1)",0.3,0.02,21,0.01,0.07,0.14,0.15,0.16,0.47
"(2,1)",0.3,0.02,22,0.01,0.07,0.13,0.14,0.14,0.51
"(2,1)",0.3,0.02,23,0.01,0.07,0.1,0.14,0.14,0.54
"(2,1)",0.3,0.02,24,0.01,0.07,0.08,0.15,0.1,0.59
"(2,1)",0.3,0.02,25,0.01,0.07,0.07,0.13,0.1,0.62
"(2,1)",0.3,0.02,26,0.01,0.07,0.07,0.11,0.11,0.63
"(2,1)",0.3,0.02,27,0.01,0.07,0.07,0.09,0.1,0.66
"(2,1)",0.3,0.02,28,0.01,0.07,0.06,0.08,0.08,0.7
"(2,1)",0.3,0.02,29,0.01,0.07,0.05,0.09,0.08,0.7
"(2,1)",0.3,0.02,30,0.01,0.07,0.05,0.07,0.07,0.73
"(2,1)",0.3,0.02,31,0.01,0.07,0.04,0.07,0.07,0.74
"(2,1)",0.3,0.02,32,0.01,0.07,0.04,0.07,0.06,0.75
"(2,1)",0.3,0.02,33,0.01,0.07,0.03,0.07,0.05,0.77
"(2,1)",0.3,0.02,34,0.01,0.07,0.03,0.07,0.03,0.79
"(2,1)",0.3,0.02,35,0.01,0.07,0.03,0.07,0.01,0.81
"(2,1)",0.3,0.02,36,0.01,0.07,0.03,0.04,0.03,0.82
"(2,1)",0.3,0.02,37,0.01,0.07,0.03,0.04,0.03,0.82
"(2,1)",0.3,0.02,38,0.01,0.07,0.03,0.03,0.04,0.82
"(2,1)",0.3,0.02,39,0.01,0.07,0.03,0.03,0.03,0.83
"(2,1)",0.3,0.02,40,0.01,0.07,0.03,0.03,0.03,0.83
"(2,1)",0.3,0.02,41,0.01,0.07,0.03,0.03,0.02,0.84
"(2,1)",0.3,0.02,42,0.01,0.07,0.03,0.03,0.02,0.84
"(2,1)",0.3,0.02,43,0.01,0.07,0.03,0.03,0.01,0.85
"(2,1)",0.3,0.02,44,0.0,0.08,0.03,0.03,0.01,0.85
"(2,1)",0.3,0.02,45,0.0,0.08,0.03,0.03,0.01,0.85
"(2,1)",0.3,0.02,46,0.0,0.07,0.04,0.03,0.01,0.85
"(2,1)",0.3,0.02,47,0.0,0.07,0.03,0.04,0.01,0.85
"(2,1)",0.3,0.02,48,0.0,0.07,0.03,0.04,0.01,0.85
"(2,1)",0.3,0.02,49,0.0,0.07,0.03,0.03,0.02,0.85
"(2,1)",0.3,0.02,50,0.0,0.07,0.03,0.03,0.01,0.86
"(2,1)",0.3,0.02,51,0.0,0.07,0.03,0.03,0.01,0.86
"(2,1)",0.3,0.02,52,0.0,0.07,0.03,0.02,0.02,0.86
"(2,1)",0.3,0.02,53,0.0,0.07,0.03,0.02,0.02,0.86
"(2,1)",0.3,0.02,54,0.0,0.07,0.03,0.02,0.02,0.86
"(2,1)",0.3,0.02,55,0.0,0.07,0.03,0.02,0.01,0.87
"(2,1)",0.3,0.02,56,0.0,0.07,0.03,0.02,0.01,0.87
"(2,1)",0.3,0.02,57,0.0,0.07,0.03,0.02,0.0,0.88
"(2,1)",0.3,0.02,58,0.0,0.07,0.03,0.02,0.0,0.88
"(2,1)",0.3,0.02,59,0.0,0.07,0.03,0.02,0.0,0.88
"(2,1)",0.3,0.02,60,0.0,0.07,0.03,0.02,0.0,0.88
"(2,1)",0.3,0.02,61,0.0,0.07,0.03,0.02,0.0,0.88
"(2,1)",0.3,0.02,62,0.0,0.07,0.03,0.02,0.0,0.88
"(2,1)",0.3,0.02,63,0.0,0.07,0.03,0.02,0.0,0.88
"(2,1)",0.3,0.02,64,0.0,0.07,0.03,0.02,0.0,0.88
"(2,1)",0.3,0.02,65,0.0,0.07,0.03,0.02,0.0,0.88
"(2,1)",0.3,0.02,66,0.0,0.07,0.02,0.03,0.0,0.88
"(2,1)",0.3,0.02,67,0.0,0.07,0.02,0.03,0.0,0.88
"(2,1)",0.3,0.02,68,0.0,0.07,0.02,0.03,0.0,0.88
"(2,1)",0.3,0.02,69,0.0,0.07,0.02,0.02,0.01,0.88
"(2,1)",0.3,0.02,70,0.0,0.07,0.02,0.02,0.0,0.89
"(2,1)",0.4,0.02,1,0.93,0.07,0.0,0.0,0.0,0.0
"(2,1)",0.4,0.02,2,0.58,0.42,0.0,0.0,0.0,0.0
"(2,1)",0.4,0.02,3,0.34,0.6,0.06,0.0,0.0,0.0
"(2,1)",0.4,0.02,4,0.23,0.61,0.13,0.03,0.0,0.0
"(2,1)",0.4,0.02,5,0.09,0.64,0.21,0.05,0.01,0.0
"(2,1)",0.4,0.02,6,0.08,0.5,0.28,0.13,0.01,0.0
"(2,1)",0.4,0.02,7,0.06,0.38,0.37,0.14,0.05,0.0
"(2,1)",0.4,0.02,8,0.05,0.23,0.47,0.17,0.07,0.01
"(2,1)",0.4,0.02,9,0.04,0.2,0.39,0.27,0.09,0.01
"(2,1)",0.4,0.02,10,0.04,0.16,0.37,0.27,0.11,0.05
"(2,1)",0.4,0.02,11,0.04,0.15,0.31,0.28,0.16,0.06
"(2,1)",0.4,0.02,12,0.03,0.14,0.27,0.27,0.21,0.08
"(2,1)",0.4,0.02,13,0.03,0.13,0.23,0.27,0.18,0.16
"(2,1)",0.4,0.02,14,0.03,0.11,0.21,0.27,0.18,0.2
"(2,1)",0.4,0.02,15,0.03,0.1,0.18,0.26,0.19,0.24
"(2,1)",0.4,0.02,16,0.03,0.1,0.17,0.24,0.18,0.28
"(2,1)",0.4,0.02,17,0.03,0.09,0.13,0.26,0.14,0.35
"(2,1)",0.4,0.02,18,0.03,0.09,0.11,0.21,0.2,0.36
"(2,1)",0.4,0.02,19,0.03,0.09,0.1,0.19,0.17,0.42
"(2,1)",0.4,0.02,20,0.03,0.09,0.1,0.15,0.14,0.49
"(2,1)",0.4,0.02,21,0.03,0.08,0.09,0.14,0.15,0.51
"(2,1)",0.4,0.02,22,0.03,0.08,0.07,0.15,0.11,0.56
"(2,1)",0.4,0.02,23,0.03,0.07,0.08,0.14,0.1,0.58
"(2,1)",0.4,0.02,24,0.03,0.06,0.09,0.12,0.09,0.61
"(2,1)",0.4,0.02,25,0.03,0.06,0.08,0.11,0.08,0.64
"(2,1)",0.4,0.02,26,0.03,0.06,0.08,0.11,0.04,0.68
"(2,1)",0.4,0.02,27,0.03,0.06,0.07,0.11,0.05,0.68
"(2,1)",0.4,0.02,28,0.03,0.06,0.07,0.1,0.05,0.69
"(2,1)",0.4,0.02,29,0.03,0.06,0.06,0.09,0.06,0.7
"(2,1)",0.4,0.02,30,0.03,0.06,0.05,0.09,0.06,0.71
"(2,1)",0.4,0.02,31,0.03,0.06,0.05,0.08,0.07,0.71
"(2,1)",0.4,0.02,32,0.03,0.06,0.05,0.06,0.08,0.72
"(2,1)",0.4,0.02,33,0.03,0.06,0.05,0.05,0.07,0.74
"(2,1)",0.4,0.02,34,0.03,0.06,0.05,0.05,0.04,0.77
"(2,1)",0.4,0.02,35,0.03,0.06,0.05,0.05,0.02,0.79
"(2,1)",0.4,0.02,36,0.03,0.06,0.05,0.05,0.02,0.79
"(2,1)",0.4,0.02,37,0.03,0.05,0.06,0.05,0.0,0.81
"(2,1)",0.4,0.02,38,0.03,0.05,0.06,0.03,0.02,0.81
"(2,1)",0.4,0.02,39,0.03,0.05,0.06,0.03,0.01,0.82
"(2,1)",0.4,0.02,40,0.03,0.05,0.06,0.03,0.01,0.82
"(2,1)",0.4,0.02,41,0.03,0.05,0.04,0.05,0.0,0.83
"(2,1)",0.4,0.02,42,0.03,0.05,0.04,0.05,0.0,0.83
"(2,1)",0.4,0.02,43,0.03,0.05,0.04,0.05,0.0,0.83
"(2,1)",0.4,0.02,44,0.03,0.05,0.04,0.04,0.01,0.83
"(2,1)",0.4,0.02,45,0.02,0.06,0.04,0.03,0.02,0.83
"(2,1)",0.4,0.02,46,0.02,0.06,0.04,0.03,0.02,0.83
"(2,1)",0.4,0.02,47,0.02,0.06,0.04,0.03,0.01,0.84
"(2,1)",0.4,0.02,48,0.02,0.06,0.04,0.03,0.01,0.84
"(2,1)",0.4,0.02,49,0.02,0.06,0.04,0.03,0.01,0.84
"(2,1)",0.4,0.02,50,0.02,0.05,0.05,0.03,0.01,0.84
"(2,1)",0.4,0.02,51,0.02,0.04,0.05,0.04,0.01,0.84
"(2,1)",0.4,0.02,52,0.02,0.04,0.04,0.04,0.01,0.85
"(2,1)",0.4,0.02,53,0.02,0.04,0.04,0.03,0.02,0.85
"(2,1)",0.4,0.02,54,0.02,0.04,0.04,0.03,0.01,0.86
"(2,1)",0.4,0.02,55,0.02,0.04,0.03,0.03,0.02,0.86
"(2,1)",0.4,0.02,56,0.02,0.04,0.03,0.03,0.01,0.87
"(2,1)",0.4,0.02,57,0.02,0.04,0.03,0.02,0.02,0.87
"(2,1)",0.4,0.02,58,0.02,0.04,0.03,0.02,0.01,0.88
"(2,1)",0.4,0.02,59,0.02,0.04,0.03,0.02,0.01,0.88
"(2,1)",0.4,0.02,60,0.02,0.04,0.03,0.02,0.0,0.89
"(2,1)",0.4,0.02,61,0.02,0.04,0.03,0.02,0.0,0.89
"(2,1)",0.4,0.02,62,0.02,0.04,0.03,0.02,0.0,0.89
"(2,1)",0.4,0.02,63,0.02,0.04,0.03,0.02,0.0,0.89
"(2,1)",0.4,0.02,64,0.02,0.04,0.03,0.02,0.0,0.89
"(2,1)",0.4,0.02,65,0.02,0.04,0.03,0.02,0.0,0.89
"(2,1)",0.4,0.02,66,0.02,0.04,0.03,0.02,0.0,0.89
"(2,1)",0.4,0.02,67,0.02,0.04,0.03,0.02,0.0,0.89
"(2,1)",0.4,0.02,68,0.02,0.04,0.03,0.02,0.0,0.89
"(2,1)",0.4,0.02,69,0.02,0.04,0.03,0.02,0.0,0.89
"(2,1)",0.4,0.02,70,0.02,0.04,0.03,0.02,0.0,0.89
"(2,1)",0.5,0.02,1,0.77,0.23,0.0,0.0,0.0,0.0
"(2,1)",0.5,0.02,2,0.37,0.63,0.0,0.0,0.0,0.0
"(2,1)",0.5,0.02,3,0.18,0.8,0.02,0.0,0.0,0.0
"(2,1)",0.5,0.02,4,0.11,0.66,0.22,0.01,0.0,0.0
"(2,1)",0.5,0.02,5,0.07,0.56,0.27,0.1,0.0,0.0
"(2,1)",0.5,0.02,6,0.07,0.43,0.32,0.17,0.01,0.0
"(2,1)",0.5,0.02,7,0.07,0.35,0.33,0.21,0.04,0.0
"(2,1)",0.5,0.02,8,0.05,0.3,0.34,0.24,0.07,0.0
"(2,1)",0.5,0.02,9,0.05,0.26,0.36,0.24,0.07,0.02
"(2,1)",0.5,0.02,10,0.04,0.25,0.34,0.25,0.07,0.05
"(2,1)",0.5,0.02,11,0.03,0.23,0.35,0.21,0.12,0.06
"(2,1)",0.5,0.02,12,0.03,0.17,0.37,0.23,0.11,0.09
"(2,1)",0.5,0.02,13,0.03,0.16,0.35,0.23,0.11,0.12
"(2,1)",0.5,0.02,14,0.03,0.16,0.32,0.23,0.12,0.14
"(2,1)",0.5,0.02,15,0.03,0.14,0.27,0.28,0.1,0.18
"(2,1)",0.5,0.02,16,0.03,0.13,0.25,0.25,0.15,0.19
"(2,1)",0.5,0.02,17,0.03,0.12,0.24,0.2,0.18,0.23
"(2,1)",0.5,0.02,18,0.03,0.12,0.21,0.23,0.16,0.25
"(2,1)",0.5,0.02,19,0.03,0.09,0.22,0.23,0.14,0.29
"(2,1)",0.5,0.02,20,0.03,0.09,0.21,0.21,0.14,0.32
"(2,1)",0.5,0.02,21,0.03,0.09,0.19,0.23,0.09,0.37
"(2,1)",0.5,0.02,22,0.03,0.08,0.19,0.2,0.07,0.43
"(2,1)",0.5,0.02,23,0.02,0.08,0.18,0.19,0.09,0.44
"(2,1)",0.5,0.02,24,0.02,0.08,0.17,0.16,0.1,0.47
"(2,1)",0.5,0.02,25,0.02,0.07,0.18,0.13,0.1,0.5
"(2,1)",0.5,0.02,26,0.02,0.07,0.18,0.12,0.1,0.51
"(2,1)",0.5,0.02,27,0.02,0.07,0.15,0.15,0.1,0.51
"(2,1)",0.5,0.02,28,0.02,0.07,0.14,0.15,0.09,0.53
"(2,1)",0.5,0.02,29,0.02,0.07,0.13,0.14,0.09,0.55
"(2,1)",0.5,0.02,30,0.02,0.07,0.12,0.13,0.09,0.57
"(2,1)",0.5,0.02,31,0.01,0.08,0.12,0.09,0.12,0.58
"(2,1)",0.5,0.02,32,0.01,0.07,0.12,0.08,0.09,0.63
"(2,1)",0.5,0.02,33,0.01,0.07,0.12,0.08,0.08,0.64
"(2,1)",0.5,0.02,34,0.01,0.07,0.12,0.08,0.05,0.67
"(2,1)",0.5,0.02,35,0.0,0.08,0.12,0.08,0.03,0.69
"(2,1)",0.5,0.02,36,0.0,0.08,0.12,0.06,0.04,0.7
"(2,1)",0.5,0.02,37,0.0,0.08,0.12,0.06,0.02,0.72
"(2,1)",0.5,0.02,38,0.0,0.08,0.12,0.06,0.02,0.72
"(2,1)",0.5,0.02,39,0.0,0.07,0.13,0.06,0.02,0.72
"(2,1)",0.5,0.02,40,0.0,0.07,0.12,0.07,0.01,0.73
"(2,1)",0.5,0.02,41,0.0,0.07,0.11,0.08,0.01,0.73
"(2,1)",0.5,0.02,42,0.0,0.06,0.12,0.08,0.0,0.74
"(2,1)",0.5,0.02,43,0.0,0.06,0.11,0.08,0.01,0.74
"(2,1)",0.5,0.02,44,0.0,0.06,0.11,0.08,0.01,0.74
"(2,1)",0.5,0.02,45,0.0,0.06,0.11,0.08,0.01,0.74
"(2,1)",0.5,0.02,46,0.0,0.06,0.11,0.06,0.03,0.74
"(2,1)",0.5,0.02,47,0.0,0.06,0.11,0.06,0.03,0.74
"(2,1)",0.5,0.02,48,0.0,0.06,0.11,0.06,0.01,0.76
"(2,1)",0.5,0.02,49,0.0,0.05,0.12,0.06,0.01,0.76
"(2,1)",0.5,0.02,50,0.0,0.05,0.11,0.07,0.01,0.76
"(2,1)",0.5,0.02,51,0.0,0.05,0.11,0.06,0.02,0.76
"(2,1)",0.5,0.02,52,0.0,0.05,0.1,0.07,0.01,0.77
"(2,1)",0.5,0.02,53,0.0,0.05,0.09,0.07,0.02,0.77
"(2,1)",0.5,0.02,54,0.0,0.05,0.08,0.08,0.02,0.77
"(2,1)",0.5,0.02,55,0.0,0.05,0.08,0.08,0.02,0.77
"(2,1)",0.5,0.02,56,0.0,0.05,0.08,0.06,0.04,0.77
"(2,1)",0.5,0.02,57,0.0,0.05,0.08,0.06,0.03,0.78
"(2,1)",0.5,0.02,58,0.0,0.05,0.08,0.06,0.03,0.78
"(2,1)",0.5,0.02,59,0.0,0.05,0.08,0.06,0.03,0.78
"(2,1)",0.5,0.02,60,0.0,0.05,0.08,0.05,0.03,0.79
"(2,1)",0.5,0.02,61,0.0,0.05,0.08,0.04,0.03,0.8
"(2,1)",0.5,0.02,62,0.0,0.05,0.08,0.04,0.02,0.81
"(2,1)",0.5,0.02,63,0.0,0.05,0.08,0.04,0.02,0.81
"(2,1)",0.5,0.02,64,0.0,0.05,0.07,0.05,0.01,0.82
"(2,1)",0.5,0.02,65,0.0,0.05,0.07,0.05,0.01,0.82
"(2,1)",0.5,0.02,66,0.0,0.05,0.07,0.05,0.01,0.82
"(2,1)",0.5,0.02,67,0.0,0.05,0.07,0.05,0.0,0.83
"(2,1)",0.5,0.02,68,0.0,0.05,0.07,0.05,0.0,0.83
"(2,1)",0.5,0.02,69,0.0,0.05,0.07,0.05,0.0,0.83
"(2,1)",0.5,0.02,70,0.0,0.05,0.07,0.05,0.0,0.83
"(2,1)",0.6,0.02,1,0.5,0.5,0.0,0.0,0.0,0.0
"(2,1)",0.6,0.02,2,0.25,0.75,0.0,0.0,0.0,0.0
"(2,1)",0.6,0.02,3,0.12,0.74,0.14,0.0,0.0,0.0
"(2,1)",0.6,0.02,4,0.1,0.56,0.33,0.01,0.0,0.0
"(2,1)",0.6,0.02,5,0.09,0.47,0.4,0.04,0.0,0.0
"(2,1)",0.6,0.02,6,0.08,0.4,0.44,0.07,0.01,0.0
"(2,1)",0.6,0.02,7,0.08,0.32,0.48,0.1,0.02,0.0
"(2,1)",0.6,0.02,8,0.07,0.3,0.49,0.11,0.03,0.0
"(2,1)",0.6,0.02,9,0.06,0.26,0.46,0.17,0.05,0.0
"(2,1)",0.6,0.02,10,0.06,0.24,0.41,0.22,0.07,0.0
"(2,1)",0.6,0.02,11,0.05,0.2,0.41,0.24,0.08,0.02
"(2,1)",0.6,0.02,12,0.05,0.18,0.35,0.28,0.09,0.05
"(2,1)",0.6,0.02,13,0.05,0.14,0.33,0.3,0.11,0.07
"(2,1)",0.6,0.02,14,0.04,0.14,0.32,0.27,0.15,0.08
"(2,1)",0.6,0.02,15,0.04,0.13,0.31,0.24,0.16,0.12
"(2,1)",0.6,0.02,16,0.04,0.12,0.29,0.24,0.16,0.15
"(2,1)",0.6,0.02,17,0.03,0.12,0.28,0.24,0.16,0.17
"(2,1)",0.6,0.02,18,0.03,0.1,0.29,0.19,0.2,0.19
"(2,1)",0.6,0.02,19,0.03,0.1,0.28,0.19,0.19,0.21
"(2,1)",0.6,0.02,20,0.03,0.09,0.27,0.19,0.16,0.26
"(2,1)",0.6,0.02,21,0.03,0.08,0.25,0.17,0.19,0.28
"(2,1)",0.6,0.02,22,0.03,0.08,0.23,0.16,0.19,0.31
"(2,1)",0.6,0.02,23,0.03,0.08,0.21,0.16,0.15,0.37
"(2,1)",0.6,0.02,24,0.02,0.09,0.18,0.18,0.1,0.43
"(2,1)",0.6,0.02,25,0.02,0.09,0.15,0.19,0.09,0.46
"(2,1)",0.6,0.02,26,0.02,0.09,0.14,0.17,0.09,0.49
"(2,1)",0.6,0.02,27,0.02,0.08,0.15,0.15,0.09,0.51
"(2,1)",0.6,0.02,28,0.02,0.08,0.15,0.1,0.12,0.53
"(2,1)",0.6,0.02,29,0.02,0.08,0.13,0.11,0.11,0.55
"(2,1)",0.6,0.02,30,0.02,0.08,0.12,0.11,0.11,0.56
"(2,1)",0.6,0.02,31,0.02,0.08,0.12,0.11,0.08,0.59
"(2,1)",0.6,0.02,32,0.01,0.09,0.12,0.1,0.07,0.61
"(2,1)",0.6,0.02,33,0.01,0.09,0.11,0.11,0.05,0.63
"(2,1)",0.6,0.02,34,0.01,0.09,0.1,0.11,0.02,0.67
"(2,1)",0.6,0.02,35,0.01,0.09,0.1,0.09,0.04,0.67
"(2,1)",0.6,0.02,36,0.01,0.09,0.1,0.07,0.04,0.69
"(2,1)",0.6,0.02,37,0.01,0.09,0.09,0.06,0.05,0.7
"(2,1)",0.6,0.02,38,0.01,0.08,0.1,0.06,0.03,0.72
"(2,1)",0.6,0.02,39,0.01,0.08,0.1,0.06,0.03,0.72
"(2,1)",0.6,0.02,40,0.01,0.08,0.09,0.07,0.02,0.73
"(2,1)",0.6,0.02,41,0.01,0.08,0.09,0.07,0.02,0.73
"(2,1)",0.6,0.02,42,0.01,0.08,0.08,0.07,0.02,0.74
"(2,1)",0.6,0.02,43,0.01,0.08,0.08,0.07,0.02,0.74
"(2,1)",0.6,0.02,44,0.01,0.07,0.09,0.07,0.01,0.75
"(2,1)",0.6,0.02,45,0.01,0.07,0.09,0.06,0.01,0.76
"(2,1)",0.6,0.02,46,0.01,0.07,0.09,0.05,0.01,0.77
"(2,1)",0.6,0.02,47,0.01,0.07,0.08,0.05,0.02,0.77
"(2,1)",0.6,0.02,48,0.01,0.07,0.08,0.04,0.03,0.77
"(2,1)",0.6,0.02,49,0.01,0.07,0.08,0.04,0.03,0.77
"(2,1)",0.6,0.02,50,0.01,0.06,0.09,0.03,0.01,0.8
"(2,1)",0.6,0.02,51,0.01,0.06,0.09,0.03,0.0,0.81
"(2,1)",0.6,0.02,52,0.01,0.05,0.09,0.04,0.0,0.81
"(2,1)",0.6,0.02,53,0.01,0.05,0.09,0.04,0.0,0.81
"(2,1)",0.6,0.02,54,0.01,0.05,0.09,0.04,0.0,0.81
"(2,1)",0.6,0.02,55,0.01,0.05,0.09,0.04,0.0,0.81
"(2,1)",0.6,0.02,56,0.01,0.05,0.08,0.04,0.01,0.81
"(2,1)",0.6,0.02,57,0.01,0.05,0.07,0.04,0.01,0.82
"(2,1)",0.6,0.02,58,0.01,0.05,0.07,0.04,0.0,0.83
"(2,1)",0.6,0.02,59,0.01,0.05,0.07,0.04,0.0,0.83
"(2,1)",0.6,0.02,60,0.01,0.05,0.07,0.04,0.0,0.83
"(2,1)",0.6,0.02,61,0.01,0.05,0.07,0.04,0.0,0.83
"(2,1)",0.6,0.02,62,0.01,0.05,0.07,0.02,0.02,0.83
"(2,1)",0.6,0.02,63,0.01,0.05,0.07,0.02,0.02,0.83
"(2,1)",0.6,0.02,64,0.01,0.05,0.07,0.02,0.01,0.84
"(2,1)",0.6,0.02,65,0.01,0.05,0.07,0.02,0.0,0.85
"(2,1)",0.6,0.02,66,0.01,0.05,0.07,0.02,0.0,0.85
"(2,1)",0.6,0.02,67,0.01,0.05,0.07,0.02,0.0,0.85
"(2,1)",0.6,0.02,68,0.01,0.05,0.07,0.02,0.0,0.85
"(2,1)",0.6,0.02,69,0.01,0.05,0.07,0.02,0.0,0.85
"(2,1)",0.6,0.02,70,0.01,0.05,0.07,0.02,0.0,0.85
"(2,1)",0.7,0.02,1,0.48,0.52,0.0,0.0,0.0,0.0
"(2,1)",0.7,0.02,2,0.28,0.71,0.01,0.0,0.0,0.0
"(2,1)",0.7,0.02,3,0.23,0.65,0.12,0.0,0.0,0.0
"(2,1)",0.7,0.02,4,0.19,0.53,0.27,0.01,0.0,0.0
"(2,1)",0.7,0.02,5,0.16,0.46,0.31,0.07,0.0,0.0
"(2,1)",0.7,0.02,6,0.13,0.45,0.31,0.1,0.01,0.0
"(2,1)",0.7,0.02,7,0.1,0.39,0.35,0.14,0.02,0.0
"(2,1)",0.7,0.02,8,0.09,0.36,0.35,0.16,0.03,0.01
"(2,1)",0.7,0.02,9,0.09,0.31,0.37,0.17,0.03,0.03
"(2,1)",0.7,0.02,10,0.09,0.26,0.35,0.22,0.05,0.03
"(2,1)",0.7,0.02,11,0.09,0.24,0.31,0.25,0.07,0.04
"(2,1)",0.7,0.02,12,0.07,0.25,0.27,0.28,0.07,0.06
"(2,1)",0.7,0.02,13,0.07,0.22,0.27,0.27,0.11,0.06
"(2,1)",0.7,0.02,14,0.06,0.22,0.26,0.23,0.17,0.06
"(2,1)",0.7,0.02,15,0.06,0.21,0.22,0.26,0.17,0.08
"(2,1)",0.7,0.02,16,0.06,0.21,0.2,0.27,0.12,0.14
"(2,1)",0.7,0.02,17,0.06,0.21,0.2,0.23,0.1,0.2
"(2,1)",0.7,0.02,18,0.06,0.21,0.19,0.22,0.09,0.23
"(2,1)",0.7,0.02,19,0.06,0.19,0.2,0.2,0.11,0.24
"(2,1)",0.7,0.02,20,0.06,0.19,0.19,0.18,0.11,0.27
"(2,1)",0.7,0.02,21,0.06,0.18,0.19,0.18,0.08,0.31
"(2,1)",0.7,0.02,22,0.06,0.18,0.16,0.2,0.08,0.32
"(2,1)",0.7,0.02,23,0.06,0.16,0.18,0.17,0.1,0.33
"(2,1)",0.7,0.02,24,0.06,0.15,0.18,0.16,0.1,0.35
"(2,1)",0.7,0.02,25,0.06,0.14,0.16,0.18,0.1,0.36
"(2,1)",0.7,0.02,26,0.06,0.14,0.15,0.16,0.08,0.41
"(2,1)",0.7,0.02,27,0.06,0.14,0.12,0.19,0.07,0.42
"(2,1)",0.7,0.02,28,0.06,0.14,0.12,0.17,0.08,0.43
"(2,1)",0.7,0.02,29,0.06,0.13,0.13,0.15,0.07,0.46
"(2,1)",0.7,0.02,30,0.06,0.13,0.11,0.15,0.07,0.48
"(2,1)",0.7,0.02,31,0.06,0.12,0.12,0.13,0.08,0.49
"(2,1)",0.7,0.02,32,0.06,0.12,0.12,0.11,0.09,0.5
"(2,1)",0.7,0.02,33,0.06,0.11,0.12,0.12,0.08,0.51
"(2,1)",0.7,0.02,34,0.06,0.11,0.11,0.11,0.06,0.55
"(2,1)",0.7,0.02,35,0.06,0.11,0.1,0.1,0.08,0.55
"(2,1)",0.7,0.02,36,0.06,0.11,0.09,0.1,0.07,0.57
"(2,1)",0.7,0.02,37,0.06,0.11,0.09,0.09,0.08,0.57
"(2,1)",0.7,0.02,38,0.05,0.12,0.08,0.1,0.07,0.58
"(2,1)",0.7,0.02,39,0.05,0.12,0.07,0.11,0.06,0.59
"(2,1)",0.7,0.02,40,0.04,0.12,0.08,0.1,0.05,0.61
"(2,1)",0.7,0.02,41,0.04,0.12,0.08,0.1,0.05,0.61
"(2,1)",0.7,0.02,42,0.04,0.12,0.08,0.09,0.06,0.61
"(2,1)",0.7,0.02,43,0.04,0.12,0.08,0.08,0.04,0.64
"(2,1)",0.7,0.02,44,0.04,0.12,0.08,0.08,0.03,0.65
"(2,1)",0.7,0.02,45,0.04,0.12,0.07,0.08,0.03,0.66
"(2,1)",0.7,0.02,46,0.04,0.12,0.07,0.08,0.01,0.68
"(2,1)",0.7,0.02,47,0.04,0.12,0.07,0.06,0.03,0.68
"(2,1)",0.7,0.02,48,0.04,0.12,0.07,0.06,0.01,0.7
"(2,1)",0.7,0.02,49,0.04,0.12,0.07,0.06,0.01,0.7
"(2,1)",0.7,0.02,50,0.04,0.12,0.07,0.06,0.01,0.7
"(2,1)",0.7,0.02,51,0.04,0.12,0.07,0.06,0.01,0.7
"(2,1)",0.7,0.02,52,0.04,0.12,0.07,0.06,0.0,0.71
"(2,1)",0.7,0.02,53,0.04,0.12,0.07,0.06,0.0,0.71
"(2,1)",0.7,0.02,54,0.04,0.12,0.07,0.06,0.0,0.71
"(2,1)",0.7,0.02,55,0.04,0.12,0.07,0.06,0.0,0.71
"(2,1)",0.7,0.02,56,0.04,0.12,0.07,0.06,0.0,0.71
"(2,1)",0.7,0.02,57,0.04,0.12,0.07,0.06,0.0,0.71
"(2,1)",0.7,0.02,58,0.04,0.12,0.06,0.07,0.0,0.71
"(2,1)",0.7,0.02,59,0.04,0.12,0.06,0.06,0.01,0.71
"(2,1)",0.7,0.02,60,0.04,0.12,0.06,0.06,0.0,0.72
"(2,1)",0.7,0.02,61,0.04,0.12,0.06,0.06,0.0,0.72
"(2,1)",0.7,0.02,62,0.04,0.12,0.06,0.06,0.0,0.72
"(2,1)",0.7,0.02,63,0.04,0.12,0.06,0.06,0.0,0.72
"(2,1)",0.7,0.02,64,0.04,0.12,0.06,0.05,0.01,0.72
"(2,1)",0.7,0.02,65,0.04,0.12,0.06,0.05,0.01,0.72
"(2,1)",0.7,0.02,66,0.04,0.12,0.06,0.05,0.01,0.72
"(2,1)",0.7,0.02,67,0.04,0.12,0.06,0.05,0.01,0.72
"(2,1)",0.7,0.02,68,0.04,0.12,0.06,0.05,0.01,0.72
"(2,1)",0.7,0.02,69,0.04,0.11,0.07,0.05,0.0,0.73
"(2,1)",0.7,0.02,70,0.04,0.11,0.06,0.06,0.0,0.73
"(2,1)",0.8,0.02,1,0.55,0.45,0.0,0.0,0.0,0.0
"(2,1)",0.8,0.02,2,0.4,0.59,0.01,0.0,0.0,0.0
"(2,1)",0.8,0.02,3,0.32,0.59,0.09,0.0,0.0,0.0
"(2,1)",0.8,0.02,4,0.27,0.54,0.18,0.01,0.0,0.0
"(2,1)",0.8,0.02,5,0.23,0.47,0.25,0.05,0.0,0.0
"(2,1)",0.8,0.02,6,0.18,0.44,0.32,0.04,0.02,0.0
"(2,1)",0.8,0.02,7,0.17,0.38,0.37,0.06,0.02,0.0
"(2,1)",0.8,0.02,8,0.15,0.35,0.39,0.09,0.02,0.0
"(2,1)",0.8,0.02,9,0.12,0.33,0.41,0.11,0.03,0.0
"(2,1)",0.8,0.02,10,0.09,0.33,0.39,0.13,0.06,0.0
"(2,1)",0.8,0.02,11,0.09,0.32,0.37,0.13,0.07,0.02
"(2,1)",0.8,0.02,12,0.09,0.3,0.35,0.16,0.06,0.04
"(2,1)",0.8,0.02,13,0.09,0.29,0.31,0.16,0.1,0.05
"(2,1)",0.8,0.02,14,0.09,0.26,0.29,0.21,0.08,0.07
"(2,1)",0.8,0.02,15,0.07,0.25,0.3,0.18,0.12,0.08
"(2,1)",0.8,0.02,16,0.07,0.22,0.29,0.21,0.09,0.12
"(2,1)",0.8,0.02,17,0.06,0.22,0.26,0.24,0.08,0.14
"(2,1)",0.8,0.02,18,0.06,0.19,0.26,0.22,0.12,0.15
"(2,1)",0.8,0.02,19,0.06,0.18,0.27,0.17,0.13,0.19
"(2,1)",0.8,0.02,20,0.06,0.15,0.27,0.15,0.15,0.22
"(2,1)",0.8,0.02,21,0.06,0.14,0.27,0.13,0.16,0.24
"(2,1)",0.8,0.02,22,0.06,0.14,0.22,0.14,0.17,0.27
"(2,1)",0.8,0.02,23,0.06,0.14,0.21,0.14,0.18,0.27
"(2,1)",0.8,0.02,24,0.04,0.16,0.17,0.16,0.16,0.31
"(2,1)",0.8,0.02,25,0.04,0.16,0.16,0.15,0.14,0.35
"(2,1)",0.8,0.02,26,0.03,0.15,0.15,0.15,0.15,0.37
"(2,1)",0.8,0.02,27,0.03,0.15,0.13,0.15,0.13,0.41
"(2,1)",0.8,0.02,28,0.03,0.15,0.12,0.14,0.1,0.46
"(2,1)",0.8,0.02,29,0.03,0.14,0.12,0.14,0.07,0.5
"(2,1)",0.8,0.02,30,0.03,0.13,0.13,0.11,0.08,0.52
"(2,1)",0.8,0.02,31,0.03,0.13,0.11,0.11,0.08,0.54
"(2,1)",0.8,0.02,32,0.03,0.13,0.11,0.1,0.08,0.55
"(2,1)",0.8,0.02,33,0.03,0.12,0.12,0.09,0.09,0.55
"(2,1)",0.8,0.02,34,0.03,0.11,0.12,0.09,0.08,0.57
"(2,1)",0.8,0.02,35,0.03,0.1,0.13,0.07,0.09,0.58
"(2,1)",0.8,0.02,36,0.03,0.09,0.14,0.07,0.05,0.62
"(2,1)",0.8,0.02,37,0.03,0.09,0.12,0.08,0.05,0.63
"(2,1)",0.8,0.02,38,0.03,0.09,0.11,0.09,0.04,0.64
"(2,1)",0.8,0.02,39,0.03,0.09,0.1,0.09,0.03,0.66
"(2,1)",0.8,0.02,40,0.03,0.09,0.1,0.08,0.04,0.66
"(2,1)",0.8,0.02,41,0.03,0.09,0.1,0.07,0.05,0.66
"(2,1)",0.8,0.02,42,0.03,0.09,0.1,0.06,0.05,0.67
"(2,1)",0.8,0.02,43,0.03,0.09,0.1,0.06,0.04,0.68
"(2,1)",0.8,0.02,44,0.03,0.09,0.1,0.05,0.05,0.68
"(2,1)",0.8,0.02,45,0.03,0.09,0.1,0.05,0.04,0.69
"(2,1)",0.8,0.02,46,0.03,0.09,0.1,0.04,0.05,0.69
"(2,1)",0.8,0.02,47,0.03,0.09,0.1,0.04,0.03,0.71
"(2,1)",0.8,0.02,48,0.03,0.09,0.09,0.05,0.01,0.73
"(2,1)",0.8,0.02,49,0.03,0.09,0.09,0.05,0.01,0.73
"(2,1)",0.8,0.02,50,0.03,0.09,0.09,0.04,0.02,0.73
"(2,1)",0.8,0.02,51,0.03,0.09,0.09,0.04,0.02,0.73
"(2,1)",0.8,0.02,52,0.03,0.09,0.09,0.04,0.02,0.73
"(2,1)",0.8,0.02,53,0.03,0.09,0.09,0.03,0.03,0.73
"(2,1)",0.8,0.02,54,0.03,0.09,0.09,0.03,0.03,0.73
"(2,1)",0.8,0.02,55,0.03,0.09,0.09,0.03,0.03,0.73
"(2,1)",0.8,0.02,56,0.03,0.09,0.08,0.04,0.02,0.74
"(2,1)",0.8,0.02,57,0.03,0.09,0.08,0.04,0.02,0.74
"(2,1)",0.8,0.02,58,0.03,0.09,0.08,0.04,0.02,0.74
"(2,1)",0.8,0.02,59,0.03,0.09,0.08,0.04,0.02,0.74
"(2,1)",0.8,0.02,60,0.03,0.09,0.07,0.04,0.03,0.74
"(2,1)",0.8,0.02,61,0.03,0.09,0.06,0.05,0.02,0.75
"(2,1)",0.8,0.02,62,0.03,0.09,0.06,0.04,0.03,0.75
"(2,1)",0.8,0.02,63,0.03,0.09,0.06,0.04,0.02,0.76
"(2,1)",0.8,0.02,64,0.03,0.09,0.06,0.04,0.02,0.76
"(2,1)",0.8,0.02,65,0.03,0.09,0.06,0.04,0.01,0.77
"(2,1)",0.8,0.02,66,0.03,0.09,0.06,0.04,0.01,0.77
"(2,1)",0.8,0.02,67,0.03,0.09,0.06,0.04,0.01,0.77
"(2,1)",0.8,0.02,68,0.03,0.09,0.06,0.04,0.01,0.77
"(2,1)",0.8,0.02,69,0.03,0.09,0.06,0.04,0.01,0.77
"(2,1)",0.8,0.02,70,0.03,0.09,0.05,0.05,0.01,0.77
"(2,1)",0.9,0.02,1,0.73,0.27,0.0,0.0,0.0,0.0
"(2,1)",0.9,0.02,2,0.62,0.35,0.03,0.0,0.0,0.0
"(2,1)",0.9,0.02,3,0.52,0.38,0.1,0.0,0.0,0.0
"(2,1)",0.9,0.02,4,0.43,0.42,0.15,0.0,0.0,0.0
"(2,1)",0.9,0.02,5,0.38,0.43,0.17,0.02,0.0,0.0
"(2,1)",0.9,0.02,6,0.32,0.43,0.21,0.04,0.0,0.0
"(2,1)",0.9,0.02,7,0.28,0.44,0.22,0.06,0.0,0.0
"(2,1)",0.9,0.02,8,0.26,0.43,0.23,0.07,0.01,0.0
"(2,1)",0.9,0.02,9,0.2,0.46,0.25,0.08,0.01,0.0
"(2,1)",0.9,0.02,10,0.19,0.39,0.31,0.08,0.03,0.0
"(2,1)",0.9,0.02,11,0.18,0.35,0.31,0.12,0.04,0.0
"(2,1)",0.9,0.02,12,0.17,0.34,0.29,0.16,0.04,0.0
"(2,1)",0.9,0.02,13,0.16,0.32,0.3,0.16,0.04,0.02
"(2,1)",0.9,0.02,14,0.16,0.3,0.3,0.16,0.06,0.02
"(2,1)",0.9,0.02,15,0.16,0.29,0.27,0.18,0.08,0.02
"(2,1)",0.9,0.02,16,0.15,0.27,0.28,0.17,0.09,0.04
"(2,1)",0.9,0.02,17,0.14,0.26,0.24,0.2,0.08,0.08
"(2,1)",0.9,0.02,18,0.14,0.24,0.23,0.2,0.1,0.09
"(2,1)",0.9,0.02,19,0.14,0.21,0.25,0.15,0.13,0.12
"(2,1)",0.9,0.02,20,0.14,0.21,0.23,0.17,0.06,0.19
"(2,1)",0.9,0.02,21,0.14,0.19,0.24,0.17,0.05,0.21
"(2,1)",0.9,0.02,22,0.14,0.19,0.22,0.15,0.08,0.22
"(2,1)",0.9,0.02,23,0.14,0.18,0.23,0.13,0.1,0.22
"(2,1)",0.9,0.02,24,0.14,0.17,0.23,0.1,0.09,0.27
"(2,1)",0.9,0.02,25,0.14,0.17,0.2,0.12,0.08,0.29
"(2,1)",0.9,0.02,26,0.14,0.17,0.19,0.11,0.07,0.32
"(2,1)",0.9,0.02,27,0.13,0.18,0.19,0.09,0.05,0.36
"(2,1)",0.9,0.02,28,0.12,0.19,0.18,0.09,0.03,0.39
"(2,1)",0.9,0.02,29,0.1,0.21,0.17,0.09,0.04,0.39
"(2,1)",0.9,0.02,30,0.1,0.2,0.18,0.08,0.04,0.4
"(2,1)",0.9,0.02,31,0.1,0.18,0.2,0.06,0.05,0.41
"(2,1)",0.9,0.02,32,0.1,0.17,0.19,0.07,0.04,0.43
"(2,1)",0.9,0.02,33,0.1,0.17,0.19,0.07,0.02,0.45
"(2,1)",0.9,0.02,34,0.1,0.17,0.19,0.05,0.03,0.46
"(2,1)",0.9,0.02,35,0.1,0.17,0.19,0.05,0.02,0.47
"(2,1)",0.9,0.02,36,0.09,0.18,0.19,0.05,0.0,0.49
"(2,1)",0.9,0.02,37,0.09,0.18,0.19,0.04,0.01,0.49
"(2,1)",0.9,0.02,38,0.09,0.17,0.2,0.04,0.01,0.49
"(2,1)",0.9,0.02,39,0.09,0.16,0.2,0.05,0.0,0.5
"(2,1)",0.9,0.02,40,0.09,0.16,0.17,0.08,0.0,0.5
"(2,1)",0.9,0.02,41,0.09,0.15,0.18,0.07,0.01,0.5
"(2,1)",0.9,0.02,42,0.09,0.15,0.16,0.08,0.02,0.5
"(2,1)",0.9,0.02,43,0.08,0.16,0.14,0.08,0.04,0.5
"(2,1)",0.9,0.02,44,0.08,0.16,0.14,0.07,0.05,0.5
"(2,1)",0.9,0.02,45,0.08,0.15,0.15,0.06,0.05,0.51
"(2,1)",0.9,0.02,46,0.08,0.14,0.16,0.06,0.05,0.51
"(2,1)",0.9,0.02,47,0.08,0.14,0.14,0.06,0.07,0.51
"(2,1)",0.9,0.02,48,0.08,0.14,0.13,0.07,0.05,0.53
"(2,1)",0.9,0.02,49,0.08,0.14,0.13,0.06,0.04,0.55
"(2,1)",0.9,0.02,50,0.08,0.14,0.13,0.06,0.02,0.57
"(2,1)",0.9,0.02,51,0.08,0.14,0.12,0.06,0.03,0.57
"(2,1)",0.9,0.02,52,0.08,0.13,0.13,0.06,0.03,0.57
"(2,1)",0.9,0.02,53,0.08,0.13,0.12,0.07,0.03,0.57
"(2,1)",0.9,0.02,54,0.08,0.13,0.11,0.06,0.04,0.58
"(2,1)",0.9,0.02,55,0.08,0.13,0.1,0.06,0.04,0.59
"(2,1)",0.9,0.02,56,0.08,0.13,0.1,0.05,0.05,0.59
"(2,1)",0.9,0.02,57,0.08,0.13,0.1,0.05,0.03,0.61
"(2,1)",0.9,0.02,58,0.08,0.13,0.1,0.04,0.02,0.63
"(2,1)",0.9,0.02,59,0.08,0.13,0.1,0.04,0.01,0.64
"(2,1)",0.9,0.02,60,0.08,0.13,0.1,0.04,0.0,0.65
"(2,1)",0.9,0.02,61,0.08,0.13,0.1,0.04,0.0,0.65
"(2,1)",0.9,0.02,62,0.08,0.13,0.1,0.04,0.0,0.65
"(2,1)",0.9,0.02,63,0.08,0.12,0.11,0.03,0.01,0.65
"(2,1)",0.9,0.02,64,0.08,0.12,0.11,0.03,0.01,0.65
"(2,1)",0.9,0.02,65,0.08,0.12,0.11,0.03,0.0,0.66
"(2,1)",0.9,0.02,66,0.08,0.12,0.11,0.03,0.0,0.66
"(2,1)",0.9,0.02,67,0.08,0.12,0.11,0.03,0.0,0.66
"(2,1)",0.9,0.02,68,0.08,0.12,0.1,0.04,0.0,0.66
"(2,1)",0.9,0.02,69,0.08,0.12,0.1,0.04,0.0,0.66
"(2,1)",0.9,0.02,70,0.08,0.12,0.1,0.03,0.01,0.66
"(3,1)",0.1,0.02,1,1.0,0.0,0.0,0.0,0.0,0.0
"(3,1)",0.1,0.02,2,1.0,0.0,0.0,0.0,0.0,0.0
"(3,1)",0.1,0.02,3,0.95,0.05,0.0,0.0,0.0,0.0
"(3,1)",0.1,0.02,4,0.84,0.14,0.02,0.0,0.0,0.0
"(3,1)",0.1,0.02,5,0.69,0.22,0.07,0.02,0.0,0.0
"(3,1)",0.1,0.02,6,0.49,0.33,0.1,0.08,0.0,0.0
"(3,1)",0.1,0.02,7,0.34,0.35,0.19,0.09,0.03,0.0
"(3,1)",0.1,0.02,8,0.29,0.23,0.26,0.15,0.05,0.02
"(3,1)",0.1,0.02,9,0.23,0.19,0.24,0.23,0.06,0.05
"(3,1)",0.1,0.02,10,0.19,0.16,0.12,0.27,0.21,0.05
"(3,1)",0.1,0.02,11,0.12,0.19,0.08,0.22,0.23,0.16
"(3,1)",0.1,0.02,12,0.09,0.17,0.11,0.09,0.27,0.27
"(3,1)",0.1,0.02,13,0.08,0.15,0.09,0.1,0.17,0.41
"(3,1)",0.1,0.02,14,0.07,0.14,0.06,0.12,0.11,0.5
"(3,1)",0.1,0.02,15,0.06,0.09,0.08,0.12,0.1,0.55
"(3,1)",0.1,0.02,16,0.06,0.07,0.05,0.13,0.05,0.64
"(3,1)",0.1,0.02,17,0.06,0.07,0.02,0.11,0.05,0.69
"(3,1)",0.1,0.02,18,0.06,0.06,0.01,0.06,0.09,0.72
"(3,1)",0.1,0.02,19,0.05,0.06,0.01,0.05,0.07,0.76
"(3,1)",0.1,0.02,20,0.04,0.06,0.02,0.04,0.08,0.76
"(3,1)",0.1,0.02,21,0.04,0.06,0.01,0.05,0.03,0.81
"(3,1)",0.1,0.02,22,0.04,0.06,0.0,0.04,0.04,0.82
"(3,1)",0.1,0.02,23,0.04,0.04,0.02,0.04,0.01,0.85
"(3,1)",0.1,0.02,24,0.04,0.04,0.0,0.05,0.02,0.85
"(3,1)",0.1,0.02,25,0.03,0.05,0.0,0.03,0.02,0.87
"(3,1)",0.1,0.02,26,0.03,0.05,0.0,0.03,0.0,0.89
"(3,1)",0.1,0.02,27,0.03,0.04,0.01,0.03,0.0,0.89
"(3,1)",0.1,0.02,28,0.03,0.04,0.0,0.04,0.0,0.89
"(3,1)",0.1,0.02,29,0.03,0.04,0.0,0.04,0.0,0.89
"(3,1)",0.1,0.02,30,0.03,0.04,0.0,0.03,0.01,0.89
"(3,1)",0.1,0.02,31,0.03,0.03,0.01,0.03,0.01,0.89
"(3,1)",0.1,0.02,32,0.02,0.04,0.01,0.03,0.0,0.9
"(3,1)",0.1,0.02,33,0.02,0.03,0.01,0.04,0.0,0.9
"(3,1)",0.1,0.02,34,0.02,0.02,0.02,0.03,0.01,0.9
"(3,1)",0.1,0.02,35,0.02,0.02,0.01,0.04,0.0,0.91
"(3,1)",0.1,0.02,36,0.02,0.02,0.0,0.04,0.01,0.91
"(3,1)",0.1,0.02,37,0.02,0.02,0.0,0.03,0.01,0.92
"(3,1)",0.1,0.02,38,0.02,0.01,0.01,0.03,0.0,0.93
"(3,1)",0.1,0.02,39,0.02,0.01,0.01,0.03,0.0,0.93
"(3,1)",0.1,0.02,40,0.02,0.01,0.01,0.03,0.0,0.93
"(3,1)",0.1,0.02,41,0.02,0.01,0.0,0.04,0.0,0.93
"(3,1)",0.1,0.02,42,0.02,0.01,0.0,0.03,0.01,0.93
"(3,1)",0.1,0.02,43,0.02,0.01,0.0,0.03,0.0,0.94
"(3,1)",0.1,0.02,44,0.02,0.01,0.0,0.03,0.0,0.94
"(3,1)",0.1,0.02,45,0.02,0.0,0.01,0.03,0.0,0.94
"(3,1)",0.1,0.02,46,0.02,0.0,0.0,0.04,0.0,0.94
"(3,1)",0.1,0.02,47,0.02,0.0,0.0,0.03,0.01,0.94
"(3,1)",0.1,0.02,48,0.02,0.0,0.0,0.03,0.01,0.94
"(3,1)",0.1,0.02,49,0.02,0.0,0.0,0.03,0.01,0.94
"(3,1)",0.1,0.02,50,0.02,0.0,0.0,0.03,0.01,0.94
"(3,1)",0.1,0.02,51,0.02,0.0,0.0,0.03,0.0,0.95
"(3,1)",0.1,0.02,52,0.02,0.0,0.0,0.03,0.0,0.95
"(3,1)",0.1,0.02,53,0.02,0.0,0.0,0.03,0.0,0.95
"(3,1)",0.1,0.02,54,0.02,0.0,0.0,0.03,0.0,0.95
"(3,1)",0.1,0.02,55,0.02,0.0,0.0,0.03,0.0,0.95
"(3,1)",0.1,0.02,56,0.02,0.0,0.0,0.03,0.0,0.95
"(3,1)",0.1,0.02,57,0.02,0.0,0.0,0.03,0.0,0.95
"(3,1)",0.1,0.02,58,0.02,0.0,0.0,0.03,0.0,0.95
"(3,1)",0.1,0.02,59,0.02,0.0,0.0,0.03,0.0,0.95
"(3,1)",0.1,0.02,60,0.02,0.0,0.0,0.03,0.0,0.95
"(3,1)",0.1,0.02,61,0.02,0.0,0.0,0.03,0.0,0.95
"(3,1)",0.1,0.02,62,0.02,0.0,0.0,0.03,0.0,0.95
"(3,1)",0.1,0.02,63,0.02,0.0,0.0,0.03,0.0,0.95
"(3,1)",0.1,0.02,64,0.02,0.0,0.0,0.03,0.0,0.95
"(3,1)",0.1,0.02,65,0.02,0.0,0.0,0.03,0.0,0.95
"(3,1)",0.1,0.02,66,0.02,0.0,0.0,0.03,0.0,0.95
"(3,1)",0.1,0.02,67,0.02,0.0,0.0,0.03,0.0,0.95
"(3,1)",0.1,0.02,68,0.02,0.0,0.0,0.03,0.0,0.95
"(3,1)",0.1,0.02,69,0.02,0.0,0.0,0.03,0.0,0.95
"(3,1)",0.1,0.02,70,0.02,0.0,0.0,0.03,0.0,0.95
"(3,1)",0.2,0.02,1,1.0,0.0,0.0,0.0,0.0,0.0
"(3,1)",0.2,0.02,2,0.96,0.04,0.0,0.0,0.0,0.0
"(3,1)",0.2,0.02,3,0.75,0.25,0.0,0.0,0.0,0.0
"(3,1)",0.2,0.02,4,0.61,0.33,0.06,0.0,0.0,0.0
"(3,1)",0.2,0.02,5,0.38,0.44,0.12,0.06,0.0,0.0
"(3,1)",0.2,0.02,6,0.3,0.4,0.18,0.12,0.0,0.0
"(3,1)",0.2,0.02,7,0.19,0.38,0.23,0.18,0.02,0.0
"(3,1)",0.2,0.02,8,0.14,0.33,0.28,0.21,0.04,0.0
"(3,1)",0.2,0.02,9,0.09,0.29,0.25,0.28,0.08,0.01
"(3,1)",0.2,0.02,10,0.06,0.28,0.22,0.3,0.09,0.05
"(3,1)",0.2,0.02,11,0.05,0.17,0.28,0.24,0.18,0.08
"(3,1)",0.2,0.02,12,0.05,0.11,0.22,0.31,0.2,0.11
"(3,1)",0.2,0.02,13,0.04,0.11,0.16,0.26,0.29,0.14
"(3,1)",0.2,0.02,14,0.03,0.08,0.18,0.21,0.28,0.22
"(3,1)",0.2,0.02,15,0.02,0.07,0.15,0.19,0.24,0.33
"(3,1)",0.2,0.02,16,0.02,0.06,0.14,0.18,0.21,0.39
"(3,1)",0.2,0.02,17,0.02,0.06,0.09,0.17,0.21,0.45
"(3,1)",0.2,0.02,18,0.02,0.05,0.08,0.16,0.19,0.5
"(3,1)",0.2,0.02,19,0.01,0.06,0.06,0.15,0.12,0.6
"(3,1)",0.2,0.02,20,0.01,0.05,0.05,0.12,0.12,0.65
"(3,1)",0.2,0.02,21,0.01,0.04,0.04,0.11,0.13,0.67
"(3,1)",0.2,0.02,22,0.01,0.04,0.04,0.11,0.09,0.71
"(3,1)",0.2,0.02,23,0.0,0.05,0.03,0.08,0.12,0.72
"(3,1)",0.2,0.02,24,0.0,0.04,0.02,0.08,0.08,0.78
"(3,1)",0.2,0.02,25,0.0,0.04,0.02,0.06,0.09,0.79
"(3,1)",0.2,0.02,26,0.0,0.04,0.02,0.05,0.05,0.84
"(3,1)",0.2,0.02,27,0.0,0.04,0.02,0.03,0.03,0.88
"(3,1)",0.2,0.02,28,0.0,0.03,0.03,0.03,0.02,0.89
"(3,1)",0.2,0.02,29,0.0,0.03,0.02,0.04,0.01,0.9
"(3,1)",0.2,0.02,30,0.0,0.03,0.02,0.03,0.02,0.9
"(3,1)",0.2,0.02,31,0.0,0.03,0.02,0.03,0.01,0.91
"(3,1)",0.2,0.02,32,0.0,0.03,0.02,0.02,0.02,0.91
"(3,1)",0.2,0.02,33,0.0,0.03,0.02,0.02,0.01,0.92
"(3,1)",0.2,0.02,34,0.0,0.03,0.02,0.02,0.01,0.92
"(3,1)",0.2,0.02,35,0.0,0.03,0.02,0.02,0.01,0.92
"(3,1)",0.2,0.02,36,0.0,0.03,0.02,0.02,0.01,0.92
"(3,1)",0.2,0.02,37,0.0,0.03,0.02,0.02,0.01,0.92
"(3,1)",0.2,0.02,38,0.0,0.03,0.02,0.02,0.0,0.93
"(3,1)",0.2,0.02,39,0.0,0.03,0.02,0.02,0.0,0.93
"(3,1)",0.2,0.02,40,0.0,0.03,0.02,0.02,0.0,0.93
"(3,1)",0.2,0.02,41,0.0,0.03,0.02,0.02,0.0,0.93
"(3,1)",0.2,0.02,42,0.0,0.02,0.03,0.02,0.0,0.93
"(3,1)",0.2,0.02,43,0.0,0.02,0.03,0.02,0.0,0.93
"(3,1)",0.2,0.02,44,0.0,0.02,0.02,0.03,0.0,0.93
"(3,1)",0.2,0.02,45,0.0,0.02,0.02,0.02,0.01,0.93
"(3,1)",0.2,0.02,46,0.0,0.02,0.02,0.02,0.0,0.94
"(3,1)",0.2,0.02,47,0.0,0.02,0.02,0.02,0.0,0.94
"(3,1)",0.2,0.02,48,0.0,0.02,0.02,0.02,0.0,0.94
"(3,1)",0.2,0.02,49,0.0,0.02,0.02,0.02,0.0,0.94
"(3,1)",0.2,0.02,50,0.0,0.02,0.02,0.02,0.0,0.94
"(3,1)",0.2,0.02,51,0.0,0.02,0.02,0.02,0.0,0.94
"(3,1)",0.2,0.02,52,0.0,0.02,0.02,0.02,0.0,0.94
"(3,1)",0.2,0.02,53,0.0,0.02,0.02,0.02,0.0,0.94
"(3,1)",0.2,0.02,54,0.0,0.02,0.02,0.02,0.0,0.94
"(3,1)",0.2,0.02,55,0.0,0.02,0.01,0.03,0.0,0.94
"(3,1)",0.2,0.02,56,0.0,0.02,0.01,0.03,0.0,0.94
"(3,1)",0.2,0.02,57,0.0,0.02,0.01,0.03,0.0,0.94
"(3,1)",0.2,0.02,58,0.0,0.02,0.01,0.03,0.0,0.94
"(3,1)",0.2,0.02,59,0.0,0.02,0.01,0.02,0.01,0.94
"(3,1)",0.2,0.02,60,0.0,0.02,0.01,0.02,0.0,0.95
"(3,1)",0.2,0.02,61,0.0,0.02,0.01,0.02,0.0,0.95
"(3,1)",0.2,0.02,62,0.0,0.02,0.01,0.02,0.0,0.95
"(3,1)",0.2,0.02,63,0.0,0.02,0.01,0.02,0.0,0.95
"(3,1)",0.2,0.02,64,0.0,0.02,0.01,0.02,0.0,0.95
"(3,1)",0.2,0.02,65,0.0,0.02,0.01,0.02,0.0,0.95
"(3,1)",0.2,0.02,66,0.0,0.02,0.01,0.02,0.0,0.95
"(3,1)",0.2,0.02,67,0.0,0.02,0.01,0.02,0.0,0.95
"(3,1)",0.2,0.02,68,0.0,0.02,0.01,0.02,0.0,0.95
"(3,1)",0.2,0.02,69,0.0,0.02,0.01,0.02,0.0,0.95
"(3,1)",0.2,0.02,70,0.0,0.02,0.01,0.02,0.0,0.95
"(3,1)",0.3,0.02,1,0.98,0.02,0.0,0.0,0.0,0.0
"(3,1)",0.3,0.02,2,0.74,0.26,0.0,0.0,0.0,0.0
"(3,1)",0.3,0.02,3,0.5,0.47,0.03,0.0,0.0,0.0
"(3,1)",0.3,0.02,4,0.34,0.53,0.12,0.01,0.0,0.0
"(3,1)",0.3,0.02,5,0.21,0.49,0.28,0.02,0.0,0.0
"(3,1)",0.3,0.02,6,0.13,0.45,0.28,0.14,0.0,0.0
"(3,1)",0.3,0.02,7,0.08,0.37,0.3,0.22,0.03,0.0
"(3,1)",0.3,0.02,8,0.05,0.29,0.33,0.28,0.03,0.02
"(3,1)",0.3,0.02,9,0.03,0.26,0.3,0.32,0.05,0.04
"(3,1)",0.3,0.02,10,0.03,0.22,0.25,0.36,0.09,0.05
"(3,1)",0.3,0.02,11,0.03,0.18,0.22,0.35,0.14,0.08
"(3,1)",0.3,0.02,12,0.03,0.14,0.26,0.28,0.18,0.11
"(3,1)",0.3,0.02,13,0.03,0.12,0.24,0.31,0.15,0.15
"(3,1)",0.3,0.02,14,0.03,0.09,0.22,0.32,0.17,0.17
"(3,1)",0.3,0.02,15,0.03,0.08,0.19,0.33,0.14,0.23
"(3,1)",0.3,0.02,16,0.02,0.08,0.18,0.27,0.17,0.28
"(3,1)",0.3,0.02,17,0.01,0.09,0.16,0.21,0.24,0.29
"(3,1)",0.3,0.02,18,0.01,0.09,0.14,0.19,0.24,0.33
"(3,1)",0.3,0.02,19,0.01,0.08,0.14,0.16,0.23,0.38
"(3,1)",0.3,0.02,20,0.01,0.07,0.14,0.13,0.21,0.44
"(3,1)",0.3,0.02,21,0.01,0.06,0.13,0.12,0.17,0.51
"(3,1)",0.3,0.02,22,0.01,0.05,0.14,0.07,0.18,0.55
"(3,1)",0.3,0.02,23,0.01,0.05,0.12,0.07,0.18,0.57
"(3,1)",0.3,0.02,24,0.01,0.03,0.12,0.06,0.14,0.64
"(3,1)",0.3,0.02,25,0.01,0.03,0.12,0.05,0.11,0.68
"(3,1)",0.3,0.02,26,0.01,0.02,0.08,0.1,0.08,0.71
"(3,1)",0.3,0.02,27,0.01,0.02,0.08,0.08,0.07,0.74
"(3,1)",0.3,0.02,28,0.0,0.03,0.07,0.08,0.06,0.76
"(3,1)",0.3,0.02,29,0.0,0.03,0.06,0.07,0.07,0.77
"(3,1)",0.3,0.02,30,0.0,0.03,0.05,0.07,0.07,0.78
"(3,1)",0.3,0.02,31,0.0,0.03,0.04,0.06,0.07,0.8
"(3,1)",0.3,0.02,32,0.0,0.03,0.04,0.04,0.07,0.82
"(3,1)",0.3,0.02,33,0.0,0.02,0.05,0.04,0.05,0.84
"(3,1)",0.3,0.02,34,0.0,0.02,0.05,0.03,0.05,0.85
"(3,1)",0.3,0.02,35,0.0,0.02,0.05,0.02,0.05,0.86
"(3,1)",0.3,0.02,36,0.0,0.02,0.05,0.02,0.04,0.87
"(3,1)",0.3,0.02,37,0.0,0.02,0.04,0.03,0.03,0.88
"(3,1)",0.3,0.02,38,0.0,0.02,0.04,0.03,0.01,0.9
"(3,1)",0.3,0.02,39,0.0,0.02,0.04,0.03,0.01,0.9
"(3,1)",0.3,0.02,40,0.0,0.02,0.04,0.03,0.01,0.9
"(3,1)",0.3,0.02,41,0.0,0.02,0.04,0.03,0.01,0.9
"(3,1)",0.3,0.02,42,0.0,0.02,0.04,0.02,0.02,0.9
"(3,1)",0.3,0.02,43,0.0,0.02,0.04,0.02,0.02,0.9
"(3,1)",0.3,0.02,44,0.0,0.02,0.04,0.02,0.02,0.9
"(3,1)",0.3,0.02,45,0.0,0.02,0.04,0.02,0.01,0.91
"(3,1)",0.3,0.02,46,0.0,0.02,0.04,0.02,0.01,0.91
"(3,1)",0.3,0.02,47,0.0,0.02,0.03,0.03,0.01,0.91
"(3,1)",0.3,0.02,48,0.0,0.02,0.03,0.03,0.01,0.91
"(3,1)",0.3,0.02,49,0.0,0.02,0.03,0.02,0.02,0.91
"(3,1)",0.3,0.02,50,0.0,0.02,0.03,0.02,0.01,0.92
"(3,1)",0.3,0.02,51,0.0,0.02,0.03,0.01,0.02,0.92
"(3,1)",0.3,0.02,52,0.0,0.02,0.03,0.01,0.01,0.93
"(3,1)",0.3,0.02,53,0.0,0.02,0.03,0.01,0.01,0.93
"(3,1)",0.3,0.02,54,0.0,0.02,0.03,0.01,0.01,0.93
"(3,1)",0.3,0.02,55,0.0,0.02,0.03,0.0,0.02,0.93
"(3,1)",0.3,0.02,56,0.0,0.02,0.03,0.0,0.02,0.93
"(3,1)",0.3,0.02,57,0.0,0.02,0.03,0.0,0.02,0.93
"(3,1)",0.3,0.02,58,0.0,0.02,0.03,0.0,0.01,0.94
"(3,1)",0.3,0.02,59,0.0,0.02,0.03,0.0,0.01,0.94
"(3,1)",0.3,0.02,60,0.0,0.02,0.03,0.0,0.01,0.94
"(3,1)",0.3,0.02,61,0.0,0.02,0.03,0.0,0.01,0.94
"(3,1)",0.3,0.02,62,0.0,0.02,0.03,0.0,0.01,0.94
"(3,1)",0.3,0.02,63,0.0,0.02,0.03,0.0,0.01,0.94
"(3,1)",0.3,0.02,64,0.0,0.02,0.03,0.0,0.01,0.94
"(3,1)",0.3,0.02,65,0.0,0.02,0.03,0.0,0.01,0.94
"(3,1)",0.3,0.02,66,0.0,0.02,0.03,0.0,0.01,0.94
"(3,1)",0.3,0.02,67,0.0,0.02,0.03,0.0,0.01,0.94
"(3,1)",0.3,0.02,68,0.0,0.02,0.03,0.0,0.01,0.94
"(3,1)",0.3,0.02,69,0.0,0.02,0.03,0.0,0.01,0.94
"(3,1)",0.3,0.02,70,0.0,0.02,0.03,0.0,0.01,0.94
"(3,1)",0.4,0.02,1,0.93,0.07,0.0,0.0,0.0,0.0
"(3,1)",0.4,0.02,2,0.54,0.46,0.0,0.0,0.0,0.0
"(3,1)",0.4,0.02,3,0.35,0.6,0.05,0.0,0.0,0.0
"(3,1)",0.4,0.02,4,0.19,0.58,0.23,0.0,0.0,0.0
"(3,1)",0.4,0.02,5,0.11,0.52,0.31,0.06,0.0,0.0
"(3,1)",0.4,0.02,6,0.06,0.46,0.31,0.16,0.01,0.0
"(3,1)",0.4,0.02,7,0.02,0.37,0.35,0.23,0.03,0.0
"(3,1)",0.4,0.02,8,0.01,0.35,0.25,0.34,0.05,0.0
"(3,1)",0.4,0.02,9,0.0,0.29,0.26,0.34,0.11,0.0
"(3,1)",0.4,0.02,10,0.0,0.24,0.29,0.29,0.18,0.0
"(3,1)",0.4,0.02,11,0.0,0.17,0.27,0.34,0.2,0.02
"(3,1)",0.4,0.02,12,0.0,0.13,0.27,0.33,0.24,0.03
"(3,1)",0.4,0.02,13,0.0,0.11,0.22,0.38,0.21,0.08
"(3,1)",0.4,0.02,14,0.0,0.1,0.2,0.29,0.29,0.12
"(3,1)",0.4,0.02,15,0.0,0.08,0.2,0.29,0.23,0.2
"(3,1)",0.4,0.02,16,0.0,0.08,0.18,0.26,0.21,0.27
"(3,1)",0.4,0.02,17,0.0,0.08,0.15,0.24,0.23,0.3
"(3,1)",0.4,0.02,18,0.0,0.08,0.14,0.18,0.26,0.34
"(3,1)",0.4,0.02,19,0.0,0.07,0.1,0.21,0.21,0.41
"(3,1)",0.4,0.02,20,0.0,0.07,0.1,0.2,0.14,0.49
"(3,1)",0.4,0.02,21,0.0,0.07,0.09,0.18,0.12,0.54
"(3,1)",0.4,0.02,22,0.0,0.07,0.09,0.14,0.12,0.58
"(3,1)",0.4,0.02,23,0.0,0.07,0.09,0.13,0.1,0.61
"(3,1)",0.4,0.02,24,0.0,0.07,0.09,0.08,0.11,0.65
"(3,1)",0.4,0.02,25,0.0,0.07,0.08,0.07,0.12,0.66
"(3,1)",0.4,0.02,26,0.0,0.07,0.08,0.06,0.08,0.71
"(3,1)",0.4,0.02,27,0.0,0.06,0.09,0.04,0.08,0.73
"(3,1)",0.4,0.02,28,0.0,0.06,0.07,0.06,0.06,0.75
"(3,1)",0.4,0.02,29,0.0,0.06,0.06,0.06,0.06,0.76
"(3,1)",0.4,0.02,30,0.0,0.06,0.06,0.04,0.06,0.78
"(3,1)",0.4,0.02,31,0.0,0.06,0.04,0.06,0.03,0.81
"(3,1)",0.4,0.02,32,0.0,0.06,0.04,0.05,0.03,0.82
"(3,1)",0.4,0.02,33,0.0,0.06,0.04,0.05,0.02,0.83
"(3,1)",0.4,0.02,34,0.0,0.06,0.04,0.05,0.01,0.84
"(3,1)",0.4,0.02,35,0.0,0.06,0.04,0.05,0.01,0.84
"(3,1)",0.4,0.02,36,0.0,0.06,0.04,0.05,0.01,0.84
"(3,1)",0.4,0.02,37,0.0,0.05,0.05,0.03,0.02,0.85
"(3,1)",0.4,0.02,38,0.0,0.05,0.05,0.03,0.02,0.85
"(3,1)",0.4,0.02,39,0.0,0.05,0.05,0.03,0.02,0.85
"(3,1)",0.4,0.02,40,0.0,0.05,0.04,0.04,0.02,0.85
"(3,1)",0.4,0.02,41,0.0,0.05,0.04,0.03,0.03,0.85
"(3,1)",0.4,0.02,42,0.0,0.05,0.04,0.03,0.01,0.87
"(3,1)",0.4,0.02,43,0.0,0.05,0.04,0.02,0.02,0.87
"(3,1)",0.4,0.02,44,0.0,0.05,0.04,0.02,0.02,0.87
"(3,1)",0.4,0.02,45,0.0,0.05,0.04,0.02,0.01,0.88
"(3,1)",0.4,0.02,46,0.0,0.05,0.04,0.02,0.01,0.88
"(3,1)",0.4,0.02,47,0.0,0.05,0.04,0.02,0.01,0.88
"(3,1)",0.4,0.02,48,0.0,0.05,0.04,0.02,0.01,0.88
"(3,1)",0.4,0.02,49,0.0,0.05,0.04,0.02,0.0,0.89
"(3,1)",0.4,0.02,50,0.0,0.05,0.04,0.02,0.0,0.89
"(3,1)",0.4,0.02,51,0.0,0.05,0.04,0.02,0.0,0.89
"(3,1)",0.4,0.02,52,0.0,0.05,0.04,0.02,0.0,0.89
"(3,1)",0.4,0.02,53,0.0,0.05,0.04,0.02,0.0,0.89
"(3,1)",0.4,0.02,54,0.0,0.05,0.04,0.02,0.0,0.89
"(3,1)",0.4,0.02,55,0.0,0.05,0.04,0.02,0.0,0.89
"(3,1)",0.4,0.02,56,0.0,0.05,0.04,0.02,0.0,0.89
"(3,1)",0.4,0.02,57,0.0,0.05,0.04,0.01,0.01,0.89
"(3,1)",0.4,0.02,58,0.0,0.04,0.05,0.01,0.01,0.89
"(3,1)",0.4,0.02,59,0.0,0.04,0.05,0.01,0.0,0.9
"(3,1)",0.4,0.02,60,0.0,0.04,0.04,0.02,0.0,0.9
"(3,1)",0.4,0.02,61,0.0,0.04,0.04,0.02,0.0,0.9
"(3,1)",0.4,0.02,62,0.0,0.04,0.03,0.03,0.0,0.9
"(3,1)",0.4,0.02,63,0.0,0.04,0.03,0.02,0.01,0.9
"(3,1)",0.4,0.02,64,0.0,0.04,0.03,0.02,0.0,0.91
"(3,1)",0.4,0.02,65,0.0,0.04,0.03,0.02,0.0,0.91
"(3,1)",0.4,0.02,66,0.0,0.04,0.03,0.02,0.0,0.91
"(3,1)",0.4,0.02,67,0.0,0.04,0.03,0.02,0.0,0.91
"(3,1)",0.4,0.02,68,0.0,0.04,0.03,0.02,0.0,0.91
"(3,1)",0.4,0.02,69,0.0,0.04,0.03,0.02,0.0,0.91
"(3,1)",0.4,0.02,70,0.0,0.04,0.03,0.02,0.0,0.91
"(3,1)",0.5,0.02,1,0.78,0.22,0.0,0.0,0.0,0.0
"(3,1)",0.5,0.02,2,0.28,0.72,0.0,0.0,0.0,0.0
"(3,1)",0.5,0.02,3,0.19,0.76,0.05,0.0,0.0,0.0
"(3,1)",0.5,0.02,4,0.15,0.54,0.31,0.0,0.0,0.0
"(3,1)",0.5,0.02,5,0.11,0.37,0.47,0.05,0.0,0.0
"(3,1)",0.5,0.02,6,0.07,0.32,0.52,0.09,0.0,0.0
"(3,1)",0.5,0.02,7,0.06,0.29,0.48,0.17,0.0,0.0
"(3,1)",0.5,0.02,8,0.06,0.22,0.42,0.29,0.01,0.0
"(3,1)",0.5,0.02,9,0.04,0.2,0.4,0.31,0.04,0.01
"(3,1)",0.5,0.02,10,0.03,0.18,0.35,0.35,0.08,0.01
"(3,1)",0.5,0.02,11,0.03,0.16,0.33,0.37,0.1,0.01
"(3,1)",0.5,0.02,12,0.03,0.14,0.25,0.41,0.15,0.02
"(3,1)",0.5,0.02,13,0.03,0.12,0.25,0.39,0.18,0.03
"(3,1)",0.5,0.02,14,0.01,0.13,0.21,0.34,0.23,0.08
"(3,1)",0.5,0.02,15,0.01,0.12,0.18,0.33,0.23,0.13
"(3,1)",0.5,0.02,16,0.01,0.1,0.2,0.27,0.25,0.17
"(3,1)",0.5,0.02,17,0.01,0.09,0.17,0.28,0.22,0.23
"(3,1)",0.5,0.02,18,0.01,0.09,0.14,0.25,0.24,0.27
"(3,1)",0.5,0.02,19,0.01,0.09,0.1,0.26,0.21,0.33
"(3,1)",0.5,0.02,20,0.01,0.09,0.09,0.21,0.21,0.39
"(3,1)",0.5,0.02,21,0.01,0.09,0.07,0.2,0.18,0.45
"(3,1)",0.5,0.02,22,0.01,0.08,0.08,0.13,0.18,0.52
"(3,1)",0.5,0.02,23,0.01,0.08,0.08,0.09,0.2,0.54
"(3,1)",0.5,0.02,24,0.01,0.08,0.08,0.08,0.16,0.59
"(3,1)",0.5,0.02,25,0.01,0.08,0.08,0.07,0.13,0.63
"(3,1)",0.5,0.02,26,0.01,0.08,0.07,0.08,0.11,0.65
"(3,1)",0.5,0.02,27,0.01,0.06,0.09,0.08,0.09,0.67
"(3,1)",0.5,0.02,28,0.01,0.06,0.09,0.07,0.07,0.7
"(3,1)",0.5,0.02,29,0.01,0.06,0.08,0.07,0.05,0.73
"(3,1)",0.5,0.02,30,0.01,0.06,0.08,0.07,0.03,0.75
"(3,1)",0.5,0.02,31,0.01,0.06,0.08,0.05,0.04,0.76
"(3,1)",0.5,0.02,32,0.01,0.06,0.08,0.05,0.03,0.77
"(3,1)",0.5,0.02,33,0.01,0.06,0.08,0.04,0.04,0.77
"(3,1)",0.5,0.02,34,0.01,0.06,0.08,0.04,0.04,0.77
"(3,1)",0.5,0.02,35,0.01,0.06,0.08,0.04,0.04,0.77
"(3,1)",0.5,0.02,36,0.01,0.06,0.08,0.03,0.05,0.77
"(3,1)",0.5,0.02,37,0.01,0.06,0.08,0.03,0.04,0.78
"(3,1)",0.5,0.02,38,0.01,0.06,0.08,0.02,0.04,0.79
"(3,1)",0.5,0.02,39,0.0,0.07,0.08,0.02,0.03,0.8
"(3,1)",0.5,0.02,40,0.0,0.07,0.08,0.02,0.03,0.8
"(3,1)",0.5,0.02,41,0.0,0.07,0.08,0.02,0.02,0.81
"(3,1)",0.5,0.02,42,0.0,0.07,0.07,0.03,0.01,0.82
"(3,1)",0.5,0.02,43,0.0,0.07,0.07,0.03,0.01,0.82
"(3,1)",0.5,0.02,44,0.0,0.07,0.07,0.03,0.0,0.83
"(3,1)",0.5,0.02,45,0.0,0.06,0.08,0.03,0.0,0.83
"(3,1)",0.5,0.02,46,0.0,0.06,0.08,0.03,0.0,0.83
"(3,1)",0.5,0.02,47,0.0,0.06,0.08,0.03,0.0,0.83
"(3,1)",0.5,0.02,48,0.0,0.06,0.08,0.03,0.0,0.83
"(3,1)",0.5,0.02,49,0.0,0.06,0.08,0.03,0.0,0.83
"(3,1)",0.5,0.02,50,0.0,0.06,0.07,0.04,0.0,0.83
"(3,1)",0.5,0.02,51,0.0,0.06,0.07,0.03,0.01,0.83
"(3,1)",0.5,0.02,52,0.0,0.06,0.07,0.03,0.01,0.83
"(3,1)",0.5,0.02,53,0.0,0.06,0.07,0.02,0.02,0.83
"(3,1)",0.5,0.02,54,0.0,0.06,0.07,0.02,0.01,0.84
"(3,1)",0.5,0.02,55,0.0,0.06,0.07,0.02,0.0,0.85
"(3,1)",0.5,0.02,56,0.0,0.06,0.07,0.02,0.0,0.85
"(3,1)",0.5,0.02,57,0.0,0.06,0.07,0.02,0.0,0.85
"(3,1)",0.5,0.02,58,0.0,0.06,0.07,0.02,0.0,0.85
"(3,1)",0.5,0.02,59,0.0,0.06,0.07,0.02,0.0,0.85
"(3,1)",0.5,0.02,60,0.0,0.06,0.06,0.03,0.0,0.85
"(3,1)",0.5,0.02,61,0.0,0.06,0.06,0.02,0.01,0.85
"(3,1)",0.5,0.02,62,0.0,0.06,0.06,0.01,0.01,0.86
"(3,1)",0.5,0.02,63,0.0,0.06,0.06,0.01,0.0,0.87
"(3,1)",0.5,0.02,64,0.0,0.05,0.07,0.01,0.0,0.87
"(3,1)",0.5,0.02,65,0.0,0.05,0.06,0.02,0.0,0.87
"(3,1)",0.5,0.02,66,0.0,0.05,0.06,0.01,0.01,0.87
"(3,1)",0.5,0.02,67,0.0,0.05,0.06,0.01,0.01,0.87
"(3,1)",0.5,0.02,68,0.0,0.05,0.06,0.01,0.01,0.87
"(3,1)",0.5,0.02,69,0.0,0.05,0.06,0.01,0.0,0.88
"(3,1)",0.5,0.02,70,0.0,0.05,0.06,0.01,0.0,0.88
"(3,1)",0.6,0.02,1,0.63,0.37,0.0,0.0,0.0,0.0
"(3,1)",0.6,0.02,2,0.29,0.71,0.0,0.0,0.0,0.0
"(3,1)",0.6,0.02,3,0.21,0.66,0.13,0.0,0.0,0.0
"(3,1)",0.6,0.02,4,0.18,0.52,0.27,0.03,0.0,0.0
"(3,1)",0.6,0.02,5,0.16,0.42,0.35,0.07,0.0,0.0
"(3,1)",0.6,0.02,6,0.13,0.4,0.35,0.12,0.0,0.0
"(3,1)",0.6,0.02,7,0.12,0.35,0.39,0.14,0.0,0.0
"(3,1)",0.6,0.02,8,0.11,0.3,0.37,0.18,0.04,0.0
"(3,1)",0.6,0.02,9,0.1,0.25,0.38,0.17,0.09,0.01
"(3,1)",0.6,0.02,10,0.08,0.25,0.33,0.18,0.15,0.01
"(3,1)",0.6,0.02,11,0.06,0.22,0.34,0.17,0.17,0.04
"(3,1)",0.6,0.02,12,0.06,0.17,0.36,0.17,0.16,0.08
"(3,1)",0.6,0.02,13,0.05,0.17,0.31,0.2,0.17,0.1
"(3,1)",0.6,0.02,14,0.05,0.16,0.29,0.19,0.17,0.14
"(3,1)",0.6,0.02,15,0.05,0.13,0.27,0.23,0.16,0.16
"(3,1)",0.6,0.02,16,0.05,0.12,0.27,0.22,0.16,0.18
"(3,1)",0.6,0.02,17,0.05,0.11,0.24,0.24,0.16,0.2
"(3,1)",0.6,0.02,18,0.05,0.11,0.21,0.24,0.16,0.23
"(3,1)",0.6,0.02,19,0.04,0.11,0.17,0.26,0.15,0.27
"(3,1)",0.6,0.02,20,0.04,0.11,0.15,0.26,0.14,0.3
"(3,1)",0.6,0.02,21,0.04,0.08,0.18,0.19,0.13,0.38
"(3,1)",0.6,0.02,22,0.04,0.07,0.18,0.19,0.1,0.42
"(3,1)",0.6,0.02,23,0.04,0.07,0.17,0.12,0.17,0.43
"(3,1)",0.6,0.02,24,0.04,0.06,0.17,0.12,0.12,0.49
"(3,1)",0.6,0.02,25,0.04,0.06,0.15,0.11,0.1,0.54
"(3,1)",0.6,0.02,26,0.04,0.06,0.13,0.11,0.12,0.54
"(3,1)",0.6,0.02,27,0.04,0.06,0.11,0.09,0.15,0.55
"(3,1)",0.6,0.02,28,0.04,0.06,0.1,0.1,0.09,0.61
"(3,1)",0.6,0.02,29,0.04,0.06,0.1,0.09,0.09,0.62
"(3,1)",0.6,0.02,30,0.04,0.06,0.1,0.06,0.09,0.65
"(3,1)",0.6,0.02,31,0.04,0.06,0.1,0.05,0.1,0.65
"(3,1)",0.6,0.02,32,0.04,0.06,0.1,0.05,0.08,0.67
"(3,1)",0.6,0.02,33,0.04,0.06,0.1,0.05,0.05,0.7
"(3,1)",0.6,0.02,34,0.04,0.05,0.09,0.06,0.06,0.7
"(3,1)",0.6,0.02,35,0.04,0.05,0.09,0.06,0.04,0.72
"(3,1)",0.6,0.02,36,0.04,0.04,0.1,0.05,0.04,0.73
"(3,1)",0.6,0.02,37,0.03,0.05,0.09,0.04,0.06,0.73
"(3,1)",0.6,0.02,38,0.03,0.05,0.09,0.04,0.03,0.76
"(3,1)",0.6,0.02,39,0.03,0.05,0.09,0.04,0.02,0.77
"(3,1)",0.6,0.02,40,0.03,0.04,0.1,0.04,0.02,0.77
"(3,1)",0.6,0.02,41,0.03,0.04,0.09,0.04,0.01,0.79
"(3,1)",0.6,0.02,42,0.03,0.04,0.08,0.05,0.01,0.79
"(3,1)",0.6,0.02,43,0.03,0.04,0.08,0.05,0.0,0.8
"(3,1)",0.6,0.02,44,0.03,0.04,0.08,0.02,0.03,0.8
"(3,1)",0.6,0.02,45,0.03,0.03,0.08,0.03,0.02,0.81
"(3,1)",0.6,0.02,46,0.03,0.03,0.08,0.03,0.01,0.82
"(3,1)",0.6,0.02,47,0.03,0.03,0.08,0.03,0.0,0.83
"(3,1)",0.6,0.02,48,0.03,0.03,0.08,0.03,0.0,0.83
"(3,1)",0.6,0.02,49,0.03,0.03,0.05,0.06,0.0,0.83
"(3,1)",0.6,0.02,50,0.03,0.02,0.06,0.06,0.0,0.83
"(3,1)",0.6,0.02,51,0.03,0.02,0.05,0.07,0.0,0.83
"(3,1)",0.6,0.02,52,0.03,0.02,0.05,0.06,0.01,0.83
"(3,1)",0.6,0.02,53,0.03,0.02,0.05,0.05,0.02,0.83
"(3,1)",0.6,0.02,54,0.03,0.02,0.04,0.06,0.02,0.83
"(3,1)",0.6,0.02,55,0.03,0.02,0.04,0.06,0.02,0.83
"(3,1)",0.6,0.02,56,0.03,0.02,0.04,0.06,0.02,0.83
"(3,1)",0.6,0.02,57,0.03,0.02,0.03,0.04,0.03,0.85
"(3,1)",0.6,0.02,58,0.03,0.02,0.03,0.04,0.03,0.85
"(3,1)",0.6,0.02,59,0.03,0.02,0.03,0.03,0.04,0.85
"(3,1)",0.6,0.02,60,0.03,0.02,0.03,0.03,0.03,0.86
"(3,1)",0.6,0.02,61,0.03,0.02,0.03,0.02,0.04,0.86
"(3,1)",0.6,0.02,62,0.03,0.02,0.03,0.02,0.04,0.86
"(3,1)",0.6,0.02,63,0.03,0.02,0.03,0.02,0.03,0.87
"(3,1)",0.6,0.02,64,0.03,0.02,0.03,0.02,0.01,0.89
"(3,1)",0.6,0.02,65,0.03,0.02,0.03,0.02,0.0,0.9
"(3,1)",0.6,0.02,66,0.03,0.02,0.03,0.02,0.0,0.9
"(3,1)",0.6,0.02,67,0.03,0.02,0.03,0.02,0.0,0.9
"(3,1)",0.6,0.02,68,0.03,0.02,0.03,0.02,0.0,0.9
"(3,1)",0.6,0.02,69,0.03,0.02,0.03,0.02,0.0,0.9
"(3,1)",0.6,0.02,70,0.03,0.02,0.03,0.02,0.0,0.9
"(3,1)",0.7,0.02,1,0.41,0.59,0.0,0.0,0.0,0.0
"(3,1)",0.7,0.02,2,0.25,0.74,0.01,0.0,0.0,0.0
"(3,1)",0.7,0.02,3,0.21,0.62,0.17,0.0,0.0,0.0
"(3,1)",0.7,0.02,4,0.2,0.53,0.27,0.0,0.0,0.0
"(3,1)",0.7,0.02,5,0.15,0.47,0.35,0.03,0.0,0.0
"(3,1)",0.7,0.02,6,0.11,0.43,0.36,0.08,0.02,0.0
"(3,1)",0.7,0.02,7,0.09,0.42,0.34,0.13,0.02,0.0
"(3,1)",0.7,0.02,8,0.08,0.38,0.36,0.13,0.04,0.01
"(3,1)",0.7,0.02,9,0.08,0.33,0.37,0.15,0.05,0.02
"(3,1)",0.7,0.02,10,0.08,0.32,0.3,0.18,0.1,0.02
"(3,1)",0.7,0.02,11,0.07,0.3,0.29,0.17,0.13,0.04
"(3,1)",0.7,0.02,12,0.07,0.26,0.28,0.21,0.14,0.04
"(3,1)",0.7,0.02,13,0.06,0.25,0.26,0.2,0.16,0.07
"(3,1)",0.7,0.02,14,0.06,0.22,0.25,0.21,0.16,0.1
"(3,1)",0.7,0.02,15,0.06,0.21,0.23,0.21,0.16,0.13
"(3,1)",0.7,0.02,16,0.06,0.2,0.2,0.22,0.1,0.22
"(3,1)",0.7,0.02,17,0.06,0.19,0.17,0.23,0.11,0.24
"(3,1)",0.7,0.02,18,0.06,0.17,0.19,0.2,0.12,0.26
"(3,1)",0.7,0.02,19,0.06,0.15,0.2,0.17,0.1,0.32
"(3,1)",0.7,0.02,20,0.06,0.15,0.18,0.14,0.14,0.33
"(3,1)",0.7,0.02,21,0.06,0.14,0.16,0.15,0.12,0.37
"(3,1)",0.7,0.02,22,0.06,0.14,0.15,0.15,0.12,0.38
"(3,1)",0.7,0.02,23,0.06,0.14,0.15,0.13,0.08,0.44
"(3,1)",0.7,0.02,24,0.06,0.14,0.14,0.13,0.06,0.47
"(3,1)",0.7,0.02,25,0.06,0.14,0.11,0.13,0.07,0.49
"(3,1)",0.7,0.02,26,0.06,0.14,0.1,0.1,0.08,0.52
"(3,1)",0.7,0.02,27,0.06,0.14,0.07,0.12,0.08,0.53
"(3,1)",0.7,0.02,28,0.06,0.14,0.06,0.09,0.11,0.54
"(3,1)",0.7,0.02,29,0.06,0.14,0.06,0.09,0.09,0.56
"(3,1)",0.7,0.02,30,0.06,0.14,0.04,0.07,0.11,0.58
"(3,1)",0.7,0.02,31,0.06,0.13,0.04,0.08,0.06,0.63
"(3,1)",0.7,0.02,32,0.06,0.13,0.04,0.08,0.03,0.66
"(3,1)",0.7,0.02,33,0.06,0.13,0.03,0.08,0.03,0.67
"(3,1)",0.7,0.02,34,0.06,0.13,0.03,0.06,0.04,0.68
"(3,1)",0.7,0.02,35,0.06,0.12,0.04,0.05,0.05,0.68
"(3,1)",0.7,0.02,36,0.06,0.12,0.03,0.06,0.04,0.69
"(3,1)",0.7,0.02,37,0.06,0.12,0.03,0.06,0.03,0.7
"(3,1)",0.7,0.02,38,0.06,0.12,0.02,0.06,0.03,0.71
"(3,1)",0.7,0.02,39,0.06,0.12,0.02,0.05,0.03,0.72
"(3,1)",0.7,0.02,40,0.06,0.12,0.02,0.05,0.02,0.73
"(3,1)",0.7,0.02,41,0.06,0.11,0.03,0.05,0.01,0.74
"(3,1)",0.7,0.02,42,0.06,0.11,0.03,0.03,0.02,0.75
"(3,1)",0.7,0.02,43,0.06,0.1,0.04,0.03,0.02,0.75
"(3,1)",0.7,0.02,44,0.06,0.1,0.04,0.03,0.02,0.75
"(3,1)",0.7,0.02,45,0.06,0.1,0.04,0.03,0.01,0.76
"(3,1)",0.7,0.02,46,0.06,0.1,0.04,0.02,0.01,0.77
"(3,1)",0.7,0.02,47,0.06,0.1,0.04,0.02,0.01,0.77
"(3,1)",0.7,0.02,48,0.05,0.1,0.05,0.01,0.02,0.77
"(3,1)",0.7,0.02,49,0.05,0.1,0.04,0.02,0.0,0.79
"(3,1)",0.7,0.02,50,0.04,0.11,0.04,0.02,0.0,0.79
"(3,1)",0.7,0.02,51,0.04,0.11,0.04,0.01,0.01,0.79
"(3,1)",0.7,0.02,52,0.04,0.11,0.04,0.01,0.0,0.8
"(3,1)",0.7,0.02,53,0.04,0.11,0.04,0.01,0.0,0.8
"(3,1)",0.7,0.02,54,0.04,0.11,0.04,0.01,0.0,0.8
"(3,1)",0.7,0.02,55,0.04,0.11,0.04,0.01,0.0,0.8
"(3,1)",0.7,0.02,56,0.04,0.11,0.04,0.01,0.0,0.8
"(3,1)",0.7,0.02,57,0.04,0.11,0.04,0.01,0.0,0.8
"(3,1)",0.7,0.02,58,0.04,0.11,0.04,0.01,0.0,0.8
"(3,1)",0.7,0.02,59,0.04,0.1,0.05,0.01,0.0,0.8
"(3,1)",0.7,0.02,60,0.04,0.1,0.04,0.02,0.0,0.8
"(3,1)",0.7,0.02,61,0.04,0.1,0.02,0.04,0.0,0.8
"(3,1)",0.7,0.02,62,0.04,0.1,0.01,0.03,0.02,0.8
"(3,1)",0.7,0.02,63,0.04,0.1,0.01,0.02,0.03,0.8
"(3,1)",0.7,0.02,64,0.04,0.1,0.01,0.02,0.03,0.8
"(3,1)",0.7,0.02,65,0.04,0.1,0.01,0.02,0.03,0.8
"(3,1)",0.7,0.02,66,0.04,0.09,0.02,0.02,0.02,0.81
"(3,1)",0.7,0.02,67,0.04,0.09,0.02,0.01,0.02,0.82
"(3,1)",0.7,0.02,68,0.04,0.09,0.02,0.01,0.01,0.83
"(3,1)",0.7,0.02,69,0.04,0.08,0.03,0.01,0.01,0.83
"(3,1)",0.7,0.02,70,0.04,0.08,0.01,0.03,0.01,0.83
"(3,1)",0.8,0.02,1,0.54,0.46,0.0,0.0,0.0,0.0
"(3,1)",0.8,0.02,2,0.42,0.51,0.07,0.0,0.0,0.0
"(3,1)",0.8,0.02,3,0.29,0.54,0.17,0.0,0.0,0.0
"(3,1)",0.8,0.02,4,0.19,0.54,0.26,0.01,0.0,0.0
"(3,1)",0.8,0.02,5,0.17,0.49,0.3,0.04,0.0,0.0
"(3,1)",0.8,0.02,6,0.13,0.43,0.37,0.07,0.0,0.0
"(3,1)",0.8,0.02,7,0.11,0.39,0.38,0.12,0.0,0.0
"(3,1)",0.8,0.02,8,0.1,0.35,0.4,0.13,0.02,0.0
"(3,1)",0.8,0.02,9,0.1,0.31,0.41,0.13,0.05,0.0
"(3,1)",0.8,0.02,10,0.1,0.27,0.43,0.12,0.07,0.01
"(3,1)",0.8,0.02,11,0.09,0.23,0.42,0.15,0.07,0.04
"(3,1)",0.8,0.02,12,0.09,0.2,0.43,0.15,0.09,0.04
"(3,1)",0.8,0.02,13,0.08,0.18,0.4,0.19,0.1,0.05
"(3,1)",0.8,0.02,14,0.08,0.17,0.39,0.18,0.11,0.07
"(3,1)",0.8,0.02,15,0.07,0.17,0.38,0.17,0.08,0.13
"(3,1)",0.8,0.02,16,0.07,0.15,0.36,0.18,0.1,0.14
"(3,1)",0.8,0.02,17,0.06,0.15,0.32,0.19,0.12,0.16
"(3,1)",0.8,0.02,18,0.06,0.15,0.32,0.18,0.09,0.2
"(3,1)",0.8,0.02,19,0.06,0.12,0.27,0.22,0.12,0.21
"(3,1)",0.8,0.02,20,0.06,0.12,0.23,0.21,0.13,0.25
"(3,1)",0.8,0.02,21,0.06,0.1,0.22,0.2,0.15,0.27
"(3,1)",0.8,0.02,22,0.06,0.1,0.22,0.15,0.18,0.29
"(3,1)",0.8,0.02,23,0.06,0.1,0.21,0.15,0.15,0.33
"(3,1)",0.8,0.02,24,0.05,0.11,0.2,0.12,0.17,0.35
"(3,1)",0.8,0.02,25,0.05,0.11,0.18,0.08,0.17,0.41
"(3,1)",0.8,0.02,26,0.05,0.1,0.18,0.09,0.14,0.44
"(3,1)",0.8,0.02,27,0.05,0.1,0.16,0.09,0.1,0.5
"(3,1)",0.8,0.02,28,0.05,0.1,0.15,0.09,0.07,0.54
"(3,1)",0.8,0.02,29,0.05,0.09,0.14,0.09,0.09,0.54
"(3,1)",0.8,0.02,30,0.05,0.09,0.14,0.06,0.08,0.58
"(3,1)",0.8,0.02,31,0.05,0.09,0.13,0.06,0.07,0.6
"(3,1)",0.8,0.02,32,0.05,0.09,0.11,0.08,0.06,0.61
"(3,1)",0.8,0.02,33,0.05,0.09,0.09,0.09,0.04,0.64
"(3,1)",0.8,0.02,34,0.04,0.1,0.09,0.06,0.06,0.65
"(3,1)",0.8,0.02,35,0.04,0.1,0.09,0.05,0.07,0.65
"(3,1)",0.8,0.02,36,0.04,0.1,0.09,0.05,0.04,0.68
"(3,1)",0.8,0.02,37,0.04,0.1,0.09,0.03,0.05,0.69
"(3,1)",0.8,0.02,38,0.04,0.1,0.08,0.03,0.06,0.69
"(3,1)",0.8,0.02,39,0.03,0.11,0.08,0.03,0.04,0.71
"(3,1)",0.8,0.02,40,0.03,0.11,0.08,0.02,0.04,0.72
"(3,1)",0.8,0.02,41,0.03,0.09,0.09,0.03,0.03,0.73
"(3,1)",0.8,0.02,42,0.03,0.09,0.09,0.02,0.03,0.74
"(3,1)",0.8,0.02,43,0.03,0.09,0.09,0.02,0.01,0.76
"(3,1)",0.8,0.02,44,0.03,0.09,0.09,0.02,0.01,0.76
"(3,1)",0.8,0.02,45,0.03,0.08,0.08,0.04,0.01,0.76
"(3,1)",0.8,0.02,46,0.03,0.07,0.08,0.04,0.01,0.77
"(3,1)",0.8,0.02,47,0.03,0.07,0.08,0.03,0.02,0.77
"(3,1)",0.8,0.02,48,0.03,0.07,0.08,0.03,0.02,0.77
"(3,1)",0.8,0.02,49,0.03,0.07,0.07,0.04,0.01,0.78
"(3,1)",0.8,0.02,50,0.03,0.07,0.07,0.03,0.02,0.78
"(3,1)",0.8,0.02,51,0.03,0.07,0.07,0.03,0.02,0.78
"(3,1)",0.8,0.02,52,0.03,0.07,0.07,0.01,0.03,0.79
"(3,1)",0.8,0.02,53,0.03,0.07,0.07,0.01,0.02,0.8
"(3,1)",0.8,0.02,54,0.03,0.07,0.07,0.0,0.03,0.8
"(3,1)",0.8,0.02,55,0.03,0.07,0.07,0.0,0.02,0.81
"(3,1)",0.8,0.02,56,0.03,0.07,0.07,0.0,0.01,0.82
"(3,1)",0.8,0.02,57,0.03,0.07,0.07,0.0,0.01,0.82
"(3,1)",0.8,0.02,58,0.03,0.07,0.07,0.0,0.01,0.82
"(3,1)",0.8,0.02,59,0.03,0.07,0.07,0.0,0.01,0.82
"(3,1)",0.8,0.02,60,0.03,0.07,0.07,0.0,0.01,0.82
"(3,1)",0.8,0.02,61,0.03,0.07,0.07,0.0,0.01,0.82
"(3,1)",0.8,0.02,62,0.03,0.07,0.07,0.0,0.01,0.82
"(3,1)",0.8,0.02,63,0.03,0.07,0.07,0.0,0.01,0.82
"(3,1)",0.8,0.02,64,0.03,0.07,0.07,0.0,0.0,0.83
"(3,1)",0.8,0.02,65,0.03,0.07,0.07,0.0,0.0,0.83
"(3,1)",0.8,0.02,66,0.03,0.07,0.07,0.0,0.0,0.83
"(3,1)",0.8,0.02,67,0.03,0.07,0.07,0.0,0.0,0.83
"(3,1)",0.8,0.02,68,0.03,0.07,0.07,0.0,0.0,0.83
"(3,1)",0.8,0.02,69,0.03,0.07,0.07,0.0,0.0,0.83
"(3,1)",0.8,0.02,70,0.03,0.06,0.08,0.0,0.0,0.83
"(3,1)",0.9,0.02,1,0.71,0.29,0.0,0.0,0.0,0.0
"(3,1)",0.9,0.02,2,0.56,0.39,0.05,0.0,0.0,0.0
"(3,1)",0.9,0.02,3,0.49,0.4,0.1,0.01,0.0,0.0
"(3,1)",0.9,0.02,4,0.41,0.44,0.13,0.02,0.0,0.0
"(3,1)",0.9,0.02,5,0.36,0.47,0.14,0.03,0.0,0.0
"(3,1)",0.9,0.02,6,0.29,0.52,0.15,0.04,0.0,0.0
"(3,1)",0.9,0.02,7,0.27,0.5,0.17,0.05,0.01,0.0
"(3,1)",0.9,0.02,8,0.22,0.5,0.21,0.06,0.01,0.0
"(3,1)",0.9,0.02,9,0.2,0.46,0.27,0.04,0.03,0.0
"(3,1)",0.9,0.02,10,0.18,0.43,0.32,0.04,0.02,0.01
"(3,1)",0.9,0.02,11,0.17,0.38,0.35,0.07,0.01,0.02
"(3,1)",0.9,0.02,12,0.16,0.35,0.33,0.12,0.01,0.03
"(3,1)",0.9,0.02,13,0.14,0.34,0.29,0.18,0.02,0.03
"(3,1)",0.9,0.02,14,0.12,0.33,0.27,0.2,0.04,0.04
"(3,1)",0.9,0.02,15,0.12,0.33,0.25,0.18,0.08,0.04
"(3,1)",0.9,0.02,16,0.12,0.28,0.28,0.18,0.09,0.05
"(3,1)",0.9,0.02,17,0.12,0.27,0.25,0.19,0.08,0.09
"(3,1)",0.9,0.02,18,0.12,0.27,0.19,0.22,0.09,0.11
"(3,1)",0.9,0.02,19,0.1,0.27,0.2,0.21,0.07,0.15
"(3,1)",0.9,0.02,20,0.08,0.27,0.2,0.2,0.08,0.17
"(3,1)",0.9,0.02,21,0.08,0.26,0.19,0.17,0.09,0.21
"(3,1)",0.9,0.02,22,0.08,0.24,0.2,0.13,0.08,0.27
"(3,1)",0.9,0.02,23,0.08,0.22,0.18,0.17,0.04,0.31
"(3,1)",0.9,0.02,24,0.08,0.19,0.18,0.19,0.05,0.31
"(3,1)",0.9,0.02,25,0.08,0.18,0.18,0.17,0.05,0.34
"(3,1)",0.9,0.02,26,0.08,0.17,0.18,0.15,0.06,0.36
"(3,1)",0.9,0.02,27,0.08,0.17,0.17,0.1,0.12,0.36
"(3,1)",0.9,0.02,28,0.08,0.17,0.16,0.09,0.11,0.39
"(3,1)",0.9,0.02,29,0.08,0.17,0.16,0.09,0.07,0.43
"(3,1)",0.9,0.02,30,0.07,0.18,0.15,0.09,0.06,0.45
"(3,1)",0.9,0.02,31,0.07,0.18,0.13,0.09,0.06,0.47
"(3,1)",0.9,0.02,32,0.07,0.17,0.13,0.08,0.08,0.47
"(3,1)",0.9,0.02,33,0.07,0.17,0.13,0.08,0.07,0.48
"(3,1)",0.9,0.02,34,0.07,0.15,0.14,0.07,0.07,0.5
"(3,1)",0.9,0.02,35,0.07,0.15,0.11,0.09,0.06,0.52
"(3,1)",0.9,0.02,36,0.06,0.16,0.11,0.08,0.07,0.52
"(3,1)",0.9,0.02,37,0.06,0.16,0.11,0.08,0.05,0.54
"(3,1)",0.9,0.02,38,0.06,0.15,0.11,0.09,0.05,0.54
"(3,1)",0.9,0.02,39,0.06,0.14,0.12,0.08,0.06,0.54
"(3,1)",0.9,0.02,40,0.06,0.13,0.13,0.08,0.03,0.57
"(3,1)",0.9,0.02,41,0.06,0.13,0.13,0.07,0.03,0.58
"(3,1)",0.9,0.02,42,0.06,0.13,0.13,0.05,0.04,0.59
"(3,1)",0.9,0.02,43,0.06,0.13,0.13,0.05,0.04,0.59
"(3,1)",0.9,0.02,44,0.06,0.13,0.13,0.05,0.02,0.61
"(3,1)",0.9,0.02,45,0.06,0.13,0.13,0.05,0.02,0.61
"(3,1)",0.9,0.02,46,0.06,0.13,0.11,0.07,0.02,0.61
"(3,1)",0.9,0.02,47,0.06,0.13,0.11,0.05,0.03,0.62
"(3,1)",0.9,0.02,48,0.06,0.13,0.11,0.03,0.05,0.62
"(3,1)",0.9,0.02,49,0.06,0.13,0.11,0.03,0.04,0.63
"(3,1)",0.9,0.02,50,0.06,0.13,0.1,0.04,0.03,0.64
"(3,1)",0.9,0.02,51,0.06,0.13,0.09,0.05,0.02,0.65
"(3,1)",0.9,0.02,52,0.06,0.13,0.09,0.05,0.02,0.65
"(3,1)",0.9,0.02,53,0.05,0.14,0.09,0.04,0.03,0.65
"(3,1)",0.9,0.02,54,0.05,0.14,0.09,0.03,0.04,0.65
"(3,1)",0.9,0.02,55,0.05,0.14,0.09,0.03,0.04,0.65
"(3,1)",0.9,0.02,56,0.05,0.13,0.09,0.04,0.04,0.65
"(3,1)",0.9,0.02,57,0.05,0.13,0.08,0.05,0.04,0.65
"(3,1)",0.9,0.02,58,0.05,0.13,0.07,0.06,0.04,0.65
"(3,1)",0.9,0.02,59,0.05,0.13,0.07,0.06,0.03,0.66
"(3,1)",0.9,0.02,60,0.05,0.13,0.06,0.06,0.02,0.68
"(3,1)",0.9,0.02,61,0.05,0.12,0.07,0.06,0.02,0.68
"(3,1)",0.9,0.02,62,0.05,0.12,0.07,0.05,0.03,0.68
"(3,1)",0.9,0.02,63,0.05,0.11,0.07,0.04,0.05,0.68
"(3,1)",0.9,0.02,64,0.05,0.11,0.07,0.03,0.05,0.69
"(3,1)",0.9,0.02,65,0.05,0.11,0.07,0.03,0.05,0.69
"(3,1)",0.9,0.02,66,0.05,0.11,0.06,0.04,0.04,0.7
"(3,1)",0.9,0.02,67,0.05,0.11,0.05,0.05,0.03,0.71
"(3,1)",0.9,0.02,68,0.05,0.11,0.05,0.05,0.03,0.71
"(3,1)",0.9,0.02,69,0.05,0.11,0.05,0.05,0.03,0.71
"(3,1)",0.9,0.02,70,0.05,0.11,0.05,0.05,0.03,0.71
"(4,1)",0.1,0.02,1,1.0,0.0,0.0,0.0,0.0,0.0
"(4,1)",0.1,0.02,2,0.99,0.01,0.0,0.0,0.0,0.0
"(4,1)",0.1,0.02,3,0.95,0.05,0.0,0.0,0.0,0.0
"(4,1)",0.1,0.02,4,0.81,0.16,0.03,0.0,0.0,0.0
"(4,1)",0.1,0.02,5,0.63,0.3,0.06,0.01,0.0,0.0
"(4,1)",0.1,0.02,6,0.44,0.37,0.15,0.03,0.01,0.0
"(4,1)",0.1,0.02,7,0.23,0.41,0.24,0.11,0.01,0.0
"(4,1)",0.1,0.02,8,0.14,0.35,0.25,0.19,0.06,0.01
"(4,1)",0.1,0.02,9,0.09,0.27,0.27,0.2,0.13,0.04
"(4,1)",0.1,0.02,10,0.04,0.24,0.21,0.27,0.1,0.14
"(4,1)",0.1,0.02,11,0.04,0.14,0.18,0.28,0.19,0.17
"(4,1)",0.1,0.02,12,0.02,0.13,0.13,0.17,0.29,0.26
"(4,1)",0.1,0.02,13,0.02,0.09,0.09,0.16,0.21,0.43
"(4,1)",0.1,0.02,14,0.01,0.07,0.1,0.12,0.2,0.5
"(4,1)",0.1,0.02,15,0.0,0.06,0.09,0.1,0.19,0.56
"(4,1)",0.1,0.02,16,0.0,0.06,0.06,0.09,0.16,0.63
"(4,1)",0.1,0.02,17,0.0,0.04,0.04,0.1,0.12,0.7
"(4,1)",0.1,0.02,18,0.0,0.03,0.05,0.09,0.06,0.77
"(4,1)",0.1,0.02,19,0.0,0.03,0.02,0.1,0.05,0.8
"(4,1)",0.1,0.02,20,0.0,0.01,0.02,0.09,0.06,0.82
"(4,1)",0.1,0.02,21,0.0,0.01,0.01,0.07,0.05,0.86
"(4,1)",0.1,0.02,22,0.0,0.01,0.0,0.05,0.05,0.89
"(4,1)",0.1,0.02,23,0.0,0.01,0.0,0.04,0.03,0.92
"(4,1)",0.1,0.02,24,0.0,0.01,0.0,0.04,0.02,0.93
"(4,1)",0.1,0.02,25,0.0,0.01,0.0,0.04,0.01,0.94
"(4,1)",0.1,0.02,26,0.0,0.01,0.0,0.04,0.0,0.95
"(4,1)",0.1,0.02,27,0.0,0.01,0.0,0.04,0.0,0.95
"(4,1)",0.1,0.02,28,0.0,0.01,0.0,0.04,0.0,0.95
"(4,1)",0.1,0.02,29,0.0,0.01,0.0,0.04,0.0,0.95
"(4,1)",0.1,0.02,30,0.0,0.01,0.0,0.04,0.0,0.95
"(4,1)",0.1,0.02,31,0.0,0.01,0.0,0.04,0.0,0.95
"(4,1)",0.1,0.02,32,0.0,0.01,0.0,0.04,0.0,0.95
"(4,1)",0.1,0.02,33,0.0,0.01,0.0,0.04,0.0,0.95
"(4,1)",0.1,0.02,34,0.0,0.01,0.0,0.04,0.0,0.95
"(4,1)",0.1,0.02,35,0.0,0.01,0.0,0.04,0.0,0.95
"(4,1)",0.1,0.02,36,0.0,0.01,0.0,0.04,0.0,0.95
"(4,1)",0.1,0.02,37,0.0,0.01,0.0,0.04,0.0,0.95
"(4,1)",0.1,0.02,38,0.0,0.01,0.0,0.04,0.0,0.95
"(4,1)",0.1,0.02,39,0.0,0.01,0.0,0.04,0.0,0.95
"(4,1)",0.1,0.02,40,0.0,0.01,0.0,0.04,0.0,0.95
"(4,1)",0.1,0.02,41,0.0,0.01,0.0,0.04,0.0,0.95
"(4,1)",0.1,0.02,42,0.0,0.01,0.0,0.04,0.0,0.95
"(4,1)",0.1,0.02,43,0.0,0.01,0.0,0.04,0.0,0.95
"(4,1)",0.1,0.02,44,0.0,0.01,0.0,0.04,0.0,0.95
"(4,1)",0.1,0.02,45,0.0,0.01,0.0,0.04,0.0,0.95
"(4,1)",0.1,0.02,46,0.0,0.01,0.0,0.04,0.0,0.95
"(4,1)",0.1,0.02,47,0.0,0.01,0.0,0.04,0.0,0.95
"(4,1)",0.1,0.02,48,0.0,0.01,0.0,0.04,0.0,0.95
"(4,1)",0.1,0.02,49,0.0,0.01,0.0,0.04,0.0,0.95
"(4,1)",0.1,0.02,50,0.0,0.01,0.0,0.04,0.0,0.95
"(4,1)",0.1,0.02,51,0.0,0.01,0.0,0.04,0.0,0.95
"(4,1)",0.1,0.02,52,0.0,0.01,0.0,0.04,0.0,0.95
"(4,1)",0.1,0.02,53,0.0,0.01,0.0,0.04,0.0,0.95
"(4,1)",0.1,0.02,54,0.0,0.01,0.0,0.04,0.0,0.95
"(4,1)",0.1,0.02,55,0.0,0.01,0.0,0.04,0.0,0.95
"(4,1)",0.1,0.02,56,0.0,0.01,0.0,0.04,0.0,0.95
"(4,1)",0.1,0.02,57,0.0,0.01,0.0,0.04,0.0,0.95
"(4,1)",0.1,0.02,58,0.0,0.01,0.0,0.04,0.0,0.95
"(4,1)",0.1,0.02,59,0.0,0.01,0.0,0.04,0.0,0.95
"(4,1)",0.1,0.02,60,0.0,0.01,0.0,0.04,0.0,0.95
"(4,1)",0.1,0.02,61,0.0,0.01,0.0,0.04,0.0,0.95
"(4,1)",0.1,0.02,62,0.0,0.01,0.0,0.04,0.0,0.95
"(4,1)",0.1,0.02,63,0.0,0.01,0.0,0.04,0.0,0.95
"(4,1)",0.1,0.02,64,0.0,0.01,0.0,0.04,0.0,0.95
"(4,1)",0.1,0.02,65,0.0,0.01,0.0,0.04,0.0,0.95
"(4,1)",0.1,0.02,66,0.0,0.01,0.0,0.04,0.0,0.95
"(4,1)",0.1,0.02,67,0.0,0.01,0.0,0.04,0.0,0.95
"(4,1)",0.1,0.02,68,0.0,0.01,0.0,0.04,0.0,0.95
"(4,1)",0.1,0.02,69,0.0,0.01,0.0,0.04,0.0,0.95
"(4,1)",0.1,0.02,70,0.0,0.01,0.0,0.04,0.0,0.95
"(4,1)",0.2,0.02,1,1.0,0.0,0.0,0.0,0.0,0.0
"(4,1)",0.2,0.02,2,0.89,0.11,0.0,0.0,0.0,0.0
"(4,1)",0.2,0.02,3,0.62,0.37,0.01,0.0,0.0,0.0
"(4,1)",0.2,0.02,4,0.44,0.46,0.09,0.01,0.0,0.0
"(4,1)",0.2,0.02,5,0.26,0.51,0.17,0.06,0.0,0.0
"(4,1)",0.2,0.02,6,0.12,0.43,0.29,0.16,0.0,0.0
"(4,1)",0.2,0.02,7,0.05,0.37,0.26,0.31,0.01,0.0
"(4,1)",0.2,0.02,8,0.05,0.25,0.26,0.36,0.08,0.0
"(4,1)",0.2,0.02,9,0.04,0.2,0.2,0.38,0.17,0.01
"(4,1)",0.2,0.02,10,0.02,0.17,0.16,0.35,0.22,0.08
"(4,1)",0.2,0.02,11,0.02,0.16,0.11,0.37,0.18,0.16
"(4,1)",0.2,0.02,12,0.0,0.15,0.1,0.32,0.21,0.22
"(4,1)",0.2,0.02,13,0.0,0.13,0.08,0.28,0.21,0.3
"(4,1)",0.2,0.02,14,0.0,0.11,0.1,0.22,0.2,0.37
"(4,1)",0.2,0.02,15,0.0,0.1,0.09,0.19,0.19,0.43
"(4,1)",0.2,0.02,16,0.0,0.1,0.06,0.16,0.19,0.49
"(4,1)",0.2,0.02,17,0.0,0.09,0.05,0.12,0.17,0.57
"(4,1)",0.2,0.02,18,0.0,0.09,0.03,0.11,0.18,0.59
"(4,1)",0.2,0.02,19,0.0,0.09,0.03,0.1,0.12,0.66
"(4,1)",0.2,0.02,20,0.0,0.09,0.03,0.07,0.11,0.7
"(4,1)",0.2,0.02,21,0.0,0.08,0.03,0.05,0.08,0.76
"(4,1)",0.2,0.02,22,0.0,0.08,0.01,0.04,0.08,0.79
"(4,1)",0.2,0.02,23,0.0,0.07,0.02,0.03,0.07,0.81
"(4,1)",0.2,0.02,24,0.0,0.07,0.02,0.03,0.04,0.84
"(4,1)",0.2,0.02,25,0.0,0.07,0.01,0.03,0.02,0.87
"(4,1)",0.2,0.02,26,0.0,0.07,0.01,0.01,0.03,0.88
"(4,1)",0.2,0.02,27,0.0,0.06,0.02,0.01,0.02,0.89
"(4,1)",0.2,0.02,28,0.0,0.06,0.02,0.01,0.01,0.9
"(4,1)",0.2,0.02,29,0.0,0.06,0.01,0.02,0.01,0.9
"(4,1)",0.2,0.02,30,0.0,0.06,0.01,0.01,0.02,0.9
"(4,1)",0.2,0.02,31,0.0,0.06,0.0,0.02,0.02,0.9
"(4,1)",0.2,0.02,32,0.0,0.06,0.0,0.02,0.02,0.9
"(4,1)",0.2,0.02,33,0.0,0.06,0.0,0.01,0.01,0.92
"(4,1)",0.2,0.02,34,0.0,0.06,0.0,0.0,0.02,0.92
"(4,1)",0.2,0.02,35,0.0,0.06,0.0,0.0,0.02,0.92
"(4,1)",0.2,0.02,36,0.0,0.06,0.0,0.0,0.02,0.92
"(4,1)",0.2,0.02,37,0.0,0.06,0.0,0.0,0.02,0.92
"(4,1)",0.2,0.02,38,0.0,0.06,0.0,0.0,0.02,0.92
"(4,1)",0.2,0.02,39,0.0,0.06,0.0,0.0,0.02,0.92
"(4,1)",0.2,0.02,40,0.0,0.05,0.01,0.0,0.01,0.93
"(4,1)",0.2,0.02,41,0.0,0.05,0.01,0.0,0.0,0.94
"(4,1)",0.2,0.02,42,0.0,0.05,0.01,0.0,0.0,0.94
"(4,1)",0.2,0.02,43,0.0,0.05,0.01,0.0,0.0,0.94
"(4,1)",0.2,0.02,44,0.0,0.05,0.01,0.0,0.0,0.94
"(4,1)",0.2,0.02,45,0.0,0.05,0.01,0.0,0.0,0.94
"(4,1)",0.2,0.02,46,0.0,0.04,0.02,0.0,0.0,0.94
"(4,1)",0.2,0.02,47,0.0,0.04,0.02,0.0,0.0,0.94
"(4,1)",0.2,0.02,48,0.0,0.04,0.02,0.0,0.0,0.94
"(4,1)",0.2,0.02,49,0.0,0.04,0.02,0.0,0.0,0.94
"(4,1)",0.2,0.02,50,0.0,0.04,0.02,0.0,0.0,0.94
"(4,1)",0.2,0.02,51,0.0,0.04,0.02,0.0,0.0,0.94
"(4,1)",0.2,0.02,52,0.0,0.04,0.02,0.0,0.0,0.94
"(4,1)",0.2,0.02,53,0.0,0.04,0.01,0.01,0.0,0.94
"(4,1)",0.2,0.02,54,0.0,0.04,0.01,0.0,0.01,0.94
"(4,1)",0.2,0.02,55,0.0,0.04,0.01,0.0,0.0,0.95
"(4,1)",0.2,0.02,56,0.0,0.04,0.01,0.0,0.0,0.95
"(4,1)",0.2,0.02,57,0.0,0.04,0.01,0.0,0.0,0.95
"(4,1)",0.2,0.02,58,0.0,0.04,0.01,0.0,0.0,0.95
"(4,1)",0.2,0.02,59,0.0,0.04,0.01,0.0,0.0,0.95
"(4,1)",0.2,0.02,60,0.0,0.04,0.01,0.0,0.0,0.95
"(4,1)",0.2,0.02,61,0.0,0.04,0.01,0.0,0.0,0.95
"(4,1)",0.2,0.02,62,0.0,0.04,0.01,0.0,0.0,0.95
"(4,1)",0.2,0.02,63,0.0,0.04,0.01,0.0,0.0,0.95
"(4,1)",0.2,0.02,64,0.0,0.04,0.01,0.0,0.0,0.95
"(4,1)",0.2,0.02,65,0.0,0.04,0.01,0.0,0.0,0.95
"(4,1)",0.2,0.02,66,0.0,0.04,0.01,0.0,0.0,0.95
"(4,1)",0.2,0.02,67,0.0,0.04,0.01,0.0,0.0,0.95
"(4,1)",0.2,0.02,68,0.0,0.04,0.01,0.0,0.0,0.95
"(4,1)",0.2,0.02,69,0.0,0.04,0.01,0.0,0.0,0.95
"(4,1)",0.2,0.02,70,0.0,0.04,0.01,0.0,0.0,0.95
"(4,1)",0.3,0.02,1,0.96,0.04,0.0,0.0,0.0,0.0
"(4,1)",0.3,0.02,2,0.56,0.44,0.0,0.0,0.0,0.0
"(4,1)",0.3,0.02,3,0.39,0.56,0.05,0.0,0.0,0.0
"(4,1)",0.3,0.02,4,0.26,0.5,0.22,0.02,0.0,0.0
"(4,1)",0.3,0.02,5,0.16,0.48,0.27,0.08,0.01,0.0
"(4,1)",0.3,0.02,6,0.08,0.46,0.28,0.15,0.03,0.0
"(4,1)",0.3,0.02,7,0.07,0.35,0.32,0.21,0.05,0.0
"(4,1)",0.3,0.02,8,0.05,0.28,0.32,0.27,0.08,0.0
"(4,1)",0.3,0.02,9,0.03,0.26,0.27,0.33,0.08,0.03
"(4,1)",0.3,0.02,10,0.02,0.2,0.29,0.32,0.13,0.04
"(4,1)",0.3,0.02,11,0.02,0.19,0.26,0.27,0.17,0.09
"(4,1)",0.3,0.02,12,0.02,0.15,0.26,0.24,0.17,0.16
"(4,1)",0.3,0.02,13,0.02,0.14,0.23,0.26,0.18,0.17
"(4,1)",0.3,0.02,14,0.02,0.1,0.22,0.26,0.2,0.2
"(4,1)",0.3,0.02,15,0.02,0.08,0.16,0.26,0.19,0.29
"(4,1)",0.3,0.02,16,0.02,0.07,0.15,0.24,0.19,0.33
"(4,1)",0.3,0.02,17,0.02,0.06,0.15,0.18,0.2,0.39
"(4,1)",0.3,0.02,18,0.02,0.04,0.14,0.14,0.23,0.43
"(4,1)",0.3,0.02,19,0.02,0.03,0.12,0.12,0.24,0.47
"(4,1)",0.3,0.02,20,0.02,0.02,0.12,0.07,0.2,0.57
"(4,1)",0.3,0.02,21,0.02,0.02,0.12,0.06,0.16,0.62
"(4,1)",0.3,0.02,22,0.02,0.02,0.08,0.09,0.11,0.68
"(4,1)",0.3,0.02,23,0.01,0.03,0.07,0.07,0.1,0.72
"(4,1)",0.3,0.02,24,0.01,0.02,0.06,0.08,0.08,0.75
"(4,1)",0.3,0.02,25,0.01,0.02,0.05,0.05,0.1,0.77
"(4,1)",0.3,0.02,26,0.01,0.02,0.04,0.05,0.06,0.82
"(4,1)",0.3,0.02,27,0.01,0.02,0.03,0.06,0.05,0.83
"(4,1)",0.3,0.02,28,0.01,0.02,0.03,0.05,0.04,0.85
"(4,1)",0.3,0.02,29,0.01,0.02,0.03,0.02,0.07,0.85
"(4,1)",0.3,0.02,30,0.01,0.02,0.03,0.01,0.07,0.86
"(4,1)",0.3,0.02,31,0.01,0.02,0.02,0.02,0.02,0.91
"(4,1)",0.3,0.02,32,0.01,0.02,0.02,0.02,0.01,0.92
"(4,1)",0.3,0.02,33,0.01,0.02,0.02,0.02,0.01,0.92
"(4,1)",0.3,0.02,34,0.01,0.02,0.02,0.01,0.02,0.92
"(4,1)",0.3,0.02,35,0.01,0.02,0.02,0.01,0.0,0.94
"(4,1)",0.3,0.02,36,0.01,0.02,0.02,0.01,0.0,0.94
"(4,1)",0.3,0.02,37,0.01,0.02,0.02,0.01,0.0,0.94
"(4,1)",0.3,0.02,38,0.01,0.02,0.02,0.01,0.0,0.94
"(4,1)",0.3,0.02,39,0.01,0.02,0.02,0.01,0.0,0.94
"(4,1)",0.3,0.02,40,0.01,0.02,0.02,0.01,0.0,0.94
"(4,1)",0.3,0.02,41,0.01,0.02,0.02,0.01,0.0,0.94
"(4,1)",0.3,0.02,42,0.01,0.02,0.02,0.01,0.0,0.94
"(4,1)",0.3,0.02,43,0.01,0.02,0.02,0.01,0.0,0.94
"(4,1)",0.3,0.02,44,0.01,0.02,0.02,0.01,0.0,0.94
"(4,1)",0.3,0.02,45,0.01,0.02,0.02,0.01,0.0,0.94
"(4,1)",0.3,0.02,46,0.01,0.02,0.02,0.01,0.0,0.94
"(4,1)",0.3,0.02,47,0.01,0.02,0.02,0.01,0.0,0.94
"(4,1)",0.3,0.02,48,0.01,0.02,0.02,0.01,0.0,0.94
"(4,1)",0.3,0.02,49,0.01,0.02,0.02,0.01,0.0,0.94
"(4,1)",0.3,0.02,50,0.01,0.02,0.02,0.01,0.0,0.94
"(4,1)",0.3,0.02,51,0.01,0.02,0.02,0.01,0.0,0.94
"(4,1)",0.3,0.02,52,0.01,0.02,0.02,0.01,0.0,0.94
"(4,1)",0.3,0.02,53,0.01,0.02,0.02,0.01,0.0,0.94
"(4,1)",0.3,0.02,54,0.01,0.02,0.02,0.01,0.0,0.94
"(4,1)",0.3,0.02,55,0.01,0.02,0.02,0.01,0.0,0.94
"(4,1)",0.3,0.02,56,0.01,0.02,0.02,0.01,0.0,0.94
"(4,1)",0.3,0.02,57,0.01,0.02,0.02,0.01,0.0,0.94
"(4,1)",0.3,0.02,58,0.01,0.02,0.02,0.01,0.0,0.94
"(4,1)",0.3,0.02,59,0.01,0.02,0.02,0.01,0.0,0.94
"(4,1)",0.3,0.02,60,0.01,0.02,0.02,0.01,0.0,0.94
"(4,1)",0.3,0.02,61,0.01,0.02,0.01,0.02,0.0,0.94
"(4,1)",0.3,0.02,62,0.01,0.02,0.01,0.02,0.0,0.94
"(4,1)",0.3,0.02,63,0.01,0.02,0.01,0.02,0.0,0.94
"(4,1)",0.3,0.02,64,0.01,0.02,0.01,0.02,0.0,0.94
"(4,1)",0.3,0.02,65,0.01,0.02,0.01,0.02,0.0,0.94
"(4,1)",0.3,0.02,66,0.01,0.02,0.01,0.02,0.0,0.94
"(4,1)",0.3,0.02,67,0.01,0.02,0.01,0.02,0.0,0.94
"(4,1)",0.3,0.02,68,0.01,0.02,0.01,0.02,0.0,0.94
"(4,1)",0.3,0.02,69,0.01,0.02,0.01,0.02,0.0,0.94
"(4,1)",0.3,0.02,70,0.01,0.02,0.01,0.01,0.01,0.94
"(4,1)",0.4,0.02,1,0.94,0.06,0.0,0.0,0.0,0.0
"(4,1)",0.4,0.02,2,0.33,0.67,0.0,0.0,0.0,0.0
"(4,1)",0.4,0.02,3,0.17,0.79,0.04,0.0,0.0,0.0
"(4,1)",0.4,0.02,4,0.11,0.6,0.28,0.01,0.0,0.0
"(4,1)",0.4,0.02,5,0.1,0.42,0.35,0.13,0.0,0.0
"(4,1)",0.4,0.02,6,0.08,0.36,0.37,0.18,0.01,0.0
"(4,1)",0.4,0.02,7,0.03,0.34,0.38,0.21,0.04,0.0
"(4,1)",0.4,0.02,8,0.03,0.25,0.39,0.26,0.05,0.02
"(4,1)",0.4,0.02,9,0.03,0.22,0.34,0.3,0.09,0.02
"(4,1)",0.4,0.02,10,0.02,0.2,0.33,0.26,0.14,0.05
"(4,1)",0.4,0.02,11,0.02,0.18,0.3,0.26,0.17,0.07
"(4,1)",0.4,0.02,12,0.02,0.16,0.28,0.28,0.17,0.09
"(4,1)",0.4,0.02,13,0.02,0.11,0.3,0.22,0.23,0.12
"(4,1)",0.4,0.02,14,0.02,0.11,0.23,0.21,0.26,0.17
"(4,1)",0.4,0.02,15,0.02,0.09,0.21,0.21,0.23,0.24
"(4,1)",0.4,0.02,16,0.02,0.08,0.21,0.19,0.18,0.32
"(4,1)",0.4,0.02,17,0.02,0.08,0.16,0.2,0.19,0.35
"(4,1)",0.4,0.02,18,0.02,0.06,0.17,0.18,0.14,0.43
"(4,1)",0.4,0.02,19,0.02,0.06,0.14,0.16,0.15,0.47
"(4,1)",0.4,0.02,20,0.02,0.06,0.1,0.18,0.13,0.51
"(4,1)",0.4,0.02,21,0.02,0.06,0.08,0.17,0.13,0.54
"(4,1)",0.4,0.02,22,0.02,0.06,0.07,0.14,0.15,0.56
"(4,1)",0.4,0.02,23,0.02,0.06,0.07,0.12,0.11,0.62
"(4,1)",0.4,0.02,24,0.02,0.05,0.07,0.09,0.08,0.69
"(4,1)",0.4,0.02,25,0.02,0.05,0.06,0.09,0.07,0.71
"(4,1)",0.4,0.02,26,0.01,0.06,0.06,0.05,0.09,0.73
"(4,1)",0.4,0.02,27,0.01,0.06,0.05,0.05,0.07,0.76
"(4,1)",0.4,0.02,28,0.01,0.06,0.05,0.05,0.07,0.76
"(4,1)",0.4,0.02,29,0.01,0.06,0.05,0.04,0.07,0.77
"(4,1)",0.4,0.02,30,0.01,0.06,0.04,0.04,0.06,0.79
"(4,1)",0.4,0.02,31,0.01,0.06,0.03,0.05,0.05,0.8
"(4,1)",0.4,0.02,32,0.01,0.05,0.04,0.04,0.04,0.82
"(4,1)",0.4,0.02,33,0.01,0.05,0.04,0.04,0.01,0.85
"(4,1)",0.4,0.02,34,0.01,0.05,0.04,0.01,0.03,0.86
"(4,1)",0.4,0.02,35,0.01,0.05,0.04,0.0,0.03,0.87
"(4,1)",0.4,0.02,36,0.01,0.05,0.04,0.0,0.03,0.87
"(4,1)",0.4,0.02,37,0.01,0.05,0.04,0.0,0.01,0.89
"(4,1)",0.4,0.02,38,0.01,0.05,0.03,0.01,0.01,0.89
"(4,1)",0.4,0.02,39,0.01,0.05,0.03,0.01,0.01,0.89
"(4,1)",0.4,0.02,40,0.01,0.05,0.03,0.01,0.0,0.9
"(4,1)",0.4,0.02,41,0.01,0.05,0.03,0.01,0.0,0.9
"(4,1)",0.4,0.02,42,0.01,0.05,0.03,0.0,0.01,0.9
"(4,1)",0.4,0.02,43,0.01,0.05,0.03,0.0,0.0,0.91
"(4,1)",0.4,0.02,44,0.01,0.05,0.03,0.0,0.0,0.91
"(4,1)",0.4,0.02,45,0.01,0.05,0.03,0.0,0.0,0.91
"(4,1)",0.4,0.02,46,0.01,0.05,0.03,0.0,0.0,0.91
"(4,1)",0.4,0.02,47,0.01,0.05,0.03,0.0,0.0,0.91
"(4,1)",0.4,0.02,48,0.01,0.05,0.03,0.0,0.0,0.91
"(4,1)",0.4,0.02,49,0.01,0.05,0.03,0.0,0.0,0.91
"(4,1)",0.4,0.02,50,0.01,0.05,0.03,0.0,0.0,0.91
"(4,1)",0.4,0.02,51,0.01,0.05,0.03,0.0,0.0,0.91
"(4,1)",0.4,0.02,52,0.01,0.05,0.03,0.0,0.0,0.91
"(4,1)",0.4,0.02,53,0.01,0.05,0.03,0.0,0.0,0.91
"(4,1)",0.4,0.02,54,0.01,0.05,0.03,0.0,0.0,0.91
"(4,1)",0.4,0.02,55,0.01,0.05,0.03,0.0,0.0,0.91
"(4,1)",0.4,0.02,56,0.01,0.05,0.03,0.0,0.0,0.91
"(4,1)",0.4,0.02,57,0.01,0.05,0.03,0.0,0.0,0.91
"(4,1)",0.4,0.02,58,0.01,0.05,0.03,0.0,0.0,0.91
"(4,1)",0.4,0.02,59,0.01,0.05,0.03,0.0,0.0,0.91
"(4,1)",0.4,0.02,60,0.01,0.05,0.03,0.0,0.0,0.91
"(4,1)",0.4,0.02,61,0.01,0.05,0.03,0.0,0.0,0.91
"(4,1)",0.4,0.02,62,0.01,0.05,0.03,0.0,0.0,0.91
"(4,1)",0.4,0.02,63,0.01,0.05,0.03,0.0,0.0,0.91
"(4,1)",0.4,0.02,64,0.01,0.05,0.03,0.0,0.0,0.91
"(4,1)",0.4,0.02,65,0.01,0.05,0.03,0.0,0.0,0.91
"(4,1)",0.4,0.02,66,0.01,0.05,0.03,0.0,0.0,0.91
"(4,1)",0.4,0.02,67,0.01,0.05,0.03,0.0,0.0,0.91
"(4,1)",0.4,0.02,68,0.01,0.05,0.03,0.0,0.0,0.91
"(4,1)",0.4,0.02,69,0.01,0.05,0.03,0.0,0.0,0.91
"(4,1)",0.4,0.02,70,0.01,0.05,0.03,0.0,0.0,0.91
"(4,1)",0.5,0.02,1,0.77,0.23,0.0,0.0,0.0,0.0
"(4,1)",0.5,0.02,2,0.29,0.7,0.01,0.0,0.0,0.0
"(4,1)",0.5,0.02,3,0.23,0.65,0.12,0.0,0.0,0.0
"(4,1)",0.5,0.02,4,0.15,0.5,0.32,0.03,0.0,0.0
"(4,1)",0.5,0.02,5,0.1,0.4,0.42,0.07,0.01,0.0
"(4,1)",0.5,0.02,6,0.1,0.32,0.37,0.2,0.01,0.0
"(4,1)",0.5,0.02,7,0.09,0.29,0.36,0.23,0.02,0.01
"(4,1)",0.5,0.02,8,0.09,0.28,0.34,0.24,0.04,0.01
"(4,1)",0.5,0.02,9,0.08,0.25,0.29,0.28,0.09,0.01
"(4,1)",0.5,0.02,10,0.07,0.23,0.29,0.25,0.14,0.02
"(4,1)",0.5,0.02,11,0.06,0.21,0.26,0.25,0.2,0.02
"(4,1)",0.5,0.02,12,0.05,0.21,0.23,0.25,0.22,0.04
"(4,1)",0.5,0.02,13,0.05,0.2,0.23,0.22,0.2,0.1
"(4,1)",0.5,0.02,14,0.05,0.19,0.2,0.23,0.2,0.13
"(4,1)",0.5,0.02,15,0.05,0.18,0.18,0.23,0.21,0.15
"(4,1)",0.5,0.02,16,0.05,0.17,0.18,0.16,0.22,0.22
"(4,1)",0.5,0.02,17,0.05,0.17,0.15,0.18,0.19,0.26
"(4,1)",0.5,0.02,18,0.05,0.15,0.15,0.17,0.16,0.32
"(4,1)",0.5,0.02,19,0.05,0.13,0.17,0.15,0.11,0.39
"(4,1)",0.5,0.02,20,0.05,0.12,0.18,0.13,0.1,0.42
"(4,1)",0.5,0.02,21,0.05,0.09,0.19,0.14,0.07,0.46
"(4,1)",0.5,0.02,22,0.05,0.09,0.15,0.15,0.08,0.48
"(4,1)",0.5,0.02,23,0.05,0.09,0.14,0.12,0.11,0.49
"(4,1)",0.5,0.02,24,0.05,0.09,0.12,0.13,0.1,0.51
"(4,1)",0.5,0.02,25,0.05,0.09,0.11,0.11,0.08,0.56
"(4,1)",0.5,0.02,26,0.05,0.09,0.1,0.09,0.09,0.58
"(4,1)",0.5,0.02,27,0.05,0.08,0.11,0.09,0.06,0.61
"(4,1)",0.5,0.02,28,0.05,0.07,0.12,0.07,0.05,0.64
"(4,1)",0.5,0.02,29,0.05,0.07,0.11,0.05,0.07,0.65
"(4,1)",0.5,0.02,30,0.05,0.07,0.1,0.06,0.04,0.68
"(4,1)",0.5,0.02,31,0.05,0.07,0.1,0.06,0.04,0.68
"(4,1)",0.5,0.02,32,0.05,0.07,0.08,0.06,0.04,0.7
"(4,1)",0.5,0.02,33,0.05,0.07,0.08,0.06,0.02,0.72
"(4,1)",0.5,0.02,34,0.05,0.07,0.08,0.06,0.02,0.72
"(4,1)",0.5,0.02,35,0.05,0.06,0.09,0.06,0.01,0.73
"(4,1)",0.5,0.02,36,0.05,0.06,0.09,0.03,0.04,0.73
"(4,1)",0.5,0.02,37,0.05,0.06,0.06,0.06,0.03,0.74
"(4,1)",0.5,0.02,38,0.05,0.06,0.06,0.06,0.03,0.74
"(4,1)",0.5,0.02,39,0.05,0.06,0.05,0.06,0.02,0.76
"(4,1)",0.5,0.02,40,0.05,0.06,0.05,0.03,0.05,0.76
"(4,1)",0.5,0.02,41,0.05,0.06,0.05,0.03,0.03,0.78
"(4,1)",0.5,0.02,42,0.05,0.05,0.06,0.03,0.03,0.78
"(4,1)",0.5,0.02,43,0.05,0.05,0.05,0.04,0.03,0.78
"(4,1)",0.5,0.02,44,0.05,0.05,0.05,0.04,0.02,0.79
"(4,1)",0.5,0.02,45,0.05,0.05,0.05,0.04,0.01,0.8
"(4,1)",0.5,0.02,46,0.05,0.05,0.05,0.03,0.02,0.8
"(4,1)",0.5,0.02,47,0.05,0.05,0.05,0.02,0.03,0.8
"(4,1)",0.5,0.02,48,0.05,0.05,0.04,0.03,0.03,0.8
"(4,1)",0.5,0.02,49,0.05,0.05,0.04,0.03,0.03,0.8
"(4,1)",0.5,0.02,50,0.05,0.05,0.04,0.03,0.01,0.82
"(4,1)",0.5,0.02,51,0.05,0.05,0.03,0.04,0.01,0.82
"(4,1)",0.5,0.02,52,0.05,0.05,0.03,0.03,0.02,0.82
"(4,1)",0.5,0.02,53,0.05,0.04,0.04,0.03,0.02,0.82
"(4,1)",0.5,0.02,54,0.05,0.04,0.03,0.04,0.0,0.84
"(4,1)",0.5,0.02,55,0.05,0.04,0.03,0.04,0.0,0.84
"(4,1)",0.5,0.02,56,0.05,0.04,0.02,0.05,0.0,0.84
"(4,1)",0.5,0.02,57,0.05,0.04,0.02,0.05,0.0,0.84
"(4,1)",0.5,0.02,58,0.05,0.04,0.02,0.05,0.0,0.84
"(4,1)",0.5,0.02,59,0.05,0.04,0.02,0.05,0.0,0.84
"(4,1)",0.5,0.02,60,0.05,0.04,0.01,0.04,0.02,0.84
"(4,1)",0.5,0.02,61,0.04,0.05,0.01,0.02,0.04,0.84
"(4,1)",0.5,0.02,62,0.04,0.05,0.01,0.02,0.03,0.85
"(4,1)",0.5,0.02,63,0.04,0.05,0.01,0.02,0.03,0.85
"(4,1)",0.5,0.02,64,0.04,0.05,0.01,0.02,0.02,0.86
"(4,1)",0.5,0.02,65,0.04,0.05,0.01,0.02,0.01,0.87
"(4,1)",0.5,0.02,66,0.04,0.05,0.01,0.02,0.01,0.87
"(4,1)",0.5,0.02,67,0.04,0.05,0.01,0.0,0.02,0.88
"(4,1)",0.5,0.02,68,0.04,0.05,0.01,0.0,0.02,0.88
"(4,1)",0.5,0.02,69,0.04,0.05,0.01,0.0,0.02,0.88
"(4,1)",0.5,0.02,70,0.04,0.05,0.01,0.0,0.02,0.88
"(4,1)",0.6,0.02,1,0.5,0.5,0.0,0.0,0.0,0.0
"(4,1)",0.6,0.02,2,0.24,0.75,0.01,0.0,0.0,0.0
"(4,1)",0.6,0.02,3,0.17,0.66,0.17,0.0,0.0,0.0
"(4,1)",0.6,0.02,4,0.13,0.53,0.32,0.02,0.0,0.0
"(4,1)",0.6,0.02,5,0.09,0.46,0.39,0.05,0.01,0.0
"(4,1)",0.6,0.02,6,0.07,0.42,0.41,0.09,0.01,0.0
"(4,1)",0.6,0.02,7,0.05,0.37,0.43,0.12,0.03,0.0
"(4,1)",0.6,0.02,8,0.03,0.32,0.44,0.15,0.05,0.01
"(4,1)",0.6,0.02,9,0.03,0.29,0.4,0.21,0.05,0.02
"(4,1)",0.6,0.02,10,0.01,0.28,0.37,0.24,0.07,0.03
"(4,1)",0.6,0.02,11,0.01,0.24,0.38,0.23,0.09,0.05
"(4,1)",0.6,0.02,12,0.01,0.2,0.4,0.22,0.08,0.09
"(4,1)",0.6,0.02,13,0.01,0.2,0.37,0.21,0.1,0.11
"(4,1)",0.6,0.02,14,0.01,0.19,0.3,0.26,0.11,0.13
"(4,1)",0.6,0.02,15,0.01,0.17,0.3,0.25,0.1,0.17
"(4,1)",0.6,0.02,16,0.01,0.17,0.24,0.26,0.13,0.19
"(4,1)",0.6,0.02,17,0.01,0.14,0.25,0.21,0.16,0.23
"(4,1)",0.6,0.02,18,0.01,0.11,0.27,0.17,0.21,0.23
"(4,1)",0.6,0.02,19,0.01,0.1,0.26,0.16,0.21,0.26
"(4,1)",0.6,0.02,20,0.01,0.1,0.25,0.13,0.18,0.33
"(4,1)",0.6,0.02,21,0.01,0.09,0.24,0.11,0.15,0.4
"(4,1)",0.6,0.02,22,0.01,0.09,0.22,0.13,0.11,0.44
"(4,1)",0.6,0.02,23,0.01,0.08,0.2,0.14,0.11,0.46
"(4,1)",0.6,0.02,24,0.01,0.08,0.19,0.12,0.12,0.48
"(4,1)",0.6,0.02,25,0.01,0.08,0.16,0.11,0.12,0.52
"(4,1)",0.6,0.02,26,0.01,0.08,0.15,0.12,0.07,0.57
"(4,1)",0.6,0.02,27,0.01,0.07,0.16,0.09,0.08,0.59
"(4,1)",0.6,0.02,28,0.01,0.07,0.16,0.09,0.06,0.61
"(4,1)",0.6,0.02,29,0.0,0.08,0.16,0.09,0.03,0.64
"(4,1)",0.6,0.02,30,0.0,0.08,0.16,0.07,0.03,0.66
"(4,1)",0.6,0.02,31,0.0,0.08,0.13,0.07,0.04,0.68
"(4,1)",0.6,0.02,32,0.0,0.08,0.12,0.06,0.04,0.7
"(4,1)",0.6,0.02,33,0.0,0.08,0.12,0.04,0.06,0.7
"(4,1)",0.6,0.02,34,0.0,0.08,0.12,0.03,0.06,0.71
"(4,1)",0.6,0.02,35,0.0,0.07,0.11,0.03,0.07,0.72
"(4,1)",0.6,0.02,36,0.0,0.07,0.11,0.03,0.07,0.72
"(4,1)",0.6,0.02,37,0.0,0.07,0.11,0.03,0.07,0.72
"(4,1)",0.6,0.02,38,0.0,0.07,0.11,0.03,0.06,0.73
"(4,1)",0.6,0.02,39,0.0,0.06,0.1,0.05,0.04,0.75
"(4,1)",0.6,0.02,40,0.0,0.05,0.11,0.04,0.03,0.77
"(4,1)",0.6,0.02,41,0.0,0.04,0.11,0.05,0.03,0.77
"(4,1)",0.6,0.02,42,0.0,0.04,0.11,0.04,0.04,0.77
"(4,1)",0.6,0.02,43,0.0,0.04,0.09,0.04,0.05,0.78
"(4,1)",0.6,0.02,44,0.0,0.04,0.08,0.05,0.03,0.8
"(4,1)",0.6,0.02,45,0.0,0.04,0.07,0.03,0.05,0.81
"(4,1)",0.6,0.02,46,0.0,0.04,0.06,0.04,0.03,0.83
"(4,1)",0.6,0.02,47,0.0,0.04,0.06,0.04,0.01,0.85
"(4,1)",0.6,0.02,48,0.0,0.04,0.06,0.04,0.01,0.85
"(4,1)",0.6,0.02,49,0.0,0.04,0.06,0.03,0.02,0.85
"(4,1)",0.6,0.02,50,0.0,0.04,0.06,0.01,0.04,0.85
"(4,1)",0.6,0.02,51,0.0,0.04,0.06,0.01,0.03,0.86
"(4,1)",0.6,0.02,52,0.0,0.04,0.06,0.01,0.02,0.87
"(4,1)",0.6,0.02,53,0.0,0.04,0.06,0.0,0.03,0.87
"(4,1)",0.6,0.02,54,0.0,0.04,0.06,0.0,0.01,0.89
"(4,1)",0.6,0.02,55,0.0,0.04,0.06,0.0,0.01,0.89
"(4,1)",0.6,0.02,56,0.0,0.04,0.06,0.0,0.01,0.89
"(4,1)",0.6,0.02,57,0.0,0.04,0.06,0.0,0.01,0.89
"(4,1)",0.6,0.02,58,0.0,0.04,0.06,0.0,0.01,0.89
"(4,1)",0.6,0.02,59,0.0,0.04,0.06,0.0,0.01,0.89
"(4,1)",0.6,0.02,60,0.0,0.04,0.06,0.0,0.01,0.89
"(4,1)",0.6,0.02,61,0.0,0.04,0.06,0.0,0.01,0.89
"(4,1)",0.6,0.02,62,0.0,0.04,0.06,0.0,0.01,0.89
"(4,1)",0.6,0.02,63,0.0,0.04,0.06,0.0,0.01,0.89
"(4,1)",0.6,0.02,64,0.0,0.04,0.05,0.01,0.0,0.9
"(4,1)",0.6,0.02,65,0.0,0.04,0.05,0.01,0.0,0.9
"(4,1)",0.6,0.02,66,0.0,0.04,0.05,0.01,0.0,0.9
"(4,1)",0.6,0.02,67,0.0,0.04,0.05,0.01,0.0,0.9
"(4,1)",0.6,0.02,68,0.0,0.04,0.05,0.01,0.0,0.9
"(4,1)",0.6,0.02,69,0.0,0.04,0.05,0.01,0.0,0.9
"(4,1)",0.6,0.02,70,0.0,0.04,0.05,0.01,0.0,0.9
"(4,1)",0.7,0.02,1,0.53,0.47,0.0,0.0,0.0,0.0
"(4,1)",0.7,0.02,2,0.39,0.58,0.03,0.0,0.0,0.0
"(4,1)",0.7,0.02,3,0.34,0.52,0.14,0.0,0.0,0.0
"(4,1)",0.7,0.02,4,0.26,0.51,0.2,0.03,0.0,0.0
"(4,1)",0.7,0.02,5,0.19,0.49,0.28,0.04,0.0,0.0
"(4,1)",0.7,0.02,6,0.16,0.46,0.32,0.06,0.0,0.0
"(4,1)",0.7,0.02,7,0.11,0.43,0.37,0.09,0.0,0.0
"(4,1)",0.7,0.02,8,0.1,0.38,0.38,0.13,0.01,0.0
"(4,1)",0.7,0.02,9,0.1,0.35,0.38,0.14,0.03,0.0
"(4,1)",0.7,0.02,10,0.1,0.32,0.35,0.15,0.08,0.0
"(4,1)",0.7,0.02,11,0.1,0.25,0.38,0.18,0.09,0.0
"(4,1)",0.7,0.02,12,0.1,0.24,0.35,0.18,0.09,0.04
"(4,1)",0.7,0.02,13,0.1,0.22,0.31,0.22,0.09,0.06
"(4,1)",0.7,0.02,14,0.1,0.19,0.29,0.25,0.06,0.11
"(4,1)",0.7,0.02,15,0.08,0.19,0.25,0.24,0.11,0.13
"(4,1)",0.7,0.02,16,0.08,0.19,0.24,0.22,0.13,0.14
"(4,1)",0.7,0.02,17,0.07,0.2,0.2,0.21,0.16,0.16
"(4,1)",0.7,0.02,18,0.06,0.21,0.18,0.18,0.17,0.2
"(4,1)",0.7,0.02,19,0.06,0.2,0.14,0.16,0.21,0.23
"(4,1)",0.7,0.02,20,0.06,0.2,0.12,0.12,0.24,0.26
"(4,1)",0.7,0.02,21,0.06,0.18,0.12,0.13,0.2,0.31
"(4,1)",0.7,0.02,22,0.06,0.16,0.12,0.12,0.18,0.36
"(4,1)",0.7,0.02,23,0.06,0.15,0.13,0.11,0.15,0.4
"(4,1)",0.7,0.02,24,0.05,0.14,0.15,0.08,0.13,0.45
"(4,1)",0.7,0.02,25,0.05,0.12,0.16,0.06,0.11,0.5
"(4,1)",0.7,0.02,26,0.04,0.13,0.15,0.07,0.07,0.54
"(4,1)",0.7,0.02,27,0.04,0.13,0.14,0.07,0.07,0.55
"(4,1)",0.7,0.02,28,0.04,0.11,0.13,0.09,0.03,0.6
"(4,1)",0.7,0.02,29,0.03,0.11,0.12,0.08,0.05,0.61
"(4,1)",0.7,0.02,30,0.03,0.1,0.1,0.1,0.06,0.61
"(4,1)",0.7,0.02,31,0.03,0.1,0.09,0.1,0.05,0.63
"(4,1)",0.7,0.02,32,0.03,0.09,0.1,0.1,0.05,0.63
"(4,1)",0.7,0.02,33,0.03,0.09,0.09,0.1,0.05,0.64
"(4,1)",0.7,0.02,34,0.03,0.09,0.09,0.08,0.06,0.65
"(4,1)",0.7,0.02,35,0.03,0.09,0.09,0.07,0.04,0.68
"(4,1)",0.7,0.02,36,0.03,0.09,0.06,0.08,0.06,0.68
"(4,1)",0.7,0.02,37,0.02,0.08,0.08,0.05,0.07,0.7
"(4,1)",0.7,0.02,38,0.02,0.08,0.06,0.07,0.06,0.71
"(4,1)",0.7,0.02,39,0.02,0.08,0.05,0.08,0.05,0.72
"(4,1)",0.7,0.02,40,0.02,0.07,0.06,0.08,0.03,0.74
"(4,1)",0.7,0.02,41,0.02,0.07,0.06,0.06,0.04,0.75
"(4,1)",0.7,0.02,42,0.02,0.07,0.05,0.07,0.04,0.75
"(4,1)",0.7,0.02,43,0.02,0.07,0.05,0.05,0.06,0.75
"(4,1)",0.7,0.02,44,0.02,0.07,0.05,0.04,0.07,0.75
"(4,1)",0.7,0.02,45,0.02,0.06,0.06,0.03,0.07,0.76
"(4,1)",0.7,0.02,46,0.02,0.06,0.05,0.04,0.07,0.76
"(4,1)",0.7,0.02,47,0.02,0.06,0.05,0.02,0.08,0.77
"(4,1)",0.7,0.02,48,0.02,0.06,0.05,0.02,0.08,0.77
"(4,1)",0.7,0.02,49,0.02,0.06,0.05,0.02,0.07,0.78
"(4,1)",0.7,0.02,50,0.02,0.06,0.04,0.03,0.06,0.79
"(4,1)",0.7,0.02,51,0.02,0.06,0.03,0.04,0.04,0.81
"(4,1)",0.7,0.02,52,0.02,0.06,0.03,0.03,0.05,0.81
"(4,1)",0.7,0.02,53,0.02,0.06,0.03,0.03,0.05,0.81
"(4,1)",0.7,0.02,54,0.02,0.06,0.03,0.03,0.03,0.83
"(4,1)",0.7,0.02,55,0.02,0.06,0.03,0.03,0.02,0.84
"(4,1)",0.7,0.02,56,0.02,0.06,0.03,0.03,0.02,0.84
"(4,1)",0.7,0.02,57,0.02,0.06,0.03,0.02,0.03,0.84
"(4,1)",0.7,0.02,58,0.02,0.06,0.03,0.01,0.04,0.84
"(4,1)",0.7,0.02,59,0.02,0.06,0.03,0.01,0.04,0.84
"(4,1)",0.7,0.02,60,0.02,0.06,0.03,0.01,0.04,0.84
"(4,1)",0.7,0.02,61,0.02,0.06,0.03,0.01,0.03,0.85
"(4,1)",0.7,0.02,62,0.02,0.06,0.03,0.01,0.03,0.85
"(4,1)",0.7,0.02,63,0.02,0.06,0.03,0.01,0.03,0.85
"(4,1)",0.7,0.02,64,0.02,0.06,0.03,0.01,0.03,0.85
"(4,1)",0.7,0.02,65,0.02,0.06,0.03,0.01,0.03,0.85
"(4,1)",0.7,0.02,66,0.02,0.06,0.03,0.0,0.04,0.85
"(4,1)",0.7,0.02,67,0.02,0.06,0.03,0.0,0.03,0.86
"(4,1)",0.7,0.02,68,0.02,0.06,0.03,0.0,0.03,0.86
"(4,1)",0.7,0.02,69,0.02,0.06,0.03,0.0,0.02,0.87
"(4,1)",0.7,0.02,70,0.02,0.06,0.03,0.0,0.02,0.87
"(4,1)",0.8,0.02,1,0.55,0.45,0.0,0.0,0.0,0.0
"(4,1)",0.8,0.02,2,0.46,0.48,0.06,0.0,0.0,0.0
"(4,1)",0.8,0.02,3,0.42,0.45,0.1,0.03,0.0,0.0
"(4,1)",0.8,0.02,4,0.35,0.49,0.1,0.06,0.0,0.0
"(4,1)",0.8,0.02,5,0.29,0.49,0.15,0.06,0.01,0.0
"(4,1)",0.8,0.02,6,0.28,0.44,0.2,0.07,0.01,0.0
"(4,1)",0.8,0.02,7,0.26,0.41,0.23,0.09,0.01,0.0
"(4,1)",0.8,0.02,8,0.22,0.39,0.26,0.11,0.02,0.0
"(4,1)",0.8,0.02,9,0.2,0.37,0.28,0.11,0.04,0.0
"(4,1)",0.8,0.02,10,0.19,0.35,0.25,0.13,0.07,0.01
"(4,1)",0.8,0.02,11,0.17,0.35,0.26,0.14,0.07,0.01
"(4,1)",0.8,0.02,12,0.16,0.33,0.25,0.15,0.08,0.03
"(4,1)",0.8,0.02,13,0.15,0.27,0.26,0.19,0.09,0.04
"(4,1)",0.8,0.02,14,0.14,0.26,0.26,0.16,0.11,0.07
"(4,1)",0.8,0.02,15,0.13,0.24,0.24,0.2,0.08,0.11
"(4,1)",0.8,0.02,16,0.12,0.23,0.21,0.23,0.07,0.14
"(4,1)",0.8,0.02,17,0.11,0.21,0.21,0.23,0.08,0.16
"(4,1)",0.8,0.02,18,0.09,0.2,0.19,0.25,0.09,0.18
"(4,1)",0.8,0.02,19,0.08,0.21,0.15,0.22,0.13,0.21
"(4,1)",0.8,0.02,20,0.08,0.15,0.19,0.17,0.15,0.26
"(4,1)",0.8,0.02,21,0.08,0.14,0.16,0.18,0.15,0.29
"(4,1)",0.8,0.02,22,0.08,0.14,0.14,0.18,0.11,0.35
"(4,1)",0.8,0.02,23,0.08,0.13,0.13,0.15,0.13,0.38
"(4,1)",0.8,0.02,24,0.08,0.12,0.11,0.16,0.1,0.43
"(4,1)",0.8,0.02,25,0.08,0.12,0.08,0.15,0.12,0.45
"(4,1)",0.8,0.02,26,0.08,0.11,0.09,0.14,0.1,0.48
"(4,1)",0.8,0.02,27,0.08,0.1,0.1,0.11,0.12,0.49
"(4,1)",0.8,0.02,28,0.07,0.11,0.09,0.11,0.12,0.5
"(4,1)",0.8,0.02,29,0.07,0.11,0.08,0.1,0.08,0.56
"(4,1)",0.8,0.02,30,0.07,0.11,0.07,0.11,0.06,0.58
"(4,1)",0.8,0.02,31,0.07,0.11,0.06,0.09,0.06,0.61
"(4,1)",0.8,0.02,32,0.07,0.11,0.06,0.08,0.05,0.63
"(4,1)",0.8,0.02,33,0.07,0.1,0.07,0.08,0.03,0.65
"(4,1)",0.8,0.02,34,0.07,0.09,0.08,0.08,0.03,0.65
"(4,1)",0.8,0.02,35,0.07,0.09,0.08,0.07,0.03,0.66
"(4,1)",0.8,0.02,36,0.07,0.09,0.08,0.04,0.05,0.67
"(4,1)",0.8,0.02,37,0.07,0.08,0.09,0.03,0.04,0.69
"(4,1)",0.8,0.02,38,0.07,0.07,0.09,0.04,0.03,0.7
"(4,1)",0.8,0.02,39,0.07,0.07,0.07,0.05,0.04,0.7
"(4,1)",0.8,0.02,40,0.07,0.07,0.06,0.06,0.03,0.71
"(4,1)",0.8,0.02,41,0.07,0.07,0.06,0.06,0.0,0.74
"(4,1)",0.8,0.02,42,0.07,0.06,0.06,0.07,0.0,0.74
"(4,1)",0.8,0.02,43,0.07,0.06,0.06,0.06,0.01,0.74
"(4,1)",0.8,0.02,44,0.07,0.06,0.05,0.07,0.0,0.75
"(4,1)",0.8,0.02,45,0.07,0.06,0.05,0.06,0.01,0.75
"(4,1)",0.8,0.02,46,0.07,0.06,0.05,0.06,0.01,0.75
"(4,1)",0.8,0.02,47,0.07,0.06,0.05,0.05,0.02,0.75
"(4,1)",0.8,0.02,48,0.07,0.06,0.05,0.05,0.01,0.76
"(4,1)",0.8,0.02,49,0.07,0.06,0.05,0.02,0.04,0.76
"(4,1)",0.8,0.02,50,0.07,0.06,0.05,0.02,0.03,0.77
"(4,1)",0.8,0.02,51,0.07,0.06,0.05,0.01,0.02,0.79
"(4,1)",0.8,0.02,52,0.07,0.06,0.05,0.01,0.0,0.81
"(4,1)",0.8,0.02,53,0.07,0.05,0.06,0.01,0.0,0.81
"(4,1)",0.8,0.02,54,0.07,0.05,0.06,0.01,0.0,0.81
"(4,1)",0.8,0.02,55,0.07,0.05,0.06,0.01,0.0,0.81
"(4,1)",0.8,0.02,56,0.07,0.05,0.06,0.01,0.0,0.81
"(4,1)",0.8,0.02,57,0.07,0.05,0.06,0.01,0.0,0.81
"(4,1)",0.8,0.02,58,0.07,0.05,0.06,0.01,0.0,0.81
"(4,1)",0.8,0.02,59,0.07,0.05,0.06,0.01,0.0,0.81
"(4,1)",0.8,0.02,60,0.07,0.05,0.06,0.01,0.0,0.81
"(4,1)",0.8,0.02,61,0.07,0.05,0.06,0.01,0.0,0.81
"(4,1)",0.8,0.02,62,0.07,0.05,0.04,0.03,0.0,0.81
"(4,1)",0.8,0.02,63,0.07,0.05,0.04,0.03,0.0,0.81
"(4,1)",0.8,0.02,64,0.07,0.05,0.04,0.03,0.0,0.81
"(4,1)",0.8,0.02,65,0.07,0.05,0.04,0.03,0.0,0.81
"(4,1)",0.8,0.02,66,0.07,0.05,0.02,0.05,0.0,0.81
"(4,1)",0.8,0.02,67,0.07,0.05,0.01,0.06,0.0,0.81
"(4,1)",0.8,0.02,68,0.07,0.05,0.01,0.05,0.01,0.81
"(4,1)",0.8,0.02,69,0.07,0.05,0.01,0.04,0.01,0.82
"(4,1)",0.8,0.02,70,0.07,0.05,0.01,0.02,0.03,0.82
"(4,1)",0.9,0.02,1,0.64,0.36,0.0,0.0,0.0,0.0
"(4,1)",0.9,0.02,2,0.51,0.4,0.09,0.0,0.0,0.0
"(4,1)",0.9,0.02,3,0.48,0.4,0.12,0.0,0.0,0.0
"(4,1)",0.9,0.02,4,0.38,0.45,0.17,0.0,0.0,0.0
"(4,1)",0.9,0.02,5,0.34,0.46,0.19,0.01,0.0,0.0
"(4,1)",0.9,0.02,6,0.32,0.42,0.23,0.03,0.0,0.0
"(4,1)",0.9,0.02,7,0.26,0.43,0.25,0.05,0.01,0.0
"(4,1)",0.9,0.02,8,0.22,0.43,0.26,0.08,0.01,0.0
"(4,1)",0.9,0.02,9,0.19,0.39,0.29,0.12,0.01,0.0
"(4,1)",0.9,0.02,10,0.19,0.36,0.27,0.14,0.04,0.0
"(4,1)",0.9,0.02,11,0.17,0.34,0.25,0.18,0.04,0.02
"(4,1)",0.9,0.02,12,0.17,0.33,0.23,0.18,0.06,0.03
"(4,1)",0.9,0.02,13,0.17,0.31,0.22,0.21,0.06,0.03
"(4,1)",0.9,0.02,14,0.17,0.26,0.23,0.23,0.07,0.04
"(4,1)",0.9,0.02,15,0.15,0.25,0.23,0.2,0.12,0.05
"(4,1)",0.9,0.02,16,0.14,0.25,0.21,0.19,0.14,0.07
"(4,1)",0.9,0.02,17,0.14,0.22,0.21,0.2,0.11,0.12
"(4,1)",0.9,0.02,18,0.14,0.16,0.27,0.17,0.14,0.12
"(4,1)",0.9,0.02,19,0.12,0.17,0.23,0.2,0.14,0.14
"(4,1)",0.9,0.02,20,0.12,0.15,0.22,0.19,0.16,0.16
"(4,1)",0.9,0.02,21,0.11,0.14,0.22,0.17,0.13,0.23
"(4,1)",0.9,0.02,22,0.11,0.14,0.18,0.16,0.15,0.26
"(4,1)",0.9,0.02,23,0.09,0.14,0.17,0.16,0.14,0.3
"(4,1)",0.9,0.02,24,0.09,0.13,0.16,0.15,0.14,0.33
"(4,1)",0.9,0.02,25,0.09,0.12,0.15,0.17,0.13,0.34
"(4,1)",0.9,0.02,26,0.09,0.11,0.14,0.15,0.14,0.37
"(4,1)",0.9,0.02,27,0.08,0.12,0.11,0.16,0.14,0.39
"(4,1)",0.9,0.02,28,0.08,0.12,0.08,0.16,0.13,0.43
"(4,1)",0.9,0.02,29,0.08,0.11,0.06,0.18,0.1,0.47
"(4,1)",0.9,0.02,30,0.08,0.11,0.05,0.14,0.13,0.49
"(4,1)",0.9,0.02,31,0.08,0.11,0.05,0.13,0.11,0.52
"(4,1)",0.9,0.02,32,0.08,0.09,0.05,0.14,0.09,0.55
"(4,1)",0.9,0.02,33,0.08,0.09,0.05,0.11,0.08,0.59
"(4,1)",0.9,0.02,34,0.08,0.09,0.04,0.09,0.1,0.6
"(4,1)",0.9,0.02,35,0.08,0.09,0.04,0.08,0.08,0.63
"(4,1)",0.9,0.02,36,0.08,0.09,0.04,0.05,0.09,0.65
"(4,1)",0.9,0.02,37,0.07,0.09,0.03,0.07,0.06,0.68
"(4,1)",0.9,0.02,38,0.07,0.09,0.03,0.05,0.07,0.69
"(4,1)",0.9,0.02,39,0.07,0.09,0.03,0.03,0.05,0.73
"(4,1)",0.9,0.02,40,0.07,0.09,0.03,0.03,0.03,0.75
"(4,1)",0.9,0.02,41,0.07,0.06,0.06,0.03,0.02,0.76
"(4,1)",0.9,0.02,42,0.07,0.04,0.08,0.02,0.02,0.77
"(4,1)",0.9,0.02,43,0.07,0.04,0.07,0.03,0.02,0.77
"(4,1)",0.9,0.02,44,0.07,0.04,0.07,0.03,0.01,0.78
"(4,1)",0.9,0.02,45,0.07,0.04,0.06,0.03,0.02,0.78
"(4,1)",0.9,0.02,46,0.07,0.03,0.06,0.03,0.02,0.79
"(4,1)",0.9,0.02,47,0.07,0.03,0.06,0.03,0.02,0.79
"(4,1)",0.9,0.02,48,0.07,0.02,0.05,0.04,0.03,0.79
"(4,1)",0.9,0.02,49,0.06,0.03,0.05,0.04,0.02,0.8
"(4,1)",0.9,0.02,50,0.06,0.03,0.05,0.02,0.04,0.8
"(4,1)",0.9,0.02,51,0.06,0.02,0.06,0.01,0.04,0.81
"(4,1)",0.9,0.02,52,0.06,0.02,0.06,0.01,0.03,0.82
"(4,1)",0.9,0.02,53,0.06,0.02,0.06,0.01,0.02,0.83
"(4,1)",0.9,0.02,54,0.06,0.02,0.05,0.02,0.02,0.83
"(4,1)",0.9,0.02,55,0.06,0.02,0.05,0.02,0.01,0.84
"(4,1)",0.9,0.02,56,0.05,0.03,0.05,0.02,0.01,0.84
"(4,1)",0.9,0.02,57,0.05,0.02,0.06,0.01,0.02,0.84
"(4,1)",0.9,0.02,58,0.05,0.02,0.06,0.01,0.01,0.85
"(4,1)",0.9,0.02,59,0.05,0.02,0.06,0.01,0.01,0.85
"(4,1)",0.9,0.02,60,0.05,0.02,0.06,0.01,0.01,0.85
"(4,1)",0.9,0.02,61,0.05,0.01,0.05,0.02,0.02,0.85
"(4,1)",0.9,0.02,62,0.05,0.01,0.04,0.02,0.02,0.86
"(4,1)",0.9,0.02,63,0.05,0.01,0.04,0.02,0.02,0.86
"(4,1)",0.9,0.02,64,0.05,0.01,0.03,0.03,0.02,0.86
"(4,1)",0.9,0.02,65,0.05,0.01,0.03,0.03,0.02,0.86
"(4,1)",0.9,0.02,66,0.05,0.01,0.03,0.03,0.01,0.87
"(4,1)",0.9,0.02,67,0.05,0.01,0.03,0.03,0.0,0.88
"(4,1)",0.9,0.02,68,0.05,0.01,0.03,0.03,0.0,0.88
"(4,1)",0.9,0.02,69,0.05,0.01,0.03,0.03,0.0,0.88
"(4,1)",0.9,0.02,70,0.05,0.01,0.03,0.02,0.01,0.88
"(5,1)",0.1,0.02,1,1.0,0.0,0.0,0.0,0.0,0.0
"(5,1)",0.1,0.02,2,0.98,0.02,0.0,0.0,0.0,0.0
"(5,1)",0.1,0.02,3,0.92,0.06,0.02,0.0,0.0,0.0
"(5,1)",0.1,0.02,4,0.72,0.25,0.02,0.01,0.0,0.0
"(5,1)",0.1,0.02,5,0.45,0.42,0.11,0.02,0.0,0.0
"(5,1)",0.1,0.02,6,0.27,0.43,0.21,0.08,0.01,0.0
"(5,1)",0.1,0.02,7,0.18,0.33,0.27,0.19,0.02,0.01
"(5,1)",0.1,0.02,8,0.12,0.26,0.25,0.27,0.09,0.01
"(5,1)",0.1,0.02,9,0.07,0.23,0.18,0.28,0.2,0.04
"(5,1)",0.1,0.02,10,0.04,0.18,0.12,0.24,0.32,0.1
"(5,1)",0.1,0.02,11,0.02,0.15,0.08,0.19,0.26,0.3
"(5,1)",0.1,0.02,12,0.01,0.12,0.06,0.17,0.23,0.41
"(5,1)",0.1,0.02,13,0.0,0.12,0.03,0.13,0.23,0.49
"(5,1)",0.1,0.02,14,0.0,0.06,0.07,0.08,0.19,0.6
"(5,1)",0.1,0.02,15,0.0,0.05,0.04,0.07,0.16,0.68
"(5,1)",0.1,0.02,16,0.0,0.04,0.01,0.08,0.11,0.76
"(5,1)",0.1,0.02,17,0.0,0.04,0.0,0.03,0.13,0.8
"(5,1)",0.1,0.02,18,0.0,0.03,0.01,0.01,0.08,0.87
"(5,1)",0.1,0.02,19,0.0,0.02,0.02,0.01,0.02,0.93
"(5,1)",0.1,0.02,20,0.0,0.02,0.0,0.03,0.0,0.95
"(5,1)",0.1,0.02,21,0.0,0.02,0.0,0.03,0.0,0.95
"(5,1)",0.1,0.02,22,0.0,0.02,0.0,0.03,0.0,0.95
"(5,1)",0.1,0.02,23,0.0,0.02,0.0,0.02,0.01,0.95
"(5,1)",0.1,0.02,24,0.0,0.02,0.0,0.02,0.0,0.96
"(5,1)",0.1,0.02,25,0.0,0.02,0.0,0.02,0.0,0.96
"(5,1)",0.1,0.02,26,0.0,0.02,0.0,0.02,0.0,0.96
"(5,1)",0.1,0.02,27,0.0,0.01,0.01,0.02,0.0,0.96
"(5,1)",0.1,0.02,28,0.0,0.01,0.0,0.03,0.0,0.96
"(5,1)",0.1,0.02,29,0.0,0.01,0.0,0.02,0.01,0.96
"(5,1)",0.1,0.02,30,0.0,0.01,0.0,0.02,0.0,0.97
"(5,1)",0.1,0.02,31,0.0,0.0,0.01,0.02,0.0,0.97
"(5,1)",0.1,0.02,32,0.0,0.0,0.0,0.03,0.0,0.97
"(5,1)",0.1,0.02,33,0.0,0.0,0.0,0.03,0.0,0.97
"(5,1)",0.1,0.02,34,0.0,0.0,0.0,0.03,0.0,0.97
"(5,1)",0.1,0.02,35,0.0,0.0,0.0,0.03,0.0,0.97
"(5,1)",0.1,0.02,36,0.0,0.0,0.0,0.03,0.0,0.97
"(5,1)",0.1,0.02,37,0.0,0.0,0.0,0.03,0.0,0.97
"(5,1)",0.1,0.02,38,0.0,0.0,0.0,0.03,0.0,0.97
"(5,1)",0.1,0.02,39,0.0,0.0,0.0,0.03,0.0,0.97
"(5,1)",0.1,0.02,40,0.0,0.0,0.0,0.03,0.0,0.97
"(5,1)",0.1,0.02,41,0.0,0.0,0.0,0.03,0.0,0.97
"(5,1)",0.1,0.02,42,0.0,0.0,0.0,0.03,0.0,0.97
"(5,1)",0.1,0.02,43,0.0,0.0,0.0,0.03,0.0,0.97
"(5,1)",0.1,0.02,44,0.0,0.0,0.0,0.03,0.0,0.97
"(5,1)",0.1,0.02,45,0.0,0.0,0.0,0.03,0.0,0.97
"(5,1)",0.1,0.02,46,0.0,0.0,0.0,0.03,0.0,0.97
"(5,1)",0.1,0.02,47,0.0,0.0,0.0,0.03,0.0,0.97
"(5,1)",0.1,0.02,48,0.0,0.0,0.0,0.03,0.0,0.97
"(5,1)",0.1,0.02,49,0.0,0.0,0.0,0.03,0.0,0.97
"(5,1)",0.1,0.02,50,0.0,0.0,0.0,0.03,0.0,0.97
"(5,1)",0.1,0.02,51,0.0,0.0,0.0,0.03,0.0,0.97
"(5,1)",0.1,0.02,52,0.0,0.0,0.0,0.03,0.0,0.97
"(5,1)",0.1,0.02,53,0.0,0.0,0.0,0.03,0.0,0.97
"(5,1)",0.1,0.02,54,0.0,0.0,0.0,0.03,0.0,0.97
"(5,1)",0.1,0.02,55,0.0,0.0,0.0,0.03,0.0,0.97
"(5,1)",0.1,0.02,56,0.0,0.0,0.0,0.03,0.0,0.97
"(5,1)",0.1,0.02,57,0.0,0.0,0.0,0.03,0.0,0.97
"(5,1)",0.1,0.02,58,0.0,0.0,0.0,0.03,0.0,0.97
"(5,1)",0.1,0.02,59,0.0,0.0,0.0,0.03,0.0,0.97
"(5,1)",0.1,0.02,60,0.0,0.0,0.0,0.03,0.0,0.97
"(5,1)",0.1,0.02,61,0.0,0.0,0.0,0.03,0.0,0.97
"(5,1)",0.1,0.02,62,0.0,0.0,0.0,0.03,0.0,0.97
"(5,1)",0.1,0.02,63,0.0,0.0,0.0,0.03,0.0,0.97
"(5,1)",0.1,0.02,64,0.0,0.0,0.0,0.03,0.0,0.97
"(5,1)",0.1,0.02,65,0.0,0.0,0.0,0.03,0.0,0.97
"(5,1)",0.1,0.02,66,0.0,0.0,0.0,0.03,0.0,0.97
"(5,1)",0.1,0.02,67,0.0,0.0,0.0,0.03,0.0,0.97
"(5,1)",0.1,0.02,68,0.0,0.0,0.0,0.03,0.0,0.97
"(5,1)",0.1,0.02,69,0.0,0.0,0.0,0.03,0.0,0.97
"(5,1)",0.1,0.02,70,0.0,0.0,0.0,0.03,0.0,0.97
"(5,1)",0.2,0.02,1,1.0,0.0,0.0,0.0,0.0,0.0
"(5,1)",0.2,0.02,2,0.8,0.2,0.0,0.0,0.0,0.0
"(5,1)",0.2,0.02,3,0.68,0.3,0.02,0.0,0.0,0.0
"(5,1)",0.2,0.02,4,0.49,0.46,0.04,0.01,0.0,0.0
"(5,1)",0.2,0.02,5,0.23,0.58,0.16,0.03,0.0,0.0
"(5,1)",0.2,0.02,6,0.14,0.5,0.25,0.11,0.0,0.0
"(5,1)",0.2,0.02,7,0.1,0.39,0.27,0.24,0.0,0.0
"(5,1)",0.2,0.02,8,0.05,0.28,0.3,0.28,0.09,0.0
"(5,1)",0.2,0.02,9,0.04,0.2,0.28,0.26,0.21,0.01
"(5,1)",0.2,0.02,10,0.02,0.17,0.23,0.31,0.19,0.08
"(5,1)",0.2,0.02,11,0.01,0.15,0.14,0.34,0.26,0.1
"(5,1)",0.2,0.02,12,0.01,0.14,0.11,0.27,0.24,0.23
"(5,1)",0.2,0.02,13,0.0,0.14,0.07,0.22,0.26,0.31
"(5,1)",0.2,0.02,14,0.0,0.14,0.04,0.2,0.24,0.38
"(5,1)",0.2,0.02,15,0.0,0.14,0.04,0.14,0.25,0.43
"(5,1)",0.2,0.02,16,0.0,0.13,0.03,0.09,0.22,0.53
"(5,1)",0.2,0.02,17,0.0,0.12,0.02,0.09,0.17,0.6
"(5,1)",0.2,0.02,18,0.0,0.11,0.03,0.08,0.1,0.68
"(5,1)",0.2,0.02,19,0.0,0.1,0.03,0.06,0.12,0.69
"(5,1)",0.2,0.02,20,0.0,0.08,0.04,0.07,0.11,0.7
"(5,1)",0.2,0.02,21,0.0,0.07,0.03,0.08,0.09,0.73
"(5,1)",0.2,0.02,22,0.0,0.06,0.03,0.04,0.11,0.76
"(5,1)",0.2,0.02,23,0.0,0.06,0.02,0.05,0.05,0.82
"(5,1)",0.2,0.02,24,0.0,0.05,0.02,0.02,0.07,0.84
"(5,1)",0.2,0.02,25,0.0,0.05,0.01,0.03,0.06,0.85
"(5,1)",0.2,0.02,26,0.0,0.05,0.01,0.03,0.03,0.88
"(5,1)",0.2,0.02,27,0.0,0.05,0.0,0.02,0.05,0.88
"(5,1)",0.2,0.02,28,0.0,0.05,0.0,0.02,0.03,0.9
"(5,1)",0.2,0.02,29,0.0,0.05,0.0,0.02,0.02,0.91
"(5,1)",0.2,0.02,30,0.0,0.05,0.0,0.01,0.02,0.92
"(5,1)",0.2,0.02,31,0.0,0.05,0.0,0.0,0.02,0.93
"(5,1)",0.2,0.02,32,0.0,0.05,0.0,0.0,0.01,0.94
"(5,1)",0.2,0.02,33,0.0,0.05,0.0,0.0,0.01,0.94
"(5,1)",0.2,0.02,34,0.0,0.05,0.0,0.0,0.0,0.95
"(5,1)",0.2,0.02,35,0.0,0.05,0.0,0.0,0.0,0.95
"(5,1)",0.2,0.02,36,0.0,0.05,0.0,0.0,0.0,0.95
"(5,1)",0.2,0.02,37,0.0,0.05,0.0,0.0,0.0,0.95
"(5,1)",0.2,0.02,38,0.0,0.05,0.0,0.0,0.0,0.95
"(5,1)",0.2,0.02,39,0.0,0.05,0.0,0.0,0.0,0.95
"(5,1)",0.2,0.02,40,0.0,0.05,0.0,0.0,0.0,0.95
"(5,1)",0.2,0.02,41,0.0,0.05,0.0,0.0,0.0,0.95
"(5,1)",0.2,0.02,42,0.0,0.04,0.01,0.0,0.0,0.95
"(5,1)",0.2,0.02,43,0.0,0.04,0.0,0.01,0.0,0.95
"(5,1)",0.2,0.02,44,0.0,0.04,0.0,0.0,0.01,0.95
"(5,1)",0.2,0.02,45,0.0,0.03,0.01,0.0,0.01,0.95
"(5,1)",0.2,0.02,46,0.0,0.03,0.01,0.0,0.01,0.95
"(5,1)",0.2,0.02,47,0.0,0.03,0.01,0.0,0.0,0.96
"(5,1)",0.2,0.02,48,0.0,0.03,0.0,0.01,0.0,0.96
"(5,1)",0.2,0.02,49,0.0,0.03,0.0,0.0,0.01,0.96
"(5,1)",0.2,0.02,50,0.0,0.03,0.0,0.0,0.0,0.97
"(5,1)",0.2,0.02,51,0.0,0.03,0.0,0.0,0.0,0.97
"(5,1)",0.2,0.02,52,0.0,0.02,0.01,0.0,0.0,0.97
"(5,1)",0.2,0.02,53,0.0,0.02,0.01,0.0,0.0,0.97
"(5,1)",0.2,0.02,54,0.0,0.02,0.0,0.01,0.0,0.97
"(5,1)",0.2,0.02,55,0.0,0.02,0.0,0.01,0.0,0.97
"(5,1)",0.2,0.02,56,0.0,0.02,0.0,0.0,0.01,0.97
"(5,1)",0.2,0.02,57,0.0,0.02,0.0,0.0,0.01,0.97
"(5,1)",0.2,0.02,58,0.0,0.02,0.0,0.0,0.01,0.97
"(5,1)",0.2,0.02,59,0.0,0.02,0.0,0.0,0.01,0.97
"(5,1)",0.2,0.02,60,0.0,0.02,0.0,0.0,0.01,0.97
"(5,1)",0.2,0.02,61,0.0,0.02,0.0,0.0,0.01,0.97
"(5,1)",0.2,0.02,62,0.0,0.02,0.0,0.0,0.0,0.98
"(5,1)",0.2,0.02,63,0.0,0.02,0.0,0.0,0.0,0.98
"(5,1)",0.2,0.02,64,0.0,0.02,0.0,0.0,0.0,0.98
"(5,1)",0.2,0.02,65,0.0,0.02,0.0,0.0,0.0,0.98
"(5,1)",0.2,0.02,66,0.0,0.02,0.0,0.0,0.0,0.98
"(5,1)",0.2,0.02,67,0.0,0.02,0.0,0.0,0.0,0.98
"(5,1)",0.2,0.02,68,0.0,0.02,0.0,0.0,0.0,0.98
"(5,1)",0.2,0.02,69,0.0,0.02,0.0,0.0,0.0,0.98
"(5,1)",0.2,0.02,70,0.0,0.02,0.0,0.0,0.0,0.98
"(5,1)",0.3,0.02,1,0.95,0.05,0.0,0.0,0.0,0.0
"(5,1)",0.3,0.02,2,0.68,0.32,0.0,0.0,0.0,0.0
"(5,1)",0.3,0.02,3,0.37,0.58,0.05,0.0,0.0,0.0
"(5,1)",0.3,0.02,4,0.24,0.6,0.14,0.02,0.0,0.0
"(5,1)",0.3,0.02,5,0.17,0.48,0.29,0.06,0.0,0.0
"(5,1)",0.3,0.02,6,0.1,0.43,0.28,0.18,0.01,0.0
"(5,1)",0.3,0.02,7,0.1,0.3,0.38,0.18,0.04,0.0
"(5,1)",0.3,0.02,8,0.07,0.23,0.37,0.27,0.06,0.0
"(5,1)",0.3,0.02,9,0.05,0.21,0.31,0.33,0.08,0.02
"(5,1)",0.3,0.02,10,0.05,0.16,0.27,0.36,0.12,0.04
"(5,1)",0.3,0.02,11,0.04,0.14,0.26,0.29,0.22,0.05
"(5,1)",0.3,0.02,12,0.03,0.12,0.22,0.33,0.21,0.09
"(5,1)",0.3,0.02,13,0.02,0.12,0.17,0.35,0.2,0.14
"(5,1)",0.3,0.02,14,0.02,0.1,0.13,0.32,0.25,0.18
"(5,1)",0.3,0.02,15,0.02,0.1,0.07,0.35,0.21,0.25
"(5,1)",0.3,0.02,16,0.02,0.1,0.04,0.34,0.21,0.29
"(5,1)",0.3,0.02,17,0.02,0.09,0.04,0.27,0.23,0.35
"(5,1)",0.3,0.02,18,0.02,0.08,0.04,0.2,0.21,0.45
"(5,1)",0.3,0.02,19,0.02,0.07,0.03,0.15,0.2,0.53
"(5,1)",0.3,0.02,20,0.02,0.06,0.03,0.11,0.16,0.62
"(5,1)",0.3,0.02,21,0.01,0.06,0.03,0.1,0.13,0.67
"(5,1)",0.3,0.02,22,0.01,0.06,0.03,0.08,0.11,0.71
"(5,1)",0.3,0.02,23,0.01,0.06,0.03,0.04,0.12,0.74
"(5,1)",0.3,0.02,24,0.01,0.05,0.04,0.02,0.1,0.78
"(5,1)",0.3,0.02,25,0.01,0.04,0.04,0.02,0.06,0.83
"(5,1)",0.3,0.02,26,0.01,0.04,0.02,0.03,0.05,0.85
"(5,1)",0.3,0.02,27,0.01,0.04,0.01,0.03,0.04,0.87
"(5,1)",0.3,0.02,28,0.01,0.04,0.01,0.02,0.05,0.87
"(5,1)",0.3,0.02,29,0.01,0.04,0.0,0.03,0.04,0.88
"(5,1)",0.3,0.02,30,0.01,0.04,0.0,0.0,0.06,0.89
"(5,1)",0.3,0.02,31,0.01,0.04,0.0,0.0,0.02,0.93
"(5,1)",0.3,0.02,32,0.01,0.04,0.0,0.0,0.02,0.93
"(5,1)",0.3,0.02,33,0.01,0.03,0.01,0.0,0.0,0.95
"(5,1)",0.3,0.02,34,0.01,0.03,0.01,0.0,0.0,0.95
"(5,1)",0.3,0.02,35,0.01,0.03,0.01,0.0,0.0,0.95
"(5,1)",0.3,0.02,36,0.01,0.03,0.0,0.01,0.0,0.95
"(5,1)",0.3,0.02,37,0.01,0.03,0.0,0.01,0.0,0.95
"(5,1)",0.3,0.02,38,0.01,0.02,0.01,0.01,0.0,0.95
"(5,1)",0.3,0.02,39,0.01,0.02,0.01,0.01,0.0,0.95
"(5,1)",0.3,0.02,40,0.01,0.02,0.01,0.0,0.01,0.95
"(5,1)",0.3,0.02,41,0.01,0.02,0.01,0.0,0.01,0.95
"(5,1)",0.3,0.02,42,0.01,0.02,0.0,0.01,0.0,0.96
"(5,1)",0.3,0.02,43,0.01,0.02,0.0,0.01,0.0,0.96
"(5,1)",0.3,0.02,44,0.01,0.02,0.0,0.01,0.0,0.96
"(5,1)",0.3,0.02,45,0.01,0.02,0.0,0.01,0.0,0.96
"(5,1)",0.3,0.02,46,0.01,0.01,0.01,0.01,0.0,0.96
"(5,1)",0.3,0.02,47,0.01,0.01,0.01,0.0,0.01,0.96
"(5,1)",0.3,0.02,48,0.01,0.01,0.0,0.01,0.0,0.97
"(5,1)",0.3,0.02,49,0.01,0.01,0.0,0.01,0.0,0.97
"(5,1)",0.3,0.02,50,0.01,0.01,0.0,0.0,0.01,0.97
"(5,1)",0.3,0.02,51,0.01,0.01,0.0,0.0,0.0,0.98
"(5,1)",0.3,0.02,52,0.01,0.01,0.0,0.0,0.0,0.98
"(5,1)",0.3,0.02,53,0.01,0.01,0.0,0.0,0.0,0.98
"(5,1)",0.3,0.02,54,0.01,0.01,0.0,0.0,0.0,0.98
"(5,1)",0.3,0.02,55,0.01,0.01,0.0,0.0,0.0,0.98
"(5,1)",0.3,0.02,56,0.01,0.01,0.0,0.0,0.0,0.98
"(5,1)",0.3,0.02,57,0.01,0.01,0.0,0.0,0.0,0.98
"(5,1)",0.3,0.02,58,0.01,0.01,0.0,0.0,0.0,0.98
"(5,1)",0.3,0.02,59,0.01,0.01,0.0,0.0,0.0,0.98
"(5,1)",0.3,0.02,60,0.01,0.01,0.0,0.0,0.0,0.98
"(5,1)",0.3,0.02,61,0.01,0.01,0.0,0.0,0.0,0.98
"(5,1)",0.3,0.02,62,0.01,0.01,0.0,0.0,0.0,0.98
"(5,1)",0.3,0.02,63,0.01,0.01,0.0,0.0,0.0,0.98
"(5,1)",0.3,0.02,64,0.01,0.01,0.0,0.0,0.0,0.98
"(5,1)",0.3,0.02,65,0.01,0.01,0.0,0.0,0.0,0.98
"(5,1)",0.3,0.02,66,0.01,0.01,0.0,0.0,0.0,0.98
"(5,1)",0.3,0.02,67,0.01,0.01,0.0,0.0,0.0,0.98
"(5,1)",0.3,0.02,68,0.01,0.01,0.0,0.0,0.0,0.98
"(5,1)",0.3,0.02,69,0.01,0.01,0.0,0.0,0.0,0.98
"(5,1)",0.3,0.02,70,0.01,0.01,0.0,0.0,0.0,0.98
"(5,1)",0.4,0.02,1,0.85,0.15,0.0,0.0,0.0,0.0
"(5,1)",0.4,0.02,2,0.5,0.5,0.0,0.0,0.0,0.0
"(5,1)",0.4,0.02,3,0.29,0.63,0.08,0.0,0.0,0.0
"(5,1)",0.4,0.02,4,0.19,0.52,0.28,0.01,0.0,0.0
"(5,1)",0.4,0.02,5,0.14,0.41,0.34,0.1,0.01,0.0
"(5,1)",0.4,0.02,6,0.12,0.32,0.37,0.18,0.01,0.0
"(5,1)",0.4,0.02,7,0.09,0.3,0.36,0.2,0.05,0.0
"(5,1)",0.4,0.02,8,0.09,0.28,0.32,0.22,0.07,0.02
"(5,1)",0.4,0.02,9,0.07,0.24,0.31,0.23,0.12,0.03
"(5,1)",0.4,0.02,10,0.07,0.2,0.32,0.25,0.09,0.07
"(5,1)",0.4,0.02,11,0.07,0.17,0.29,0.26,0.11,0.1
"(5,1)",0.4,0.02,12,0.07,0.14,0.22,0.33,0.11,0.13
"(5,1)",0.4,0.02,13,0.06,0.12,0.23,0.31,0.14,0.14
"(5,1)",0.4,0.02,14,0.06,0.11,0.17,0.32,0.16,0.18
"(5,1)",0.4,0.02,15,0.06,0.09,0.17,0.27,0.21,0.2
"(5,1)",0.4,0.02,16,0.06,0.07,0.17,0.25,0.23,0.22
"(5,1)",0.4,0.02,17,0.06,0.07,0.13,0.27,0.14,0.33
"(5,1)",0.4,0.02,18,0.06,0.06,0.11,0.25,0.15,0.37
"(5,1)",0.4,0.02,19,0.05,0.07,0.07,0.21,0.18,0.42
"(5,1)",0.4,0.02,20,0.05,0.07,0.03,0.2,0.2,0.45
"(5,1)",0.4,0.02,21,0.05,0.06,0.04,0.15,0.19,0.51
"(5,1)",0.4,0.02,22,0.05,0.06,0.04,0.11,0.17,0.57
"(5,1)",0.4,0.02,23,0.05,0.06,0.01,0.12,0.16,0.6
"(5,1)",0.4,0.02,24,0.05,0.04,0.03,0.08,0.16,0.64
"(5,1)",0.4,0.02,25,0.05,0.04,0.02,0.07,0.14,0.68
"(5,1)",0.4,0.02,26,0.05,0.04,0.02,0.07,0.1,0.72
"(5,1)",0.4,0.02,27,0.05,0.04,0.01,0.08,0.09,0.73
"(5,1)",0.4,0.02,28,0.05,0.03,0.02,0.05,0.06,0.79
"(5,1)",0.4,0.02,29,0.05,0.03,0.02,0.04,0.06,0.8
"(5,1)",0.4,0.02,30,0.05,0.03,0.02,0.04,0.03,0.83
"(5,1)",0.4,0.02,31,0.05,0.03,0.02,0.04,0.02,0.84
"(5,1)",0.4,0.02,32,0.05,0.03,0.01,0.03,0.03,0.85
"(5,1)",0.4,0.02,33,0.05,0.03,0.01,0.03,0.02,0.86
"(5,1)",0.4,0.02,34,0.05,0.03,0.01,0.01,0.04,0.86
"(5,1)",0.4,0.02,35,0.05,0.03,0.01,0.01,0.04,0.86
"(5,1)",0.4,0.02,36,0.05,0.03,0.01,0.01,0.01,0.89
"(5,1)",0.4,0.02,37,0.05,0.02,0.02,0.01,0.01,0.89
"(5,1)",0.4,0.02,38,0.05,0.02,0.02,0.01,0.01,0.89
"(5,1)",0.4,0.02,39,0.05,0.02,0.01,0.02,0.0,0.9
"(5,1)",0.4,0.02,40,0.05,0.02,0.01,0.02,0.0,0.9
"(5,1)",0.4,0.02,41,0.05,0.02,0.01,0.02,0.0,0.9
"(5,1)",0.4,0.02,42,0.05,0.02,0.01,0.01,0.01,0.9
"(5,1)",0.4,0.02,43,0.05,0.02,0.01,0.01,0.01,0.9
"(5,1)",0.4,0.02,44,0.05,0.02,0.01,0.01,0.01,0.9
"(5,1)",0.4,0.02,45,0.05,0.02,0.01,0.01,0.0,0.91
"(5,1)",0.4,0.02,46,0.05,0.02,0.01,0.01,0.0,0.91
"(5,1)",0.4,0.02,47,0.05,0.02,0.01,0.01,0.0,0.91
"(5,1)",0.4,0.02,48,0.05,0.02,0.01,0.01,0.0,0.91
"(5,1)",0.4,0.02,49,0.05,0.02,0.01,0.01,0.0,0.91
"(5,1)",0.4,0.02,50,0.05,0.02,0.01,0.01,0.0,0.91
"(5,1)",0.4,0.02,51,0.05,0.02,0.01,0.01,0.0,0.91
"(5,1)",0.4,0.02,52,0.05,0.02,0.01,0.01,0.0,0.91
"(5,1)",0.4,0.02,53,0.05,0.02,0.01,0.01,0.0,0.91
"(5,1)",0.4,0.02,54,0.05,0.02,0.01,0.01,0.0,0.91
"(5,1)",0.4,0.02,55,0.05,0.02,0.01,0.01,0.0,0.91
"(5,1)",0.4,0.02,56,0.05,0.02,0.01,0.01,0.0,0.91
"(5,1)",0.4,0.02,57,0.05,0.02,0.01,0.0,0.01,0.91
"(5,1)",0.4,0.02,58,0.05,0.02,0.01,0.0,0.01,0.91
"(5,1)",0.4,0.02,59,0.05,0.02,0.01,0.0,0.01,0.91
"(5,1)",0.4,0.02,60,0.05,0.02,0.01,0.0,0.01,0.91
"(5,1)",0.4,0.02,61,0.05,0.02,0.01,0.0,0.01,0.91
"(5,1)",0.4,0.02,62,0.05,0.02,0.01,0.0,0.0,0.92
"(5,1)",0.4,0.02,63,0.05,0.02,0.01,0.0,0.0,0.92
"(5,1)",0.4,0.02,64,0.05,0.02,0.01,0.0,0.0,0.92
"(5,1)",0.4,0.02,65,0.05,0.02,0.01,0.0,0.0,0.92
"(5,1)",0.4,0.02,66,0.05,0.02,0.01,0.0,0.0,0.92
"(5,1)",0.4,0.02,67,0.05,0.02,0.01,0.0,0.0,0.92
"(5,1)",0.4,0.02,68,0.05,0.01,0.02,0.0,0.0,0.92
"(5,1)",0.4,0.02,69,0.05,0.01,0.01,0.01,0.0,0.92
"(5,1)",0.4,0.02,70,0.05,0.01,0.01,0.0,0.01,0.92
"(5,1)",0.5,0.02,1,0.67,0.33,0.0,0.0,0.0,0.0
"(5,1)",0.5,0.02,2,0.33,0.67,0.0,0.0,0.0,0.0
"(5,1)",0.5,0.02,3,0.19,0.71,0.1,0.0,0.0,0.0
"(5,1)",0.5,0.02,4,0.14,0.57,0.26,0.03,0.0,0.0
"(5,1)",0.5,0.02,5,0.11,0.46,0.35,0.07,0.01,0.0
"(5,1)",0.5,0.02,6,0.09,0.39,0.38,0.12,0.01,0.01
"(5,1)",0.5,0.02,7,0.08,0.36,0.36,0.16,0.03,0.01
"(5,1)",0.5,0.02,8,0.07,0.3,0.37,0.21,0.03,0.02
"(5,1)",0.5,0.02,9,0.06,0.24,0.37,0.24,0.07,0.02
"(5,1)",0.5,0.02,10,0.05,0.23,0.36,0.23,0.11,0.02
"(5,1)",0.5,0.02,11,0.04,0.22,0.33,0.2,0.19,0.02
"(5,1)",0.5,0.02,12,0.04,0.18,0.33,0.19,0.19,0.07
"(5,1)",0.5,0.02,13,0.03,0.15,0.33,0.21,0.15,0.13
"(5,1)",0.5,0.02,14,0.03,0.15,0.26,0.26,0.14,0.16
"(5,1)",0.5,0.02,15,0.03,0.11,0.27,0.25,0.17,0.17
"(5,1)",0.5,0.02,16,0.03,0.1,0.22,0.29,0.16,0.2
"(5,1)",0.5,0.02,17,0.03,0.1,0.19,0.27,0.17,0.24
"(5,1)",0.5,0.02,18,0.03,0.1,0.18,0.21,0.18,0.3
"(5,1)",0.5,0.02,19,0.03,0.1,0.13,0.23,0.16,0.35
"(5,1)",0.5,0.02,20,0.02,0.09,0.14,0.19,0.18,0.38
"(5,1)",0.5,0.02,21,0.02,0.08,0.11,0.19,0.15,0.45
"(5,1)",0.5,0.02,22,0.02,0.08,0.1,0.17,0.15,0.48
"(5,1)",0.5,0.02,23,0.02,0.08,0.09,0.14,0.14,0.53
"(5,1)",0.5,0.02,24,0.01,0.08,0.09,0.12,0.12,0.58
"(5,1)",0.5,0.02,25,0.01,0.07,0.1,0.11,0.1,0.61
"(5,1)",0.5,0.02,26,0.01,0.07,0.08,0.1,0.1,0.64
"(5,1)",0.5,0.02,27,0.01,0.06,0.07,0.08,0.13,0.65
"(5,1)",0.5,0.02,28,0.01,0.05,0.08,0.07,0.13,0.66
"(5,1)",0.5,0.02,29,0.01,0.05,0.07,0.07,0.1,0.7
"(5,1)",0.5,0.02,30,0.01,0.05,0.07,0.07,0.1,0.7
"(5,1)",0.5,0.02,31,0.01,0.05,0.07,0.06,0.08,0.73
"(5,1)",0.5,0.02,32,0.01,0.04,0.07,0.07,0.02,0.79
"(5,1)",0.5,0.02,33,0.01,0.04,0.06,0.08,0.01,0.8
"(5,1)",0.5,0.02,34,0.01,0.04,0.05,0.08,0.02,0.8
"(5,1)",0.5,0.02,35,0.01,0.04,0.05,0.08,0.01,0.81
"(5,1)",0.5,0.02,36,0.01,0.04,0.05,0.07,0.02,0.81
"(5,1)",0.5,0.02,37,0.01,0.04,0.05,0.05,0.04,0.81
"(5,1)",0.5,0.02,38,0.01,0.04,0.04,0.05,0.05,0.81
"(5,1)",0.5,0.02,39,0.01,0.03,0.05,0.03,0.06,0.82
"(5,1)",0.5,0.02,40,0.01,0.03,0.04,0.04,0.05,0.83
"(5,1)",0.5,0.02,41,0.01,0.03,0.04,0.03,0.05,0.84
"(5,1)",0.5,0.02,42,0.01,0.03,0.04,0.03,0.03,0.86
"(5,1)",0.5,0.02,43,0.01,0.03,0.04,0.03,0.03,0.86
"(5,1)",0.5,0.02,44,0.01,0.03,0.04,0.03,0.02,0.87
"(5,1)",0.5,0.02,45,0.01,0.03,0.04,0.03,0.02,0.87
"(5,1)",0.5,0.02,46,0.01,0.03,0.04,0.03,0.02,0.87
"(5,1)",0.5,0.02,47,0.01,0.03,0.04,0.02,0.02,0.88
"(5,1)",0.5,0.02,48,0.01,0.02,0.05,0.02,0.02,0.88
"(5,1)",0.5,0.02,49,0.01,0.02,0.05,0.02,0.02,0.88
"(5,1)",0.5,0.02,50,0.01,0.02,0.05,0.02,0.02,0.88
"(5,1)",0.5,0.02,51,0.01,0.02,0.05,0.02,0.02,0.88
"(5,1)",0.5,0.02,52,0.01,0.02,0.04,0.03,0.02,0.88
"(5,1)",0.5,0.02,53,0.01,0.02,0.04,0.02,0.03,0.88
"(5,1)",0.5,0.02,54,0.01,0.02,0.04,0.02,0.03,0.88
"(5,1)",0.5,0.02,55,0.01,0.02,0.04,0.02,0.03,0.88
"(5,1)",0.5,0.02,56,0.01,0.02,0.04,0.02,0.02,0.89
"(5,1)",0.5,0.02,57,0.01,0.02,0.04,0.02,0.02,0.89
"(5,1)",0.5,0.02,58,0.01,0.02,0.04,0.02,0.01,0.9
"(5,1)",0.5,0.02,59,0.01,0.01,0.05,0.02,0.01,0.9
"(5,1)",0.5,0.02,60,0.01,0.01,0.05,0.02,0.01,0.9
"(5,1)",0.5,0.02,61,0.01,0.01,0.05,0.02,0.01,0.9
"(5,1)",0.5,0.02,62,0.01,0.01,0.05,0.02,0.01,0.9
"(5,1)",0.5,0.02,63,0.01,0.01,0.04,0.03,0.01,0.9
"(5,1)",0.5,0.02,64,0.01,0.01,0.04,0.02,0.02,0.9
"(5,1)",0.5,0.02,65,0.01,0.01,0.04,0.02,0.02,0.9
"(5,1)",0.5,0.02,66,0.01,0.01,0.04,0.02,0.02,0.9
"(5,1)",0.5,0.02,67,0.01,0.01,0.04,0.02,0.02,0.9
"(5,1)",0.5,0.02,68,0.01,0.01,0.03,0.03,0.01,0.91
"(5,1)",0.5,0.02,69,0.01,0.01,0.03,0.03,0.01,0.91
"(5,1)",0.5,0.02,70,0.01,0.01,0.03,0.03,0.01,0.91
"(5,1)",0.6,0.02,1,0.53,0.47,0.0,0.0,0.0,0.0
"(5,1)",0.6,0.02,2,0.34,0.66,0.0,0.0,0.0,0.0
"(5,1)",0.6,0.02,3,0.26,0.59,0.15,0.0,0.0,0.0
"(5,1)",0.6,0.02,4,0.23,0.54,0.22,0.01,0.0,0.0
"(5,1)",0.6,0.02,5,0.18,0.54,0.22,0.06,0.0,0.0
"(5,1)",0.6,0.02,6,0.17,0.45,0.28,0.09,0.01,0.0
"(5,1)",0.6,0.02,7,0.13,0.4,0.33,0.12,0.02,0.0
"(5,1)",0.6,0.02,8,0.13,0.33,0.36,0.13,0.05,0.0
"(5,1)",0.6,0.02,9,0.11,0.3,0.37,0.13,0.09,0.0
"(5,1)",0.6,0.02,10,0.1,0.26,0.33,0.2,0.11,0.0
"(5,1)",0.6,0.02,11,0.08,0.24,0.28,0.25,0.13,0.02
"(5,1)",0.6,0.02,12,0.08,0.2,0.29,0.26,0.13,0.04
"(5,1)",0.6,0.02,13,0.07,0.17,0.3,0.25,0.15,0.06
"(5,1)",0.6,0.02,14,0.07,0.15,0.23,0.29,0.13,0.13
"(5,1)",0.6,0.02,15,0.07,0.13,0.21,0.3,0.13,0.16
"(5,1)",0.6,0.02,16,0.06,0.13,0.2,0.3,0.14,0.17
"(5,1)",0.6,0.02,17,0.06,0.09,0.21,0.27,0.17,0.2
"(5,1)",0.6,0.02,18,0.06,0.07,0.19,0.25,0.2,0.23
"(5,1)",0.6,0.02,19,0.05,0.07,0.17,0.22,0.2,0.29
"(5,1)",0.6,0.02,20,0.05,0.07,0.16,0.19,0.18,0.35
"(5,1)",0.6,0.02,21,0.04,0.07,0.16,0.16,0.18,0.39
"(5,1)",0.6,0.02,22,0.04,0.07,0.12,0.16,0.19,0.42
"(5,1)",0.6,0.02,23,0.03,0.08,0.11,0.13,0.17,0.48
"(5,1)",0.6,0.02,24,0.02,0.09,0.1,0.12,0.14,0.53
"(5,1)",0.6,0.02,25,0.02,0.08,0.11,0.11,0.09,0.59
"(5,1)",0.6,0.02,26,0.02,0.08,0.08,0.11,0.1,0.61
"(5,1)",0.6,0.02,27,0.02,0.08,0.08,0.07,0.13,0.62
"(5,1)",0.6,0.02,28,0.02,0.08,0.06,0.07,0.11,0.66
"(5,1)",0.6,0.02,29,0.02,0.07,0.06,0.07,0.1,0.68
"(5,1)",0.6,0.02,30,0.02,0.07,0.05,0.07,0.09,0.7
"(5,1)",0.6,0.02,31,0.02,0.05,0.06,0.04,0.09,0.74
"(5,1)",0.6,0.02,32,0.02,0.05,0.06,0.03,0.09,0.75
"(5,1)",0.6,0.02,33,0.02,0.05,0.06,0.02,0.09,0.76
"(5,1)",0.6,0.02,34,0.02,0.05,0.05,0.03,0.08,0.77
"(5,1)",0.6,0.02,35,0.02,0.05,0.05,0.03,0.02,0.83
"(5,1)",0.6,0.02,36,0.02,0.04,0.06,0.03,0.02,0.83
"(5,1)",0.6,0.02,37,0.02,0.04,0.06,0.02,0.02,0.84
"(5,1)",0.6,0.02,38,0.02,0.04,0.06,0.02,0.01,0.85
"(5,1)",0.6,0.02,39,0.02,0.04,0.06,0.01,0.02,0.85
"(5,1)",0.6,0.02,40,0.02,0.04,0.06,0.01,0.02,0.85
"(5,1)",0.6,0.02,41,0.02,0.04,0.06,0.01,0.01,0.86
"(5,1)",0.6,0.02,42,0.02,0.04,0.06,0.0,0.02,0.86
"(5,1)",0.6,0.02,43,0.02,0.04,0.06,0.0,0.02,0.86
"(5,1)",0.6,0.02,44,0.02,0.04,0.05,0.01,0.02,0.86
"(5,1)",0.6,0.02,45,0.02,0.04,0.05,0.01,0.0,0.88
"(5,1)",0.6,0.02,46,0.02,0.04,0.05,0.01,0.0,0.88
"(5,1)",0.6,0.02,47,0.02,0.04,0.04,0.02,0.0,0.88
"(5,1)",0.6,0.02,48,0.02,0.04,0.03,0.01,0.02,0.88
"(5,1)",0.6,0.02,49,0.02,0.04,0.03,0.01,0.0,0.9
"(5,1)",0.6,0.02,50,0.01,0.05,0.03,0.0,0.01,0.9
"(5,1)",0.6,0.02,51,0.01,0.05,0.02,0.01,0.01,0.9
"(5,1)",0.6,0.02,52,0.01,0.05,0.02,0.0,0.01,0.91
"(5,1)",0.6,0.02,53,0.01,0.05,0.02,0.0,0.01,0.91
"(5,1)",0.6,0.02,54,0.01,0.04,0.03,0.0,0.01,0.91
"(5,1)",0.6,0.02,55,0.01,0.04,0.02,0.01,0.01,0.91
"(5,1)",0.6,0.02,56,0.01,0.04,0.02,0.01,0.0,0.92
"(5,1)",0.6,0.02,57,0.01,0.04,0.02,0.01,0.0,0.92
"(5,1)",0.6,0.02,58,0.01,0.04,0.02,0.0,0.01,0.92
"(5,1)",0.6,0.02,59,0.01,0.04,0.01,0.01,0.01,0.92
"(5,1)",0.6,0.02,60,0.01,0.04,0.01,0.0,0.01,0.93
"(5,1)",0.6,0.02,61,0.01,0.04,0.0,0.01,0.0,0.94
"(5,1)",0.6,0.02,62,0.01,0.04,0.0,0.01,0.0,0.94
"(5,1)",0.6,0.02,63,0.01,0.04,0.0,0.01,0.0,0.94
"(5,1)",0.6,0.02,64,0.01,0.04,0.0,0.01,0.0,0.94
"(5,1)",0.6,0.02,65,0.01,0.04,0.0,0.01,0.0,0.94
"(5,1)",0.6,0.02,66,0.01,0.04,0.0,0.01,0.0,0.94
"(5,1)",0.6,0.02,67,0.01,0.04,0.0,0.01,0.0,0.94
"(5,1)",0.6,0.02,68,0.01,0.04,0.0,0.01,0.0,0.94
"(5,1)",0.6,0.02,69,0.01,0.04,0.0,0.01,0.0,0.94
"(5,1)",0.6,0.02,70,0.01,0.04,0.0,0.0,0.01,0.94
"(5,1)",0.7,0.02,1,0.41,0.59,0.0,0.0,0.0,0.0
"(5,1)",0.7,0.02,2,0.27,0.69,0.04,0.0,0.0,0.0
"(5,1)",0.7,0.02,3,0.23,0.6,0.16,0.01,0.0,0.0
"(5,1)",0.7,0.02,4,0.19,0.53,0.27,0.01,0.0,0.0
"(5,1)",0.7,0.02,5,0.16,0.43,0.33,0.08,0.0,0.0
"(5,1)",0.7,0.02,6,0.14,0.42,0.33,0.1,0.01,0.0
"(5,1)",0.7,0.02,7,0.14,0.39,0.33,0.12,0.02,0.0
"(5,1)",0.7,0.02,8,0.11,0.34,0.38,0.11,0.05,0.01
"(5,1)",0.7,0.02,9,0.11,0.32,0.39,0.11,0.06,0.01
"(5,1)",0.7,0.02,10,0.11,0.31,0.31,0.18,0.07,0.02
"(5,1)",0.7,0.02,11,0.1,0.29,0.3,0.19,0.05,0.07
"(5,1)",0.7,0.02,12,0.09,0.25,0.31,0.19,0.07,0.09
"(5,1)",0.7,0.02,13,0.09,0.23,0.31,0.18,0.06,0.13
"(5,1)",0.7,0.02,14,0.08,0.22,0.3,0.18,0.08,0.14
"(5,1)",0.7,0.02,15,0.07,0.18,0.34,0.18,0.09,0.14
"(5,1)",0.7,0.02,16,0.07,0.15,0.35,0.17,0.09,0.17
"(5,1)",0.7,0.02,17,0.07,0.13,0.35,0.15,0.11,0.19
"(5,1)",0.7,0.02,18,0.07,0.11,0.34,0.17,0.09,0.22
"(5,1)",0.7,0.02,19,0.07,0.11,0.29,0.19,0.09,0.25
"(5,1)",0.7,0.02,20,0.07,0.1,0.27,0.19,0.11,0.26
"(5,1)",0.7,0.02,21,0.07,0.07,0.27,0.19,0.11,0.29
"(5,1)",0.7,0.02,22,0.06,0.08,0.21,0.18,0.16,0.31
"(5,1)",0.7,0.02,23,0.06,0.08,0.18,0.16,0.19,0.33
"(5,1)",0.7,0.02,24,0.06,0.08,0.15,0.12,0.2,0.39
"(5,1)",0.7,0.02,25,0.06,0.07,0.16,0.1,0.18,0.43
"(5,1)",0.7,0.02,26,0.06,0.05,0.13,0.13,0.16,0.47
"(5,1)",0.7,0.02,27,0.06,0.05,0.09,0.14,0.16,0.5
"(5,1)",0.7,0.02,28,0.06,0.05,0.09,0.12,0.14,0.54
"(5,1)",0.7,0.02,29,0.05,0.06,0.08,0.11,0.08,0.62
"(5,1)",0.7,0.02,30,0.05,0.06,0.08,0.1,0.07,0.64
"(5,1)",0.7,0.02,31,0.05,0.06,0.07,0.09,0.07,0.66
"(5,1)",0.7,0.02,32,0.05,0.05,0.07,0.1,0.06,0.67
"(5,1)",0.7,0.02,33,0.05,0.05,0.06,0.11,0.04,0.69
"(5,1)",0.7,0.02,34,0.05,0.05,0.06,0.1,0.05,0.69
"(5,1)",0.7,0.02,35,0.05,0.04,0.06,0.07,0.06,0.72
"(5,1)",0.7,0.02,36,0.05,0.04,0.05,0.07,0.06,0.73
"(5,1)",0.7,0.02,37,0.05,0.03,0.06,0.05,0.07,0.74
"(5,1)",0.7,0.02,38,0.05,0.03,0.06,0.04,0.05,0.77
"(5,1)",0.7,0.02,39,0.05,0.03,0.06,0.03,0.06,0.77
"(5,1)",0.7,0.02,40,0.04,0.04,0.05,0.02,0.07,0.78
"(5,1)",0.7,0.02,41,0.04,0.04,0.05,0.02,0.06,0.79
"(5,1)",0.7,0.02,42,0.04,0.04,0.05,0.02,0.06,0.79
"(5,1)",0.7,0.02,43,0.04,0.04,0.05,0.02,0.04,0.81
"(5,1)",0.7,0.02,44,0.04,0.03,0.05,0.02,0.02,0.84
"(5,1)",0.7,0.02,45,0.04,0.03,0.05,0.02,0.02,0.84
"(5,1)",0.7,0.02,46,0.04,0.03,0.05,0.02,0.02,0.84
"(5,1)",0.7,0.02,47,0.04,0.03,0.04,0.03,0.01,0.85
"(5,1)",0.7,0.02,48,0.04,0.03,0.04,0.03,0.01,0.85
"(5,1)",0.7,0.02,49,0.04,0.03,0.04,0.03,0.01,0.85
"(5,1)",0.7,0.02,50,0.04,0.03,0.03,0.04,0.01,0.85
"(5,1)",0.7,0.02,51,0.04,0.03,0.03,0.04,0.01,0.85
"(5,1)",0.7,0.02,52,0.04,0.03,0.03,0.03,0.02,0.85
"(5,1)",0.7,0.02,53,0.04,0.03,0.03,0.03,0.02,0.85
"(5,1)",0.7,0.02,54,0.04,0.03,0.03,0.03,0.02,0.85
"(5,1)",0.7,0.02,55,0.04,0.03,0.03,0.03,0.02,0.85
"(5,1)",0.7,0.02,56,0.04,0.03,0.03,0.03,0.01,0.86
"(5,1)",0.7,0.02,57,0.04,0.03,0.02,0.02,0.03,0.86
"(5,1)",0.7,0.02,58,0.04,0.03,0.02,0.02,0.03,0.86
"(5,1)",0.7,0.02,59,0.04,0.03,0.02,0.02,0.02,0.87
"(5,1)",0.7,0.02,60,0.04,0.03,0.02,0.02,0.01,0.88
"(5,1)",0.7,0.02,61,0.04,0.03,0.02,0.02,0.01,0.88
"(5,1)",0.7,0.02,62,0.04,0.03,0.02,0.02,0.01,0.88
"(5,1)",0.7,0.02,63,0.04,0.03,0.02,0.01,0.02,0.88
"(5,1)",0.7,0.02,64,0.04,0.03,0.02,0.01,0.02,0.88
"(5,1)",0.7,0.02,65,0.04,0.03,0.02,0.01,0.02,0.88
"(5,1)",0.7,0.02,66,0.04,0.03,0.02,0.01,0.02,0.88
"(5,1)",0.7,0.02,67,0.04,0.03,0.02,0.01,0.02,0.88
"(5,1)",0.7,0.02,68,0.04,0.03,0.02,0.01,0.02,0.88
"(5,1)",0.7,0.02,69,0.04,0.03,0.02,0.01,0.02,0.88
"(5,1)",0.7,0.02,70,0.04,0.03,0.02,0.01,0.01,0.89
"(5,1)",0.8,0.02,1,0.42,0.58,0.0,0.0,0.0,0.0
"(5,1)",0.8,0.02,2,0.34,0.62,0.04,0.0,0.0,0.0
"(5,1)",0.8,0.02,3,0.28,0.61,0.11,0.0,0.0,0.0
"(5,1)",0.8,0.02,4,0.23,0.57,0.18,0.02,0.0,0.0
"(5,1)",0.8,0.02,5,0.21,0.52,0.23,0.03,0.01,0.0
"(5,1)",0.8,0.02,6,0.17,0.48,0.26,0.05,0.03,0.01
"(5,1)",0.8,0.02,7,0.14,0.47,0.28,0.07,0.03,0.01
"(5,1)",0.8,0.02,8,0.13,0.45,0.26,0.12,0.03,0.01
"(5,1)",0.8,0.02,9,0.11,0.39,0.3,0.16,0.03,0.01
"(5,1)",0.8,0.02,10,0.08,0.38,0.27,0.21,0.05,0.01
"(5,1)",0.8,0.02,11,0.08,0.33,0.29,0.24,0.04,0.02
"(5,1)",0.8,0.02,12,0.07,0.31,0.24,0.28,0.06,0.04
"(5,1)",0.8,0.02,13,0.07,0.27,0.25,0.28,0.06,0.07
"(5,1)",0.8,0.02,14,0.06,0.24,0.27,0.28,0.08,0.07
"(5,1)",0.8,0.02,15,0.05,0.22,0.27,0.29,0.09,0.08
"(5,1)",0.8,0.02,16,0.05,0.2,0.25,0.27,0.14,0.09
"(5,1)",0.8,0.02,17,0.05,0.2,0.22,0.21,0.23,0.09
"(5,1)",0.8,0.02,18,0.04,0.21,0.18,0.22,0.23,0.12
"(5,1)",0.8,0.02,19,0.04,0.19,0.17,0.22,0.19,0.19
"(5,1)",0.8,0.02,20,0.04,0.19,0.16,0.19,0.2,0.22
"(5,1)",0.8,0.02,21,0.04,0.19,0.14,0.21,0.16,0.26
"(5,1)",0.8,0.02,22,0.04,0.17,0.13,0.19,0.15,0.32
"(5,1)",0.8,0.02,23,0.04,0.17,0.12,0.17,0.14,0.36
"(5,1)",0.8,0.02,24,0.04,0.16,0.09,0.17,0.17,0.37
"(5,1)",0.8,0.02,25,0.03,0.17,0.08,0.13,0.16,0.43
"(5,1)",0.8,0.02,26,0.03,0.16,0.07,0.12,0.15,0.47
"(5,1)",0.8,0.02,27,0.03,0.15,0.08,0.11,0.11,0.52
"(5,1)",0.8,0.02,28,0.03,0.13,0.1,0.07,0.13,0.54
"(5,1)",0.8,0.02,29,0.03,0.12,0.1,0.08,0.1,0.57
"(5,1)",0.8,0.02,30,0.03,0.12,0.09,0.08,0.09,0.59
"(5,1)",0.8,0.02,31,0.03,0.12,0.08,0.08,0.07,0.62
"(5,1)",0.8,0.02,32,0.03,0.12,0.08,0.08,0.05,0.64
"(5,1)",0.8,0.02,33,0.03,0.12,0.08,0.08,0.03,0.66
"(5,1)",0.8,0.02,34,0.02,0.13,0.07,0.07,0.05,0.66
"(5,1)",0.8,0.02,35,0.01,0.13,0.08,0.05,0.05,0.68
"(5,1)",0.8,0.02,36,0.01,0.12,0.07,0.06,0.06,0.68
"(5,1)",0.8,0.02,37,0.01,0.12,0.06,0.07,0.05,0.69
"(5,1)",0.8,0.02,38,0.01,0.11,0.07,0.05,0.05,0.71
"(5,1)",0.8,0.02,39,0.01,0.11,0.06,0.05,0.06,0.71
"(5,1)",0.8,0.02,40,0.01,0.09,0.08,0.02,0.07,0.73
"(5,1)",0.8,0.02,41,0.01,0.09,0.08,0.02,0.07,0.73
"(5,1)",0.8,0.02,42,0.01,0.09,0.07,0.03,0.05,0.75
"(5,1)",0.8,0.02,43,0.01,0.09,0.06,0.04,0.04,0.76
"(5,1)",0.8,0.02,44,0.01,0.08,0.07,0.04,0.02,0.78
"(5,1)",0.8,0.02,45,0.01,0.07,0.07,0.04,0.02,0.79
"(5,1)",0.8,0.02,46,0.01,0.07,0.06,0.05,0.02,0.79
"(5,1)",0.8,0.02,47,0.01,0.07,0.06,0.04,0.03,0.79
"(5,1)",0.8,0.02,48,0.01,0.07,0.05,0.04,0.03,0.8
"(5,1)",0.8,0.02,49,0.01,0.07,0.05,0.03,0.04,0.8
"(5,1)",0.8,0.02,50,0.01,0.07,0.04,0.04,0.03,0.81
"(5,1)",0.8,0.02,51,0.01,0.07,0.04,0.01,0.05,0.82
"(5,1)",0.8,0.02,52,0.01,0.06,0.05,0.01,0.03,0.84
"(5,1)",0.8,0.02,53,0.01,0.06,0.05,0.01,0.03,0.84
"(5,1)",0.8,0.02,54,0.01,0.06,0.05,0.01,0.02,0.85
"(5,1)",0.8,0.02,55,0.01,0.06,0.04,0.02,0.01,0.86
"(5,1)",0.8,0.02,56,0.01,0.06,0.04,0.02,0.01,0.86
"(5,1)",0.8,0.02,57,0.01,0.05,0.05,0.02,0.01,0.86
"(5,1)",0.8,0.02,58,0.01,0.05,0.05,0.01,0.02,0.86
"(5,1)",0.8,0.02,59,0.01,0.05,0.05,0.01,0.02,0.86
"(5,1)",0.8,0.02,60,0.01,0.05,0.05,0.01,0.02,0.86
"(5,1)",0.8,0.02,61,0.01,0.05,0.05,0.01,0.01,0.87
"(5,1)",0.8,0.02,62,0.01,0.05,0.04,0.02,0.01,0.87
"(5,1)",0.8,0.02,63,0.01,0.05,0.04,0.01,0.02,0.87
"(5,1)",0.8,0.02,64,0.01,0.05,0.04,0.01,0.02,0.87
"(5,1)",0.8,0.02,65,0.01,0.05,0.04,0.01,0.01,0.88
"(5,1)",0.8,0.02,66,0.01,0.05,0.04,0.01,0.01,0.88
"(5,1)",0.8,0.02,67,0.01,0.05,0.04,0.01,0.01,0.88
"(5,1)",0.8,0.02,68,0.01,0.05,0.04,0.01,0.01,0.88
"(5,1)",0.8,0.02,69,0.01,0.05,0.04,0.01,0.01,0.88
"(5,1)",0.8,0.02,70,0.01,0.05,0.04,0.01,0.01,0.88
"(5,1)",0.9,0.02,1,0.72,0.28,0.0,0.0,0.0,0.0
"(5,1)",0.9,0.02,2,0.55,0.39,0.06,0.0,0.0,0.0
"(5,1)",0.9,0.02,3,0.48,0.41,0.09,0.02,0.0,0.0
"(5,1)",0.9,0.02,4,0.4,0.46,0.1,0.04,0.0,0.0
"(5,1)",0.9,0.02,5,0.31,0.46,0.18,0.05,0.0,0.0
"(5,1)",0.9,0.02,6,0.29,0.42,0.22,0.07,0.0,0.0
"(5,1)",0.9,0.02,7,0.26,0.42,0.25,0.07,0.0,0.0
"(5,1)",0.9,0.02,8,0.24,0.37,0.3,0.09,0.0,0.0
"(5,1)",0.9,0.02,9,0.21,0.37,0.29,0.11,0.02,0.0
"(5,1)",0.9,0.02,10,0.21,0.36,0.26,0.12,0.04,0.01
"(5,1)",0.9,0.02,11,0.21,0.32,0.26,0.13,0.06,0.02
"(5,1)",0.9,0.02,12,0.17,0.31,0.29,0.11,0.1,0.02
"(5,1)",0.9,0.02,13,0.16,0.29,0.28,0.13,0.11,0.03
"(5,1)",0.9,0.02,14,0.15,0.29,0.26,0.13,0.12,0.05
"(5,1)",0.9,0.02,15,0.14,0.26,0.25,0.18,0.08,0.09
"(5,1)",0.9,0.02,16,0.14,0.24,0.24,0.2,0.07,0.11
"(5,1)",0.9,0.02,17,0.12,0.23,0.25,0.18,0.09,0.13
"(5,1)",0.9,0.02,18,0.11,0.19,0.27,0.15,0.12,0.16
"(5,1)",0.9,0.02,19,0.11,0.16,0.24,0.17,0.14,0.18
"(5,1)",0.9,0.02,20,0.11,0.14,0.21,0.19,0.13,0.22
"(5,1)",0.9,0.02,21,0.1,0.13,0.2,0.19,0.13,0.25
"(5,1)",0.9,0.02,22,0.08,0.12,0.19,0.21,0.13,0.27
"(5,1)",0.9,0.02,23,0.08,0.12,0.16,0.21,0.12,0.31
"(5,1)",0.9,0.02,24,0.08,0.1,0.15,0.19,0.12,0.36
"(5,1)",0.9,0.02,25,0.08,0.1,0.13,0.19,0.09,0.41
"(5,1)",0.9,0.02,26,0.08,0.08,0.15,0.17,0.08,0.44
"(5,1)",0.9,0.02,27,0.08,0.08,0.11,0.19,0.07,0.47
"(5,1)",0.9,0.02,28,0.08,0.08,0.08,0.18,0.1,0.48
"(5,1)",0.9,0.02,29,0.08,0.07,0.08,0.17,0.11,0.49
"(5,1)",0.9,0.02,30,0.08,0.05,0.09,0.14,0.13,0.51
"(5,1)",0.9,0.02,31,0.08,0.05,0.09,0.07,0.17,0.54
"(5,1)",0.9,0.02,32,0.07,0.05,0.08,0.08,0.13,0.59
"(5,1)",0.9,0.02,33,0.07,0.05,0.07,0.08,0.1,0.63
"(5,1)",0.9,0.02,34,0.06,0.05,0.06,0.08,0.1,0.65
"(5,1)",0.9,0.02,35,0.06,0.04,0.07,0.07,0.1,0.66
"(5,1)",0.9,0.02,36,0.06,0.04,0.07,0.07,0.07,0.69
"(5,1)",0.9,0.02,37,0.06,0.03,0.07,0.06,0.07,0.71
"(5,1)",0.9,0.02,38,0.06,0.03,0.06,0.07,0.06,0.72
"(5,1)",0.9,0.02,39,0.06,0.03,0.06,0.07,0.03,0.75
"(5,1)",0.9,0.02,40,0.06,0.03,0.06,0.06,0.02,0.77
"(5,1)",0.9,0.02,41,0.06,0.02,0.07,0.05,0.03,0.77
"(5,1)",0.9,0.02,42,0.06,0.02,0.04,0.08,0.02,0.78
"(5,1)",0.9,0.02,43,0.06,0.02,0.04,0.06,0.04,0.78
"(5,1)",0.9,0.02,44,0.06,0.02,0.04,0.05,0.03,0.8
"(5,1)",0.9,0.02,45,0.06,0.02,0.04,0.05,0.02,0.81
"(5,1)",0.9,0.02,46,0.06,0.02,0.04,0.05,0.01,0.82
"(5,1)",0.9,0.02,47,0.06,0.02,0.04,0.04,0.02,0.82
"(5,1)",0.9,0.02,48,0.06,0.02,0.02,0.06,0.01,0.83
"(5,1)",0.9,0.02,49,0.06,0.02,0.01,0.05,0.03,0.83
"(5,1)",0.9,0.02,50,0.06,0.02,0.01,0.05,0.02,0.84
"(5,1)",0.9,0.02,51,0.06,0.02,0.01,0.05,0.02,0.84
"(5,1)",0.9,0.02,52,0.06,0.02,0.01,0.04,0.02,0.85
"(5,1)",0.9,0.02,53,0.06,0.02,0.01,0.04,0.02,0.85
"(5,1)",0.9,0.02,54,0.06,0.02,0.01,0.03,0.02,0.86
"(5,1)",0.9,0.02,55,0.06,0.02,0.01,0.03,0.01,0.87
"(5,1)",0.9,0.02,56,0.06,0.02,0.01,0.03,0.01,0.87
"(5,1)",0.9,0.02,57,0.06,0.02,0.01,0.03,0.01,0.87
"(5,1)",0.9,0.02,58,0.06,0.02,0.01,0.03,0.01,0.87
"(5,1)",0.9,0.02,59,0.06,0.02,0.01,0.03,0.01,0.87
"(5,1)",0.9,0.02,60,0.06,0.02,0.01,0.03,0.01,0.87
"(5,1)",0.9,0.02,61,0.05,0.03,0.01,0.02,0.02,0.87
"(5,1)",0.9,0.02,62,0.05,0.03,0.0,0.03,0.01,0.88
"(5,1)",0.9,0.02,63,0.05,0.03,0.0,0.03,0.01,0.88
"(5,1)",0.9,0.02,64,0.05,0.03,0.0,0.03,0.01,0.88
"(5,1)",0.9,0.02,65,0.05,0.03,0.0,0.03,0.01,0.88
"(5,1)",0.9,0.02,66,0.05,0.03,0.0,0.03,0.01,0.88
"(5,1)",0.9,0.02,67,0.05,0.02,0.01,0.03,0.01,0.88
"(5,1)",0.9,0.02,68,0.05,0.02,0.01,0.03,0.01,0.88
"(5,1)",0.9,0.02,69,0.05,0.02,0.0,0.04,0.01,0.88
"(5,1)",0.9,0.02,70,0.05,0.02,0.0,0.04,0.01,0.88
"(6,1)",0.1,0.02,1,1.0,0.0,0.0,0.0,0.0,0.0
"(6,1)",0.1,0.02,2,1.0,0.0,0.0,0.0,0.0,0.0
"(6,1)",0.1,0.02,3,0.88,0.12,0.0,0.0,0.0,0.0
"(6,1)",0.1,0.02,4,0.65,0.31,0.04,0.0,0.0,0.0
"(6,1)",0.1,0.02,5,0.33,0.55,0.09,0.03,0.0,0.0
"(6,1)",0.1,0.02,6,0.16,0.56,0.2,0.08,0.0,0.0
"(6,1)",0.1,0.02,7,0.08,0.44,0.25,0.19,0.04,0.0
"(6,1)",0.1,0.02,8,0.03,0.32,0.3,0.21,0.1,0.04
"(6,1)",0.1,0.02,9,0.02,0.26,0.2,0.28,0.16,0.08
"(6,1)",0.1,0.02,10,0.01,0.2,0.16,0.25,0.22,0.16
"(6,1)",0.1,0.02,11,0.01,0.16,0.11,0.18,0.24,0.3
"(6,1)",0.1,0.02,12,0.01,0.11,0.12,0.13,0.22,0.41
"(6,1)",0.1,0.02,13,0.01,0.09,0.07,0.13,0.15,0.55
"(6,1)",0.1,0.02,14,0.01,0.08,0.06,0.11,0.1,0.64
"(6,1)",0.1,0.02,15,0.01,0.07,0.05,0.11,0.06,0.7
"(6,1)",0.1,0.02,16,0.01,0.06,0.05,0.06,0.09,0.73
"(6,1)",0.1,0.02,17,0.01,0.03,0.06,0.07,0.07,0.76
"(6,1)",0.1,0.02,18,0.01,0.03,0.04,0.09,0.04,0.79
"(6,1)",0.1,0.02,19,0.01,0.03,0.01,0.1,0.04,0.81
"(6,1)",0.1,0.02,20,0.01,0.02,0.02,0.07,0.04,0.84
"(6,1)",0.1,0.02,21,0.01,0.01,0.03,0.07,0.01,0.87
"(6,1)",0.1,0.02,22,0.01,0.0,0.02,0.09,0.01,0.87
"(6,1)",0.1,0.02,23,0.01,0.0,0.02,0.07,0.03,0.87
"(6,1)",0.1,0.02,24,0.01,0.0,0.01,0.07,0.02,0.89
"(6,1)",0.1,0.02,25,0.01,0.0,0.01,0.06,0.03,0.89
"(6,1)",0.1,0.02,26,0.01,0.0,0.01,0.06,0.01,0.91
"(6,1)",0.1,0.02,27,0.01,0.0,0.01,0.06,0.01,0.91
"(6,1)",0.1,0.02,28,0.01,0.0,0.01,0.06,0.01,0.91
"(6,1)",0.1,0.02,29,0.01,0.0,0.01,0.06,0.01,0.91
"(6,1)",0.1,0.02,30,0.01,0.0,0.01,0.06,0.01,0.91
"(6,1)",0.1,0.02,31,0.01,0.0,0.01,0.06,0.0,0.92
"(6,1)",0.1,0.02,32,0.01,0.0,0.01,0.06,0.0,0.92
"(6,1)",0.1,0.02,33,0.01,0.0,0.01,0.06,0.0,0.92
"(6,1)",0.1,0.02,34,0.01,0.0,0.01,0.06,0.0,0.92
"(6,1)",0.1,0.02,35,0.01,0.0,0.01,0.06,0.0,0.92
"(6,1)",0.1,0.02,36,0.01,0.0,0.01,0.06,0.0,0.92
"(6,1)",0.1,0.02,37,0.01,0.0,0.01,0.06,0.0,0.92
"(6,1)",0.1,0.02,38,0.01,0.0,0.01,0.06,0.0,0.92
"(6,1)",0.1,0.02,39,0.01,0.0,0.01,0.06,0.0,0.92
"(6,1)",0.1,0.02,40,0.01,0.0,0.01,0.06,0.0,0.92
"(6,1)",0.1,0.02,41,0.01,0.0,0.01,0.06,0.0,0.92
"(6,1)",0.1,0.02,42,0.01,0.0,0.01,0.06,0.0,0.92
"(6,1)",0.1,0.02,43,0.01,0.0,0.01,0.06,0.0,0.92
"(6,1)",0.1,0.02,44,0.01,0.0,0.01,0.06,0.0,0.92
"(6,1)",0.1,0.02,45,0.01,0.0,0.01,0.06,0.0,0.92
"(6,1)",0.1,0.02,46,0.01,0.0,0.01,0.06,0.0,0.92
"(6,1)",0.1,0.02,47,0.01,0.0,0.01,0.06,0.0,0.92
"(6,1)",0.1,0.02,48,0.01,0.0,0.01,0.06,0.0,0.92
"(6,1)",0.1,0.02,49,0.01,0.0,0.01,0.06,0.0,0.92
"(6,1)",0.1,0.02,50,0.01,0.0,0.01,0.06,0.0,0.92
"(6,1)",0.1,0.02,51,0.01,0.0,0.01,0.06,0.0,0.92
"(6,1)",0.1,0.02,52,0.01,0.0,0.01,0.06,0.0,0.92
"(6,1)",0.1,0.02,53,0.01,0.0,0.01,0.06,0.0,0.92
"(6,1)",0.1,0.02,54,0.01,0.0,0.01,0.06,0.0,0.92
"(6,1)",0.1,0.02,55,0.01,0.0,0.01,0.06,0.0,0.92
"(6,1)",0.1,0.02,56,0.01,0.0,0.01,0.06,0.0,0.92
"(6,1)",0.1,0.02,57,0.01,0.0,0.01,0.06,0.0,0.92
"(6,1)",0.1,0.02,58,0.01,0.0,0.01,0.06,0.0,0.92
"(6,1)",0.1,0.02,59,0.01,0.0,0.01,0.06,0.0,0.92
"(6,1)",0.1,0.02,60,0.01,0.0,0.01,0.06,0.0,0.92
"(6,1)",0.1,0.02,61,0.01,0.0,0.01,0.06,0.0,0.92
"(6,1)",0.1,0.02,62,0.01,0.0,0.01,0.06,0.0,0.92
"(6,1)",0.1,0.02,63,0.01,0.0,0.01,0.06,0.0,0.92
"(6,1)",0.1,0.02,64,0.01,0.0,0.01,0.06,0.0,0.92
"(6,1)",0.1,0.02,65,0.01,0.0,0.01,0.06,0.0,0.92
"(6,1)",0.1,0.02,66,0.01,0.0,0.01,0.06,0.0,0.92
"(6,1)",0.1,0.02,67,0.01,0.0,0.01,0.06,0.0,0.92
"(6,1)",0.1,0.02,68,0.01,0.0,0.01,0.06,0.0,0.92
"(6,1)",0.1,0.02,69,0.01,0.0,0.01,0.06,0.0,0.92
"(6,1)",0.1,0.02,70,0.01,0.0,0.01,0.06,0.0,0.92
"(6,1)",0.2,0.02,1,1.0,0.0,0.0,0.0,0.0,0.0
"(6,1)",0.2,0.02,2,0.89,0.11,0.0,0.0,0.0,0.0
"(6,1)",0.2,0.02,3,0.67,0.31,0.02,0.0,0.0,0.0
"(6,1)",0.2,0.02,4,0.46,0.45,0.08,0.01,0.0,0.0
"(6,1)",0.2,0.02,5,0.2,0.57,0.18,0.05,0.0,0.0
"(6,1)",0.2,0.02,6,0.13,0.47,0.26,0.14,0.0,0.0
"(6,1)",0.2,0.02,7,0.1,0.37,0.3,0.18,0.05,0.0
"(6,1)",0.2,0.02,8,0.08,0.26,0.36,0.19,0.1,0.01
"(6,1)",0.2,0.02,9,0.06,0.25,0.25,0.31,0.09,0.04
"(6,1)",0.2,0.02,10,0.04,0.25,0.18,0.26,0.21,0.06
"(6,1)",0.2,0.02,11,0.03,0.2,0.19,0.21,0.22,0.15
"(6,1)",0.2,0.02,12,0.03,0.15,0.16,0.24,0.2,0.22
"(6,1)",0.2,0.02,13,0.01,0.14,0.12,0.24,0.2,0.29
"(6,1)",0.2,0.02,14,0.01,0.1,0.09,0.26,0.17,0.37
"(6,1)",0.2,0.02,15,0.01,0.07,0.08,0.22,0.18,0.44
"(6,1)",0.2,0.02,16,0.01,0.05,0.08,0.18,0.17,0.51
"(6,1)",0.2,0.02,17,0.01,0.03,0.08,0.16,0.18,0.54
"(6,1)",0.2,0.02,18,0.01,0.03,0.04,0.13,0.23,0.56
"(6,1)",0.2,0.02,19,0.01,0.03,0.02,0.12,0.19,0.63
"(6,1)",0.2,0.02,20,0.01,0.03,0.01,0.06,0.19,0.7
"(6,1)",0.2,0.02,21,0.01,0.03,0.0,0.07,0.12,0.77
"(6,1)",0.2,0.02,22,0.01,0.03,0.0,0.05,0.07,0.84
"(6,1)",0.2,0.02,23,0.01,0.03,0.0,0.03,0.06,0.87
"(6,1)",0.2,0.02,24,0.01,0.03,0.0,0.01,0.04,0.91
"(6,1)",0.2,0.02,25,0.01,0.03,0.0,0.01,0.02,0.93
"(6,1)",0.2,0.02,26,0.01,0.03,0.0,0.01,0.01,0.94
"(6,1)",0.2,0.02,27,0.01,0.03,0.0,0.01,0.0,0.95
"(6,1)",0.2,0.02,28,0.01,0.03,0.0,0.01,0.0,0.95
"(6,1)",0.2,0.02,29,0.01,0.03,0.0,0.01,0.0,0.95
"(6,1)",0.2,0.02,30,0.01,0.03,0.0,0.01,0.0,0.95
"(6,1)",0.2,0.02,31,0.01,0.03,0.0,0.01,0.0,0.95
"(6,1)",0.2,0.02,32,0.01,0.03,0.0,0.01,0.0,0.95
"(6,1)",0.2,0.02,33,0.01,0.03,0.0,0.01,0.0,0.95
"(6,1)",0.2,0.02,34,0.01,0.03,0.0,0.01,0.0,0.95
"(6,1)",0.2,0.02,35,0.01,0.03,0.0,0.01,0.0,0.95
"(6,1)",0.2,0.02,36,0.01,0.03,0.0,0.01,0.0,0.95
"(6,1)",0.2,0.02,37,0.01,0.03,0.0,0.01,0.0,0.95
"(6,1)",0.2,0.02,38,0.01,0.03,0.0,0.01,0.0,0.95
"(6,1)",0.2,0.02,39,0.01,0.02,0.01,0.01,0.0,0.95
"(6,1)",0.2,0.02,40,0.01,0.02,0.0,0.02,0.0,0.95
"(6,1)",0.2,0.02,41,0.01,0.02,0.0,0.02,0.0,0.95
"(6,1)",0.2,0.02,42,0.01,0.02,0.0,0.01,0.01,0.95
"(6,1)",0.2,0.02,43,0.01,0.02,0.0,0.01,0.01,0.95
"(6,1)",0.2,0.02,44,0.01,0.02,0.0,0.01,0.01,0.95
"(6,1)",0.2,0.02,45,0.01,0.02,0.0,0.01,0.0,0.96
"(6,1)",0.2,0.02,46,0.01,0.02,0.0,0.01,0.0,0.96
"(6,1)",0.2,0.02,47,0.01,0.02,0.0,0.01,0.0,0.96
"(6,1)",0.2,0.02,48,0.01,0.02,0.0,0.01,0.0,0.96
"(6,1)",0.2,0.02,49,0.01,0.02,0.0,0.01,0.0,0.96
"(6,1)",0.2,0.02,50,0.01,0.02,0.0,0.01,0.0,0.96
"(6,1)",0.2,0.02,51,0.01,0.02,0.0,0.01,0.0,0.96
"(6,1)",0.2,0.02,52,0.01,0.02,0.0,0.01,0.0,0.96
"(6,1)",0.2,0.02,53,0.01,0.02,0.0,0.01,0.0,0.96
"(6,1)",0.2,0.02,54,0.01,0.01,0.01,0.01,0.0,0.96
"(6,1)",0.2,0.02,55,0.01,0.01,0.0,0.02,0.0,0.96
"(6,1)",0.2,0.02,56,0.01,0.01,0.0,0.01,0.01,0.96
"(6,1)",0.2,0.02,57,0.01,0.01,0.0,0.01,0.01,0.96
"(6,1)",0.2,0.02,58,0.01,0.01,0.0,0.01,0.01,0.96
"(6,1)",0.2,0.02,59,0.01,0.01,0.0,0.01,0.01,0.96
"(6,1)",0.2,0.02,60,0.01,0.01,0.0,0.01,0.01,0.96
"(6,1)",0.2,0.02,61,0.01,0.01,0.0,0.01,0.01,0.96
"(6,1)",0.2,0.02,62,0.01,0.01,0.0,0.01,0.01,0.96
"(6,1)",0.2,0.02,63,0.01,0.01,0.0,0.01,0.01,0.96
"(6,1)",0.2,0.02,64,0.01,0.01,0.0,0.01,0.0,0.97
"(6,1)",0.2,0.02,65,0.01,0.01,0.0,0.01,0.0,0.97
"(6,1)",0.2,0.02,66,0.01,0.01,0.0,0.01,0.0,0.97
"(6,1)",0.2,0.02,67,0.01,0.01,0.0,0.01,0.0,0.97
"(6,1)",0.2,0.02,68,0.01,0.01,0.0,0.01,0.0,0.97
"(6,1)",0.2,0.02,69,0.01,0.01,0.0,0.01,0.0,0.97
"(6,1)",0.2,0.02,70,0.01,0.01,0.0,0.01,0.0,0.97
"(6,1)",0.3,0.02,1,1.0,0.0,0.0,0.0,0.0,0.0
"(6,1)",0.3,0.02,2,0.61,0.39,0.0,0.0,0.0,0.0
"(6,1)",0.3,0.02,3,0.4,0.51,0.09,0.0,0.0,0.0
"(6,1)",0.3,0.02,4,0.26,0.48,0.2,0.06,0.0,0.0
"(6,1)",0.3,0.02,5,0.16,0.44,0.28,0.11,0.01,0.0
"(6,1)",0.3,0.02,6,0.13,0.37,0.29,0.19,0.02,0.0
"(6,1)",0.3,0.02,7,0.11,0.34,0.28,0.19,0.08,0.0
"(6,1)",0.3,0.02,8,0.08,0.3,0.31,0.17,0.14,0.0
"(6,1)",0.3,0.02,9,0.05,0.29,0.31,0.16,0.18,0.01
"(6,1)",0.3,0.02,10,0.05,0.26,0.28,0.19,0.16,0.06
"(6,1)",0.3,0.02,11,0.04,0.22,0.29,0.17,0.19,0.09
"(6,1)",0.3,0.02,12,0.04,0.17,0.26,0.21,0.17,0.15
"(6,1)",0.3,0.02,13,0.04,0.13,0.24,0.24,0.17,0.18
"(6,1)",0.3,0.02,14,0.03,0.11,0.23,0.21,0.21,0.21
"(6,1)",0.3,0.02,15,0.03,0.09,0.19,0.22,0.2,0.27
"(6,1)",0.3,0.02,16,0.03,0.08,0.19,0.13,0.27,0.3
"(6,1)",0.3,0.02,17,0.03,0.06,0.16,0.16,0.23,0.36
"(6,1)",0.3,0.02,18,0.02,0.05,0.15,0.13,0.25,0.4
"(6,1)",0.3,0.02,19,0.02,0.04,0.11,0.16,0.19,0.48
"(6,1)",0.3,0.02,20,0.02,0.04,0.09,0.12,0.2,0.53
"(6,1)",0.3,0.02,21,0.02,0.04,0.08,0.11,0.15,0.6
"(6,1)",0.3,0.02,22,0.02,0.04,0.07,0.09,0.14,0.64
"(6,1)",0.3,0.02,23,0.02,0.03,0.05,0.09,0.15,0.66
"(6,1)",0.3,0.02,24,0.02,0.03,0.04,0.05,0.14,0.72
"(6,1)",0.3,0.02,25,0.02,0.03,0.02,0.05,0.12,0.76
"(6,1)",0.3,0.02,26,0.02,0.03,0.02,0.03,0.13,0.77
"(6,1)",0.3,0.02,27,0.02,0.03,0.02,0.01,0.12,0.8
"(6,1)",0.3,0.02,28,0.02,0.03,0.01,0.02,0.06,0.86
"(6,1)",0.3,0.02,29,0.02,0.03,0.01,0.01,0.05,0.88
"(6,1)",0.3,0.02,30,0.02,0.02,0.02,0.01,0.02,0.91
"(6,1)",0.3,0.02,31,0.01,0.03,0.02,0.01,0.02,0.91
"(6,1)",0.3,0.02,32,0.01,0.03,0.02,0.01,0.01,0.92
"(6,1)",0.3,0.02,33,0.01,0.03,0.02,0.01,0.0,0.93
"(6,1)",0.3,0.02,34,0.0,0.04,0.02,0.01,0.0,0.93
"(6,1)",0.3,0.02,35,0.0,0.02,0.03,0.01,0.01,0.93
"(6,1)",0.3,0.02,36,0.0,0.02,0.03,0.0,0.02,0.93
"(6,1)",0.3,0.02,37,0.0,0.02,0.02,0.01,0.02,0.93
"(6,1)",0.3,0.02,38,0.0,0.02,0.01,0.01,0.02,0.94
"(6,1)",0.3,0.02,39,0.0,0.02,0.01,0.0,0.02,0.95
"(6,1)",0.3,0.02,40,0.0,0.02,0.01,0.0,0.02,0.95
"(6,1)",0.3,0.02,41,0.0,0.01,0.02,0.0,0.01,0.96
"(6,1)",0.3,0.02,42,0.0,0.01,0.01,0.01,0.01,0.96
"(6,1)",0.3,0.02,43,0.0,0.01,0.01,0.01,0.01,0.96
"(6,1)",0.3,0.02,44,0.0,0.01,0.0,0.02,0.01,0.96
"(6,1)",0.3,0.02,45,0.0,0.01,0.0,0.01,0.01,0.97
"(6,1)",0.3,0.02,46,0.0,0.01,0.0,0.0,0.01,0.98
"(6,1)",0.3,0.02,47,0.0,0.0,0.01,0.0,0.0,0.99
"(6,1)",0.3,0.02,48,0.0,0.0,0.01,0.0,0.0,0.99
"(6,1)",0.3,0.02,49,0.0,0.0,0.01,0.0,0.0,0.99
"(6,1)",0.3,0.02,50,0.0,0.0,0.01,0.0,0.0,0.99
"(6,1)",0.3,0.02,51,0.0,0.0,0.01,0.0,0.0,0.99
"(6,1)",0.3,0.02,52,0.0,0.0,0.0,0.01,0.0,0.99
"(6,1)",0.3,0.02,53,0.0,0.0,0.0,0.0,0.01,0.99
"(6,1)",0.3,0.02,54,0.0,0.0,0.0,0.0,0.01,0.99
"(6,1)",0.3,0.02,55,0.0,0.0,0.0,0.0,0.01,0.99
"(6,1)",0.3,0.02,56,0.0,0.0,0.0,0.0,0.01,0.99
"(6,1)",0.3,0.02,57,0.0,0.0,0.0,0.0,0.0,1.0
"(6,1)",0.3,0.02,58,0.0,0.0,0.0,0.0,0.0,1.0
"(6,1)",0.3,0.02,59,0.0,0.0,0.0,0.0,0.0,1.0
"(6,1)",0.3,0.02,60,0.0,0.0,0.0,0.0,0.0,1.0
"(6,1)",0.3,0.02,61,0.0,0.0,0.0,0.0,0.0,1.0
"(6,1)",0.3,0.02,62,0.0,0.0,0.0,0.0,0.0,1.0
"(6,1)",0.3,0.02,63,0.0,0.0,0.0,0.0,0.0,1.0
"(6,1)",0.3,0.02,64,0.0,0.0,0.0,0.0,0.0,1.0
"(6,1)",0.3,0.02,65,0.0,0.0,0.0,0.0,0.0,1.0
"(6,1)",0.3,0.02,66,0.0,0.0,0.0,0.0,0.0,1.0
"(6,1)",0.3,0.02,67,0.0,0.0,0.0,0.0,0.0,1.0
"(6,1)",0.3,0.02,68,0.0,0.0,0.0,0.0,0.0,1.0
"(6,1)",0.3,0.02,69,0.0,0.0,0.0,0.0,0.0,1.0
"(6,1)",0.3,0.02,70,0.0,0.0,0.0,0.0,0.0,1.0
"(6,1)",0.4,0.02,1,0.9,0.1,0.0,0.0,0.0,0.0
"(6,1)",0.4,0.02,2,0.41,0.59,0.0,0.0,0.0,0.0
"(6,1)",0.4,0.02,3,0.23,0.6,0.17,0.0,0.0,0.0
"(6,1)",0.4,0.02,4,0.15,0.5,0.31,0.04,0.0,0.0
"(6,1)",0.4,0.02,5,0.13,0.38,0.39,0.1,0.0,0.0
"(6,1)",0.4,0.02,6,0.12,0.3,0.38,0.19,0.01,0.0
"(6,1)",0.4,0.02,7,0.11,0.27,0.3,0.26,0.06,0.0
"(6,1)",0.4,0.02,8,0.09,0.22,0.28,0.31,0.09,0.01
"(6,1)",0.4,0.02,9,0.08,0.18,0.28,0.33,0.12,0.01
"(6,1)",0.4,0.02,10,0.08,0.14,0.26,0.32,0.16,0.04
"(6,1)",0.4,0.02,11,0.07,0.14,0.24,0.29,0.17,0.09
"(6,1)",0.4,0.02,12,0.06,0.13,0.22,0.27,0.19,0.13
"(6,1)",0.4,0.02,13,0.05,0.13,0.18,0.27,0.21,0.16
"(6,1)",0.4,0.02,14,0.05,0.11,0.17,0.25,0.18,0.24
"(6,1)",0.4,0.02,15,0.05,0.09,0.15,0.24,0.21,0.26
"(6,1)",0.4,0.02,16,0.04,0.1,0.13,0.17,0.22,0.34
"(6,1)",0.4,0.02,17,0.04,0.09,0.12,0.17,0.2,0.38
"(6,1)",0.4,0.02,18,0.04,0.09,0.1,0.16,0.15,0.46
"(6,1)",0.4,0.02,19,0.03,0.09,0.1,0.15,0.07,0.56
"(6,1)",0.4,0.02,20,0.03,0.09,0.1,0.12,0.08,0.58
"(6,1)",0.4,0.02,21,0.03,0.08,0.05,0.12,0.11,0.61
"(6,1)",0.4,0.02,22,0.03,0.07,0.06,0.1,0.12,0.62
"(6,1)",0.4,0.02,23,0.03,0.06,0.06,0.1,0.09,0.66
"(6,1)",0.4,0.02,24,0.03,0.06,0.02,0.13,0.09,0.67
"(6,1)",0.4,0.02,25,0.03,0.05,0.03,0.1,0.1,0.69
"(6,1)",0.4,0.02,26,0.03,0.05,0.03,0.1,0.07,0.72
"(6,1)",0.4,0.02,27,0.03,0.05,0.03,0.06,0.11,0.72
"(6,1)",0.4,0.02,28,0.03,0.05,0.02,0.05,0.11,0.74
"(6,1)",0.4,0.02,29,0.03,0.04,0.01,0.06,0.11,0.75
"(6,1)",0.4,0.02,30,0.03,0.04,0.0,0.07,0.08,0.78
"(6,1)",0.4,0.02,31,0.02,0.05,0.0,0.07,0.04,0.82
"(6,1)",0.4,0.02,32,0.02,0.05,0.0,0.03,0.05,0.85
"(6,1)",0.4,0.02,33,0.02,0.05,0.0,0.02,0.03,0.88
"(6,1)",0.4,0.02,34,0.02,0.05,0.0,0.01,0.02,0.9
"(6,1)",0.4,0.02,35,0.02,0.04,0.01,0.01,0.01,0.91
"(6,1)",0.4,0.02,36,0.02,0.03,0.01,0.02,0.01,0.91
"(6,1)",0.4,0.02,37,0.02,0.03,0.01,0.01,0.02,0.91
"(6,1)",0.4,0.02,38,0.01,0.04,0.01,0.01,0.02,0.91
"(6,1)",0.4,0.02,39,0.01,0.03,0.01,0.01,0.03,0.91
"(6,1)",0.4,0.02,40,0.01,0.03,0.01,0.0,0.03,0.92
"(6,1)",0.4,0.02,41,0.01,0.03,0.0,0.01,0.02,0.93
"(6,1)",0.4,0.02,42,0.01,0.03,0.0,0.0,0.03,0.93
"(6,1)",0.4,0.02,43,0.01,0.03,0.0,0.0,0.01,0.95
"(6,1)",0.4,0.02,44,0.01,0.03,0.0,0.0,0.01,0.95
"(6,1)",0.4,0.02,45,0.01,0.03,0.0,0.0,0.01,0.95
"(6,1)",0.4,0.02,46,0.01,0.02,0.01,0.0,0.01,0.95
"(6,1)",0.4,0.02,47,0.01,0.02,0.01,0.0,0.0,0.96
"(6,1)",0.4,0.02,48,0.01,0.02,0.01,0.0,0.0,0.96
"(6,1)",0.4,0.02,49,0.01,0.02,0.01,0.0,0.0,0.96
"(6,1)",0.4,0.02,50,0.01,0.02,0.01,0.0,0.0,0.96
"(6,1)",0.4,0.02,51,0.01,0.02,0.01,0.0,0.0,0.96
"(6,1)",0.4,0.02,52,0.01,0.02,0.01,0.0,0.0,0.96
"(6,1)",0.4,0.02,53,0.01,0.02,0.0,0.01,0.0,0.96
"(6,1)",0.4,0.02,54,0.01,0.02,0.0,0.01,0.0,0.96
"(6,1)",0.4,0.02,55,0.01,0.02,0.0,0.01,0.0,0.96
"(6,1)",0.4,0.02,56,0.01,0.01,0.01,0.0,0.01,0.96
"(6,1)",0.4,0.02,57,0.01,0.01,0.0,0.01,0.01,0.96
"(6,1)",0.4,0.02,58,0.01,0.01,0.0,0.0,0.02,0.96
"(6,1)",0.4,0.02,59,0.01,0.01,0.0,0.0,0.02,0.96
"(6,1)",0.4,0.02,60,0.01,0.01,0.0,0.0,0.02,0.96
"(6,1)",0.4,0.02,61,0.01,0.01,0.0,0.0,0.01,0.97
"(6,1)",0.4,0.02,62,0.01,0.01,0.0,0.0,0.0,0.98
"(6,1)",0.4,0.02,63,0.01,0.01,0.0,0.0,0.0,0.98
"(6,1)",0.4,0.02,64,0.01,0.01,0.0,0.0,0.0,0.98
"(6,1)",0.4,0.02,65,0.01,0.01,0.0,0.0,0.0,0.98
"(6,1)",0.4,0.02,66,0.01,0.01,0.0,0.0,0.0,0.98
"(6,1)",0.4,0.02,67,0.01,0.01,0.0,0.0,0.0,0.98
"(6,1)",0.4,0.02,68,0.01,0.01,0.0,0.0,0.0,0.98
"(6,1)",0.4,0.02,69,0.01,0.01,0.0,0.0,0.0,0.98
"(6,1)",0.4,0.02,70,0.01,0.01,0.0,0.0,0.0,0.98
"(6,1)",0.5,0.02,1,0.73,0.27,0.0,0.0,0.0,0.0
"(6,1)",0.5,0.02,2,0.32,0.68,0.0,0.0,0.0,0.0
"(6,1)",0.5,0.02,3,0.21,0.63,0.16,0.0,0.0,0.0
"(6,1)",0.5,0.02,4,0.18,0.51,0.28,0.03,0.0,0.0
"(6,1)",0.5,0.02,5,0.17,0.43,0.32,0.08,0.0,0.0
"(6,1)",0.5,0.02,6,0.16,0.41,0.31,0.11,0.01,0.0
"(6,1)",0.5,0.02,7,0.13,0.38,0.31,0.14,0.04,0.0
"(6,1)",0.5,0.02,8,0.13,0.31,0.34,0.17,0.04,0.01
"(6,1)",0.5,0.02,9,0.07,0.33,0.3,0.21,0.08,0.01
"(6,1)",0.5,0.02,10,0.06,0.33,0.24,0.23,0.13,0.01
"(6,1)",0.5,0.02,11,0.05,0.28,0.26,0.23,0.16,0.02
"(6,1)",0.5,0.02,12,0.05,0.23,0.26,0.23,0.2,0.03
"(6,1)",0.5,0.02,13,0.04,0.21,0.25,0.19,0.25,0.06
"(6,1)",0.5,0.02,14,0.03,0.15,0.28,0.2,0.24,0.1
"(6,1)",0.5,0.02,15,0.03,0.13,0.26,0.23,0.18,0.17
"(6,1)",0.5,0.02,16,0.03,0.12,0.22,0.22,0.18,0.23
"(6,1)",0.5,0.02,17,0.02,0.12,0.18,0.2,0.23,0.25
"(6,1)",0.5,0.02,18,0.02,0.1,0.18,0.18,0.23,0.29
"(6,1)",0.5,0.02,19,0.01,0.1,0.18,0.14,0.18,0.39
"(6,1)",0.5,0.02,20,0.01,0.09,0.17,0.12,0.21,0.4
"(6,1)",0.5,0.02,21,0.01,0.08,0.15,0.14,0.16,0.46
"(6,1)",0.5,0.02,22,0.01,0.06,0.15,0.15,0.11,0.52
"(6,1)",0.5,0.02,23,0.01,0.05,0.15,0.12,0.13,0.54
"(6,1)",0.5,0.02,24,0.01,0.05,0.12,0.12,0.12,0.58
"(6,1)",0.5,0.02,25,0.01,0.04,0.09,0.16,0.09,0.61
"(6,1)",0.5,0.02,26,0.01,0.02,0.1,0.14,0.12,0.61
"(6,1)",0.5,0.02,27,0.01,0.02,0.07,0.14,0.11,0.65
"(6,1)",0.5,0.02,28,0.01,0.02,0.06,0.11,0.13,0.67
"(6,1)",0.5,0.02,29,0.01,0.02,0.05,0.08,0.14,0.7
"(6,1)",0.5,0.02,30,0.01,0.02,0.05,0.05,0.14,0.73
"(6,1)",0.5,0.02,31,0.01,0.02,0.05,0.03,0.11,0.78
"(6,1)",0.5,0.02,32,0.01,0.02,0.04,0.03,0.1,0.8
"(6,1)",0.5,0.02,33,0.01,0.02,0.04,0.03,0.06,0.84
"(6,1)",0.5,0.02,34,0.01,0.02,0.04,0.02,0.06,0.85
"(6,1)",0.5,0.02,35,0.01,0.02,0.04,0.02,0.04,0.87
"(6,1)",0.5,0.02,36,0.01,0.01,0.05,0.02,0.02,0.89
"(6,1)",0.5,0.02,37,0.01,0.01,0.03,0.04,0.01,0.9
"(6,1)",0.5,0.02,38,0.01,0.01,0.03,0.04,0.0,0.91
"(6,1)",0.5,0.02,39,0.01,0.01,0.03,0.02,0.02,0.91
"(6,1)",0.5,0.02,40,0.01,0.01,0.03,0.02,0.02,0.91
"(6,1)",0.5,0.02,41,0.01,0.01,0.03,0.02,0.01,0.92
"(6,1)",0.5,0.02,42,0.01,0.01,0.03,0.01,0.02,0.92
"(6,1)",0.5,0.02,43,0.01,0.01,0.03,0.01,0.02,0.92
"(6,1)",0.5,0.02,44,0.01,0.01,0.03,0.01,0.02,0.92
"(6,1)",0.5,0.02,45,0.01,0.01,0.03,0.01,0.02,0.92
"(6,1)",0.5,0.02,46,0.01,0.01,0.03,0.01,0.01,0.93
"(6,1)",0.5,0.02,47,0.01,0.01,0.03,0.01,0.0,0.94
"(6,1)",0.5,0.02,48,0.01,0.01,0.03,0.01,0.0,0.94
"(6,1)",0.5,0.02,49,0.01,0.01,0.03,0.01,0.0,0.94
"(6,1)",0.5,0.02,50,0.01,0.01,0.03,0.01,0.0,0.94
"(6,1)",0.5,0.02,51,0.01,0.01,0.03,0.01,0.0,0.94
"(6,1)",0.5,0.02,52,0.01,0.01,0.03,0.01,0.0,0.94
"(6,1)",0.5,0.02,53,0.01,0.01,0.03,0.01,0.0,0.94
"(6,1)",0.5,0.02,54,0.01,0.01,0.03,0.01,0.0,0.94
"(6,1)",0.5,0.02,55,0.01,0.01,0.03,0.01,0.0,0.94
"(6,1)",0.5,0.02,56,0.01,0.01,0.03,0.01,0.0,0.94
"(6,1)",0.5,0.02,57,0.01,0.01,0.03,0.01,0.0,0.94
"(6,1)",0.5,0.02,58,0.01,0.01,0.03,0.01,0.0,0.94
"(6,1)",0.5,0.02,59,0.01,0.01,0.02,0.02,0.0,0.94
"(6,1)",0.5,0.02,60,0.01,0.01,0.02,0.02,0.0,0.94
"(6,1)",0.5,0.02,61,0.01,0.01,0.02,0.01,0.01,0.94
"(6,1)",0.5,0.02,62,0.01,0.01,0.02,0.01,0.01,0.94
"(6,1)",0.5,0.02,63,0.0,0.02,0.02,0.01,0.0,0.95
"(6,1)",0.5,0.02,64,0.0,0.02,0.02,0.01,0.0,0.95
"(6,1)",0.5,0.02,65,0.0,0.02,0.02,0.01,0.0,0.95
"(6,1)",0.5,0.02,66,0.0,0.02,0.02,0.01,0.0,0.95
"(6,1)",0.5,0.02,67,0.0,0.02,0.02,0.01,0.0,0.95
"(6,1)",0.5,0.02,68,0.0,0.02,0.02,0.01,0.0,0.95
"(6,1)",0.5,0.02,69,0.0,0.02,0.02,0.01,0.0,0.95
"(6,1)",0.5,0.02,70,0.0,0.01,0.03,0.01,0.0,0.95
"(6,1)",0.6,0.02,1,0.51,0.49,0.0,0.0,0.0,0.0
"(6,1)",0.6,0.02,2,0.25,0.75,0.0,0.0,0.0,0.0
"(6,1)",0.6,0.02,3,0.18,0.65,0.17,0.0,0.0,0.0
"(6,1)",0.6,0.02,4,0.14,0.54,0.29,0.03,0.0,0.0
"(6,1)",0.6,0.02,5,0.13,0.42,0.4,0.05,0.0,0.0
"(6,1)",0.6,0.02,6,0.11,0.37,0.43,0.07,0.02,0.0
"(6,1)",0.6,0.02,7,0.1,0.33,0.41,0.14,0.02,0.0
"(6,1)",0.6,0.02,8,0.09,0.27,0.44,0.18,0.02,0.0
"(6,1)",0.6,0.02,9,0.06,0.26,0.42,0.21,0.04,0.01
"(6,1)",0.6,0.02,10,0.06,0.22,0.43,0.19,0.09,0.01
"(6,1)",0.6,0.02,11,0.04,0.21,0.38,0.24,0.11,0.02
"(6,1)",0.6,0.02,12,0.03,0.2,0.33,0.28,0.12,0.04
"(6,1)",0.6,0.02,13,0.03,0.19,0.29,0.28,0.17,0.04
"(6,1)",0.6,0.02,14,0.03,0.18,0.24,0.31,0.18,0.06
"(6,1)",0.6,0.02,15,0.03,0.16,0.21,0.33,0.17,0.1
"(6,1)",0.6,0.02,16,0.02,0.17,0.2,0.32,0.13,0.16
"(6,1)",0.6,0.02,17,0.02,0.15,0.2,0.28,0.16,0.19
"(6,1)",0.6,0.02,18,0.02,0.12,0.18,0.26,0.17,0.25
"(6,1)",0.6,0.02,19,0.02,0.1,0.18,0.22,0.14,0.34
"(6,1)",0.6,0.02,20,0.02,0.09,0.16,0.2,0.17,0.36
"(6,1)",0.6,0.02,21,0.02,0.07,0.15,0.2,0.16,0.4
"(6,1)",0.6,0.02,22,0.02,0.05,0.15,0.15,0.18,0.45
"(6,1)",0.6,0.02,23,0.02,0.05,0.09,0.18,0.17,0.49
"(6,1)",0.6,0.02,24,0.02,0.04,0.1,0.15,0.14,0.55
"(6,1)",0.6,0.02,25,0.02,0.04,0.08,0.13,0.15,0.58
"(6,1)",0.6,0.02,26,0.02,0.04,0.06,0.12,0.15,0.61
"(6,1)",0.6,0.02,27,0.02,0.04,0.05,0.11,0.11,0.67
"(6,1)",0.6,0.02,28,0.02,0.04,0.05,0.11,0.1,0.68
"(6,1)",0.6,0.02,29,0.02,0.04,0.04,0.08,0.11,0.71
"(6,1)",0.6,0.02,30,0.02,0.03,0.05,0.06,0.1,0.74
"(6,1)",0.6,0.02,31,0.02,0.03,0.04,0.07,0.08,0.76
"(6,1)",0.6,0.02,32,0.02,0.03,0.04,0.06,0.05,0.8
"(6,1)",0.6,0.02,33,0.02,0.03,0.04,0.06,0.03,0.82
"(6,1)",0.6,0.02,34,0.02,0.03,0.02,0.06,0.03,0.84
"(6,1)",0.6,0.02,35,0.02,0.03,0.02,0.05,0.04,0.84
"(6,1)",0.6,0.02,36,0.02,0.03,0.02,0.04,0.04,0.85
"(6,1)",0.6,0.02,37,0.02,0.03,0.01,0.05,0.04,0.85
"(6,1)",0.6,0.02,38,0.02,0.03,0.01,0.04,0.04,0.86
"(6,1)",0.6,0.02,39,0.02,0.03,0.01,0.04,0.04,0.86
"(6,1)",0.6,0.02,40,0.02,0.03,0.01,0.03,0.04,0.87
"(6,1)",0.6,0.02,41,0.02,0.03,0.01,0.0,0.06,0.88
"(6,1)",0.6,0.02,42,0.02,0.03,0.01,0.0,0.04,0.9
"(6,1)",0.6,0.02,43,0.02,0.03,0.01,0.0,0.04,0.9
"(6,1)",0.6,0.02,44,0.02,0.03,0.01,0.0,0.03,0.91
"(6,1)",0.6,0.02,45,0.02,0.03,0.01,0.0,0.02,0.92
"(6,1)",0.6,0.02,46,0.02,0.02,0.02,0.0,0.01,0.93
"(6,1)",0.6,0.02,47,0.02,0.02,0.02,0.0,0.01,0.93
"(6,1)",0.6,0.02,48,0.02,0.02,0.02,0.0,0.01,0.93
"(6,1)",0.6,0.02,49,0.02,0.02,0.01,0.01,0.01,0.93
"(6,1)",0.6,0.02,50,0.02,0.02,0.0,0.02,0.01,0.93
"(6,1)",0.6,0.02,51,0.02,0.02,0.0,0.02,0.01,0.93
"(6,1)",0.6,0.02,52,0.02,0.02,0.0,0.01,0.02,0.93
"(6,1)",0.6,0.02,53,0.02,0.02,0.0,0.0,0.02,0.94
"(6,1)",0.6,0.02,54,0.02,0.02,0.0,0.0,0.02,0.94
"(6,1)",0.6,0.02,55,0.02,0.02,0.0,0.0,0.02,0.94
"(6,1)",0.6,0.02,56,0.02,0.02,0.0,0.0,0.01,0.95
"(6,1)",0.6,0.02,57,0.02,0.02,0.0,0.0,0.01,0.95
"(6,1)",0.6,0.02,58,0.02,0.02,0.0,0.0,0.01,0.95
"(6,1)",0.6,0.02,59,0.01,0.03,0.0,0.0,0.0,0.96
"(6,1)",0.6,0.02,60,0.01,0.03,0.0,0.0,0.0,0.96
"(6,1)",0.6,0.02,61,0.01,0.03,0.0,0.0,0.0,0.96
"(6,1)",0.6,0.02,62,0.01,0.03,0.0,0.0,0.0,0.96
"(6,1)",0.6,0.02,63,0.01,0.03,0.0,0.0,0.0,0.96
"(6,1)",0.6,0.02,64,0.01,0.03,0.0,0.0,0.0,0.96
"(6,1)",0.6,0.02,65,0.01,0.02,0.01,0.0,0.0,0.96
"(6,1)",0.6,0.02,66,0.01,0.02,0.0,0.01,0.0,0.96
"(6,1)",0.6,0.02,67,0.01,0.02,0.0,0.01,0.0,0.96
"(6,1)",0.6,0.02,68,0.01,0.02,0.0,0.01,0.0,0.96
"(6,1)",0.6,0.02,69,0.01,0.02,0.0,0.01,0.0,0.96
"(6,1)",0.6,0.02,70,0.01,0.02,0.0,0.01,0.0,0.96
"(6,1)",0.7,0.02,1,0.46,0.54,0.0,0.0,0.0,0.0
"(6,1)",0.7,0.02,2,0.29,0.69,0.02,0.0,0.0,0.0
"(6,1)",0.7,0.02,3,0.25,0.63,0.12,0.0,0.0,0.0
"(6,1)",0.7,0.02,4,0.2,0.63,0.14,0.03,0.0,0.0
"(6,1)",0.7,0.02,5,0.18,0.55,0.21,0.04,0.02,0.0
"(6,1)",0.7,0.02,6,0.13,0.52,0.25,0.08,0.02,0.0
"(6,1)",0.7,0.02,7,0.11,0.47,0.3,0.08,0.03,0.01
"(6,1)",0.7,0.02,8,0.1,0.4,0.35,0.11,0.02,0.02
"(6,1)",0.7,0.02,9,0.09,0.39,0.34,0.13,0.03,0.02
"(6,1)",0.7,0.02,10,0.07,0.37,0.36,0.13,0.05,0.02
"(6,1)",0.7,0.02,11,0.06,0.34,0.36,0.14,0.08,0.02
"(6,1)",0.7,0.02,12,0.05,0.31,0.35,0.17,0.08,0.04
"(6,1)",0.7,0.02,13,0.04,0.28,0.36,0.18,0.09,0.05
"(6,1)",0.7,0.02,14,0.04,0.24,0.37,0.16,0.12,0.07
"(6,1)",0.7,0.02,15,0.04,0.21,0.36,0.19,0.12,0.08
"(6,1)",0.7,0.02,16,0.03,0.19,0.33,0.24,0.1,0.11
"(6,1)",0.7,0.02,17,0.03,0.17,0.32,0.21,0.13,0.14
"(6,1)",0.7,0.02,18,0.03,0.17,0.25,0.25,0.11,0.19
"(6,1)",0.7,0.02,19,0.03,0.14,0.24,0.26,0.11,0.22
"(6,1)",0.7,0.02,20,0.02,0.14,0.22,0.22,0.15,0.25
"(6,1)",0.7,0.02,21,0.02,0.14,0.19,0.17,0.21,0.27
"(6,1)",0.7,0.02,22,0.02,0.14,0.13,0.2,0.19,0.32
"(6,1)",0.7,0.02,23,0.02,0.12,0.14,0.19,0.13,0.4
"(6,1)",0.7,0.02,24,0.02,0.1,0.13,0.2,0.13,0.42
"(6,1)",0.7,0.02,25,0.02,0.09,0.12,0.18,0.15,0.44
"(6,1)",0.7,0.02,26,0.02,0.08,0.1,0.17,0.14,0.49
"(6,1)",0.7,0.02,27,0.02,0.08,0.09,0.13,0.15,0.53
"(6,1)",0.7,0.02,28,0.02,0.07,0.08,0.13,0.15,0.55
"(6,1)",0.7,0.02,29,0.02,0.06,0.08,0.1,0.12,0.62
"(6,1)",0.7,0.02,30,0.01,0.07,0.06,0.08,0.11,0.67
"(6,1)",0.7,0.02,31,0.01,0.07,0.03,0.11,0.08,0.7
"(6,1)",0.7,0.02,32,0.01,0.06,0.03,0.09,0.08,0.73
"(6,1)",0.7,0.02,33,0.01,0.06,0.02,0.09,0.07,0.75
"(6,1)",0.7,0.02,34,0.01,0.05,0.03,0.06,0.08,0.77
"(6,1)",0.7,0.02,35,0.01,0.05,0.03,0.05,0.09,0.77
"(6,1)",0.7,0.02,36,0.01,0.05,0.0,0.07,0.08,0.79
"(6,1)",0.7,0.02,37,0.01,0.05,0.0,0.06,0.08,0.8
"(6,1)",0.7,0.02,38,0.01,0.04,0.01,0.03,0.1,0.81
"(6,1)",0.7,0.02,39,0.01,0.04,0.01,0.03,0.08,0.83
"(6,1)",0.7,0.02,40,0.01,0.04,0.0,0.02,0.06,0.87
"(6,1)",0.7,0.02,41,0.01,0.03,0.01,0.01,0.05,0.89
"(6,1)",0.7,0.02,42,0.01,0.03,0.01,0.01,0.04,0.9
"(6,1)",0.7,0.02,43,0.01,0.03,0.0,0.02,0.04,0.9
"(6,1)",0.7,0.02,44,0.01,0.03,0.0,0.02,0.04,0.9
"(6,1)",0.7,0.02,45,0.01,0.03,0.0,0.02,0.04,0.9
"(6,1)",0.7,0.02,46,0.01,0.03,0.0,0.02,0.02,0.92
"(6,1)",0.7,0.02,47,0.01,0.03,0.0,0.01,0.02,0.93
"(6,1)",0.7,0.02,48,0.01,0.03,0.0,0.01,0.01,0.94
"(6,1)",0.7,0.02,49,0.01,0.01,0.02,0.0,0.02,0.94
"(6,1)",0.7,0.02,50,0.01,0.01,0.01,0.01,0.02,0.94
"(6,1)",0.7,0.02,51,0.01,0.0,0.02,0.01,0.02,0.94
"(6,1)",0.7,0.02,52,0.01,0.0,0.01,0.02,0.01,0.95
"(6,1)",0.7,0.02,53,0.01,0.0,0.01,0.01,0.02,0.95
"(6,1)",0.7,0.02,54,0.01,0.0,0.01,0.0,0.01,0.97
"(6,1)",0.7,0.02,55,0.01,0.0,0.0,0.01,0.01,0.97
"(6,1)",0.7,0.02,56,0.01,0.0,0.0,0.01,0.01,0.97
"(6,1)",0.7,0.02,57,0.01,0.0,0.0,0.01,0.0,0.98
"(6,1)",0.7,0.02,58,0.01,0.0,0.0,0.01,0.0,0.98
"(6,1)",0.7,0.02,59,0.01,0.0,0.0,0.01,0.0,0.98
"(6,1)",0.7,0.02,60,0.01,0.0,0.0,0.01,0.0,0.98
"(6,1)",0.7,0.02,61,0.01,0.0,0.0,0.0,0.01,0.98
"(6,1)",0.7,0.02,62,0.01,0.0,0.0,0.0,0.01,0.98
"(6,1)",0.7,0.02,63,0.01,0.0,0.0,0.0,0.0,0.99
"(6,1)",0.7,0.02,64,0.01,0.0,0.0,0.0,0.0,0.99
"(6,1)",0.7,0.02,65,0.01,0.0,0.0,0.0,0.0,0.99
"(6,1)",0.7,0.02,66,0.01,0.0,0.0,0.0,0.0,0.99
"(6,1)",0.7,0.02,67,0.01,0.0,0.0,0.0,0.0,0.99
"(6,1)",0.7,0.02,68,0.01,0.0,0.0,0.0,0.0,0.99
"(6,1)",0.7,0.02,69,0.01,0.0,0.0,0.0,0.0,0.99
"(6,1)",0.7,0.02,70,0.01,0.0,0.0,0.0,0.0,0.99
"(6,1)",0.8,0.02,1,0.57,0.43,0.0,0.0,0.0,0.0
"(6,1)",0.8,0.02,2,0.51,0.45,0.04,0.0,0.0,0.0
"(6,1)",0.8,0.02,3,0.46,0.4,0.13,0.01,0.0,0.0
"(6,1)",0.8,0.02,4,0.39,0.36,0.23,0.02,0.0,0.0
"(6,1)",0.8,0.02,5,0.34,0.38,0.23,0.05,0.0,0.0
"(6,1)",0.8,0.02,6,0.3,0.34,0.27,0.09,0.0,0.0
"(6,1)",0.8,0.02,7,0.26,0.33,0.28,0.11,0.02,0.0
"(6,1)",0.8,0.02,8,0.26,0.3,0.27,0.13,0.04,0.0
"(6,1)",0.8,0.02,9,0.23,0.27,0.31,0.13,0.06,0.0
"(6,1)",0.8,0.02,10,0.17,0.31,0.3,0.13,0.08,0.01
"(6,1)",0.8,0.02,11,0.16,0.29,0.27,0.19,0.07,0.02
"(6,1)",0.8,0.02,12,0.14,0.3,0.24,0.2,0.08,0.04
"(6,1)",0.8,0.02,13,0.14,0.23,0.25,0.25,0.06,0.07
"(6,1)",0.8,0.02,14,0.12,0.23,0.25,0.18,0.14,0.08
"(6,1)",0.8,0.02,15,0.1,0.24,0.19,0.24,0.13,0.1
"(6,1)",0.8,0.02,16,0.1,0.24,0.16,0.19,0.2,0.11
"(6,1)",0.8,0.02,17,0.1,0.23,0.15,0.17,0.18,0.17
"(6,1)",0.8,0.02,18,0.08,0.24,0.12,0.19,0.2,0.17
"(6,1)",0.8,0.02,19,0.08,0.22,0.11,0.15,0.21,0.23
"(6,1)",0.8,0.02,20,0.07,0.22,0.09,0.16,0.18,0.28
"(6,1)",0.8,0.02,21,0.07,0.21,0.09,0.11,0.2,0.32
"(6,1)",0.8,0.02,22,0.06,0.2,0.1,0.1,0.16,0.38
"(6,1)",0.8,0.02,23,0.06,0.18,0.07,0.12,0.18,0.39
"(6,1)",0.8,0.02,24,0.06,0.16,0.08,0.12,0.14,0.44
"(6,1)",0.8,0.02,25,0.06,0.14,0.08,0.13,0.11,0.48
"(6,1)",0.8,0.02,26,0.05,0.14,0.08,0.11,0.09,0.53
"(6,1)",0.8,0.02,27,0.05,0.14,0.07,0.08,0.12,0.54
"(6,1)",0.8,0.02,28,0.05,0.11,0.08,0.08,0.11,0.57
"(6,1)",0.8,0.02,29,0.05,0.09,0.09,0.07,0.1,0.6
"(6,1)",0.8,0.02,30,0.04,0.08,0.09,0.08,0.08,0.63
"(6,1)",0.8,0.02,31,0.04,0.08,0.08,0.07,0.1,0.63
"(6,1)",0.8,0.02,32,0.04,0.08,0.06,0.08,0.08,0.66
"(6,1)",0.8,0.02,33,0.04,0.08,0.05,0.09,0.05,0.69
"(6,1)",0.8,0.02,34,0.04,0.08,0.04,0.07,0.07,0.7
"(6,1)",0.8,0.02,35,0.04,0.08,0.03,0.06,0.03,0.76
"(6,1)",0.8,0.02,36,0.04,0.08,0.02,0.06,0.04,0.76
"(6,1)",0.8,0.02,37,0.04,0.07,0.03,0.05,0.04,0.77
"(6,1)",0.8,0.02,38,0.03,0.08,0.03,0.04,0.03,0.79
"(6,1)",0.8,0.02,39,0.03,0.08,0.03,0.03,0.04,0.79
"(6,1)",0.8,0.02,40,0.03,0.07,0.04,0.02,0.04,0.8
"(6,1)",0.8,0.02,41,0.03,0.07,0.03,0.03,0.04,0.8
"(6,1)",0.8,0.02,42,0.03,0.07,0.03,0.03,0.02,0.82
"(6,1)",0.8,0.02,43,0.03,0.07,0.03,0.03,0.02,0.82
"(6,1)",0.8,0.02,44,0.03,0.07,0.03,0.02,0.02,0.83
"(6,1)",0.8,0.02,45,0.03,0.07,0.03,0.01,0.03,0.83
"(6,1)",0.8,0.02,46,0.03,0.07,0.03,0.01,0.02,0.84
"(6,1)",0.8,0.02,47,0.03,0.07,0.02,0.02,0.02,0.84
"(6,1)",0.8,0.02,48,0.03,0.07,0.02,0.01,0.02,0.85
"(6,1)",0.8,0.02,49,0.01,0.08,0.03,0.01,0.02,0.85
"(6,1)",0.8,0.02,50,0.01,0.07,0.04,0.01,0.02,0.85
"(6,1)",0.8,0.02,51,0.01,0.07,0.04,0.01,0.0,0.87
"(6,1)",0.8,0.02,52,0.01,0.07,0.04,0.01,0.0,0.87
"(6,1)",0.8,0.02,53,0.01,0.07,0.03,0.02,0.0,0.87
"(6,1)",0.8,0.02,54,0.01,0.07,0.02,0.03,0.0,0.87
"(6,1)",0.8,0.02,55,0.01,0.07,0.02,0.03,0.0,0.87
"(6,1)",0.8,0.02,56,0.01,0.05,0.03,0.04,0.0,0.87
"(6,1)",0.8,0.02,57,0.01,0.05,0.02,0.04,0.01,0.87
"(6,1)",0.8,0.02,58,0.01,0.05,0.02,0.04,0.01,0.87
"(6,1)",0.8,0.02,59,0.01,0.04,0.03,0.03,0.02,0.87
"(6,1)",0.8,0.02,60,0.01,0.04,0.03,0.03,0.01,0.88
"(6,1)",0.8,0.02,61,0.01,0.04,0.03,0.03,0.01,0.88
"(6,1)",0.8,0.02,62,0.01,0.04,0.03,0.03,0.01,0.88
"(6,1)",0.8,0.02,63,0.01,0.04,0.02,0.02,0.03,0.88
"(6,1)",0.8,0.02,64,0.01,0.04,0.02,0.02,0.03,0.88
"(6,1)",0.8,0.02,65,0.01,0.04,0.02,0.01,0.03,0.89
"(6,1)",0.8,0.02,66,0.01,0.04,0.02,0.01,0.03,0.89
"(6,1)",0.8,0.02,67,0.01,0.04,0.01,0.02,0.03,0.89
"(6,1)",0.8,0.02,68,0.01,0.04,0.01,0.02,0.03,0.89
"(6,1)",0.8,0.02,69,0.01,0.04,0.01,0.01,0.03,0.9
"(6,1)",0.8,0.02,70,0.01,0.04,0.01,0.01,0.03,0.9
"(6,1)",0.9,0.02,1,0.66,0.34,0.0,0.0,0.0,0.0
"(6,1)",0.9,0.02,2,0.58,0.37,0.05,0.0,0.0,0.0
"(6,1)",0.9,0.02,3,0.5,0.36,0.14,0.0,0.0,0.0
"(6,1)",0.9,0.02,4,0.44,0.4,0.14,0.02,0.0,0.0
"(6,1)",0.9,0.02,5,0.38,0.42,0.18,0.02,0.0,0.0
"(6,1)",0.9,0.02,6,0.34,0.4,0.22,0.04,0.0,0.0
"(6,1)",0.9,0.02,7,0.31,0.4,0.24,0.04,0.01,0.0
"(6,1)",0.9,0.02,8,0.3,0.34,0.28,0.06,0.02,0.0
"(6,1)",0.9,0.02,9,0.27,0.34,0.28,0.08,0.03,0.0
"(6,1)",0.9,0.02,10,0.26,0.32,0.31,0.08,0.03,0.0
"(6,1)",0.9,0.02,11,0.24,0.3,0.32,0.11,0.03,0.0
"(6,1)",0.9,0.02,12,0.19,0.31,0.33,0.11,0.06,0.0
"(6,1)",0.9,0.02,13,0.19,0.26,0.37,0.11,0.07,0.0
"(6,1)",0.9,0.02,14,0.17,0.25,0.31,0.18,0.08,0.01
"(6,1)",0.9,0.02,15,0.12,0.29,0.25,0.2,0.09,0.05
"(6,1)",0.9,0.02,16,0.11,0.27,0.28,0.16,0.12,0.06
"(6,1)",0.9,0.02,17,0.09,0.27,0.27,0.17,0.09,0.11
"(6,1)",0.9,0.02,18,0.08,0.25,0.25,0.22,0.04,0.16
"(6,1)",0.9,0.02,19,0.08,0.25,0.2,0.23,0.07,0.17
"(6,1)",0.9,0.02,20,0.06,0.26,0.18,0.24,0.08,0.18
"(6,1)",0.9,0.02,21,0.06,0.22,0.21,0.21,0.1,0.2
"(6,1)",0.9,0.02,22,0.05,0.22,0.19,0.2,0.11,0.23
"(6,1)",0.9,0.02,23,0.05,0.18,0.2,0.18,0.14,0.25
"(6,1)",0.9,0.02,24,0.05,0.16,0.15,0.21,0.15,0.28
"(6,1)",0.9,0.02,25,0.05,0.16,0.13,0.16,0.2,0.3
"(6,1)",0.9,0.02,26,0.05,0.15,0.13,0.14,0.16,0.37
"(6,1)",0.9,0.02,27,0.05,0.14,0.12,0.15,0.15,0.39
"(6,1)",0.9,0.02,28,0.04,0.13,0.1,0.16,0.15,0.42
"(6,1)",0.9,0.02,29,0.04,0.11,0.11,0.14,0.12,0.48
"(6,1)",0.9,0.02,30,0.04,0.1,0.12,0.12,0.11,0.51
"(6,1)",0.9,0.02,31,0.03,0.1,0.11,0.09,0.13,0.54
"(6,1)",0.9,0.02,32,0.03,0.07,0.11,0.11,0.09,0.59
"(6,1)",0.9,0.02,33,0.03,0.07,0.08,0.11,0.07,0.64
"(6,1)",0.9,0.02,34,0.03,0.07,0.05,0.12,0.06,0.67
"(6,1)",0.9,0.02,35,0.03,0.06,0.04,0.13,0.04,0.7
"(6,1)",0.9,0.02,36,0.02,0.07,0.03,0.11,0.06,0.71
"(6,1)",0.9,0.02,37,0.02,0.07,0.03,0.09,0.07,0.72
"(6,1)",0.9,0.02,38,0.02,0.07,0.02,0.09,0.06,0.74
"(6,1)",0.9,0.02,39,0.02,0.07,0.02,0.07,0.06,0.76
"(6,1)",0.9,0.02,40,0.02,0.06,0.03,0.07,0.03,0.79
"(6,1)",0.9,0.02,41,0.02,0.06,0.02,0.07,0.03,0.8
"(6,1)",0.9,0.02,42,0.02,0.05,0.02,0.06,0.03,0.82
"(6,1)",0.9,0.02,43,0.02,0.05,0.01,0.06,0.02,0.84
"(6,1)",0.9,0.02,44,0.02,0.05,0.01,0.06,0.01,0.85
"(6,1)",0.9,0.02,45,0.02,0.05,0.01,0.05,0.01,0.86
"(6,1)",0.9,0.02,46,0.02,0.05,0.01,0.03,0.03,0.86
"(6,1)",0.9,0.02,47,0.02,0.05,0.01,0.01,0.04,0.87
"(6,1)",0.9,0.02,48,0.02,0.05,0.01,0.01,0.04,0.87
"(6,1)",0.9,0.02,49,0.02,0.05,0.01,0.01,0.03,0.88
"(6,1)",0.9,0.02,50,0.02,0.05,0.01,0.0,0.02,0.9
"(6,1)",0.9,0.02,51,0.02,0.05,0.01,0.0,0.02,0.9
"(6,1)",0.9,0.02,52,0.02,0.05,0.01,0.0,0.01,0.91
"(6,1)",0.9,0.02,53,0.02,0.05,0.01,0.0,0.01,0.91
"(6,1)",0.9,0.02,54,0.02,0.04,0.02,0.0,0.01,0.91
"(6,1)",0.9,0.02,55,0.02,0.04,0.02,0.0,0.01,0.91
"(6,1)",0.9,0.02,56,0.02,0.04,0.02,0.0,0.01,0.91
"(6,1)",0.9,0.02,57,0.02,0.04,0.02,0.0,0.0,0.92
"(6,1)",0.9,0.02,58,0.02,0.04,0.01,0.01,0.0,0.92
"(6,1)",0.9,0.02,59,0.02,0.04,0.01,0.01,0.0,0.92
"(6,1)",0.9,0.02,60,0.02,0.04,0.01,0.01,0.0,0.92
"(6,1)",0.9,0.02,61,0.01,0.05,0.01,0.0,0.01,0.92
"(6,1)",0.9,0.02,62,0.01,0.05,0.01,0.0,0.01,0.92
"(6,1)",0.9,0.02,63,0.01,0.04,0.02,0.0,0.01,0.92
"(6,1)",0.9,0.02,64,0.01,0.04,0.0,0.02,0.01,0.92
"(6,1)",0.9,0.02,65,0.01,0.04,0.0,0.01,0.02,0.92
"(6,1)",0.9,0.02,66,0.01,0.04,0.0,0.01,0.01,0.93
"(6,1)",0.9,0.02,67,0.01,0.04,0.0,0.0,0.02,0.93
"(6,1)",0.9,0.02,68,0.01,0.04,0.0,0.0,0.02,0.93
"(6,1)",0.9,0.02,69,0.01,0.04,0.0,0.0,0.02,0.93
"(6,1)",0.9,0.02,70,0.01,0.04,0.0,0.0,0.02,0.93
"(9,1)",0.1,0.02,1,1.0,0.0,0.0,0.0,0.0,0.0
"(9,1)",0.1,0.02,2,0.98,0.02,0.0,0.0,0.0,0.0
"(9,1)",0.1,0.02,3,0.9,0.09,0.01,0.0,0.0,0.0
"(9,1)",0.1,0.02,4,0.59,0.36,0.04,0.01,0.0,0.0
"(9,1)",0.1,0.02,5,0.31,0.45,0.21,0.03,0.0,0.0
"(9,1)",0.1,0.02,6,0.15,0.47,0.26,0.1,0.02,0.0
"(9,1)",0.1,0.02,7,0.08,0.39,0.26,0.21,0.06,0.0
"(9,1)",0.1,0.02,8,0.05,0.34,0.17,0.26,0.16,0.02
"(9,1)",0.1,0.02,9,0.02,0.24,0.18,0.19,0.26,0.11
"(9,1)",0.1,0.02,10,0.01,0.19,0.1,0.21,0.22,0.27
"(9,1)",0.1,0.02,11,0.0,0.17,0.05,0.17,0.21,0.4
"(9,1)",0.1,0.02,12,0.0,0.12,0.06,0.1,0.18,0.54
"(9,1)",0.1,0.02,13,0.0,0.08,0.08,0.08,0.11,0.65
"(9,1)",0.1,0.02,14,0.0,0.06,0.05,0.09,0.07,0.73
"(9,1)",0.1,0.02,15,0.0,0.04,0.05,0.08,0.06,0.77
"(9,1)",0.1,0.02,16,0.0,0.02,0.03,0.12,0.02,0.81
"(9,1)",0.1,0.02,17,0.0,0.01,0.02,0.09,0.07,0.81
"(9,1)",0.1,0.02,18,0.0,0.01,0.0,0.09,0.05,0.85
"(9,1)",0.1,0.02,19,0.0,0.01,0.0,0.07,0.03,0.89
"(9,1)",0.1,0.02,20,0.0,0.01,0.0,0.07,0.01,0.91
"(9,1)",0.1,0.02,21,0.0,0.01,0.0,0.07,0.0,0.92
"(9,1)",0.1,0.02,22,0.0,0.01,0.0,0.07,0.0,0.92
"(9,1)",0.1,0.02,23,0.0,0.01,0.0,0.07,0.0,0.92
"(9,1)",0.1,0.02,24,0.0,0.01,0.0,0.07,0.0,0.92
"(9,1)",0.1,0.02,25,0.0,0.01,0.0,0.07,0.0,0.92
"(9,1)",0.1,0.02,26,0.0,0.01,0.0,0.07,0.0,0.92
"(9,1)",0.1,0.02,27,0.0,0.01,0.0,0.07,0.0,0.92
"(9,1)",0.1,0.02,28,0.0,0.01,0.0,0.07,0.0,0.92
"(9,1)",0.1,0.02,29,0.0,0.01,0.0,0.07,0.0,0.92
"(9,1)",0.1,0.02,30,0.0,0.01,0.0,0.07,0.0,0.92
"(9,1)",0.1,0.02,31,0.0,0.01,0.0,0.07,0.0,0.92
"(9,1)",0.1,0.02,32,0.0,0.01,0.0,0.07,0.0,0.92
"(9,1)",0.1,0.02,33,0.0,0.0,0.01,0.07,0.0,0.92
"(9,1)",0.1,0.02,34,0.0,0.0,0.01,0.07,0.0,0.92
"(9,1)",0.1,0.02,35,0.0,0.0,0.0,0.08,0.0,0.92
"(9,1)",0.1,0.02,36,0.0,0.0,0.0,0.07,0.01,0.92
"(9,1)",0.1,0.02,37,0.0,0.0,0.0,0.07,0.0,0.93
"(9,1)",0.1,0.02,38,0.0,0.0,0.0,0.07,0.0,0.93
"(9,1)",0.1,0.02,39,0.0,0.0,0.0,0.07,0.0,0.93
"(9,1)",0.1,0.02,40,0.0,0.0,0.0,0.07,0.0,0.93
"(9,1)",0.1,0.02,41,0.0,0.0,0.0,0.07,0.0,0.93
"(9,1)",0.1,0.02,42,0.0,0.0,0.0,0.07,0.0,0.93
"(9,1)",0.1,0.02,43,0.0,0.0,0.0,0.07,0.0,0.93
"(9,1)",0.1,0.02,44,0.0,0.0,0.0,0.07,0.0,0.93
"(9,1)",0.1,0.02,45,0.0,0.0,0.0,0.07,0.0,0.93
"(9,1)",0.1,0.02,46,0.0,0.0,0.0,0.07,0.0,0.93
"(9,1)",0.1,0.02,47,0.0,0.0,0.0,0.07,0.0,0.93
"(9,1)",0.1,0.02,48,0.0,0.0,0.0,0.07,0.0,0.93
"(9,1)",0.1,0.02,49,0.0,0.0,0.0,0.07,0.0,0.93
"(9,1)",0.1,0.02,50,0.0,0.0,0.0,0.07,0.0,0.93
"(9,1)",0.1,0.02,51,0.0,0.0,0.0,0.07,0.0,0.93
"(9,1)",0.1,0.02,52,0.0,0.0,0.0,0.07,0.0,0.93
"(9,1)",0.1,0.02,53,0.0,0.0,0.0,0.07,0.0,0.93
"(9,1)",0.1,0.02,54,0.0,0.0,0.0,0.07,0.0,0.93
"(9,1)",0.1,0.02,55,0.0,0.0,0.0,0.07,0.0,0.93
"(9,1)",0.1,0.02,56,0.0,0.0,0.0,0.07,0.0,0.93
"(9,1)",0.1,0.02,57,0.0,0.0,0.0,0.07,0.0,0.93
"(9,1)",0.1,0.02,58,0.0,0.0,0.0,0.07,0.0,0.93
"(9,1)",0.1,0.02,59,0.0,0.0,0.0,0.07,0.0,0.93
"(9,1)",0.1,0.02,60,0.0,0.0,0.0,0.07,0.0,0.93
"(9,1)",0.1,0.02,61,0.0,0.0,0.0,0.07,0.0,0.93
"(9,1)",0.1,0.02,62,0.0,0.0,0.0,0.07,0.0,0.93
"(9,1)",0.1,0.02,63,0.0,0.0,0.0,0.07,0.0,0.93
"(9,1)",0.1,0.02,64,0.0,0.0,0.0,0.07,0.0,0.93
"(9,1)",0.1,0.02,65,0.0,0.0,0.0,0.07,0.0,0.93
"(9,1)",0.1,0.02,66,0.0,0.0,0.0,0.07,0.0,0.93
"(9,1)",0.1,0.02,67,0.0,0.0,0.0,0.07,0.0,0.93
"(9,1)",0.1,0.02,68,0.0,0.0,0.0,0.07,0.0,0.93
"(9,1)",0.1,0.02,69,0.0,0.0,0.0,0.07,0.0,0.93
"(9,1)",0.1,0.02,70,0.0,0.0,0.0,0.07,0.0,0.93
"(9,1)",0.2,0.02,1,0.99,0.01,0.0,0.0,0.0,0.0
"(9,1)",0.2,0.02,2,0.86,0.14,0.0,0.0,0.0,0.0
"(9,1)",0.2,0.02,3,0.66,0.3,0.04,0.0,0.0,0.0
"(9,1)",0.2,0.02,4,0.31,0.55,0.13,0.01,0.0,0.0
"(9,1)",0.2,0.02,5,0.18,0.48,0.31,0.03,0.0,0.0
"(9,1)",0.2,0.02,6,0.1,0.43,0.34,0.1,0.03,0.0
"(9,1)",0.2,0.02,7,0.08,0.3,0.35,0.22,0.05,0.0
"(9,1)",0.2,0.02,8,0.05,0.21,0.35,0.26,0.12,0.01
"(9,1)",0.2,0.02,9,0.03,0.15,0.26,0.34,0.18,0.04
"(9,1)",0.2,0.02,10,0.01,0.1,0.27,0.33,0.19,0.1
"(9,1)",0.2,0.02,11,0.01,0.08,0.22,0.28,0.27,0.14
"(9,1)",0.2,0.02,12,0.01,0.06,0.11,0.32,0.3,0.2
"(9,1)",0.2,0.02,13,0.0,0.06,0.09,0.28,0.29,0.28
"(9,1)",0.2,0.02,14,0.0,0.06,0.06,0.25,0.25,0.38
"(9,1)",0.2,0.02,15,0.0,0.05,0.05,0.22,0.23,0.45
"(9,1)",0.2,0.02,16,0.0,0.04,0.06,0.12,0.27,0.51
"(9,1)",0.2,0.02,17,0.0,0.04,0.04,0.11,0.24,0.57
"(9,1)",0.2,0.02,18,0.0,0.04,0.03,0.1,0.19,0.64
"(9,1)",0.2,0.02,19,0.0,0.04,0.02,0.09,0.16,0.69
"(9,1)",0.2,0.02,20,0.0,0.03,0.03,0.08,0.09,0.77
"(9,1)",0.2,0.02,21,0.0,0.02,0.02,0.08,0.09,0.79
"(9,1)",0.2,0.02,22,0.0,0.02,0.01,0.04,0.09,0.84
"(9,1)",0.2,0.02,23,0.0,0.01,0.02,0.03,0.08,0.86
"(9,1)",0.2,0.02,24,0.0,0.01,0.02,0.03,0.03,0.91
"(9,1)",0.2,0.02,25,0.0,0.01,0.0,0.05,0.01,0.93
"(9,1)",0.2,0.02,26,0.0,0.01,0.0,0.04,0.02,0.93
"(9,1)",0.2,0.02,27,0.0,0.01,0.0,0.03,0.01,0.95
"(9,1)",0.2,0.02,28,0.0,0.01,0.0,0.02,0.01,0.96
"(9,1)",0.2,0.02,29,0.0,0.01,0.0,0.02,0.01,0.96
"(9,1)",0.2,0.02,30,0.0,0.01,0.0,0.02,0.01,0.96
"(9,1)",0.2,0.02,31,0.0,0.0,0.01,0.02,0.01,0.96
"(9,1)",0.2,0.02,32,0.0,0.0,0.0,0.03,0.01,0.96
"(9,1)",0.2,0.02,33,0.0,0.0,0.0,0.03,0.01,0.96
"(9,1)",0.2,0.02,34,0.0,0.0,0.0,0.02,0.01,0.97
"(9,1)",0.2,0.02,35,0.0,0.0,0.0,0.02,0.0,0.98
"(9,1)",0.2,0.02,36,0.0,0.0,0.0,0.02,0.0,0.98
"(9,1)",0.2,0.02,37,0.0,0.0,0.0,0.02,0.0,0.98
"(9,1)",0.2,0.02,38,0.0,0.0,0.0,0.02,0.0,0.98
"(9,1)",0.2,0.02,39,0.0,0.0,0.0,0.02,0.0,0.98
"(9,1)",0.2,0.02,40,0.0,0.0,0.0,0.02,0.0,0.98
"(9,1)",0.2,0.02,41,0.0,0.0,0.0,0.02,0.0,0.98
"(9,1)",0.2,0.02,42,0.0,0.0,0.0,0.02,0.0,0.98
"(9,1)",0.2,0.02,43,0.0,0.0,0.0,0.02,0.0,0.98
"(9,1)",0.2,0.02,44,0.0,0.0,0.0,0.02,0.0,0.98
"(9,1)",0.2,0.02,45,0.0,0.0,0.0,0.02,0.0,0.98
"(9,1)",0.2,0.02,46,0.0,0.0,0.0,0.02,0.0,0.98
"(9,1)",0.2,0.02,47,0.0,0.0,0.0,0.02,0.0,0.98
"(9,1)",0.2,0.02,48,0.0,0.0,0.0,0.02,0.0,0.98
"(9,1)",0.2,0.02,49,0.0,0.0,0.0,0.02,0.0,0.98
"(9,1)",0.2,0.02,50,0.0,0.0,0.0,0.02,0.0,0.98
"(9,1)",0.2,0.02,51,0.0,0.0,0.0,0.02,0.0,0.98
"(9,1)",0.2,0.02,52,0.0,0.0,0.0,0.02,0.0,0.98
"(9,1)",0.2,0.02,53,0.0,0.0,0.0,0.02,0.0,0.98
"(9,1)",0.2,0.02,54,0.0,0.0,0.0,0.02,0.0,0.98
"(9,1)",0.2,0.02,55,0.0,0.0,0.0,0.02,0.0,0.98
"(9,1)",0.2,0.02,56,0.0,0.0,0.0,0.02,0.0,0.98
"(9,1)",0.2,0.02,57,0.0,0.0,0.0,0.02,0.0,0.98
"(9,1)",0.2,0.02,58,0.0,0.0,0.0,0.02,0.0,0.98
"(9,1)",0.2,0.02,59,0.0,0.0,0.0,0.02,0.0,0.98
"(9,1)",0.2,0.02,60,0.0,0.0,0.0,0.02,0.0,0.98
"(9,1)",0.2,0.02,61,0.0,0.0,0.0,0.02,0.0,0.98
"(9,1)",0.2,0.02,62,0.0,0.0,0.0,0.02,0.0,0.98
"(9,1)",0.2,0.02,63,0.0,0.0,0.0,0.02,0.0,0.98
"(9,1)",0.2,0.02,64,0.0,0.0,0.0,0.02,0.0,0.98
"(9,1)",0.2,0.02,65,0.0,0.0,0.0,0.02,0.0,0.98
"(9,1)",0.2,0.02,66,0.0,0.0,0.0,0.02,0.0,0.98
"(9,1)",0.2,0.02,67,0.0,0.0,0.0,0.02,0.0,0.98
"(9,1)",0.2,0.02,68,0.0,0.0,0.0,0.02,0.0,0.98
"(9,1)",0.2,0.02,69,0.0,0.0,0.0,0.02,0.0,0.98
"(9,1)",0.2,0.02,70,0.0,0.0,0.0,0.02,0.0,0.98
"(9,1)",0.3,0.02,1,0.98,0.02,0.0,0.0,0.0,0.0
"(9,1)",0.3,0.02,2,0.67,0.33,0.0,0.0,0.0,0.0
"(9,1)",0.3,0.02,3,0.47,0.41,0.12,0.0,0.0,0.0
"(9,1)",0.3,0.02,4,0.23,0.55,0.18,0.04,0.0,0.0
"(9,1)",0.3,0.02,5,0.1,0.51,0.33,0.05,0.01,0.0
"(9,1)",0.3,0.02,6,0.08,0.4,0.36,0.14,0.02,0.0
"(9,1)",0.3,0.02,7,0.06,0.34,0.31,0.25,0.04,0.0
"(9,1)",0.3,0.02,8,0.04,0.3,0.3,0.26,0.1,0.0
"(9,1)",0.3,0.02,9,0.04,0.25,0.27,0.28,0.14,0.02
"(9,1)",0.3,0.02,10,0.02,0.22,0.26,0.25,0.2,0.05
"(9,1)",0.3,0.02,11,0.02,0.19,0.23,0.28,0.22,0.06
"(9,1)",0.3,0.02,12,0.02,0.16,0.23,0.23,0.26,0.1
"(9,1)",0.3,0.02,13,0.01,0.15,0.19,0.24,0.28,0.13
"(9,1)",0.3,0.02,14,0.01,0.09,0.21,0.22,0.29,0.18
"(9,1)",0.3,0.02,15,0.01,0.07,0.18,0.21,0.27,0.26
"(9,1)",0.3,0.02,16,0.01,0.06,0.15,0.21,0.16,0.41
"(9,1)",0.3,0.02,17,0.01,0.06,0.12,0.18,0.16,0.47
"(9,1)",0.3,0.02,18,0.0,0.07,0.09,0.17,0.15,0.52
"(9,1)",0.3,0.02,19,0.0,0.03,0.11,0.13,0.2,0.53
"(9,1)",0.3,0.02,20,0.0,0.03,0.09,0.14,0.15,0.59
"(9,1)",0.3,0.02,21,0.0,0.03,0.08,0.07,0.2,0.62
"(9,1)",0.3,0.02,22,0.0,0.03,0.07,0.05,0.19,0.66
"(9,1)",0.3,0.02,23,0.0,0.02,0.06,0.06,0.19,0.67
"(9,1)",0.3,0.02,24,0.0,0.02,0.03,0.06,0.15,0.74
"(9,1)",0.3,0.02,25,0.0,0.01,0.03,0.07,0.09,0.8
"(9,1)",0.3,0.02,26,0.0,0.01,0.03,0.07,0.05,0.84
"(9,1)",0.3,0.02,27,0.0,0.01,0.02,0.05,0.05,0.87
"(9,1)",0.3,0.02,28,0.0,0.01,0.01,0.03,0.06,0.89
"(9,1)",0.3,0.02,29,0.0,0.01,0.0,0.02,0.06,0.91
"(9,1)",0.3,0.02,30,0.0,0.01,0.0,0.02,0.03,0.94
"(9,1)",0.3,0.02,31,0.0,0.01,0.0,0.01,0.03,0.95
"(9,1)",0.3,0.02,32,0.0,0.01,0.0,0.01,0.03,0.95
"(9,1)",0.3,0.02,33,0.0,0.01,0.0,0.01,0.03,0.95
"(9,1)",0.3,0.02,34,0.0,0.01,0.0,0.0,0.02,0.97
"(9,1)",0.3,0.02,35,0.0,0.01,0.0,0.0,0.02,0.97
"(9,1)",0.3,0.02,36,0.0,0.01,0.0,0.0,0.01,0.98
"(9,1)",0.3,0.02,37,0.0,0.01,0.0,0.0,0.01,0.98
"(9,1)",0.3,0.02,38,0.0,0.01,0.0,0.0,0.0,0.99
"(9,1)",0.3,0.02,39,0.0,0.01,0.0,0.0,0.0,0.99
"(9,1)",0.3,0.02,40,0.0,0.01,0.0,0.0,0.0,0.99
"(9,1)",0.3,0.02,41,0.0,0.01,0.0,0.0,0.0,0.99
"(9,1)",0.3,0.02,42,0.0,0.01,0.0,0.0,0.0,0.99
"(9,1)",0.3,0.02,43,0.0,0.01,0.0,0.0,0.0,0.99
"(9,1)",0.3,0.02,44,0.0,0.01,0.0,0.0,0.0,0.99
"(9,1)",0.3,0.02,45,0.0,0.01,0.0,0.0,0.0,0.99
"(9,1)",0.3,0.02,46,0.0,0.01,0.0,0.0,0.0,0.99
"(9,1)",0.3,0.02,47,0.0,0.01,0.0,0.0,0.0,0.99
"(9,1)",0.3,0.02,48,0.0,0.01,0.0,0.0,0.0,0.99
"(9,1)",0.3,0.02,49,0.0,0.01,0.0,0.0,0.0,0.99
"(9,1)",0.3,0.02,50,0.0,0.01,0.0,0.0,0.0,0.99
"(9,1)",0.3,0.02,51,0.0,0.0,0.01,0.0,0.0,0.99
"(9,1)",0.3,0.02,52,0.0,0.0,0.0,0.01,0.0,0.99
"(9,1)",0.3,0.02,53,0.0,0.0,0.0,0.0,0.01,0.99
"(9,1)",0.3,0.02,54,0.0,0.0,0.0,0.0,0.0,1.0
"(9,1)",0.3,0.02,55,0.0,0.0,0.0,0.0,0.0,1.0
"(9,1)",0.3,0.02,56,0.0,0.0,0.0,0.0,0.0,1.0
"(9,1)",0.3,0.02,57,0.0,0.0,0.0,0.0,0.0,1.0
"(9,1)",0.3,0.02,58,0.0,0.0,0.0,0.0,0.0,1.0
"(9,1)",0.3,0.02,59,0.0,0.0,0.0,0.0,0.0,1.0
"(9,1)",0.3,0.02,60,0.0,0.0,0.0,0.0,0.0,1.0
"(9,1)",0.3,0.02,61,0.0,0.0,0.0,0.0,0.0,1.0
"(9,1)",0.3,0.02,62,0.0,0.0,0.0,0.0,0.0,1.0
"(9,1)",0.3,0.02,63,0.0,0.0,0.0,0.0,0.0,1.0
"(9,1)",0.3,0.02,64,0.0,0.0,0.0,0.0,0.0,1.0
"(9,1)",0.3,0.02,65,0.0,0.0,0.0,0.0,0.0,1.0
"(9,1)",0.3,0.02,66,0.0,0.0,0.0,0.0,0.0,1.0
"(9,1)",0.3,0.02,67,0.0,0.0,0.0,0.0,0.0,1.0
"(9,1)",0.3,0.02,68,0.0,0.0,0.0,0.0,0.0,1.0
"(9,1)",0.3,0.02,69,0.0,0.0,0.0,0.0,0.0,1.0
"(9,1)",0.3,0.02,70,0.0,0.0,0.0,0.0,0.0,1.0
"(9,1)",0.4,0.02,1,0.83,0.17,0.0,0.0,0.0,0.0
"(9,1)",0.4,0.02,2,0.31,0.69,0.0,0.0,0.0,0.0
"(9,1)",0.4,0.02,3,0.2,0.64,0.16,0.0,0.0,0.0
"(9,1)",0.4,0.02,4,0.15,0.5,0.3,0.05,0.0,0.0
"(9,1)",0.4,0.02,5,0.12,0.37,0.39,0.12,0.0,0.0
"(9,1)",0.4,0.02,6,0.11,0.29,0.41,0.18,0.01,0.0
"(9,1)",0.4,0.02,7,0.1,0.24,0.34,0.3,0.02,0.0
"(9,1)",0.4,0.02,8,0.08,0.2,0.32,0.33,0.07,0.0
"(9,1)",0.4,0.02,9,0.08,0.17,0.29,0.37,0.06,0.03
"(9,1)",0.4,0.02,10,0.06,0.18,0.23,0.39,0.11,0.03
"(9,1)",0.4,0.02,11,0.05,0.18,0.23,0.34,0.15,0.05
"(9,1)",0.4,0.02,12,0.03,0.16,0.23,0.3,0.21,0.07
"(9,1)",0.4,0.02,13,0.02,0.13,0.27,0.23,0.27,0.08
"(9,1)",0.4,0.02,14,0.02,0.11,0.21,0.26,0.28,0.12
"(9,1)",0.4,0.02,15,0.02,0.1,0.16,0.25,0.31,0.16
"(9,1)",0.4,0.02,16,0.02,0.07,0.15,0.24,0.32,0.2
"(9,1)",0.4,0.02,17,0.01,0.08,0.12,0.22,0.23,0.34
"(9,1)",0.4,0.02,18,0.01,0.08,0.1,0.19,0.23,0.39
"(9,1)",0.4,0.02,19,0.01,0.08,0.07,0.18,0.2,0.46
"(9,1)",0.4,0.02,20,0.01,0.06,0.06,0.18,0.15,0.54
"(9,1)",0.4,0.02,21,0.01,0.04,0.06,0.16,0.15,0.58
"(9,1)",0.4,0.02,22,0.01,0.04,0.05,0.11,0.19,0.6
"(9,1)",0.4,0.02,23,0.01,0.03,0.04,0.08,0.2,0.64
"(9,1)",0.4,0.02,24,0.01,0.03,0.02,0.09,0.18,0.67
"(9,1)",0.4,0.02,25,0.01,0.03,0.02,0.08,0.12,0.74
"(9,1)",0.4,0.02,26,0.01,0.03,0.01,0.08,0.09,0.78
"(9,1)",0.4,0.02,27,0.01,0.03,0.0,0.06,0.11,0.79
"(9,1)",0.4,0.02,28,0.01,0.02,0.01,0.06,0.05,0.85
"(9,1)",0.4,0.02,29,0.01,0.01,0.01,0.04,0.05,0.88
"(9,1)",0.4,0.02,30,0.01,0.0,0.01,0.05,0.03,0.9
"(9,1)",0.4,0.02,31,0.0,0.01,0.01,0.02,0.05,0.91
"(9,1)",0.4,0.02,32,0.0,0.0,0.02,0.02,0.05,0.91
"(9,1)",0.4,0.02,33,0.0,0.0,0.01,0.03,0.03,0.93
"(9,1)",0.4,0.02,34,0.0,0.0,0.0,0.02,0.05,0.93
"(9,1)",0.4,0.02,35,0.0,0.0,0.0,0.01,0.03,0.96
"(9,1)",0.4,0.02,36,0.0,0.0,0.0,0.01,0.02,0.97
"(9,1)",0.4,0.02,37,0.0,0.0,0.0,0.01,0.02,0.97
"(9,1)",0.4,0.02,38,0.0,0.0,0.0,0.01,0.01,0.98
"(9,1)",0.4,0.02,39,0.0,0.0,0.0,0.01,0.01,0.98
"(9,1)",0.4,0.02,40,0.0,0.0,0.0,0.01,0.0,0.99
"(9,1)",0.4,0.02,41,0.0,0.0,0.0,0.0,0.01,0.99
"(9,1)",0.4,0.02,42,0.0,0.0,0.0,0.0,0.01,0.99
"(9,1)",0.4,0.02,43,0.0,0.0,0.0,0.0,0.01,0.99
"(9,1)",0.4,0.02,44,0.0,0.0,0.0,0.0,0.01,0.99
"(9,1)",0.4,0.02,45,0.0,0.0,0.0,0.0,0.0,1.0
"(9,1)",0.4,0.02,46,0.0,0.0,0.0,0.0,0.0,1.0
"(9,1)",0.4,0.02,47,0.0,0.0,0.0,0.0,0.0,1.0
"(9,1)",0.4,0.02,48,0.0,0.0,0.0,0.0,0.0,1.0
"(9,1)",0.4,0.02,49,0.0,0.0,0.0,0.0,0.0,1.0
"(9,1)",0.4,0.02,50,0.0,0.0,0.0,0.0,0.0,1.0
"(9,1)",0.4,0.02,51,0.0,0.0,0.0,0.0,0.0,1.0
"(9,1)",0.4,0.02,52,0.0,0.0,0.0,0.0,0.0,1.0
"(9,1)",0.4,0.02,53,0.0,0.0,0.0,0.0,0.0,1.0
"(9,1)",0.4,0.02,54,0.0,0.0,0.0,0.0,0.0,1.0
"(9,1)",0.4,0.02,55,0.0,0.0,0.0,0.0,0.0,1.0
"(9,1)",0.4,0.02,56,0.0,0.0,0.0,0.0,0.0,1.0
"(9,1)",0.4,0.02,57,0.0,0.0,0.0,0.0,0.0,1.0
"(9,1)",0.4,0.02,58,0.0,0.0,0.0,0.0,0.0,1.0
"(9,1)",0.4,0.02,59,0.0,0.0,0.0,0.0,0.0,1.0
"(9,1)",0.4,0.02,60,0.0,0.0,0.0,0.0,0.0,1.0
"(9,1)",0.4,0.02,61,0.0,0.0,0.0,0.0,0.0,1.0
"(9,1)",0.4,0.02,62,0.0,0.0,0.0,0.0,0.0,1.0
"(9,1)",0.4,0.02,63,0.0,0.0,0.0,0.0,0.0,1.0
"(9,1)",0.4,0.02,64,0.0,0.0,0.0,0.0,0.0,1.0
"(9,1)",0.4,0.02,65,0.0,0.0,0.0,0.0,0.0,1.0
"(9,1)",0.4,0.02,66,0.0,0.0,0.0,0.0,0.0,1.0
"(9,1)",0.4,0.02,67,0.0,0.0,0.0,0.0,0.0,1.0
"(9,1)",0.4,0.02,68,0.0,0.0,0.0,0.0,0.0,1.0
"(9,1)",0.4,0.02,69,0.0,0.0,0.0,0.0,0.0,1.0
"(9,1)",0.4,0.02,70,0.0,0.0,0.0,0.0,0.0,1.0
"(9,1)",0.5,0.02,1,0.72,0.28,0.0,0.0,0.0,0.0
"(9,1)",0.5,0.02,2,0.28,0.72,0.0,0.0,0.0,0.0
"(9,1)",0.5,0.02,3,0.21,0.56,0.23,0.0,0.0,0.0
"(9,1)",0.5,0.02,4,0.16,0.46,0.34,0.04,0.0,0.0
"(9,1)",0.5,0.02,5,0.12,0.39,0.38,0.11,0.0,0.0
"(9,1)",0.5,0.02,6,0.11,0.35,0.37,0.17,0.0,0.0
"(9,1)",0.5,0.02,7,0.11,0.31,0.35,0.2,0.03,0.0
"(9,1)",0.5,0.02,8,0.09,0.3,0.33,0.24,0.04,0.0
"(9,1)",0.5,0.02,9,0.09,0.23,0.37,0.24,0.07,0.0
"(9,1)",0.5,0.02,10,0.07,0.21,0.36,0.25,0.11,0.0
"(9,1)",0.5,0.02,11,0.07,0.2,0.32,0.24,0.14,0.03
"(9,1)",0.5,0.02,12,0.03,0.2,0.22,0.34,0.16,0.05
"(9,1)",0.5,0.02,13,0.02,0.18,0.23,0.3,0.19,0.08
"(9,1)",0.5,0.02,14,0.02,0.15,0.21,0.29,0.2,0.13
"(9,1)",0.5,0.02,15,0.01,0.13,0.18,0.31,0.2,0.17
"(9,1)",0.5,0.02,16,0.01,0.11,0.2,0.25,0.2,0.23
"(9,1)",0.5,0.02,17,0.0,0.11,0.2,0.24,0.16,0.29
"(9,1)",0.5,0.02,18,0.0,0.1,0.17,0.26,0.11,0.36
"(9,1)",0.5,0.02,19,0.0,0.08,0.18,0.19,0.15,0.4
"(9,1)",0.5,0.02,20,0.0,0.07,0.15,0.2,0.16,0.42
"(9,1)",0.5,0.02,21,0.0,0.06,0.1,0.23,0.13,0.48
"(9,1)",0.5,0.02,22,0.0,0.06,0.08,0.2,0.15,0.51
"(9,1)",0.5,0.02,23,0.0,0.04,0.07,0.21,0.14,0.54
"(9,1)",0.5,0.02,24,0.0,0.04,0.05,0.12,0.19,0.6
"(9,1)",0.5,0.02,25,0.0,0.04,0.01,0.13,0.17,0.65
"(9,1)",0.5,0.02,26,0.0,0.03,0.02,0.1,0.16,0.69
"(9,1)",0.5,0.02,27,0.0,0.03,0.02,0.08,0.15,0.72
"(9,1)",0.5,0.02,28,0.0,0.03,0.01,0.06,0.14,0.76
"(9,1)",0.5,0.02,29,0.0,0.03,0.01,0.05,0.12,0.79
"(9,1)",0.5,0.02,30,0.0,0.03,0.01,0.05,0.08,0.83
"(9,1)",0.5,0.02,31,0.0,0.02,0.02,0.04,0.06,0.86
"(9,1)",0.5,0.02,32,0.0,0.02,0.01,0.04,0.05,0.88
"(9,1)",0.5,0.02,33,0.0,0.02,0.01,0.02,0.04,0.91
"(9,1)",0.5,0.02,34,0.0,0.02,0.01,0.01,0.03,0.93
"(9,1)",0.5,0.02,35,0.0,0.02,0.0,0.02,0.03,0.93
"(9,1)",0.5,0.02,36,0.0,0.02,0.0,0.0,0.04,0.94
"(9,1)",0.5,0.02,37,0.0,0.02,0.0,0.0,0.03,0.95
"(9,1)",0.5,0.02,38,0.0,0.02,0.0,0.0,0.02,0.96
"(9,1)",0.5,0.02,39,0.0,0.02,0.0,0.0,0.02,0.96
"(9,1)",0.5,0.02,40,0.0,0.02,0.0,0.0,0.01,0.97
"(9,1)",0.5,0.02,41,0.0,0.02,0.0,0.0,0.01,0.97
"(9,1)",0.5,0.02,42,0.0,0.01,0.01,0.0,0.01,0.97
"(9,1)",0.5,0.02,43,0.0,0.01,0.01,0.0,0.01,0.97
"(9,1)",0.5,0.02,44,0.0,0.01,0.01,0.0,0.01,0.97
"(9,1)",0.5,0.02,45,0.0,0.01,0.01,0.0,0.01,0.97
"(9,1)",0.5,0.02,46,0.0,0.01,0.01,0.0,0.01,0.97
"(9,1)",0.5,0.02,47,0.0,0.01,0.01,0.0,0.0,0.98
"(9,1)",0.5,0.02,48,0.0,0.01,0.01,0.0,0.0,0.98
"(9,1)",0.5,0.02,49,0.0,0.01,0.01,0.0,0.0,0.98
"(9,1)",0.5,0.02,50,0.0,0.01,0.0,0.01,0.0,0.98
"(9,1)",0.5,0.02,51,0.0,0.01,0.0,0.0,0.01,0.98
"(9,1)",0.5,0.02,52,0.0,0.01,0.0,0.0,0.0,0.99
"(9,1)",0.5,0.02,53,0.0,0.01,0.0,0.0,0.0,0.99
"(9,1)",0.5,0.02,54,0.0,0.0,0.01,0.0,0.0,0.99
"(9,1)",0.5,0.02,55,0.0,0.0,0.01,0.0,0.0,0.99
"(9,1)",0.5,0.02,56,0.0,0.0,0.0,0.01,0.0,0.99
"(9,1)",0.5,0.02,57,0.0,0.0,0.0,0.0,0.01,0.99
"(9,1)",0.5,0.02,58,0.0,0.0,0.0,0.0,0.01,0.99
"(9,1)",0.5,0.02,59,0.0,0.0,0.0,0.0,0.01,0.99
"(9,1)",0.5,0.02,60,0.0,0.0,0.0,0.0,0.01,0.99
"(9,1)",0.5,0.02,61,0.0,0.0,0.0,0.0,0.01,0.99
"(9,1)",0.5,0.02,62,0.0,0.0,0.0,0.0,0.0,1.0
"(9,1)",0.5,0.02,63,0.0,0.0,0.0,0.0,0.0,1.0
"(9,1)",0.5,0.02,64,0.0,0.0,0.0,0.0,0.0,1.0
"(9,1)",0.5,0.02,65,0.0,0.0,0.0,0.0,0.0,1.0
"(9,1)",0.5,0.02,66,0.0,0.0,0.0,0.0,0.0,1.0
"(9,1)",0.5,0.02,67,0.0,0.0,0.0,0.0,0.0,1.0
"(9,1)",0.5,0.02,68,0.0,0.0,0.0,0.0,0.0,1.0
"(9,1)",0.5,0.02,69,0.0,0.0,0.0,0.0,0.0,1.0
"(9,1)",0.5,0.02,70,0.0,0.0,0.0,0.0,0.0,1.0
"(9,1)",0.6,0.02,1,0.49,0.51,0.0,0.0,0.0,0.0
"(9,1)",0.6,0.02,2,0.33,0.66,0.01,0.0,0.0,0.0
"(9,1)",0.6,0.02,3,0.29,0.55,0.16,0.0,0.0,0.0
"(9,1)",0.6,0.02,4,0.24,0.48,0.26,0.02,0.0,0.0
"(9,1)",0.6,0.02,5,0.19,0.44,0.33,0.04,0.0,0.0
"(9,1)",0.6,0.02,6,0.16,0.41,0.32,0.1,0.01,0.0
"(9,1)",0.6,0.02,7,0.12,0.38,0.34,0.14,0.02,0.0
"(9,1)",0.6,0.02,8,0.11,0.34,0.36,0.16,0.03,0.0
"(9,1)",0.6,0.02,9,0.11,0.26,0.36,0.19,0.08,0.0
"(9,1)",0.6,0.02,10,0.1,0.25,0.33,0.21,0.1,0.01
"(9,1)",0.6,0.02,11,0.1,0.23,0.31,0.22,0.1,0.04
"(9,1)",0.6,0.02,12,0.09,0.21,0.25,0.27,0.13,0.05
"(9,1)",0.6,0.02,13,0.08,0.18,0.25,0.28,0.15,0.06
"(9,1)",0.6,0.02,14,0.07,0.17,0.27,0.25,0.15,0.09
"(9,1)",0.6,0.02,15,0.07,0.14,0.25,0.28,0.1,0.16
"(9,1)",0.6,0.02,16,0.07,0.11,0.26,0.25,0.14,0.17
"(9,1)",0.6,0.02,17,0.07,0.09,0.26,0.21,0.15,0.22
"(9,1)",0.6,0.02,18,0.07,0.07,0.22,0.19,0.2,0.25
"(9,1)",0.6,0.02,19,0.07,0.05,0.2,0.21,0.17,0.3
"(9,1)",0.6,0.02,20,0.06,0.03,0.21,0.18,0.17,0.35
"(9,1)",0.6,0.02,21,0.06,0.02,0.19,0.17,0.16,0.4
"(9,1)",0.6,0.02,22,0.05,0.03,0.14,0.18,0.14,0.46
"(9,1)",0.6,0.02,23,0.04,0.04,0.13,0.11,0.19,0.49
"(9,1)",0.6,0.02,24,0.04,0.03,0.12,0.1,0.14,0.57
"(9,1)",0.6,0.02,25,0.03,0.04,0.1,0.08,0.13,0.62
"(9,1)",0.6,0.02,26,0.02,0.04,0.09,0.09,0.1,0.66
"(9,1)",0.6,0.02,27,0.02,0.04,0.06,0.06,0.13,0.69
"(9,1)",0.6,0.02,28,0.01,0.04,0.05,0.08,0.11,0.71
"(9,1)",0.6,0.02,29,0.0,0.04,0.05,0.06,0.13,0.72
"(9,1)",0.6,0.02,30,0.0,0.03,0.02,0.06,0.12,0.77
"(9,1)",0.6,0.02,31,0.0,0.03,0.01,0.04,0.14,0.78
"(9,1)",0.6,0.02,32,0.0,0.02,0.02,0.03,0.12,0.81
"(9,1)",0.6,0.02,33,0.0,0.01,0.02,0.03,0.11,0.83
"(9,1)",0.6,0.02,34,0.0,0.0,0.03,0.02,0.08,0.87
"(9,1)",0.6,0.02,35,0.0,0.0,0.01,0.04,0.07,0.88
"(9,1)",0.6,0.02,36,0.0,0.0,0.01,0.04,0.06,0.89
"(9,1)",0.6,0.02,37,0.0,0.0,0.0,0.02,0.05,0.93
"(9,1)",0.6,0.02,38,0.0,0.0,0.0,0.01,0.05,0.94
"(9,1)",0.6,0.02,39,0.0,0.0,0.0,0.01,0.03,0.96
"(9,1)",0.6,0.02,40,0.0,0.0,0.0,0.01,0.03,0.96
"(9,1)",0.6,0.02,41,0.0,0.0,0.0,0.01,0.01,0.98
"(9,1)",0.6,0.02,42,0.0,0.0,0.0,0.01,0.01,0.98
"(9,1)",0.6,0.02,43,0.0,0.0,0.0,0.0,0.02,0.98
"(9,1)",0.6,0.02,44,0.0,0.0,0.0,0.0,0.01,0.99
"(9,1)",0.6,0.02,45,0.0,0.0,0.0,0.0,0.01,0.99
"(9,1)",0.6,0.02,46,0.0,0.0,0.0,0.0,0.01,0.99
"(9,1)",0.6,0.02,47,0.0,0.0,0.0,0.0,0.01,0.99
"(9,1)",0.6,0.02,48,0.0,0.0,0.0,0.0,0.01,0.99
"(9,1)",0.6,0.02,49,0.0,0.0,0.0,0.0,0.01,0.99
"(9,1)",0.6,0.02,50,0.0,0.0,0.0,0.0,0.01,0.99
"(9,1)",0.6,0.02,51,0.0,0.0,0.0,0.0,0.01,0.99
"(9,1)",0.6,0.02,52,0.0,0.0,0.0,0.0,0.01,0.99
"(9,1)",0.6,0.02,53,0.0,0.0,0.0,0.0,0.01,0.99
"(9,1)",0.6,0.02,54,0.0,0.0,0.0,0.0,0.01,0.99
"(9,1)",0.6,0.02,55,0.0,0.0,0.0,0.0,0.01,0.99
"(9,1)",0.6,0.02,56,0.0,0.0,0.0,0.0,0.01,0.99
"(9,1)",0.6,0.02,57,0.0,0.0,0.0,0.0,0.01,0.99
"(9,1)",0.6,0.02,58,0.0,0.0,0.0,0.0,0.01,0.99
"(9,1)",0.6,0.02,59,0.0,0.0,0.0,0.0,0.01,0.99
"(9,1)",0.6,0.02,60,0.0,0.0,0.0,0.0,0.01,0.99
"(9,1)",0.6,0.02,61,0.0,0.0,0.0,0.0,0.01,0.99
"(9,1)",0.6,0.02,62,0.0,0.0,0.0,0.0,0.01,0.99
"(9,1)",0.6,0.02,63,0.0,0.0,0.0,0.0,0.01,0.99
"(9,1)",0.6,0.02,64,0.0,0.0,0.0,0.0,0.01,0.99
"(9,1)",0.6,0.02,65,0.0,0.0,0.0,0.0,0.01,0.99
"(9,1)",0.6,0.02,66,0.0,0.0,0.0,0.0,0.01,0.99
"(9,1)",0.6,0.02,67,0.0,0.0,0.0,0.0,0.01,0.99
"(9,1)",0.6,0.02,68,0.0,0.0,0.0,0.0,0.01,0.99
"(9,1)",0.6,0.02,69,0.0,0.0,0.0,0.0,0.01,0.99
"(9,1)",0.6,0.02,70,0.0,0.0,0.0,0.0,0.01,0.99
"(9,1)",0.7,0.02,1,0.47,0.53,0.0,0.0,0.0,0.0
"(9,1)",0.7,0.02,2,0.38,0.62,0.0,0.0,0.0,0.0
"(9,1)",0.7,0.02,3,0.3,0.6,0.1,0.0,0.0,0.0
"(9,1)",0.7,0.02,4,0.28,0.52,0.18,0.02,0.0,0.0
"(9,1)",0.7,0.02,5,0.24,0.52,0.21,0.03,0.0,0.0
"(9,1)",0.7,0.02,6,0.21,0.48,0.24,0.06,0.01,0.0
"(9,1)",0.7,0.02,7,0.16,0.45,0.31,0.05,0.03,0.0
"(9,1)",0.7,0.02,8,0.12,0.45,0.32,0.08,0.03,0.0
"(9,1)",0.7,0.02,9,0.11,0.41,0.35,0.1,0.02,0.01
"(9,1)",0.7,0.02,10,0.09,0.39,0.35,0.14,0.02,0.01
"(9,1)",0.7,0.02,11,0.09,0.32,0.38,0.14,0.06,0.01
"(9,1)",0.7,0.02,12,0.09,0.29,0.37,0.16,0.08,0.01
"(9,1)",0.7,0.02,13,0.08,0.24,0.38,0.18,0.09,0.03
"(9,1)",0.7,0.02,14,0.06,0.22,0.38,0.2,0.06,0.08
"(9,1)",0.7,0.02,15,0.05,0.19,0.31,0.28,0.06,0.11
"(9,1)",0.7,0.02,16,0.04,0.19,0.27,0.26,0.12,0.12
"(9,1)",0.7,0.02,17,0.04,0.14,0.25,0.31,0.1,0.16
"(9,1)",0.7,0.02,18,0.04,0.11,0.24,0.3,0.11,0.2
"(9,1)",0.7,0.02,19,0.04,0.09,0.2,0.34,0.12,0.21
"(9,1)",0.7,0.02,20,0.04,0.07,0.19,0.34,0.15,0.21
"(9,1)",0.7,0.02,21,0.03,0.08,0.15,0.3,0.19,0.25
"(9,1)",0.7,0.02,22,0.03,0.07,0.11,0.32,0.15,0.32
"(9,1)",0.7,0.02,23,0.03,0.05,0.11,0.26,0.2,0.35
"(9,1)",0.7,0.02,24,0.03,0.05,0.09,0.23,0.21,0.39
"(9,1)",0.7,0.02,25,0.03,0.04,0.08,0.18,0.22,0.45
"(9,1)",0.7,0.02,26,0.03,0.04,0.07,0.14,0.21,0.51
"(9,1)",0.7,0.02,27,0.03,0.03,0.07,0.13,0.17,0.57
"(9,1)",0.7,0.02,28,0.03,0.03,0.04,0.14,0.13,0.63
"(9,1)",0.7,0.02,29,0.02,0.02,0.05,0.1,0.16,0.65
"(9,1)",0.7,0.02,30,0.02,0.02,0.03,0.08,0.17,0.68
"(9,1)",0.7,0.02,31,0.02,0.02,0.02,0.07,0.15,0.72
"(9,1)",0.7,0.02,32,0.02,0.02,0.02,0.07,0.08,0.79
"(9,1)",0.7,0.02,33,0.01,0.03,0.02,0.06,0.09,0.79
"(9,1)",0.7,0.02,34,0.01,0.03,0.02,0.05,0.08,0.81
"(9,1)",0.7,0.02,35,0.01,0.03,0.02,0.04,0.06,0.84
"(9,1)",0.7,0.02,36,0.01,0.01,0.03,0.04,0.02,0.89
"(9,1)",0.7,0.02,37,0.01,0.01,0.02,0.05,0.01,0.9
"(9,1)",0.7,0.02,38,0.01,0.01,0.02,0.03,0.02,0.91
"(9,1)",0.7,0.02,39,0.01,0.01,0.02,0.02,0.03,0.91
"(9,1)",0.7,0.02,40,0.01,0.01,0.02,0.02,0.03,0.91
"(9,1)",0.7,0.02,41,0.01,0.01,0.02,0.02,0.03,0.91
"(9,1)",0.7,0.02,42,0.01,0.01,0.02,0.01,0.03,0.92
"(9,1)",0.7,0.02,43,0.01,0.01,0.01,0.02,0.01,0.94
"(9,1)",0.7,0.02,44,0.01,0.01,0.01,0.02,0.0,0.95
"(9,1)",0.7,0.02,45,0.01,0.01,0.01,0.02,0.0,0.95
"(9,1)",0.7,0.02,46,0.01,0.0,0.02,0.02,0.0,0.95
"(9,1)",0.7,0.02,47,0.01,0.0,0.02,0.02,0.0,0.95
"(9,1)",0.7,0.02,48,0.01,0.0,0.02,0.02,0.0,0.95
"(9,1)",0.7,0.02,49,0.01,0.0,0.02,0.02,0.0,0.95
"(9,1)",0.7,0.02,50,0.01,0.0,0.02,0.01,0.01,0.95
"(9,1)",0.7,0.02,51,0.01,0.0,0.02,0.01,0.01,0.95
"(9,1)",0.7,0.02,52,0.01,0.0,0.02,0.01,0.01,0.95
"(9,1)",0.7,0.02,53,0.01,0.0,0.02,0.01,0.01,0.95
"(9,1)",0.7,0.02,54,0.01,0.0,0.01,0.02,0.0,0.96
"(9,1)",0.7,0.02,55,0.01,0.0,0.01,0.02,0.0,0.96
"(9,1)",0.7,0.02,56,0.01,0.0,0.01,0.02,0.0,0.96
"(9,1)",0.7,0.02,57,0.01,0.0,0.01,0.02,0.0,0.96
"(9,1)",0.7,0.02,58,0.01,0.0,0.01,0.01,0.01,0.96
"(9,1)",0.7,0.02,59,0.01,0.0,0.01,0.01,0.01,0.96
"(9,1)",0.7,0.02,60,0.01,0.0,0.01,0.01,0.01,0.96
"(9,1)",0.7,0.02,61,0.01,0.0,0.01,0.01,0.0,0.97
"(9,1)",0.7,0.02,62,0.01,0.0,0.01,0.01,0.0,0.97
"(9,1)",0.7,0.02,63,0.01,0.0,0.01,0.01,0.0,0.97
"(9,1)",0.7,0.02,64,0.01,0.0,0.01,0.01,0.0,0.97
"(9,1)",0.7,0.02,65,0.01,0.0,0.01,0.01,0.0,0.97
"(9,1)",0.7,0.02,66,0.01,0.0,0.0,0.02,0.0,0.97
"(9,1)",0.7,0.02,67,0.01,0.0,0.0,0.02,0.0,0.97
"(9,1)",0.7,0.02,68,0.01,0.0,0.0,0.02,0.0,0.97
"(9,1)",0.7,0.02,69,0.01,0.0,0.0,0.02,0.0,0.97
"(9,1)",0.7,0.02,70,0.01,0.0,0.0,0.02,0.0,0.97
"(9,1)",0.8,0.02,1,0.51,0.49,0.0,0.0,0.0,0.0
"(9,1)",0.8,0.02,2,0.46,0.46,0.08,0.0,0.0,0.0
"(9,1)",0.8,0.02,3,0.4,0.41,0.17,0.02,0.0,0.0
"(9,1)",0.8,0.02,4,0.34,0.37,0.27,0.02,0.0,0.0
"(9,1)",0.8,0.02,5,0.28,0.39,0.27,0.05,0.01,0.0
"(9,1)",0.8,0.02,6,0.23,0.4,0.28,0.08,0.01,0.0
"(9,1)",0.8,0.02,7,0.21,0.39,0.3,0.08,0.01,0.01
"(9,1)",0.8,0.02,8,0.2,0.34,0.32,0.1,0.03,0.01
"(9,1)",0.8,0.02,9,0.18,0.32,0.29,0.17,0.02,0.02
"(9,1)",0.8,0.02,10,0.14,0.31,0.29,0.19,0.05,0.02
"(9,1)",0.8,0.02,11,0.11,0.31,0.28,0.21,0.07,0.02
"(9,1)",0.8,0.02,12,0.1,0.32,0.22,0.24,0.09,0.03
"(9,1)",0.8,0.02,13,0.08,0.3,0.23,0.23,0.12,0.04
"(9,1)",0.8,0.02,14,0.07,0.27,0.24,0.21,0.14,0.07
"(9,1)",0.8,0.02,15,0.06,0.24,0.23,0.23,0.14,0.1
"(9,1)",0.8,0.02,16,0.06,0.22,0.2,0.22,0.18,0.12
"(9,1)",0.8,0.02,17,0.05,0.19,0.18,0.2,0.23,0.15
"(9,1)",0.8,0.02,18,0.05,0.15,0.2,0.16,0.25,0.19
"(9,1)",0.8,0.02,19,0.05,0.11,0.22,0.13,0.23,0.26
"(9,1)",0.8,0.02,20,0.05,0.09,0.21,0.14,0.18,0.33
"(9,1)",0.8,0.02,21,0.05,0.07,0.21,0.12,0.15,0.4
"(9,1)",0.8,0.02,22,0.05,0.05,0.19,0.13,0.15,0.43
"(9,1)",0.8,0.02,23,0.05,0.04,0.17,0.14,0.15,0.45
"(9,1)",0.8,0.02,24,0.04,0.05,0.15,0.15,0.08,0.53
"(9,1)",0.8,0.02,25,0.03,0.05,0.09,0.2,0.08,0.55
"(9,1)",0.8,0.02,26,0.01,0.06,0.08,0.17,0.11,0.57
"(9,1)",0.8,0.02,27,0.01,0.05,0.08,0.16,0.1,0.6
"(9,1)",0.8,0.02,28,0.01,0.04,0.07,0.17,0.05,0.66
"(9,1)",0.8,0.02,29,0.01,0.04,0.04,0.16,0.08,0.67
"(9,1)",0.8,0.02,30,0.01,0.04,0.02,0.13,0.1,0.7
"(9,1)",0.8,0.02,31,0.01,0.04,0.01,0.11,0.11,0.72
"(9,1)",0.8,0.02,32,0.01,0.04,0.01,0.08,0.11,0.75
"(9,1)",0.8,0.02,33,0.01,0.04,0.01,0.08,0.09,0.77
"(9,1)",0.8,0.02,34,0.01,0.03,0.01,0.07,0.06,0.82
"(9,1)",0.8,0.02,35,0.01,0.02,0.01,0.04,0.08,0.84
"(9,1)",0.8,0.02,36,0.01,0.02,0.01,0.03,0.07,0.86
"(9,1)",0.8,0.02,37,0.01,0.02,0.0,0.03,0.08,0.86
"(9,1)",0.8,0.02,38,0.01,0.02,0.0,0.03,0.06,0.88
"(9,1)",0.8,0.02,39,0.0,0.03,0.0,0.03,0.04,0.9
"(9,1)",0.8,0.02,40,0.0,0.02,0.01,0.03,0.03,0.91
"(9,1)",0.8,0.02,41,0.0,0.0,0.02,0.04,0.01,0.93
"(9,1)",0.8,0.02,42,0.0,0.0,0.02,0.03,0.01,0.94
"(9,1)",0.8,0.02,43,0.0,0.0,0.02,0.03,0.0,0.95
"(9,1)",0.8,0.02,44,0.0,0.0,0.02,0.02,0.01,0.95
"(9,1)",0.8,0.02,45,0.0,0.0,0.01,0.03,0.01,0.95
"(9,1)",0.8,0.02,46,0.0,0.0,0.0,0.03,0.02,0.95
"(9,1)",0.8,0.02,47,0.0,0.0,0.0,0.03,0.02,0.95
"(9,1)",0.8,0.02,48,0.0,0.0,0.0,0.02,0.03,0.95
"(9,1)",0.8,0.02,49,0.0,0.0,0.0,0.02,0.02,0.96
"(9,1)",0.8,0.02,50,0.0,0.0,0.0,0.01,0.03,0.96
"(9,1)",0.8,0.02,51,0.0,0.0,0.0,0.01,0.01,0.98
"(9,1)",0.8,0.02,52,0.0,0.0,0.0,0.01,0.0,0.99
"(9,1)",0.8,0.02,53,0.0,0.0,0.0,0.01,0.0,0.99
"(9,1)",0.8,0.02,54,0.0,0.0,0.0,0.01,0.0,0.99
"(9,1)",0.8,0.02,55,0.0,0.0,0.0,0.01,0.0,0.99
"(9,1)",0.8,0.02,56,0.0,0.0,0.0,0.01,0.0,0.99
"(9,1)",0.8,0.02,57,0.0,0.0,0.0,0.01,0.0,0.99
"(9,1)",0.8,0.02,58,0.0,0.0,0.0,0.01,0.0,0.99
"(9,1)",0.8,0.02,59,0.0,0.0,0.0,0.01,0.0,0.99
"(9,1)",0.8,0.02,60,0.0,0.0,0.0,0.01,0.0,0.99
"(9,1)",0.8,0.02,61,0.0,0.0,0.0,0.01,0.0,0.99
"(9,1)",0.8,0.02,62,0.0,0.0,0.0,0.01,0.0,0.99
"(9,1)",0.8,0.02,63,0.0,0.0,0.0,0.01,0.0,0.99
"(9,1)",0.8,0.02,64,0.0,0.0,0.0,0.01,0.0,0.99
"(9,1)",0.8,0.02,65,0.0,0.0,0.0,0.01,0.0,0.99
"(9,1)",0.8,0.02,66,0.0,0.0,0.0,0.01,0.0,0.99
"(9,1)",0.8,0.02,67,0.0,0.0,0.0,0.01,0.0,0.99
"(9,1)",0.8,0.02,68,0.0,0.0,0.0,0.01,0.0,0.99
"(9,1)",0.8,0.02,69,0.0,0.0,0.0,0.01,0.0,0.99
"(9,1)",0.8,0.02,70,0.0,0.0,0.0,0.01,0.0,0.99
"(9,1)",0.9,0.02,1,0.67,0.33,0.0,0.0,0.0,0.0
"(9,1)",0.9,0.02,2,0.52,0.44,0.04,0.0,0.0,0.0
"(9,1)",0.9,0.02,3,0.45,0.43,0.12,0.0,0.0,0.0
"(9,1)",0.9,0.02,4,0.42,0.42,0.14,0.02,0.0,0.0
"(9,1)",0.9,0.02,5,0.36,0.44,0.14,0.06,0.0,0.0
"(9,1)",0.9,0.02,6,0.31,0.44,0.19,0.06,0.0,0.0
"(9,1)",0.9,0.02,7,0.28,0.45,0.21,0.05,0.01,0.0
"(9,1)",0.9,0.02,8,0.27,0.44,0.2,0.06,0.03,0.0
"(9,1)",0.9,0.02,9,0.25,0.41,0.23,0.08,0.03,0.0
"(9,1)",0.9,0.02,10,0.24,0.36,0.27,0.1,0.02,0.01
"(9,1)",0.9,0.02,11,0.18,0.35,0.28,0.11,0.07,0.01
"(9,1)",0.9,0.02,12,0.16,0.36,0.24,0.14,0.08,0.02
"(9,1)",0.9,0.02,13,0.12,0.35,0.27,0.13,0.09,0.04
"(9,1)",0.9,0.02,14,0.1,0.33,0.26,0.17,0.09,0.05
"(9,1)",0.9,0.02,15,0.09,0.33,0.25,0.15,0.11,0.07
"(9,1)",0.9,0.02,16,0.07,0.3,0.28,0.14,0.12,0.09
"(9,1)",0.9,0.02,17,0.06,0.28,0.26,0.17,0.12,0.11
"(9,1)",0.9,0.02,18,0.06,0.25,0.23,0.17,0.16,0.13
"(9,1)",0.9,0.02,19,0.06,0.18,0.22,0.24,0.14,0.16
"(9,1)",0.9,0.02,20,0.06,0.15,0.22,0.21,0.17,0.19
"(9,1)",0.9,0.02,21,0.06,0.14,0.16,0.21,0.17,0.26
"(9,1)",0.9,0.02,22,0.06,0.09,0.19,0.17,0.19,0.3
"(9,1)",0.9,0.02,23,0.04,0.09,0.19,0.17,0.17,0.34
"(9,1)",0.9,0.02,24,0.03,0.09,0.14,0.18,0.21,0.35
"(9,1)",0.9,0.02,25,0.02,0.1,0.13,0.15,0.21,0.39
"(9,1)",0.9,0.02,26,0.02,0.09,0.14,0.1,0.2,0.45
"(9,1)",0.9,0.02,27,0.02,0.09,0.12,0.12,0.12,0.53
"(9,1)",0.9,0.02,28,0.02,0.09,0.11,0.1,0.12,0.56
"(9,1)",0.9,0.02,29,0.01,0.09,0.09,0.11,0.08,0.62
"(9,1)",0.9,0.02,30,0.01,0.05,0.11,0.1,0.08,0.65
"(9,1)",0.9,0.02,31,0.01,0.04,0.1,0.07,0.11,0.67
"(9,1)",0.9,0.02,32,0.01,0.03,0.11,0.07,0.08,0.7
"(9,1)",0.9,0.02,33,0.01,0.03,0.09,0.06,0.09,0.72
"(9,1)",0.9,0.02,34,0.01,0.01,0.09,0.05,0.1,0.74
"(9,1)",0.9,0.02,35,0.01,0.01,0.07,0.06,0.09,0.76
"(9,1)",0.9,0.02,36,0.0,0.01,0.08,0.05,0.07,0.79
"(9,1)",0.9,0.02,37,0.0,0.01,0.06,0.06,0.06,0.81
"(9,1)",0.9,0.02,38,0.0,0.0,0.05,0.05,0.06,0.84
"(9,1)",0.9,0.02,39,0.0,0.0,0.01,0.09,0.04,0.86
"(9,1)",0.9,0.02,40,0.0,0.0,0.01,0.06,0.07,0.86
"(9,1)",0.9,0.02,41,0.0,0.0,0.0,0.06,0.06,0.88
"(9,1)",0.9,0.02,42,0.0,0.0,0.0,0.04,0.07,0.89
"(9,1)",0.9,0.02,43,0.0,0.0,0.0,0.03,0.07,0.9
"(9,1)",0.9,0.02,44,0.0,0.0,0.0,0.03,0.05,0.92
"(9,1)",0.9,0.02,45,0.0,0.0,0.0,0.02,0.04,0.94
"(9,1)",0.9,0.02,46,0.0,0.0,0.0,0.01,0.03,0.96
"(9,1)",0.9,0.02,47,0.0,0.0,0.0,0.01,0.03,0.96
"(9,1)",0.9,0.02,48,0.0,0.0,0.0,0.01,0.02,0.97
"(9,1)",0.9,0.02,49,0.0,0.0,0.0,0.01,0.01,0.98
"(9,1)",0.9,0.02,50,0.0,0.0,0.0,0.01,0.0,0.99
"(9,1)",0.9,0.02,51,0.0,0.0,0.0,0.01,0.0,0.99
"(9,1)",0.9,0.02,52,0.0,0.0,0.0,0.01,0.0,0.99
"(9,1)",0.9,0.02,53,0.0,0.0,0.0,0.0,0.01,0.99
"(9,1)",0.9,0.02,54,0.0,0.0,0.0,0.0,0.01,0.99
"(9,1)",0.9,0.02,55,0.0,0.0,0.0,0.0,0.0,1.0
"(9,1)",0.9,0.02,56,0.0,0.0,0.0,0.0,0.0,1.0
"(9,1)",0.9,0.02,57,0.0,0.0,0.0,0.0,0.0,1.0
"(9,1)",0.9,0.02,58,0.0,0.0,0.0,0.0,0.0,1.0
"(9,1)",0.9,0.02,59,0.0,0.0,0.0,0.0,0.0,1.0
"(9,1)",0.9,0.02,60,0.0,0.0,0.0,0.0,0.0,1.0
"(9,1)",0.9,0.02,61,0.0,0.0,0.0,0.0,0.0,1.0
"(9,1)",0.9,0.02,62,0.0,0.0,0.0,0.0,0.0,1.0
"(9,1)",0.9,0.02,63,0.0,0.0,0.0,0.0,0.0,1.0
"(9,1)",0.9,0.02,64,0.0,0.0,0.0,0.0,0.0,1.0
"(9,1)",0.9,0.02,65,0.0,0.0,0.0,0.0,0.0,1.0
"(9,1)",0.9,0.02,66,0.0,0.0,0.0,0.0,0.0,1.0
"(9,1)",0.9,0.02,67,0.0,0.0,0.0,0.0,0.0,1.0
"(9,1)",0.9,0.02,68,0.0,0.0,0.0,0.0,0.0,1.0
"(9,1)",0.9,0.02,69,0.0,0.0,0.0,0.0,0.0,1.0
"(9,1)",0.9,0.02,70,0.0,0.0,0.0,0.0,0.0,1.0
"(15,1)",0.1,0.02,1,1.0,0.0,0.0,0.0,0.0,0.0
"(15,1)",0.1,0.02,2,0.96,0.04,0.0,0.0,0.0,0.0
"(15,1)",0.1,0.02,3,0.85,0.15,0.0,0.0,0.0,0.0
"(15,1)",0.1,0.02,4,0.47,0.48,0.05,0.0,0.0,0.0
"(15,1)",0.1,0.02,5,0.22,0.54,0.22,0.02,0.0,0.0
"(15,1)",0.1,0.02,6,0.14,0.42,0.32,0.12,0.0,0.0
"(15,1)",0.1,0.02,7,0.08,0.33,0.26,0.26,0.07,0.0
"(15,1)",0.1,0.02,8,0.06,0.23,0.25,0.23,0.17,0.06
"(15,1)",0.1,0.02,9,0.01,0.19,0.17,0.28,0.22,0.13
"(15,1)",0.1,0.02,10,0.01,0.13,0.12,0.24,0.23,0.27
"(15,1)",0.1,0.02,11,0.01,0.09,0.08,0.18,0.26,0.38
"(15,1)",0.1,0.02,12,0.01,0.05,0.09,0.14,0.2,0.51
"(15,1)",0.1,0.02,13,0.0,0.05,0.05,0.14,0.14,0.62
"(15,1)",0.1,0.02,14,0.0,0.03,0.05,0.06,0.16,0.7
"(15,1)",0.1,0.02,15,0.0,0.03,0.02,0.07,0.07,0.81
"(15,1)",0.1,0.02,16,0.0,0.03,0.01,0.05,0.07,0.84
"(15,1)",0.1,0.02,17,0.0,0.03,0.0,0.05,0.02,0.9
"(15,1)",0.1,0.02,18,0.0,0.03,0.0,0.05,0.01,0.91
"(15,1)",0.1,0.02,19,0.0,0.02,0.01,0.04,0.01,0.92
"(15,1)",0.1,0.02,20,0.0,0.01,0.02,0.04,0.0,0.93
"(15,1)",0.1,0.02,21,0.0,0.01,0.0,0.06,0.0,0.93
"(15,1)",0.1,0.02,22,0.0,0.01,0.0,0.04,0.02,0.93
"(15,1)",0.1,0.02,23,0.0,0.01,0.0,0.04,0.0,0.95
"(15,1)",0.1,0.02,24,0.0,0.01,0.0,0.04,0.0,0.95
"(15,1)",0.1,0.02,25,0.0,0.01,0.0,0.04,0.0,0.95
"(15,1)",0.1,0.02,26,0.0,0.01,0.0,0.04,0.0,0.95
"(15,1)",0.1,0.02,27,0.0,0.01,0.0,0.04,0.0,0.95
"(15,1)",0.1,0.02,28,0.0,0.01,0.0,0.04,0.0,0.95
"(15,1)",0.1,0.02,29,0.0,0.01,0.0,0.04,0.0,0.95
"(15,1)",0.1,0.02,30,0.0,0.01,0.0,0.04,0.0,0.95
"(15,1)",0.1,0.02,31,0.0,0.01,0.0,0.04,0.0,0.95
"(15,1)",0.1,0.02,32,0.0,0.01,0.0,0.04,0.0,0.95
"(15,1)",0.1,0.02,33,0.0,0.01,0.0,0.04,0.0,0.95
"(15,1)",0.1,0.02,34,0.0,0.01,0.0,0.04,0.0,0.95
"(15,1)",0.1,0.02,35,0.0,0.01,0.0,0.04,0.0,0.95
"(15,1)",0.1,0.02,36,0.0,0.01,0.0,0.04,0.0,0.95
"(15,1)",0.1,0.02,37,0.0,0.01,0.0,0.04,0.0,0.95
"(15,1)",0.1,0.02,38,0.0,0.01,0.0,0.04,0.0,0.95
"(15,1)",0.1,0.02,39,0.0,0.01,0.0,0.04,0.0,0.95
"(15,1)",0.1,0.02,40,0.0,0.01,0.0,0.04,0.0,0.95
"(15,1)",0.1,0.02,41,0.0,0.01,0.0,0.04,0.0,0.95
"(15,1)",0.1,0.02,42,0.0,0.01,0.0,0.04,0.0,0.95
"(15,1)",0.1,0.02,43,0.0,0.01,0.0,0.04,0.0,0.95
"(15,1)",0.1,0.02,44,0.0,0.01,0.0,0.04,0.0,0.95
"(15,1)",0.1,0.02,45,0.0,0.01,0.0,0.04,0.0,0.95
"(15,1)",0.1,0.02,46,0.0,0.01,0.0,0.04,0.0,0.95
"(15,1)",0.1,0.02,47,0.0,0.01,0.0,0.04,0.0,0.95
"(15,1)",0.1,0.02,48,0.0,0.01,0.0,0.04,0.0,0.95
"(15,1)",0.1,0.02,49,0.0,0.01,0.0,0.04,0.0,0.95
"(15,1)",0.1,0.02,50,0.0,0.01,0.0,0.04,0.0,0.95
"(15,1)",0.1,0.02,51,0.0,0.01,0.0,0.04,0.0,0.95
"(15,1)",0.1,0.02,52,0.0,0.01,0.0,0.04,0.0,0.95
"(15,1)",0.1,0.02,53,0.0,0.01,0.0,0.04,0.0,0.95
"(15,1)",0.1,0.02,54,0.0,0.01,0.0,0.04,0.0,0.95
"(15,1)",0.1,0.02,55,0.0,0.01,0.0,0.04,0.0,0.95
"(15,1)",0.1,0.02,56,0.0,0.01,0.0,0.04,0.0,0.95
"(15,1)",0.1,0.02,57,0.0,0.01,0.0,0.04,0.0,0.95
"(15,1)",0.1,0.02,58,0.0,0.01,0.0,0.04,0.0,0.95
"(15,1)",0.1,0.02,59,0.0,0.01,0.0,0.04,0.0,0.95
"(15,1)",0.1,0.02,60,0.0,0.01,0.0,0.04,0.0,0.95
"(15,1)",0.1,0.02,61,0.0,0.01,0.0,0.04,0.0,0.95
"(15,1)",0.1,0.02,62,0.0,0.01,0.0,0.04,0.0,0.95
"(15,1)",0.1,0.02,63,0.0,0.01,0.0,0.04,0.0,0.95
"(15,1)",0.1,0.02,64,0.0,0.01,0.0,0.04,0.0,0.95
"(15,1)",0.1,0.02,65,0.0,0.01,0.0,0.04,0.0,0.95
"(15,1)",0.1,0.02,66,0.0,0.01,0.0,0.04,0.0,0.95
"(15,1)",0.1,0.02,67,0.0,0.01,0.0,0.04,0.0,0.95
"(15,1)",0.1,0.02,68,0.0,0.01,0.0,0.04,0.0,0.95
"(15,1)",0.1,0.02,69,0.0,0.01,0.0,0.04,0.0,0.95
"(15,1)",0.1,0.02,70,0.0,0.01,0.0,0.04,0.0,0.95
"(15,1)",0.2,0.02,1,1.0,0.0,0.0,0.0,0.0,0.0
"(15,1)",0.2,0.02,2,0.84,0.16,0.0,0.0,0.0,0.0
"(15,1)",0.2,0.02,3,0.55,0.4,0.05,0.0,0.0,0.0
"(15,1)",0.2,0.02,4,0.32,0.43,0.22,0.03,0.0,0.0
"(15,1)",0.2,0.02,5,0.2,0.39,0.27,0.14,0.0,0.0
"(15,1)",0.2,0.02,6,0.12,0.36,0.25,0.23,0.04,0.0
"(15,1)",0.2,0.02,7,0.08,0.3,0.19,0.3,0.12,0.01
"(15,1)",0.2,0.02,8,0.06,0.25,0.16,0.3,0.18,0.05
"(15,1)",0.2,0.02,9,0.05,0.15,0.21,0.31,0.18,0.1
"(15,1)",0.2,0.02,10,0.04,0.13,0.14,0.34,0.2,0.15
"(15,1)",0.2,0.02,11,0.04,0.07,0.15,0.26,0.26,0.22
"(15,1)",0.2,0.02,12,0.03,0.05,0.12,0.25,0.22,0.33
"(15,1)",0.2,0.02,13,0.02,0.05,0.11,0.18,0.23,0.41
"(15,1)",0.2,0.02,14,0.02,0.03,0.07,0.15,0.28,0.45
"(15,1)",0.2,0.02,15,0.01,0.04,0.03,0.14,0.26,0.52
"(15,1)",0.2,0.02,16,0.01,0.02,0.04,0.14,0.22,0.57
"(15,1)",0.2,0.02,17,0.01,0.02,0.02,0.12,0.18,0.65
"(15,1)",0.2,0.02,18,0.01,0.02,0.0,0.11,0.17,0.69
"(15,1)",0.2,0.02,19,0.01,0.02,0.0,0.09,0.12,0.76
"(15,1)",0.2,0.02,20,0.01,0.01,0.01,0.07,0.11,0.79
"(15,1)",0.2,0.02,21,0.01,0.01,0.01,0.04,0.1,0.83
"(15,1)",0.2,0.02,22,0.01,0.01,0.01,0.04,0.05,0.88
"(15,1)",0.2,0.02,23,0.01,0.01,0.0,0.05,0.05,0.88
"(15,1)",0.2,0.02,24,0.01,0.01,0.0,0.04,0.04,0.9
"(15,1)",0.2,0.02,25,0.0,0.02,0.0,0.03,0.02,0.93
"(15,1)",0.2,0.02,26,0.0,0.01,0.01,0.03,0.01,0.94
"(15,1)",0.2,0.02,27,0.0,0.01,0.0,0.04,0.01,0.94
"(15,1)",0.2,0.02,28,0.0,0.01,0.0,0.03,0.01,0.95
"(15,1)",0.2,0.02,29,0.0,0.0,0.01,0.03,0.0,0.96
"(15,1)",0.2,0.02,30,0.0,0.0,0.01,0.03,0.0,0.96
"(15,1)",0.2,0.02,31,0.0,0.0,0.0,0.04,0.0,0.96
"(15,1)",0.2,0.02,32,0.0,0.0,0.0,0.03,0.01,0.96
"(15,1)",0.2,0.02,33,0.0,0.0,0.0,0.03,0.0,0.97
"(15,1)",0.2,0.02,34,0.0,0.0,0.0,0.03,0.0,0.97
"(15,1)",0.2,0.02,35,0.0,0.0,0.0,0.03,0.0,0.97
"(15,1)",0.2,0.02,36,0.0,0.0,0.0,0.03,0.0,0.97
"(15,1)",0.2,0.02,37,0.0,0.0,0.0,0.03,0.0,0.97
"(15,1)",0.2,0.02,38,0.0,0.0,0.0,0.03,0.0,0.97
"(15,1)",0.2,0.02,39,0.0,0.0,0.0,0.03,0.0,0.97
"(15,1)",0.2,0.02,40,0.0,0.0,0.0,0.03,0.0,0.97
"(15,1)",0.2,0.02,41,0.0,0.0,0.0,0.03,0.0,0.97
"(15,1)",0.2,0.02,42,0.0,0.0,0.0,0.03,0.0,0.97
"(15,1)",0.2,0.02,43,0.0,0.0,0.0,0.03,0.0,0.97
"(15,1)",0.2,0.02,44,0.0,0.0,0.0,0.03,0.0,0.97
"(15,1)",0.2,0.02,45,0.0,0.0,0.0,0.03,0.0,0.97
"(15,1)",0.2,0.02,46,0.0,0.0,0.0,0.03,0.0,0.97
"(15,1)",0.2,0.02,47,0.0,0.0,0.0,0.03,0.0,0.97
"(15,1)",0.2,0.02,48,0.0,0.0,0.0,0.03,0.0,0.97
"(15,1)",0.2,0.02,49,0.0,0.0,0.0,0.03,0.0,0.97
"(15,1)",0.2,0.02,50,0.0,0.0,0.0,0.03,0.0,0.97
"(15,1)",0.2,0.02,51,0.0,0.0,0.0,0.03,0.0,0.97
"(15,1)",0.2,0.02,52,0.0,0.0,0.0,0.03,0.0,0.97
"(15,1)",0.2,0.02,53,0.0,0.0,0.0,0.03,0.0,0.97
"(15,1)",0.2,0.02,54,0.0,0.0,0.0,0.03,0.0,0.97
"(15,1)",0.2,0.02,55,0.0,0.0,0.0,0.03,0.0,0.97
"(15,1)",0.2,0.02,56,0.0,0.0,0.0,0.03,0.0,0.97
"(15,1)",0.2,0.02,57,0.0,0.0,0.0,0.03,0.0,0.97
"(15,1)",0.2,0.02,58,0.0,0.0,0.0,0.03,0.0,0.97
"(15,1)",0.2,0.02,59,0.0,0.0,0.0,0.03,0.0,0.97
"(15,1)",0.2,0.02,60,0.0,0.0,0.0,0.03,0.0,0.97
"(15,1)",0.2,0.02,61,0.0,0.0,0.0,0.03,0.0,0.97
"(15,1)",0.2,0.02,62,0.0,0.0,0.0,0.03,0.0,0.97
"(15,1)",0.2,0.02,63,0.0,0.0,0.0,0.03,0.0,0.97
"(15,1)",0.2,0.02,64,0.0,0.0,0.0,0.03,0.0,0.97
"(15,1)",0.2,0.02,65,0.0,0.0,0.0,0.03,0.0,0.97
"(15,1)",0.2,0.02,66,0.0,0.0,0.0,0.03,0.0,0.97
"(15,1)",0.2,0.02,67,0.0,0.0,0.0,0.03,0.0,0.97
"(15,1)",0.2,0.02,68,0.0,0.0,0.0,0.03,0.0,0.97
"(15,1)",0.2,0.02,69,0.0,0.0,0.0,0.03,0.0,0.97
"(15,1)",0.2,0.02,70,0.0,0.0,0.0,0.03,0.0,0.97
"(15,1)",0.3,0.02,1,0.93,0.07,0.0,0.0,0.0,0.0
"(15,1)",0.3,0.02,2,0.58,0.42,0.0,0.0,0.0,0.0
"(15,1)",0.3,0.02,3,0.4,0.42,0.18,0.0,0.0,0.0
"(15,1)",0.3,0.02,4,0.25,0.47,0.25,0.03,0.0,0.0
"(15,1)",0.3,0.02,5,0.15,0.43,0.3,0.12,0.0,0.0
"(15,1)",0.3,0.02,6,0.11,0.3,0.36,0.22,0.01,0.0
"(15,1)",0.3,0.02,7,0.1,0.22,0.34,0.27,0.07,0.0
"(15,1)",0.3,0.02,8,0.07,0.18,0.35,0.25,0.15,0.0
"(15,1)",0.3,0.02,9,0.07,0.09,0.34,0.29,0.18,0.03
"(15,1)",0.3,0.02,10,0.07,0.07,0.3,0.33,0.15,0.08
"(15,1)",0.3,0.02,11,0.06,0.08,0.23,0.34,0.2,0.09
"(15,1)",0.3,0.02,12,0.04,0.09,0.22,0.32,0.2,0.13
"(15,1)",0.3,0.02,13,0.04,0.06,0.19,0.28,0.25,0.18
"(15,1)",0.3,0.02,14,0.04,0.04,0.19,0.22,0.29,0.22
"(15,1)",0.3,0.02,15,0.03,0.03,0.14,0.24,0.32,0.24
"(15,1)",0.3,0.02,16,0.01,0.03,0.14,0.18,0.32,0.32
"(15,1)",0.3,0.02,17,0.01,0.02,0.12,0.16,0.29,0.4
"(15,1)",0.3,0.02,18,0.0,0.02,0.1,0.14,0.28,0.46
"(15,1)",0.3,0.02,19,0.0,0.02,0.07,0.13,0.24,0.54
"(15,1)",0.3,0.02,20,0.0,0.01,0.05,0.14,0.18,0.62
"(15,1)",0.3,0.02,21,0.0,0.01,0.02,0.09,0.19,0.69
"(15,1)",0.3,0.02,22,0.0,0.01,0.01,0.07,0.18,0.73
"(15,1)",0.3,0.02,23,0.0,0.01,0.01,0.04,0.15,0.79
"(15,1)",0.3,0.02,24,0.0,0.01,0.01,0.03,0.1,0.85
"(15,1)",0.3,0.02,25,0.0,0.0,0.01,0.03,0.07,0.89
"(15,1)",0.3,0.02,26,0.0,0.0,0.01,0.01,0.09,0.89
"(15,1)",0.3,0.02,27,0.0,0.0,0.01,0.01,0.05,0.93
"(15,1)",0.3,0.02,28,0.0,0.0,0.0,0.02,0.05,0.93
"(15,1)",0.3,0.02,29,0.0,0.0,0.0,0.01,0.03,0.96
"(15,1)",0.3,0.02,30,0.0,0.0,0.0,0.01,0.02,0.97
"(15,1)",0.3,0.02,31,0.0,0.0,0.0,0.0,0.01,0.99
"(15,1)",0.3,0.02,32,0.0,0.0,0.0,0.0,0.0,1.0
"(15,1)",0.3,0.02,33,0.0,0.0,0.0,0.0,0.0,1.0
"(15,1)",0.3,0.02,34,0.0,0.0,0.0,0.0,0.0,1.0
"(15,1)",0.3,0.02,35,0.0,0.0,0.0,0.0,0.0,1.0
"(15,1)",0.3,0.02,36,0.0,0.0,0.0,0.0,0.0,1.0
"(15,1)",0.3,0.02,37,0.0,0.0,0.0,0.0,0.0,1.0
"(15,1)",0.3,0.02,38,0.0,0.0,0.0,0.0,0.0,1.0
"(15,1)",0.3,0.02,39,0.0,0.0,0.0,0.0,0.0,1.0
"(15,1)",0.3,0.02,40,0.0,0.0,0.0,0.0,0.0,1.0
"(15,1)",0.3,0.02,41,0.0,0.0,0.0,0.0,0.0,1.0
"(15,1)",0.3,0.02,42,0.0,0.0,0.0,0.0,0.0,1.0
"(15,1)",0.3,0.02,43,0.0,0.0,0.0,0.0,0.0,1.0
"(15,1)",0.3,0.02,44,0.0,0.0,0.0,0.0,0.0,1.0
"(15,1)",0.3,0.02,45,0.0,0.0,0.0,0.0,0.0,1.0
"(15,1)",0.3,0.02,46,0.0,0.0,0.0,0.0,0.0,1.0
"(15,1)",0.3,0.02,47,0.0,0.0,0.0,0.0,0.0,1.0
"(15,1)",0.3,0.02,48,0.0,0.0,0.0,0.0,0.0,1.0
"(15,1)",0.3,0.02,49,0.0,0.0,0.0,0.0,0.0,1.0
"(15,1)",0.3,0.02,50,0.0,0.0,0.0,0.0,0.0,1.0
"(15,1)",0.3,0.02,51,0.0,0.0,0.0,0.0,0.0,1.0
"(15,1)",0.3,0.02,52,0.0,0.0,0.0,0.0,0.0,1.0
"(15,1)",0.3,0.02,53,0.0,0.0,0.0,0.0,0.0,1.0
"(15,1)",0.3,0.02,54,0.0,0.0,0.0,0.0,0.0,1.0
"(15,1)",0.3,0.02,55,0.0,0.0,0.0,0.0,0.0,1.0
"(15,1)",0.3,0.02,56,0.0,0.0,0.0,0.0,0.0,1.0
"(15,1)",0.3,0.02,57,0.0,0.0,0.0,0.0,0.0,1.0
"(15,1)",0.3,0.02,58,0.0,0.0,0.0,0.0,0.0,1.0
"(15,1)",0.3,0.02,59,0.0,0.0,0.0,0.0,0.0,1.0
"(15,1)",0.3,0.02,60,0.0,0.0,0.0,0.0,0.0,1.0
"(15,1)",0.3,0.02,61,0.0,0.0,0.0,0.0,0.0,1.0
"(15,1)",0.3,0.02,62,0.0,0.0,0.0,0.0,0.0,1.0
"(15,1)",0.3,0.02,63,0.0,0.0,0.0,0.0,0.0,1.0
"(15,1)",0.3,0.02,64,0.0,0.0,0.0,0.0,0.0,1.0
"(15,1)",0.3,0.02,65,0.0,0.0,0.0,0.0,0.0,1.0
"(15,1)",0.3,0.02,66,0.0,0.0,0.0,0.0,0.0,1.0
"(15,1)",0.3,0.02,67,0.0,0.0,0.0,0.0,0.0,1.0
"(15,1)",0.3,0.02,68,0.0,0.0,0.0,0.0,0.0,1.0
"(15,1)",0.3,0.02,69,0.0,0.0,0.0,0.0,0.0,1.0
"(15,1)",0.3,0.02,70,0.0,0.0,0.0,0.0,0.0,1.0
"(15,1)",0.4,0.02,1,0.86,0.14,0.0,0.0,0.0,0.0
"(15,1)",0.4,0.02,2,0.51,0.48,0.01,0.0,0.0,0.0
"(15,1)",0.4,0.02,3,0.4,0.4,0.2,0.0,0.0,0.0
"(15,1)",0.4,0.02,4,0.3,0.45,0.2,0.05,0.0,0.0
"(15,1)",0.4,0.02,5,0.27,0.33,0.33,0.07,0.0,0.0
"(15,1)",0.4,0.02,6,0.25,0.31,0.29,0.14,0.01,0.0
"(15,1)",0.4,0.02,7,0.24,0.3,0.25,0.18,0.03,0.0
"(15,1)",0.4,0.02,8,0.19,0.3,0.24,0.23,0.04,0.0
"(15,1)",0.4,0.02,9,0.13,0.31,0.26,0.22,0.06,0.02
"(15,1)",0.4,0.02,10,0.11,0.29,0.27,0.21,0.08,0.04
"(15,1)",0.4,0.02,11,0.1,0.28,0.21,0.23,0.12,0.06
"(15,1)",0.4,0.02,12,0.07,0.25,0.23,0.23,0.12,0.1
"(15,1)",0.4,0.02,13,0.07,0.21,0.21,0.24,0.17,0.1
"(15,1)",0.4,0.02,14,0.05,0.21,0.16,0.27,0.15,0.16
"(15,1)",0.4,0.02,15,0.04,0.19,0.11,0.27,0.2,0.19
"(15,1)",0.4,0.02,16,0.02,0.15,0.16,0.2,0.24,0.23
"(15,1)",0.4,0.02,17,0.01,0.13,0.15,0.2,0.26,0.25
"(15,1)",0.4,0.02,18,0.01,0.05,0.19,0.19,0.25,0.31
"(15,1)",0.4,0.02,19,0.01,0.03,0.14,0.19,0.28,0.35
"(15,1)",0.4,0.02,20,0.01,0.02,0.12,0.17,0.24,0.44
"(15,1)",0.4,0.02,21,0.01,0.0,0.14,0.13,0.23,0.49
"(15,1)",0.4,0.02,22,0.01,0.0,0.1,0.11,0.25,0.53
"(15,1)",0.4,0.02,23,0.0,0.01,0.08,0.09,0.22,0.6
"(15,1)",0.4,0.02,24,0.0,0.0,0.05,0.1,0.19,0.66
"(15,1)",0.4,0.02,25,0.0,0.0,0.04,0.09,0.15,0.72
"(15,1)",0.4,0.02,26,0.0,0.0,0.03,0.06,0.12,0.79
"(15,1)",0.4,0.02,27,0.0,0.0,0.03,0.03,0.08,0.86
"(15,1)",0.4,0.02,28,0.0,0.0,0.02,0.03,0.08,0.87
"(15,1)",0.4,0.02,29,0.0,0.0,0.02,0.03,0.06,0.89
"(15,1)",0.4,0.02,30,0.0,0.0,0.01,0.01,0.07,0.91
"(15,1)",0.4,0.02,31,0.0,0.0,0.0,0.02,0.07,0.91
"(15,1)",0.4,0.02,32,0.0,0.0,0.0,0.02,0.05,0.93
"(15,1)",0.4,0.02,33,0.0,0.0,0.0,0.01,0.05,0.94
"(15,1)",0.4,0.02,34,0.0,0.0,0.0,0.01,0.04,0.95
"(15,1)",0.4,0.02,35,0.0,0.0,0.0,0.01,0.03,0.96
"(15,1)",0.4,0.02,36,0.0,0.0,0.0,0.01,0.0,0.99
"(15,1)",0.4,0.02,37,0.0,0.0,0.0,0.01,0.0,0.99
"(15,1)",0.4,0.02,38,0.0,0.0,0.0,0.01,0.0,0.99
"(15,1)",0.4,0.02,39,0.0,0.0,0.0,0.0,0.01,0.99
"(15,1)",0.4,0.02,40,0.0,0.0,0.0,0.0,0.01,0.99
"(15,1)",0.4,0.02,41,0.0,0.0,0.0,0.0,0.0,1.0
"(15,1)",0.4,0.02,42,0.0,0.0,0.0,0.0,0.0,1.0
"(15,1)",0.4,0.02,43,0.0,0.0,0.0,0.0,0.0,1.0
"(15,1)",0.4,0.02,44,0.0,0.0,0.0,0.0,0.0,1.0
"(15,1)",0.4,0.02,45,0.0,0.0,0.0,0.0,0.0,1.0
"(15,1)",0.4,0.02,46,0.0,0.0,0.0,0.0,0.0,1.0
"(15,1)",0.4,0.02,47,0.0,0.0,0.0,0.0,0.0,1.0
"(15,1)",0.4,0.02,48,0.0,0.0,0.0,0.0,0.0,1.0
"(15,1)",0.4,0.02,49,0.0,0.0,0.0,0.0,0.0,1.0
"(15,1)",0.4,0.02,50,0.0,0.0,0.0,0.0,0.0,1.0
"(15,1)",0.4,0.02,51,0.0,0.0,0.0,0.0,0.0,1.0
"(15,1)",0.4,0.02,52,0.0,0.0,0.0,0.0,0.0,1.0
"(15,1)",0.4,0.02,53,0.0,0.0,0.0,0.0,0.0,1.0
"(15,1)",0.4,0.02,54,0.0,0.0,0.0,0.0,0.0,1.0
"(15,1)",0.4,0.02,55,0.0,0.0,0.0,0.0,0.0,1.0
"(15,1)",0.4,0.02,56,0.0,0.0,0.0,0.0,0.0,1.0
"(15,1)",0.4,0.02,57,0.0,0.0,0.0,0.0,0.0,1.0
"(15,1)",0.4,0.02,58,0.0,0.0,0.0,0.0,0.0,1.0
"(15,1)",0.4,0.02,59,0.0,0.0,0.0,0.0,0.0,1.0
"(15,1)",0.4,0.02,60,0.0,0.0,0.0,0.0,0.0,1.0
"(15,1)",0.4,0.02,61,0.0,0.0,0.0,0.0,0.0,1.0
"(15,1)",0.4,0.02,62,0.0,0.0,0.0,0.0,0.0,1.0
"(15,1)",0.4,0.02,63,0.0,0.0,0.0,0.0,0.0,1.0
"(15,1)",0.4,0.02,64,0.0,0.0,0.0,0.0,0.0,1.0
"(15,1)",0.4,0.02,65,0.0,0.0,0.0,0.0,0.0,1.0
"(15,1)",0.4,0.02,66,0.0,0.0,0.0,0.0,0.0,1.0
"(15,1)",0.4,0.02,67,0.0,0.0,0.0,0.0,0.0,1.0
"(15,1)",0.4,0.02,68,0.0,0.0,0.0,0.0,0.0,1.0
"(15,1)",0.4,0.02,69,0.0,0.0,0.0,0.0,0.0,1.0
"(15,1)",0.4,0.02,70,0.0,0.0,0.0,0.0,0.0,1.0
"(15,1)",0.5,0.02,1,0.69,0.31,0.0,0.0,0.0,0.0
"(15,1)",0.5,0.02,2,0.36,0.64,0.0,0.0,0.0,0.0
"(15,1)",0.5,0.02,3,0.26,0.48,0.26,0.0,0.0,0.0
"(15,1)",0.5,0.02,4,0.22,0.43,0.29,0.06,0.0,0.0
"(15,1)",0.5,0.02,5,0.2,0.33,0.36,0.11,0.0,0.0
"(15,1)",0.5,0.02,6,0.18,0.33,0.31,0.16,0.02,0.0
"(15,1)",0.5,0.02,7,0.17,0.29,0.31,0.2,0.03,0.0
"(15,1)",0.5,0.02,8,0.12,0.32,0.31,0.19,0.06,0.0
"(15,1)",0.5,0.02,9,0.1,0.3,0.29,0.24,0.07,0.0
"(15,1)",0.5,0.02,10,0.1,0.28,0.27,0.25,0.08,0.02
"(15,1)",0.5,0.02,11,0.09,0.28,0.26,0.22,0.13,0.02
"(15,1)",0.5,0.02,12,0.06,0.3,0.22,0.23,0.17,0.02
"(15,1)",0.5,0.02,13,0.06,0.25,0.25,0.23,0.17,0.04
"(15,1)",0.5,0.02,14,0.04,0.23,0.26,0.21,0.16,0.1
"(15,1)",0.5,0.02,15,0.04,0.18,0.28,0.2,0.17,0.13
"(15,1)",0.5,0.02,16,0.04,0.14,0.29,0.19,0.19,0.15
"(15,1)",0.5,0.02,17,0.03,0.08,0.28,0.23,0.18,0.2
"(15,1)",0.5,0.02,18,0.01,0.1,0.19,0.28,0.18,0.24
"(15,1)",0.5,0.02,19,0.01,0.06,0.2,0.25,0.18,0.3
"(15,1)",0.5,0.02,20,0.01,0.04,0.18,0.25,0.16,0.36
"(15,1)",0.5,0.02,21,0.01,0.04,0.13,0.29,0.09,0.44
"(15,1)",0.5,0.02,22,0.01,0.03,0.12,0.19,0.15,0.5
"(15,1)",0.5,0.02,23,0.01,0.03,0.1,0.2,0.15,0.51
"(15,1)",0.5,0.02,24,0.01,0.03,0.04,0.18,0.19,0.55
"(15,1)",0.5,0.02,25,0.01,0.01,0.05,0.14,0.19,0.6
"(15,1)",0.5,0.02,26,0.01,0.01,0.03,0.12,0.19,0.64
"(15,1)",0.5,0.02,27,0.0,0.02,0.02,0.1,0.13,0.73
"(15,1)",0.5,0.02,28,0.0,0.0,0.04,0.07,0.11,0.78
"(15,1)",0.5,0.02,29,0.0,0.0,0.03,0.04,0.13,0.8
"(15,1)",0.5,0.02,30,0.0,0.0,0.03,0.02,0.11,0.84
"(15,1)",0.5,0.02,31,0.0,0.0,0.03,0.02,0.08,0.87
"(15,1)",0.5,0.02,32,0.0,0.0,0.03,0.02,0.04,0.91
"(15,1)",0.5,0.02,33,0.0,0.0,0.03,0.02,0.02,0.93
"(15,1)",0.5,0.02,34,0.0,0.0,0.03,0.02,0.0,0.95
"(15,1)",0.5,0.02,35,0.0,0.0,0.03,0.01,0.01,0.95
"(15,1)",0.5,0.02,36,0.0,0.0,0.02,0.01,0.01,0.96
"(15,1)",0.5,0.02,37,0.0,0.0,0.01,0.01,0.02,0.96
"(15,1)",0.5,0.02,38,0.0,0.0,0.01,0.0,0.03,0.96
"(15,1)",0.5,0.02,39,0.0,0.0,0.0,0.01,0.02,0.97
"(15,1)",0.5,0.02,40,0.0,0.0,0.0,0.01,0.02,0.97
"(15,1)",0.5,0.02,41,0.0,0.0,0.0,0.01,0.01,0.98
"(15,1)",0.5,0.02,42,0.0,0.0,0.0,0.01,0.01,0.98
"(15,1)",0.5,0.02,43,0.0,0.0,0.0,0.0,0.01,0.99
"(15,1)",0.5,0.02,44,0.0,0.0,0.0,0.0,0.01,0.99
"(15,1)",0.5,0.02,45,0.0,0.0,0.0,0.0,0.01,0.99
"(15,1)",0.5,0.02,46,0.0,0.0,0.0,0.0,0.01,0.99
"(15,1)",0.5,0.02,47,0.0,0.0,0.0,0.0,0.0,1.0
"(15,1)",0.5,0.02,48,0.0,0.0,0.0,0.0,0.0,1.0
"(15,1)",0.5,0.02,49,0.0,0.0,0.0,0.0,0.0,1.0
"(15,1)",0.5,0.02,50,0.0,0.0,0.0,0.0,0.0,1.0
"(15,1)",0.5,0.02,51,0.0,0.0,0.0,0.0,0.0,1.0
"(15,1)",0.5,0.02,52,0.0,0.0,0.0,0.0,0.0,1.0
"(15,1)",0.5,0.02,53,0.0,0.0,0.0,0.0,0.0,1.0
"(15,1)",0.5,0.02,54,0.0,0.0,0.0,0.0,0.0,1.0
"(15,1)",0.5,0.02,55,0.0,0.0,0.0,0.0,0.0,1.0
"(15,1)",0.5,0.02,56,0.0,0.0,0.0,0.0,0.0,1.0
"(15,1)",0.5,0.02,57,0.0,0.0,0.0,0.0,0.0,1.0
"(15,1)",0.5,0.02,58,0.0,0.0,0.0,0.0,0.0,1.0
"(15,1)",0.5,0.02,59,0.0,0.0,0.0,0.0,0.0,1.0
"(15,1)",0.5,0.02,60,0.0,0.0,0.0,0.0,0.0,1.0
"(15,1)",0.5,0.02,61,0.0,0.0,0.0,0.0,0.0,1.0
"(15,1)",0.5,0.02,62,0.0,0.0,0.0,0.0,0.0,1.0
"(15,1)",0.5,0.02,63,0.0,0.0,0.0,0.0,0.0,1.0
"(15,1)",0.5,0.02,64,0.0,0.0,0.0,0.0,0.0,1.0
"(15,1)",0.5,0.02,65,0.0,0.0,0.0,0.0,0.0,1.0
"(15,1)",0.5,0.02,66,0.0,0.0,0.0,0.0,0.0,1.0
"(15,1)",0.5,0.02,67,0.0,0.0,0.0,0.0,0.0,1.0
"(15,1)",0.5,0.02,68,0.0,0.0,0.0,0.0,0.0,1.0
"(15,1)",0.5,0.02,69,0.0,0.0,0.0,0.0,0.0,1.0
"(15,1)",0.5,0.02,70,0.0,0.0,0.0,0.0,0.0,1.0
"(15,1)",0.6,0.02,1,0.45,0.55,0.0,0.0,0.0,0.0
"(15,1)",0.6,0.02,2,0.27,0.73,0.0,0.0,0.0,0.0
"(15,1)",0.6,0.02,3,0.22,0.57,0.21,0.0,0.0,0.0
"(15,1)",0.6,0.02,4,0.18,0.48,0.29,0.05,0.0,0.0
"(15,1)",0.6,0.02,5,0.13,0.49,0.32,0.05,0.01,0.0
"(15,1)",0.6,0.02,6,0.12,0.44,0.34,0.09,0.0,0.01
"(15,1)",0.6,0.02,7,0.09,0.4,0.37,0.13,0.0,0.01
"(15,1)",0.6,0.02,8,0.07,0.37,0.36,0.18,0.01,0.01
"(15,1)",0.6,0.02,9,0.05,0.34,0.38,0.18,0.03,0.02
"(15,1)",0.6,0.02,10,0.05,0.33,0.33,0.2,0.07,0.02
"(15,1)",0.6,0.02,11,0.04,0.29,0.35,0.2,0.09,0.03
"(15,1)",0.6,0.02,12,0.03,0.26,0.35,0.22,0.09,0.05
"(15,1)",0.6,0.02,13,0.03,0.23,0.32,0.26,0.08,0.08
"(15,1)",0.6,0.02,14,0.03,0.18,0.32,0.27,0.1,0.1
"(15,1)",0.6,0.02,15,0.02,0.15,0.35,0.23,0.12,0.13
"(15,1)",0.6,0.02,16,0.02,0.12,0.31,0.24,0.12,0.19
"(15,1)",0.6,0.02,17,0.02,0.11,0.26,0.27,0.13,0.21
"(15,1)",0.6,0.02,18,0.02,0.11,0.23,0.23,0.16,0.25
"(15,1)",0.6,0.02,19,0.02,0.09,0.18,0.24,0.2,0.27
"(15,1)",0.6,0.02,20,0.02,0.07,0.17,0.18,0.28,0.28
"(15,1)",0.6,0.02,21,0.02,0.07,0.13,0.19,0.27,0.32
"(15,1)",0.6,0.02,22,0.02,0.05,0.13,0.16,0.23,0.41
"(15,1)",0.6,0.02,23,0.02,0.05,0.12,0.09,0.23,0.49
"(15,1)",0.6,0.02,24,0.01,0.05,0.11,0.08,0.17,0.58
"(15,1)",0.6,0.02,25,0.01,0.04,0.07,0.11,0.14,0.63
"(15,1)",0.6,0.02,26,0.01,0.03,0.06,0.1,0.13,0.67
"(15,1)",0.6,0.02,27,0.01,0.02,0.06,0.1,0.1,0.71
"(15,1)",0.6,0.02,28,0.01,0.02,0.03,0.1,0.11,0.73
"(15,1)",0.6,0.02,29,0.01,0.01,0.03,0.08,0.1,0.77
"(15,1)",0.6,0.02,30,0.0,0.01,0.03,0.08,0.07,0.81
"(15,1)",0.6,0.02,31,0.0,0.0,0.03,0.07,0.08,0.82
"(15,1)",0.6,0.02,32,0.0,0.0,0.02,0.07,0.05,0.86
"(15,1)",0.6,0.02,33,0.0,0.0,0.02,0.03,0.07,0.88
"(15,1)",0.6,0.02,34,0.0,0.0,0.01,0.03,0.05,0.91
"(15,1)",0.6,0.02,35,0.0,0.0,0.0,0.03,0.03,0.94
"(15,1)",0.6,0.02,36,0.0,0.0,0.0,0.03,0.02,0.95
"(15,1)",0.6,0.02,37,0.0,0.0,0.0,0.01,0.04,0.95
"(15,1)",0.6,0.02,38,0.0,0.0,0.0,0.0,0.04,0.96
"(15,1)",0.6,0.02,39,0.0,0.0,0.0,0.0,0.04,0.96
"(15,1)",0.6,0.02,40,0.0,0.0,0.0,0.0,0.02,0.98
"(15,1)",0.6,0.02,41,0.0,0.0,0.0,0.0,0.01,0.99
"(15,1)",0.6,0.02,42,0.0,0.0,0.0,0.0,0.01,0.99
"(15,1)",0.6,0.02,43,0.0,0.0,0.0,0.0,0.01,0.99
"(15,1)",0.6,0.02,44,0.0,0.0,0.0,0.0,0.01,0.99
"(15,1)",0.6,0.02,45,0.0,0.0,0.0,0.0,0.01,0.99
"(15,1)",0.6,0.02,46,0.0,0.0,0.0,0.0,0.01,0.99
"(15,1)",0.6,0.02,47,0.0,0.0,0.0,0.0,0.01,0.99
"(15,1)",0.6,0.02,48,0.0,0.0,0.0,0.0,0.01,0.99
"(15,1)",0.6,0.02,49,0.0,0.0,0.0,0.0,0.01,0.99
"(15,1)",0.6,0.02,50,0.0,0.0,0.0,0.0,0.01,0.99
"(15,1)",0.6,0.02,51,0.0,0.0,0.0,0.0,0.01,0.99
"(15,1)",0.6,0.02,52,0.0,0.0,0.0,0.0,0.01,0.99
"(15,1)",0.6,0.02,53,0.0,0.0,0.0,0.0,0.01,0.99
"(15,1)",0.6,0.02,54,0.0,0.0,0.0,0.0,0.01,0.99
"(15,1)",0.6,0.02,55,0.0,0.0,0.0,0.0,0.01,0.99
"(15,1)",0.6,0.02,56,0.0,0.0,0.0,0.0,0.01,0.99
"(15,1)",0.6,0.02,57,0.0,0.0,0.0,0.0,0.01,0.99
"(15,1)",0.6,0.02,58,0.0,0.0,0.0,0.0,0.01,0.99
"(15,1)",0.6,0.02,59,0.0,0.0,0.0,0.0,0.01,0.99
"(15,1)",0.6,0.02,60,0.0,0.0,0.0,0.0,0.01,0.99
"(15,1)",0.6,0.02,61,0.0,0.0,0.0,0.0,0.01,0.99
"(15,1)",0.6,0.02,62,0.0,0.0,0.0,0.0,0.01,0.99
"(15,1)",0.6,0.02,63,0.0,0.0,0.0,0.0,0.01,0.99
"(15,1)",0.6,0.02,64,0.0,0.0,0.0,0.0,0.01,0.99
"(15,1)",0.6,0.02,65,0.0,0.0,0.0,0.0,0.01,0.99
"(15,1)",0.6,0.02,66,0.0,0.0,0.0,0.0,0.01,0.99
"(15,1)",0.6,0.02,67,0.0,0.0,0.0,0.0,0.01,0.99
"(15,1)",0.6,0.02,68,0.0,0.0,0.0,0.0,0.01,0.99
"(15,1)",0.6,0.02,69,0.0,0.0,0.0,0.0,0.01,0.99
"(15,1)",0.6,0.02,70,0.0,0.0,0.0,0.0,0.01,0.99
"(15,1)",0.7,0.02,1,0.47,0.53,0.0,0.0,0.0,0.0
"(15,1)",0.7,0.02,2,0.39,0.58,0.03,0.0,0.0,0.0
"(15,1)",0.7,0.02,3,0.33,0.5,0.17,0.0,0.0,0.0
"(15,1)",0.7,0.02,4,0.3,0.4,0.29,0.01,0.0,0.0
"(15,1)",0.7,0.02,5,0.26,0.37,0.31,0.06,0.0,0.0
"(15,1)",0.7,0.02,6,0.22,0.38,0.3,0.1,0.0,0.0
"(15,1)",0.7,0.02,7,0.21,0.34,0.33,0.1,0.02,0.0
"(15,1)",0.7,0.02,8,0.2,0.3,0.34,0.1,0.06,0.0
"(15,1)",0.7,0.02,9,0.18,0.25,0.37,0.14,0.05,0.01
"(15,1)",0.7,0.02,10,0.16,0.24,0.36,0.15,0.08,0.01
"(15,1)",0.7,0.02,11,0.14,0.23,0.31,0.22,0.08,0.02
"(15,1)",0.7,0.02,12,0.13,0.18,0.34,0.19,0.14,0.02
"(15,1)",0.7,0.02,13,0.11,0.16,0.35,0.21,0.12,0.05
"(15,1)",0.7,0.02,14,0.08,0.16,0.3,0.25,0.14,0.07
"(15,1)",0.7,0.02,15,0.07,0.15,0.3,0.19,0.21,0.08
"(15,1)",0.7,0.02,16,0.06,0.15,0.27,0.19,0.18,0.15
"(15,1)",0.7,0.02,17,0.06,0.12,0.27,0.14,0.2,0.21
"(15,1)",0.7,0.02,18,0.06,0.11,0.2,0.2,0.18,0.25
"(15,1)",0.7,0.02,19,0.06,0.07,0.2,0.24,0.12,0.31
"(15,1)",0.7,0.02,20,0.06,0.04,0.2,0.22,0.13,0.35
"(15,1)",0.7,0.02,21,0.05,0.05,0.17,0.22,0.12,0.39
"(15,1)",0.7,0.02,22,0.05,0.04,0.16,0.14,0.19,0.42
"(15,1)",0.7,0.02,23,0.05,0.03,0.11,0.18,0.16,0.47
"(15,1)",0.7,0.02,24,0.05,0.02,0.09,0.18,0.12,0.54
"(15,1)",0.7,0.02,25,0.04,0.03,0.08,0.14,0.14,0.57
"(15,1)",0.7,0.02,26,0.04,0.03,0.05,0.12,0.17,0.59
"(15,1)",0.7,0.02,27,0.04,0.03,0.02,0.11,0.14,0.66
"(15,1)",0.7,0.02,28,0.03,0.03,0.02,0.11,0.09,0.72
"(15,1)",0.7,0.02,29,0.03,0.01,0.02,0.11,0.09,0.74
"(15,1)",0.7,0.02,30,0.03,0.01,0.02,0.09,0.07,0.78
"(15,1)",0.7,0.02,31,0.03,0.01,0.01,0.07,0.08,0.8
"(15,1)",0.7,0.02,32,0.03,0.01,0.01,0.06,0.04,0.85
"(15,1)",0.7,0.02,33,0.03,0.01,0.01,0.04,0.03,0.88
"(15,1)",0.7,0.02,34,0.02,0.02,0.01,0.03,0.02,0.9
"(15,1)",0.7,0.02,35,0.02,0.02,0.0,0.04,0.01,0.91
"(15,1)",0.7,0.02,36,0.02,0.01,0.01,0.03,0.02,0.91
"(15,1)",0.7,0.02,37,0.01,0.02,0.01,0.01,0.03,0.92
"(15,1)",0.7,0.02,38,0.01,0.01,0.01,0.02,0.01,0.94
"(15,1)",0.7,0.02,39,0.01,0.01,0.01,0.0,0.02,0.95
"(15,1)",0.7,0.02,40,0.0,0.02,0.01,0.0,0.02,0.95
"(15,1)",0.7,0.02,41,0.0,0.0,0.03,0.0,0.02,0.95
"(15,1)",0.7,0.02,42,0.0,0.0,0.03,0.0,0.01,0.96
"(15,1)",0.7,0.02,43,0.0,0.0,0.02,0.01,0.01,0.96
"(15,1)",0.7,0.02,44,0.0,0.0,0.01,0.02,0.0,0.97
"(15,1)",0.7,0.02,45,0.0,0.0,0.01,0.02,0.0,0.97
"(15,1)",0.7,0.02,46,0.0,0.0,0.01,0.02,0.0,0.97
"(15,1)",0.7,0.02,47,0.0,0.0,0.01,0.02,0.0,0.97
"(15,1)",0.7,0.02,48,0.0,0.0,0.0,0.03,0.0,0.97
"(15,1)",0.7,0.02,49,0.0,0.0,0.0,0.02,0.01,0.97
"(15,1)",0.7,0.02,50,0.0,0.0,0.0,0.02,0.01,0.97
"(15,1)",0.7,0.02,51,0.0,0.0,0.0,0.02,0.01,0.97
"(15,1)",0.7,0.02,52,0.0,0.0,0.0,0.02,0.0,0.98
"(15,1)",0.7,0.02,53,0.0,0.0,0.0,0.02,0.0,0.98
"(15,1)",0.7,0.02,54,0.0,0.0,0.0,0.01,0.01,0.98
"(15,1)",0.7,0.02,55,0.0,0.0,0.0,0.0,0.02,0.98
"(15,1)",0.7,0.02,56,0.0,0.0,0.0,0.0,0.01,0.99
"(15,1)",0.7,0.02,57,0.0,0.0,0.0,0.0,0.01,0.99
"(15,1)",0.7,0.02,58,0.0,0.0,0.0,0.0,0.0,1.0
"(15,1)",0.7,0.02,59,0.0,0.0,0.0,0.0,0.0,1.0
"(15,1)",0.7,0.02,60,0.0,0.0,0.0,0.0,0.0,1.0
"(15,1)",0.7,0.02,61,0.0,0.0,0.0,0.0,0.0,1.0
"(15,1)",0.7,0.02,62,0.0,0.0,0.0,0.0,0.0,1.0
"(15,1)",0.7,0.02,63,0.0,0.0,0.0,0.0,0.0,1.0
"(15,1)",0.7,0.02,64,0.0,0.0,0.0,0.0,0.0,1.0
"(15,1)",0.7,0.02,65,0.0,0.0,0.0,0.0,0.0,1.0
"(15,1)",0.7,0.02,66,0.0,0.0,0.0,0.0,0.0,1.0
"(15,1)",0.7,0.02,67,0.0,0.0,0.0,0.0,0.0,1.0
"(15,1)",0.7,0.02,68,0.0,0.0,0.0,0.0,0.0,1.0
"(15,1)",0.7,0.02,69,0.0,0.0,0.0,0.0,0.0,1.0
"(15,1)",0.7,0.02,70,0.0,0.0,0.0,0.0,0.0,1.0
"(15,1)",0.8,0.02,1,0.62,0.38,0.0,0.0,0.0,0.0
"(15,1)",0.8,0.02,2,0.47,0.49,0.04,0.0,0.0,0.0
"(15,1)",0.8,0.02,3,0.41,0.5,0.08,0.01,0.0,0.0
"(15,1)",0.8,0.02,4,0.37,0.43,0.18,0.02,0.0,0.0
"(15,1)",0.8,0.02,5,0.36,0.38,0.21,0.05,0.0,0.0
"(15,1)",0.8,0.02,6,0.32,0.39,0.21,0.08,0.0,0.0
"(15,1)",0.8,0.02,7,0.27,0.39,0.23,0.11,0.0,0.0
"(15,1)",0.8,0.02,8,0.27,0.31,0.3,0.12,0.0,0.0
"(15,1)",0.8,0.02,9,0.25,0.33,0.29,0.12,0.01,0.0
"(15,1)",0.8,0.02,10,0.23,0.35,0.25,0.15,0.02,0.0
"(15,1)",0.8,0.02,11,0.19,0.34,0.26,0.15,0.05,0.01
"(15,1)",0.8,0.02,12,0.14,0.34,0.28,0.16,0.06,0.02
"(15,1)",0.8,0.02,13,0.14,0.31,0.26,0.16,0.1,0.03
"(15,1)",0.8,0.02,14,0.13,0.31,0.23,0.17,0.12,0.04
"(15,1)",0.8,0.02,15,0.13,0.29,0.2,0.19,0.14,0.05
"(15,1)",0.8,0.02,16,0.12,0.24,0.23,0.18,0.17,0.06
"(15,1)",0.8,0.02,17,0.09,0.25,0.23,0.18,0.14,0.11
"(15,1)",0.8,0.02,18,0.09,0.22,0.23,0.2,0.09,0.17
"(15,1)",0.8,0.02,19,0.06,0.2,0.25,0.2,0.08,0.21
"(15,1)",0.8,0.02,20,0.05,0.2,0.24,0.2,0.05,0.26
"(15,1)",0.8,0.02,21,0.04,0.16,0.28,0.18,0.06,0.28
"(15,1)",0.8,0.02,22,0.04,0.13,0.27,0.17,0.1,0.29
"(15,1)",0.8,0.02,23,0.04,0.11,0.21,0.23,0.11,0.3
"(15,1)",0.8,0.02,24,0.04,0.1,0.21,0.2,0.1,0.35
"(15,1)",0.8,0.02,25,0.03,0.09,0.19,0.2,0.12,0.37
"(15,1)",0.8,0.02,26,0.03,0.08,0.16,0.21,0.11,0.41
"(15,1)",0.8,0.02,27,0.03,0.07,0.13,0.2,0.14,0.43
"(15,1)",0.8,0.02,28,0.03,0.06,0.11,0.15,0.18,0.47
"(15,1)",0.8,0.02,29,0.02,0.05,0.1,0.14,0.19,0.5
"(15,1)",0.8,0.02,30,0.02,0.03,0.09,0.14,0.13,0.59
"(15,1)",0.8,0.02,31,0.02,0.02,0.07,0.14,0.12,0.63
"(15,1)",0.8,0.02,32,0.01,0.02,0.07,0.12,0.14,0.64
"(15,1)",0.8,0.02,33,0.01,0.01,0.07,0.08,0.16,0.67
"(15,1)",0.8,0.02,34,0.0,0.02,0.05,0.07,0.12,0.74
"(15,1)",0.8,0.02,35,0.0,0.02,0.02,0.07,0.12,0.77
"(15,1)",0.8,0.02,36,0.0,0.02,0.02,0.04,0.11,0.81
"(15,1)",0.8,0.02,37,0.0,0.02,0.02,0.04,0.06,0.86
"(15,1)",0.8,0.02,38,0.0,0.01,0.03,0.03,0.06,0.87
"(15,1)",0.8,0.02,39,0.0,0.01,0.02,0.03,0.05,0.89
"(15,1)",0.8,0.02,40,0.0,0.0,0.02,0.03,0.03,0.92
"(15,1)",0.8,0.02,41,0.0,0.0,0.02,0.03,0.02,0.93
"(15,1)",0.8,0.02,42,0.0,0.0,0.01,0.02,0.03,0.94
"(15,1)",0.8,0.02,43,0.0,0.0,0.01,0.01,0.01,0.97
"(15,1)",0.8,0.02,44,0.0,0.0,0.0,0.02,0.0,0.98
"(15,1)",0.8,0.02,45,0.0,0.0,0.0,0.0,0.02,0.98
"(15,1)",0.8,0.02,46,0.0,0.0,0.0,0.0,0.01,0.99
"(15,1)",0.8,0.02,47,0.0,0.0,0.0,0.0,0.01,0.99
"(15,1)",0.8,0.02,48,0.0,0.0,0.0,0.0,0.01,0.99
"(15,1)",0.8,0.02,49,0.0,0.0,0.0,0.0,0.01,0.99
"(15,1)",0.8,0.02,50,0.0,0.0,0.0,0.0,0.01,0.99
"(15,1)",0.8,0.02,51,0.0,0.0,0.0,0.0,0.01,0.99
"(15,1)",0.8,0.02,52,0.0,0.0,0.0,0.0,0.0,1.0
"(15,1)",0.8,0.02,53,0.0,0.0,0.0,0.0,0.0,1.0
"(15,1)",0.8,0.02,54,0.0,0.0,0.0,0.0,0.0,1.0
"(15,1)",0.8,0.02,55,0.0,0.0,0.0,0.0,0.0,1.0
"(15,1)",0.8,0.02,56,0.0,0.0,0.0,0.0,0.0,1.0
"(15,1)",0.8,0.02,57,0.0,0.0,0.0,0.0,0.0,1.0
"(15,1)",0.8,0.02,58,0.0,0.0,0.0,0.0,0.0,1.0
"(15,1)",0.8,0.02,59,0.0,0.0,0.0,0.0,0.0,1.0
"(15,1)",0.8,0.02,60,0.0,0.0,0.0,0.0,0.0,1.0
"(15,1)",0.8,0.02,61,0.0,0.0,0.0,0.0,0.0,1.0
"(15,1)",0.8,0.02,62,0.0,0.0,0.0,0.0,0.0,1.0
"(15,1)",0.8,0.02,63,0.0,0.0,0.0,0.0,0.0,1.0
"(15,1)",0.8,0.02,64,0.0,0.0,0.0,0.0,0.0,1.0
"(15,1)",0.8,0.02,65,0.0,0.0,0.0,0.0,0.0,1.0
"(15,1)",0.8,0.02,66,0.0,0.0,0.0,0.0,0.0,1.0
"(15,1)",0.8,0.02,67,0.0,0.0,0.0,0.0,0.0,1.0
"(15,1)",0.8,0.02,68,0.0,0.0,0.0,0.0,0.0,1.0
"(15,1)",0.8,0.02,69,0.0,0.0,0.0,0.0,0.0,1.0
"(15,1)",0.8,0.02,70,0.0,0.0,0.0,0.0,0.0,1.0
"(15,1)",0.9,0.02,1,0.73,0.27,0.0,0.0,0.0,0.0
"(15,1)",0.9,0.02,2,0.58,0.38,0.04,0.0,0.0,0.0
"(15,1)",0.9,0.02,3,0.56,0.34,0.1,0.0,0.0,0.0
"(15,1)",0.9,0.02,4,0.5,0.39,0.09,0.02,0.0,0.0
"(15,1)",0.9,0.02,5,0.43,0.42,0.13,0.01,0.01,0.0
"(15,1)",0.9,0.02,6,0.39,0.42,0.16,0.01,0.02,0.0
"(15,1)",0.9,0.02,7,0.38,0.42,0.16,0.02,0.02,0.0
"(15,1)",0.9,0.02,8,0.32,0.42,0.19,0.04,0.03,0.0
"(15,1)",0.9,0.02,9,0.27,0.42,0.23,0.05,0.02,0.01
"(15,1)",0.9,0.02,10,0.23,0.4,0.28,0.05,0.02,0.02
"(15,1)",0.9,0.02,11,0.21,0.38,0.26,0.11,0.02,0.02
"(15,1)",0.9,0.02,12,0.17,0.35,0.27,0.15,0.04,0.02
"(15,1)",0.9,0.02,13,0.16,0.35,0.22,0.18,0.05,0.04
"(15,1)",0.9,0.02,14,0.15,0.29,0.26,0.18,0.08,0.04
"(15,1)",0.9,0.02,15,0.15,0.27,0.25,0.21,0.06,0.06
"(15,1)",0.9,0.02,16,0.13,0.21,0.25,0.24,0.09,0.08
"(15,1)",0.9,0.02,17,0.11,0.19,0.25,0.24,0.12,0.09
"(15,1)",0.9,0.02,18,0.11,0.17,0.24,0.22,0.16,0.1
"(15,1)",0.9,0.02,19,0.09,0.17,0.21,0.19,0.21,0.13
"(15,1)",0.9,0.02,20,0.07,0.16,0.19,0.22,0.17,0.19
"(15,1)",0.9,0.02,21,0.04,0.14,0.22,0.19,0.19,0.22
"(15,1)",0.9,0.02,22,0.03,0.1,0.24,0.19,0.2,0.24
"(15,1)",0.9,0.02,23,0.02,0.1,0.16,0.26,0.16,0.3
"(15,1)",0.9,0.02,24,0.02,0.08,0.17,0.19,0.21,0.33
"(15,1)",0.9,0.02,25,0.02,0.06,0.14,0.17,0.21,0.4
"(15,1)",0.9,0.02,26,0.01,0.06,0.15,0.12,0.22,0.44
"(15,1)",0.9,0.02,27,0.01,0.04,0.16,0.1,0.18,0.51
"(15,1)",0.9,0.02,28,0.01,0.03,0.14,0.08,0.2,0.54
"(15,1)",0.9,0.02,29,0.0,0.03,0.14,0.07,0.15,0.61
"(15,1)",0.9,0.02,30,0.0,0.03,0.12,0.07,0.13,0.65
"(15,1)",0.9,0.02,31,0.0,0.03,0.11,0.07,0.12,0.67
"(15,1)",0.9,0.02,32,0.0,0.01,0.1,0.09,0.06,0.74
"(15,1)",0.9,0.02,33,0.0,0.01,0.08,0.09,0.04,0.78
"(15,1)",0.9,0.02,34,0.0,0.01,0.04,0.09,0.08,0.78
"(15,1)",0.9,0.02,35,0.0,0.01,0.03,0.08,0.08,0.8
"(15,1)",0.9,0.02,36,0.0,0.01,0.02,0.06,0.09,0.82
"(15,1)",0.9,0.02,37,0.0,0.01,0.01,0.05,0.09,0.84
"(15,1)",0.9,0.02,38,0.0,0.01,0.01,0.04,0.07,0.87
"(15,1)",0.9,0.02,39,0.0,0.01,0.0,0.04,0.06,0.89
"(15,1)",0.9,0.02,40,0.0,0.01,0.0,0.04,0.04,0.91
"(15,1)",0.9,0.02,41,0.0,0.01,0.0,0.03,0.05,0.91
"(15,1)",0.9,0.02,42,0.0,0.0,0.01,0.03,0.03,0.93
"(15,1)",0.9,0.02,43,0.0,0.0,0.01,0.01,0.03,0.95
"(15,1)",0.9,0.02,44,0.0,0.0,0.0,0.02,0.03,0.95
"(15,1)",0.9,0.02,45,0.0,0.0,0.0,0.02,0.01,0.97
"(15,1)",0.9,0.02,46,0.0,0.0,0.0,0.01,0.02,0.97
"(15,1)",0.9,0.02,47,0.0,0.0,0.0,0.0,0.02,0.98
"(15,1)",0.9,0.02,48,0.0,0.0,0.0,0.0,0.02,0.98
"(15,1)",0.9,0.02,49,0.0,0.0,0.0,0.0,0.02,0.98
"(15,1)",0.9,0.02,50,0.0,0.0,0.0,0.0,0.01,0.99
"(15,1)",0.9,0.02,51,0.0,0.0,0.0,0.0,0.01,0.99
"(15,1)",0.9,0.02,52,0.0,0.0,0.0,0.0,0.01,0.99
"(15,1)",0.9,0.02,53,0.0,0.0,0.0,0.0,0.01,0.99
"(15,1)",0.9,0.02,54,0.0,0.0,0.0,0.0,0.0,1.0
"(15,1)",0.9,0.02,55,0.0,0.0,0.0,0.0,0.0,1.0
"(15,1)",0.9,0.02,56,0.0,0.0,0.0,0.0,0.0,1.0
"(15,1)",0.9,0.02,57,0.0,0.0,0.0,0.0,0.0,1.0
"(15,1)",0.9,0.02,58,0.0,0.0,0.0,0.0,0.0,1.0
"(15,1)",0.9,0.02,59,0.0,0.0,0.0,0.0,0.0,1.0
"(15,1)",0.9,0.02,60,0.0,0.0,0.0,0.0,0.0,1.0
"(15,1)",0.9,0.02,61,0.0,0.0,0.0,0.0,0.0,1.0
"(15,1)",0.9,0.02,62,0.0,0.0,0.0,0.0,0.0,1.0
"(15,1)",0.9,0.02,63,0.0,0.0,0.0,0.0,0.0,1.0
"(15,1)",0.9,0.02,64,0.0,0.0,0.0,0.0,0.0,1.0
"(15,1)",0.9,0.02,65,0.0,0.0,0.0,0.0,0.0,1.0
"(15,1)",0.9,0.02,66,0.0,0.0,0.0,0.0,0.0,1.0
"(15,1)",0.9,0.02,67,0.0,0.0,0.0,0.0,0.0,1.0
"(15,1)",0.9,0.02,68,0.0,0.0,0.0,0.0,0.0,1.0
"(15,1)",0.9,0.02,69,0.0,0.0,0.0,0.0,0.0,1.0
"(15,1)",0.9,0.02,70,0.0,0.0,0.0,0.0,0.0,1.0
"(19,1)",0.1,0.02,1,1.0,0.0,0.0,0.0,0.0,0.0
"(19,1)",0.1,0.02,2,0.95,0.05,0.0,0.0,0.0,0.0
"(19,1)",0.1,0.02,3,0.83,0.14,0.03,0.0,0.0,0.0
"(19,1)",0.1,0.02,4,0.48,0.46,0.05,0.01,0.0,0.0
"(19,1)",0.1,0.02,5,0.22,0.51,0.23,0.04,0.0,0.0
"(19,1)",0.1,0.02,6,0.18,0.41,0.21,0.19,0.01,0.0
"(19,1)",0.1,0.02,7,0.09,0.33,0.24,0.25,0.08,0.01
"(19,1)",0.1,0.02,8,0.08,0.23,0.17,0.33,0.11,0.08
"(19,1)",0.1,0.02,9,0.06,0.18,0.13,0.25,0.19,0.19
"(19,1)",0.1,0.02,10,0.04,0.12,0.14,0.15,0.23,0.32
"(19,1)",0.1,0.02,11,0.03,0.08,0.06,0.19,0.21,0.43
"(19,1)",0.1,0.02,12,0.02,0.07,0.05,0.09,0.21,0.56
"(19,1)",0.1,0.02,13,0.02,0.05,0.02,0.12,0.09,0.7
"(19,1)",0.1,0.02,14,0.02,0.02,0.04,0.1,0.08,0.74
"(19,1)",0.1,0.02,15,0.01,0.03,0.0,0.11,0.06,0.79
"(19,1)",0.1,0.02,16,0.01,0.01,0.02,0.08,0.04,0.84
"(19,1)",0.1,0.02,17,0.01,0.0,0.02,0.08,0.02,0.87
"(19,1)",0.1,0.02,18,0.01,0.0,0.01,0.08,0.01,0.89
"(19,1)",0.1,0.02,19,0.0,0.01,0.0,0.08,0.02,0.89
"(19,1)",0.1,0.02,20,0.0,0.01,0.0,0.07,0.01,0.91
"(19,1)",0.1,0.02,21,0.0,0.01,0.0,0.06,0.02,0.91
"(19,1)",0.1,0.02,22,0.0,0.01,0.0,0.06,0.01,0.92
"(19,1)",0.1,0.02,23,0.0,0.01,0.0,0.06,0.01,0.92
"(19,1)",0.1,0.02,24,0.0,0.01,0.0,0.06,0.0,0.93
"(19,1)",0.1,0.02,25,0.0,0.01,0.0,0.06,0.0,0.93
"(19,1)",0.1,0.02,26,0.0,0.0,0.01,0.06,0.0,0.93
"(19,1)",0.1,0.02,27,0.0,0.0,0.0,0.07,0.0,0.93
"(19,1)",0.1,0.02,28,0.0,0.0,0.0,0.06,0.01,0.93
"(19,1)",0.1,0.02,29,0.0,0.0,0.0,0.06,0.0,0.94
"(19,1)",0.1,0.02,30,0.0,0.0,0.0,0.06,0.0,0.94
"(19,1)",0.1,0.02,31,0.0,0.0,0.0,0.06,0.0,0.94
"(19,1)",0.1,0.02,32,0.0,0.0,0.0,0.06,0.0,0.94
"(19,1)",0.1,0.02,33,0.0,0.0,0.0,0.06,0.0,0.94
"(19,1)",0.1,0.02,34,0.0,0.0,0.0,0.06,0.0,0.94
"(19,1)",0.1,0.02,35,0.0,0.0,0.0,0.06,0.0,0.94
"(19,1)",0.1,0.02,36,0.0,0.0,0.0,0.06,0.0,0.94
"(19,1)",0.1,0.02,37,0.0,0.0,0.0,0.06,0.0,0.94
"(19,1)",0.1,0.02,38,0.0,0.0,0.0,0.06,0.0,0.94
"(19,1)",0.1,0.02,39,0.0,0.0,0.0,0.06,0.0,0.94
"(19,1)",0.1,0.02,40,0.0,0.0,0.0,0.06,0.0,0.94
"(19,1)",0.1,0.02,41,0.0,0.0,0.0,0.06,0.0,0.94
"(19,1)",0.1,0.02,42,0.0,0.0,0.0,0.06,0.0,0.94
"(19,1)",0.1,0.02,43,0.0,0.0,0.0,0.06,0.0,0.94
"(19,1)",0.1,0.02,44,0.0,0.0,0.0,0.06,0.0,0.94
"(19,1)",0.1,0.02,45,0.0,0.0,0.0,0.06,0.0,0.94
"(19,1)",0.1,0.02,46,0.0,0.0,0.0,0.06,0.0,0.94
"(19,1)",0.1,0.02,47,0.0,0.0,0.0,0.06,0.0,0.94
"(19,1)",0.1,0.02,48,0.0,0.0,0.0,0.06,0.0,0.94
"(19,1)",0.1,0.02,49,0.0,0.0,0.0,0.06,0.0,0.94
"(19,1)",0.1,0.02,50,0.0,0.0,0.0,0.06,0.0,0.94
"(19,1)",0.1,0.02,51,0.0,0.0,0.0,0.06,0.0,0.94
"(19,1)",0.1,0.02,52,0.0,0.0,0.0,0.06,0.0,0.94
"(19,1)",0.1,0.02,53,0.0,0.0,0.0,0.06,0.0,0.94
"(19,1)",0.1,0.02,54,0.0,0.0,0.0,0.06,0.0,0.94
"(19,1)",0.1,0.02,55,0.0,0.0,0.0,0.06,0.0,0.94
"(19,1)",0.1,0.02,56,0.0,0.0,0.0,0.06,0.0,0.94
"(19,1)",0.1,0.02,57,0.0,0.0,0.0,0.06,0.0,0.94
"(19,1)",0.1,0.02,58,0.0,0.0,0.0,0.06,0.0,0.94
"(19,1)",0.1,0.02,59,0.0,0.0,0.0,0.06,0.0,0.94
"(19,1)",0.1,0.02,60,0.0,0.0,0.0,0.06,0.0,0.94
"(19,1)",0.1,0.02,61,0.0,0.0,0.0,0.06,0.0,0.94
"(19,1)",0.1,0.02,62,0.0,0.0,0.0,0.06,0.0,0.94
"(19,1)",0.1,0.02,63,0.0,0.0,0.0,0.06,0.0,0.94
"(19,1)",0.1,0.02,64,0.0,0.0,0.0,0.06,0.0,0.94
"(19,1)",0.1,0.02,65,0.0,0.0,0.0,0.06,0.0,0.94
"(19,1)",0.1,0.02,66,0.0,0.0,0.0,0.06,0.0,0.94
"(19,1)",0.1,0.02,67,0.0,0.0,0.0,0.06,0.0,0.94
"(19,1)",0.1,0.02,68,0.0,0.0,0.0,0.06,0.0,0.94
"(19,1)",0.1,0.02,69,0.0,0.0,0.0,0.06,0.0,0.94
"(19,1)",0.1,0.02,70,0.0,0.0,0.0,0.06,0.0,0.94
"(19,1)",0.2,0.02,1,0.97,0.03,0.0,0.0,0.0,0.0
"(19,1)",0.2,0.02,2,0.86,0.14,0.0,0.0,0.0,0.0
"(19,1)",0.2,0.02,3,0.68,0.27,0.05,0.0,0.0,0.0
"(19,1)",0.2,0.02,4,0.48,0.38,0.13,0.01,0.0,0.0
"(19,1)",0.2,0.02,5,0.29,0.45,0.2,0.06,0.0,0.0
"(19,1)",0.2,0.02,6,0.22,0.35,0.3,0.12,0.01,0.0
"(19,1)",0.2,0.02,7,0.17,0.26,0.3,0.23,0.04,0.0
"(19,1)",0.2,0.02,8,0.17,0.21,0.21,0.29,0.12,0.0
"(19,1)",0.2,0.02,9,0.13,0.15,0.22,0.3,0.15,0.05
"(19,1)",0.2,0.02,10,0.13,0.12,0.18,0.25,0.21,0.11
"(19,1)",0.2,0.02,11,0.09,0.12,0.12,0.24,0.27,0.16
"(19,1)",0.2,0.02,12,0.07,0.12,0.09,0.24,0.23,0.25
"(19,1)",0.2,0.02,13,0.06,0.11,0.1,0.18,0.23,0.32
"(19,1)",0.2,0.02,14,0.05,0.09,0.09,0.18,0.2,0.39
"(19,1)",0.2,0.02,15,0.05,0.06,0.09,0.16,0.16,0.48
"(19,1)",0.2,0.02,16,0.03,0.07,0.09,0.14,0.1,0.57
"(19,1)",0.2,0.02,17,0.03,0.04,0.1,0.13,0.07,0.63
"(19,1)",0.2,0.02,18,0.02,0.05,0.03,0.17,0.07,0.66
"(19,1)",0.2,0.02,19,0.02,0.05,0.01,0.13,0.09,0.7
"(19,1)",0.2,0.02,20,0.02,0.03,0.03,0.11,0.05,0.76
"(19,1)",0.2,0.02,21,0.0,0.05,0.01,0.1,0.06,0.78
"(19,1)",0.2,0.02,22,0.0,0.05,0.01,0.08,0.04,0.82
"(19,1)",0.2,0.02,23,0.0,0.03,0.03,0.06,0.04,0.84
"(19,1)",0.2,0.02,24,0.0,0.02,0.02,0.06,0.05,0.85
"(19,1)",0.2,0.02,25,0.0,0.02,0.01,0.06,0.05,0.86
"(19,1)",0.2,0.02,26,0.0,0.02,0.01,0.03,0.07,0.87
"(19,1)",0.2,0.02,27,0.0,0.0,0.02,0.03,0.04,0.91
"(19,1)",0.2,0.02,28,0.0,0.0,0.02,0.02,0.03,0.93
"(19,1)",0.2,0.02,29,0.0,0.0,0.01,0.03,0.02,0.94
"(19,1)",0.2,0.02,30,0.0,0.0,0.0,0.03,0.01,0.96
"(19,1)",0.2,0.02,31,0.0,0.0,0.0,0.02,0.01,0.97
"(19,1)",0.2,0.02,32,0.0,0.0,0.0,0.02,0.0,0.98
"(19,1)",0.2,0.02,33,0.0,0.0,0.0,0.02,0.0,0.98
"(19,1)",0.2,0.02,34,0.0,0.0,0.0,0.02,0.0,0.98
"(19,1)",0.2,0.02,35,0.0,0.0,0.0,0.02,0.0,0.98
"(19,1)",0.2,0.02,36,0.0,0.0,0.0,0.02,0.0,0.98
"(19,1)",0.2,0.02,37,0.0,0.0,0.0,0.02,0.0,0.98
"(19,1)",0.2,0.02,38,0.0,0.0,0.0,0.02,0.0,0.98
"(19,1)",0.2,0.02,39,0.0,0.0,0.0,0.02,0.0,0.98
"(19,1)",0.2,0.02,40,0.0,0.0,0.0,0.02,0.0,0.98
"(19,1)",0.2,0.02,41,0.0,0.0,0.0,0.02,0.0,0.98
"(19,1)",0.2,0.02,42,0.0,0.0,0.0,0.02,0.0,0.98
"(19,1)",0.2,0.02,43,0.0,0.0,0.0,0.02,0.0,0.98
"(19,1)",0.2,0.02,44,0.0,0.0,0.0,0.02,0.0,0.98
"(19,1)",0.2,0.02,45,0.0,0.0,0.0,0.02,0.0,0.98
"(19,1)",0.2,0.02,46,0.0,0.0,0.0,0.02,0.0,0.98
"(19,1)",0.2,0.02,47,0.0,0.0,0.0,0.02,0.0,0.98
"(19,1)",0.2,0.02,48,0.0,0.0,0.0,0.02,0.0,0.98
"(19,1)",0.2,0.02,49,0.0,0.0,0.0,0.02,0.0,0.98
"(19,1)",0.2,0.02,50,0.0,0.0,0.0,0.02,0.0,0.98
"(19,1)",0.2,0.02,51,0.0,0.0,0.0,0.02,0.0,0.98
"(19,1)",0.2,0.02,52,0.0,0.0,0.0,0.02,0.0,0.98
"(19,1)",0.2,0.02,53,0.0,0.0,0.0,0.02,0.0,0.98
"(19,1)",0.2,0.02,54,0.0,0.0,0.0,0.02,0.0,0.98
"(19,1)",0.2,0.02,55,0.0,0.0,0.0,0.02,0.0,0.98
"(19,1)",0.2,0.02,56,0.0,0.0,0.0,0.02,0.0,0.98
"(19,1)",0.2,0.02,57,0.0,0.0,0.0,0.02,0.0,0.98
"(19,1)",0.2,0.02,58,0.0,0.0,0.0,0.02,0.0,0.98
"(19,1)",0.2,0.02,59,0.0,0.0,0.0,0.02,0.0,0.98
"(19,1)",0.2,0.02,60,0.0,0.0,0.0,0.02,0.0,0.98
"(19,1)",0.2,0.02,61,0.0,0.0,0.0,0.02,0.0,0.98
"(19,1)",0.2,0.02,62,0.0,0.0,0.0,0.02,0.0,0.98
"(19,1)",0.2,0.02,63,0.0,0.0,0.0,0.02,0.0,0.98
"(19,1)",0.2,0.02,64,0.0,0.0,0.0,0.02,0.0,0.98
"(19,1)",0.2,0.02,65,0.0,0.0,0.0,0.02,0.0,0.98
"(19,1)",0.2,0.02,66,0.0,0.0,0.0,0.02,0.0,0.98
"(19,1)",0.2,0.02,67,0.0,0.0,0.0,0.02,0.0,0.98
"(19,1)",0.2,0.02,68,0.0,0.0,0.0,0.02,0.0,0.98
"(19,1)",0.2,0.02,69,0.0,0.0,0.0,0.02,0.0,0.98
"(19,1)",0.2,0.02,70,0.0,0.0,0.0,0.02,0.0,0.98
"(19,1)",0.3,0.02,1,0.94,0.06,0.0,0.0,0.0,0.0
"(19,1)",0.3,0.02,2,0.57,0.43,0.0,0.0,0.0,0.0
"(19,1)",0.3,0.02,3,0.41,0.45,0.14,0.0,0.0,0.0
"(19,1)",0.3,0.02,4,0.24,0.51,0.19,0.06,0.0,0.0
"(19,1)",0.3,0.02,5,0.2,0.43,0.26,0.11,0.0,0.0
"(19,1)",0.3,0.02,6,0.15,0.32,0.32,0.2,0.01,0.0
"(19,1)",0.3,0.02,7,0.11,0.27,0.3,0.29,0.02,0.01
"(19,1)",0.3,0.02,8,0.1,0.2,0.27,0.34,0.08,0.01
"(19,1)",0.3,0.02,9,0.05,0.2,0.24,0.38,0.11,0.02
"(19,1)",0.3,0.02,10,0.03,0.2,0.21,0.37,0.16,0.03
"(19,1)",0.3,0.02,11,0.03,0.18,0.18,0.37,0.17,0.07
"(19,1)",0.3,0.02,12,0.03,0.12,0.19,0.34,0.21,0.11
"(19,1)",0.3,0.02,13,0.03,0.12,0.13,0.29,0.3,0.13
"(19,1)",0.3,0.02,14,0.02,0.07,0.15,0.29,0.31,0.16
"(19,1)",0.3,0.02,15,0.02,0.06,0.13,0.27,0.27,0.25
"(19,1)",0.3,0.02,16,0.01,0.05,0.11,0.22,0.34,0.27
"(19,1)",0.3,0.02,17,0.01,0.04,0.08,0.2,0.31,0.36
"(19,1)",0.3,0.02,18,0.01,0.03,0.05,0.24,0.22,0.45
"(19,1)",0.3,0.02,19,0.0,0.03,0.04,0.18,0.23,0.52
"(19,1)",0.3,0.02,20,0.0,0.02,0.03,0.14,0.19,0.62
"(19,1)",0.3,0.02,21,0.0,0.0,0.03,0.13,0.14,0.7
"(19,1)",0.3,0.02,22,0.0,0.0,0.02,0.12,0.12,0.74
"(19,1)",0.3,0.02,23,0.0,0.0,0.01,0.09,0.12,0.78
"(19,1)",0.3,0.02,24,0.0,0.0,0.0,0.09,0.07,0.84
"(19,1)",0.3,0.02,25,0.0,0.0,0.0,0.08,0.07,0.85
"(19,1)",0.3,0.02,26,0.0,0.0,0.0,0.07,0.06,0.87
"(19,1)",0.3,0.02,27,0.0,0.0,0.0,0.07,0.04,0.89
"(19,1)",0.3,0.02,28,0.0,0.0,0.0,0.04,0.03,0.93
"(19,1)",0.3,0.02,29,0.0,0.0,0.0,0.03,0.02,0.95
"(19,1)",0.3,0.02,30,0.0,0.0,0.0,0.03,0.01,0.96
"(19,1)",0.3,0.02,31,0.0,0.0,0.0,0.03,0.01,0.96
"(19,1)",0.3,0.02,32,0.0,0.0,0.0,0.03,0.01,0.96
"(19,1)",0.3,0.02,33,0.0,0.0,0.0,0.03,0.0,0.97
"(19,1)",0.3,0.02,34,0.0,0.0,0.0,0.03,0.0,0.97
"(19,1)",0.3,0.02,35,0.0,0.0,0.0,0.03,0.0,0.97
"(19,1)",0.3,0.02,36,0.0,0.0,0.0,0.03,0.0,0.97
"(19,1)",0.3,0.02,37,0.0,0.0,0.0,0.03,0.0,0.97
"(19,1)",0.3,0.02,38,0.0,0.0,0.0,0.03,0.0,0.97
"(19,1)",0.3,0.02,39,0.0,0.0,0.0,0.03,0.0,0.97
"(19,1)",0.3,0.02,40,0.0,0.0,0.0,0.03,0.0,0.97
"(19,1)",0.3,0.02,41,0.0,0.0,0.0,0.03,0.0,0.97
"(19,1)",0.3,0.02,42,0.0,0.0,0.0,0.03,0.0,0.97
"(19,1)",0.3,0.02,43,0.0,0.0,0.0,0.03,0.0,0.97
"(19,1)",0.3,0.02,44,0.0,0.0,0.0,0.03,0.0,0.97
"(19,1)",0.3,0.02,45,0.0,0.0,0.0,0.03,0.0,0.97
"(19,1)",0.3,0.02,46,0.0,0.0,0.0,0.03,0.0,0.97
"(19,1)",0.3,0.02,47,0.0,0.0,0.0,0.03,0.0,0.97
"(19,1)",0.3,0.02,48,0.0,0.0,0.0,0.03,0.0,0.97
"(19,1)",0.3,0.02,49,0.0,0.0,0.0,0.03,0.0,0.97
"(19,1)",0.3,0.02,50,0.0,0.0,0.0,0.03,0.0,0.97
"(19,1)",0.3,0.02,51,0.0,0.0,0.0,0.03,0.0,0.97
"(19,1)",0.3,0.02,52,0.0,0.0,0.0,0.03,0.0,0.97
"(19,1)",0.3,0.02,53,0.0,0.0,0.0,0.03,0.0,0.97
"(19,1)",0.3,0.02,54,0.0,0.0,0.0,0.03,0.0,0.97
"(19,1)",0.3,0.02,55,0.0,0.0,0.0,0.03,0.0,0.97
"(19,1)",0.3,0.02,56,0.0,0.0,0.0,0.03,0.0,0.97
"(19,1)",0.3,0.02,57,0.0,0.0,0.0,0.03,0.0,0.97
"(19,1)",0.3,0.02,58,0.0,0.0,0.0,0.03,0.0,0.97
"(19,1)",0.3,0.02,59,0.0,0.0,0.0,0.03,0.0,0.97
"(19,1)",0.3,0.02,60,0.0,0.0,0.0,0.03,0.0,0.97
"(19,1)",0.3,0.02,61,0.0,0.0,0.0,0.03,0.0,0.97
"(19,1)",0.3,0.02,62,0.0,0.0,0.0,0.03,0.0,0.97
"(19,1)",0.3,0.02,63,0.0,0.0,0.0,0.03,0.0,0.97
"(19,1)",0.3,0.02,64,0.0,0.0,0.0,0.03,0.0,0.97
"(19,1)",0.3,0.02,65,0.0,0.0,0.0,0.03,0.0,0.97
"(19,1)",0.3,0.02,66,0.0,0.0,0.0,0.03,0.0,0.97
"(19,1)",0.3,0.02,67,0.0,0.0,0.0,0.03,0.0,0.97
"(19,1)",0.3,0.02,68,0.0,0.0,0.0,0.03,0.0,0.97
"(19,1)",0.3,0.02,69,0.0,0.0,0.0,0.03,0.0,0.97
"(19,1)",0.3,0.02,70,0.0,0.0,0.0,0.03,0.0,0.97
"(19,1)",0.4,0.02,1,0.88,0.12,0.0,0.0,0.0,0.0
"(19,1)",0.4,0.02,2,0.45,0.55,0.0,0.0,0.0,0.0
"(19,1)",0.4,0.02,3,0.32,0.46,0.22,0.0,0.0,0.0
"(19,1)",0.4,0.02,4,0.26,0.35,0.34,0.05,0.0,0.0
"(19,1)",0.4,0.02,5,0.22,0.32,0.35,0.09,0.02,0.0
"(19,1)",0.4,0.02,6,0.16,0.33,0.35,0.13,0.03,0.0
"(19,1)",0.4,0.02,7,0.12,0.35,0.28,0.19,0.05,0.01
"(19,1)",0.4,0.02,8,0.12,0.28,0.28,0.24,0.05,0.03
"(19,1)",0.4,0.02,9,0.11,0.22,0.29,0.27,0.07,0.04
"(19,1)",0.4,0.02,10,0.08,0.23,0.23,0.29,0.12,0.05
"(19,1)",0.4,0.02,11,0.08,0.19,0.24,0.25,0.18,0.06
"(19,1)",0.4,0.02,12,0.07,0.19,0.22,0.26,0.18,0.08
"(19,1)",0.4,0.02,13,0.06,0.14,0.24,0.24,0.21,0.11
"(19,1)",0.4,0.02,14,0.06,0.12,0.25,0.18,0.27,0.12
"(19,1)",0.4,0.02,15,0.04,0.1,0.24,0.2,0.23,0.19
"(19,1)",0.4,0.02,16,0.02,0.11,0.21,0.21,0.22,0.23
"(19,1)",0.4,0.02,17,0.02,0.08,0.22,0.15,0.2,0.33
"(19,1)",0.4,0.02,18,0.02,0.05,0.22,0.16,0.17,0.38
"(19,1)",0.4,0.02,19,0.01,0.04,0.21,0.17,0.14,0.43
"(19,1)",0.4,0.02,20,0.01,0.02,0.16,0.2,0.14,0.47
"(19,1)",0.4,0.02,21,0.01,0.02,0.14,0.18,0.15,0.5
"(19,1)",0.4,0.02,22,0.01,0.02,0.12,0.15,0.18,0.52
"(19,1)",0.4,0.02,23,0.0,0.03,0.1,0.15,0.16,0.56
"(19,1)",0.4,0.02,24,0.0,0.03,0.07,0.17,0.13,0.6
"(19,1)",0.4,0.02,25,0.0,0.01,0.07,0.15,0.12,0.65
"(19,1)",0.4,0.02,26,0.0,0.01,0.03,0.16,0.11,0.69
"(19,1)",0.4,0.02,27,0.0,0.01,0.03,0.13,0.11,0.72
"(19,1)",0.4,0.02,28,0.0,0.01,0.03,0.07,0.12,0.77
"(19,1)",0.4,0.02,29,0.0,0.0,0.03,0.07,0.1,0.8
"(19,1)",0.4,0.02,30,0.0,0.0,0.01,0.05,0.12,0.82
"(19,1)",0.4,0.02,31,0.0,0.0,0.01,0.05,0.08,0.86
"(19,1)",0.4,0.02,32,0.0,0.0,0.0,0.04,0.05,0.91
"(19,1)",0.4,0.02,33,0.0,0.0,0.0,0.03,0.03,0.94
"(19,1)",0.4,0.02,34,0.0,0.0,0.0,0.01,0.04,0.95
"(19,1)",0.4,0.02,35,0.0,0.0,0.0,0.01,0.03,0.96
"(19,1)",0.4,0.02,36,0.0,0.0,0.0,0.01,0.02,0.97
"(19,1)",0.4,0.02,37,0.0,0.0,0.0,0.01,0.02,0.97
"(19,1)",0.4,0.02,38,0.0,0.0,0.0,0.01,0.01,0.98
"(19,1)",0.4,0.02,39,0.0,0.0,0.0,0.01,0.0,0.99
"(19,1)",0.4,0.02,40,0.0,0.0,0.0,0.01,0.0,0.99
"(19,1)",0.4,0.02,41,0.0,0.0,0.0,0.01,0.0,0.99
"(19,1)",0.4,0.02,42,0.0,0.0,0.0,0.01,0.0,0.99
"(19,1)",0.4,0.02,43,0.0,0.0,0.0,0.01,0.0,0.99
"(19,1)",0.4,0.02,44,0.0,0.0,0.0,0.01,0.0,0.99
"(19,1)",0.4,0.02,45,0.0,0.0,0.0,0.01,0.0,0.99
"(19,1)",0.4,0.02,46,0.0,0.0,0.0,0.01,0.0,0.99
"(19,1)",0.4,0.02,47,0.0,0.0,0.0,0.01,0.0,0.99
"(19,1)",0.4,0.02,48,0.0,0.0,0.0,0.01,0.0,0.99
"(19,1)",0.4,0.02,49,0.0,0.0,0.0,0.01,0.0,0.99
"(19,1)",0.4,0.02,50,0.0,0.0,0.0,0.01,0.0,0.99
"(19,1)",0.4,0.02,51,0.0,0.0,0.0,0.01,0.0,0.99
"(19,1)",0.4,0.02,52,0.0,0.0,0.0,0.01,0.0,0.99
"(19,1)",0.4,0.02,53,0.0,0.0,0.0,0.01,0.0,0.99
"(19,1)",0.4,0.02,54,0.0,0.0,0.0,0.01,0.0,0.99
"(19,1)",0.4,0.02,55,0.0,0.0,0.0,0.01,0.0,0.99
"(19,1)",0.4,0.02,56,0.0,0.0,0.0,0.01,0.0,0.99
"(19,1)",0.4,0.02,57,0.0,0.0,0.0,0.01,0.0,0.99
"(19,1)",0.4,0.02,58,0.0,0.0,0.0,0.01,0.0,0.99
"(19,1)",0.4,0.02,59,0.0,0.0,0.0,0.01,0.0,0.99
"(19,1)",0.4,0.02,60,0.0,0.0,0.0,0.01,0.0,0.99
"(19,1)",0.4,0.02,61,0.0,0.0,0.0,0.01,0.0,0.99
"(19,1)",0.4,0.02,62,0.0,0.0,0.0,0.01,0.0,0.99
"(19,1)",0.4,0.02,63,0.0,0.0,0.0,0.01,0.0,0.99
"(19,1)",0.4,0.02,64,0.0,0.0,0.0,0.01,0.0,0.99
"(19,1)",0.4,0.02,65,0.0,0.0,0.0,0.01,0.0,0.99
"(19,1)",0.4,0.02,66,0.0,0.0,0.0,0.01,0.0,0.99
"(19,1)",0.4,0.02,67,0.0,0.0,0.0,0.01,0.0,0.99
"(19,1)",0.4,0.02,68,0.0,0.0,0.0,0.01,0.0,0.99
"(19,1)",0.4,0.02,69,0.0,0.0,0.0,0.01,0.0,0.99
"(19,1)",0.4,0.02,70,0.0,0.0,0.0,0.01,0.0,0.99
"(19,1)",0.5,0.02,1,0.7,0.3,0.0,0.0,0.0,0.0
"(19,1)",0.5,0.02,2,0.43,0.57,0.0,0.0,0.0,0.0
"(19,1)",0.5,0.02,3,0.37,0.39,0.24,0.0,0.0,0.0
"(19,1)",0.5,0.02,4,0.29,0.38,0.26,0.07,0.0,0.0
"(19,1)",0.5,0.02,5,0.24,0.37,0.26,0.13,0.0,0.0
"(19,1)",0.5,0.02,6,0.2,0.39,0.21,0.18,0.02,0.0
"(19,1)",0.5,0.02,7,0.15,0.39,0.23,0.2,0.02,0.01
"(19,1)",0.5,0.02,8,0.13,0.38,0.2,0.24,0.04,0.01
"(19,1)",0.5,0.02,9,0.13,0.34,0.21,0.24,0.04,0.04
"(19,1)",0.5,0.02,10,0.11,0.31,0.24,0.22,0.07,0.05
"(19,1)",0.5,0.02,11,0.1,0.27,0.27,0.19,0.12,0.05
"(19,1)",0.5,0.02,12,0.08,0.24,0.29,0.19,0.15,0.05
"(19,1)",0.5,0.02,13,0.06,0.22,0.28,0.19,0.17,0.08
"(19,1)",0.5,0.02,14,0.06,0.19,0.25,0.23,0.16,0.11
"(19,1)",0.5,0.02,15,0.06,0.17,0.23,0.25,0.1,0.19
"(19,1)",0.5,0.02,16,0.05,0.15,0.24,0.21,0.12,0.23
"(19,1)",0.5,0.02,17,0.04,0.12,0.2,0.21,0.17,0.26
"(19,1)",0.5,0.02,18,0.03,0.12,0.13,0.29,0.12,0.31
"(19,1)",0.5,0.02,19,0.03,0.11,0.1,0.3,0.14,0.32
"(19,1)",0.5,0.02,20,0.03,0.08,0.08,0.28,0.16,0.37
"(19,1)",0.5,0.02,21,0.01,0.09,0.08,0.22,0.2,0.4
"(19,1)",0.5,0.02,22,0.01,0.06,0.1,0.19,0.19,0.45
"(19,1)",0.5,0.02,23,0.01,0.05,0.08,0.18,0.16,0.52
"(19,1)",0.5,0.02,24,0.01,0.05,0.04,0.14,0.2,0.56
"(19,1)",0.5,0.02,25,0.01,0.04,0.03,0.11,0.19,0.62
"(19,1)",0.5,0.02,26,0.01,0.03,0.03,0.1,0.15,0.68
"(19,1)",0.5,0.02,27,0.01,0.03,0.03,0.08,0.13,0.72
"(19,1)",0.5,0.02,28,0.01,0.03,0.01,0.06,0.1,0.79
"(19,1)",0.5,0.02,29,0.0,0.04,0.01,0.04,0.08,0.83
"(19,1)",0.5,0.02,30,0.0,0.02,0.03,0.02,0.07,0.86
"(19,1)",0.5,0.02,31,0.0,0.01,0.03,0.03,0.05,0.88
"(19,1)",0.5,0.02,32,0.0,0.01,0.02,0.03,0.02,0.92
"(19,1)",0.5,0.02,33,0.0,0.0,0.01,0.04,0.03,0.92
"(19,1)",0.5,0.02,34,0.0,0.0,0.01,0.02,0.05,0.92
"(19,1)",0.5,0.02,35,0.0,0.0,0.0,0.01,0.05,0.94
"(19,1)",0.5,0.02,36,0.0,0.0,0.0,0.01,0.03,0.96
"(19,1)",0.5,0.02,37,0.0,0.0,0.0,0.01,0.03,0.96
"(19,1)",0.5,0.02,38,0.0,0.0,0.0,0.0,0.04,0.96
"(19,1)",0.5,0.02,39,0.0,0.0,0.0,0.0,0.03,0.97
"(19,1)",0.5,0.02,40,0.0,0.0,0.0,0.0,0.02,0.98
"(19,1)",0.5,0.02,41,0.0,0.0,0.0,0.0,0.0,1.0
"(19,1)",0.5,0.02,42,0.0,0.0,0.0,0.0,0.0,1.0
"(19,1)",0.5,0.02,43,0.0,0.0,0.0,0.0,0.0,1.0
"(19,1)",0.5,0.02,44,0.0,0.0,0.0,0.0,0.0,1.0
"(19,1)",0.5,0.02,45,0.0,0.0,0.0,0.0,0.0,1.0
"(19,1)",0.5,0.02,46,0.0,0.0,0.0,0.0,0.0,1.0
"(19,1)",0.5,0.02,47,0.0,0.0,0.0,0.0,0.0,1.0
"(19,1)",0.5,0.02,48,0.0,0.0,0.0,0.0,0.0,1.0
"(19,1)",0.5,0.02,49,0.0,0.0,0.0,0.0,0.0,1.0
"(19,1)",0.5,0.02,50,0.0,0.0,0.0,0.0,0.0,1.0
"(19,1)",0.5,0.02,51,0.0,0.0,0.0,0.0,0.0,1.0
"(19,1)",0.5,0.02,52,0.0,0.0,0.0,0.0,0.0,1.0
"(19,1)",0.5,0.02,53,0.0,0.0,0.0,0.0,0.0,1.0
"(19,1)",0.5,0.02,54,0.0,0.0,0.0,0.0,0.0,1.0
"(19,1)",0.5,0.02,55,0.0,0.0,0.0,0.0,0.0,1.0
"(19,1)",0.5,0.02,56,0.0,0.0,0.0,0.0,0.0,1.0
"(19,1)",0.5,0.02,57,0.0,0.0,0.0,0.0,0.0,1.0
"(19,1)",0.5,0.02,58,0.0,0.0,0.0,0.0,0.0,1.0
"(19,1)",0.5,0.02,59,0.0,0.0,0.0,0.0,0.0,1.0
"(19,1)",0.5,0.02,60,0.0,0.0,0.0,0.0,0.0,1.0
"(19,1)",0.5,0.02,61,0.0,0.0,0.0,0.0,0.0,1.0
"(19,1)",0.5,0.02,62,0.0,0.0,0.0,0.0,0.0,1.0
"(19,1)",0.5,0.02,63,0.0,0.0,0.0,0.0,0.0,1.0
"(19,1)",0.5,0.02,64,0.0,0.0,0.0,0.0,0.0,1.0
"(19,1)",0.5,0.02,65,0.0,0.0,0.0,0.0,0.0,1.0
"(19,1)",0.5,0.02,66,0.0,0.0,0.0,0.0,0.0,1.0
"(19,1)",0.5,0.02,67,0.0,0.0,0.0,0.0,0.0,1.0
"(19,1)",0.5,0.02,68,0.0,0.0,0.0,0.0,0.0,1.0
"(19,1)",0.5,0.02,69,0.0,0.0,0.0,0.0,0.0,1.0
"(19,1)",0.5,0.02,70,0.0,0.0,0.0,0.0,0.0,1.0
"(19,1)",0.6,0.02,1,0.54,0.46,0.0,0.0,0.0,0.0
"(19,1)",0.6,0.02,2,0.4,0.6,0.0,0.0,0.0,0.0
"(19,1)",0.6,0.02,3,0.35,0.5,0.15,0.0,0.0,0.0
"(19,1)",0.6,0.02,4,0.26,0.51,0.21,0.02,0.0,0.0
"(19,1)",0.6,0.02,5,0.22,0.42,0.29,0.07,0.0,0.0
"(19,1)",0.6,0.02,6,0.22,0.33,0.33,0.1,0.02,0.0
"(19,1)",0.6,0.02,7,0.2,0.27,0.36,0.14,0.03,0.0
"(19,1)",0.6,0.02,8,0.18,0.26,0.34,0.18,0.03,0.01
"(19,1)",0.6,0.02,9,0.18,0.22,0.31,0.21,0.07,0.01
"(19,1)",0.6,0.02,10,0.16,0.19,0.31,0.23,0.1,0.01
"(19,1)",0.6,0.02,11,0.14,0.19,0.31,0.22,0.1,0.04
"(19,1)",0.6,0.02,12,0.1,0.23,0.29,0.21,0.1,0.07
"(19,1)",0.6,0.02,13,0.1,0.17,0.28,0.24,0.13,0.08
"(19,1)",0.6,0.02,14,0.09,0.18,0.24,0.24,0.14,0.11
"(19,1)",0.6,0.02,15,0.09,0.15,0.24,0.24,0.13,0.15
"(19,1)",0.6,0.02,16,0.08,0.13,0.21,0.25,0.16,0.17
"(19,1)",0.6,0.02,17,0.06,0.11,0.19,0.31,0.13,0.2
"(19,1)",0.6,0.02,18,0.05,0.1,0.15,0.31,0.15,0.24
"(19,1)",0.6,0.02,19,0.05,0.07,0.17,0.26,0.16,0.29
"(19,1)",0.6,0.02,20,0.04,0.08,0.13,0.22,0.18,0.35
"(19,1)",0.6,0.02,21,0.02,0.09,0.1,0.19,0.21,0.39
"(19,1)",0.6,0.02,22,0.02,0.08,0.07,0.2,0.18,0.45
"(19,1)",0.6,0.02,23,0.02,0.07,0.08,0.17,0.14,0.52
"(19,1)",0.6,0.02,24,0.02,0.06,0.08,0.13,0.16,0.55
"(19,1)",0.6,0.02,25,0.01,0.05,0.08,0.11,0.15,0.6
"(19,1)",0.6,0.02,26,0.01,0.03,0.06,0.12,0.15,0.63
"(19,1)",0.6,0.02,27,0.0,0.03,0.06,0.08,0.16,0.67
"(19,1)",0.6,0.02,28,0.0,0.02,0.06,0.05,0.15,0.72
"(19,1)",0.6,0.02,29,0.0,0.02,0.06,0.04,0.11,0.77
"(19,1)",0.6,0.02,30,0.0,0.01,0.05,0.05,0.06,0.83
"(19,1)",0.6,0.02,31,0.0,0.01,0.04,0.04,0.07,0.84
"(19,1)",0.6,0.02,32,0.0,0.01,0.01,0.06,0.06,0.86
"(19,1)",0.6,0.02,33,0.0,0.0,0.02,0.03,0.08,0.87
"(19,1)",0.6,0.02,34,0.0,0.0,0.02,0.02,0.07,0.89
"(19,1)",0.6,0.02,35,0.0,0.0,0.0,0.03,0.08,0.89
"(19,1)",0.6,0.02,36,0.0,0.0,0.0,0.02,0.07,0.91
"(19,1)",0.6,0.02,37,0.0,0.0,0.0,0.0,0.06,0.94
"(19,1)",0.6,0.02,38,0.0,0.0,0.0,0.0,0.05,0.95
"(19,1)",0.6,0.02,39,0.0,0.0,0.0,0.0,0.04,0.96
"(19,1)",0.6,0.02,40,0.0,0.0,0.0,0.0,0.03,0.97
"(19,1)",0.6,0.02,41,0.0,0.0,0.0,0.0,0.03,0.97
"(19,1)",0.6,0.02,42,0.0,0.0,0.0,0.0,0.02,0.98
"(19,1)",0.6,0.02,43,0.0,0.0,0.0,0.0,0.02,0.98
"(19,1)",0.6,0.02,44,0.0,0.0,0.0,0.0,0.02,0.98
"(19,1)",0.6,0.02,45,0.0,0.0,0.0,0.0,0.01,0.99
"(19,1)",0.6,0.02,46,0.0,0.0,0.0,0.0,0.01,0.99
"(19,1)",0.6,0.02,47,0.0,0.0,0.0,0.0,0.01,0.99
"(19,1)",0.6,0.02,48,0.0,0.0,0.0,0.0,0.01,0.99
"(19,1)",0.6,0.02,49,0.0,0.0,0.0,0.0,0.01,0.99
"(19,1)",0.6,0.02,50,0.0,0.0,0.0,0.0,0.01,0.99
"(19,1)",0.6,0.02,51,0.0,0.0,0.0,0.0,0.01,0.99
"(19,1)",0.6,0.02,52,0.0,0.0,0.0,0.0,0.01,0.99
"(19,1)",0.6,0.02,53,0.0,0.0,0.0,0.0,0.01,0.99
"(19,1)",0.6,0.02,54,0.0,0.0,0.0,0.0,0.01,0.99
"(19,1)",0.6,0.02,55,0.0,0.0,0.0,0.0,0.01,0.99
"(19,1)",0.6,0.02,56,0.0,0.0,0.0,0.0,0.01,0.99
"(19,1)",0.6,0.02,57,0.0,0.0,0.0,0.0,0.01,0.99
"(19,1)",0.6,0.02,58,0.0,0.0,0.0,0.0,0.01,0.99
"(19,1)",0.6,0.02,59,0.0,0.0,0.0,0.0,0.01,0.99
"(19,1)",0.6,0.02,60,0.0,0.0,0.0,0.0,0.01,0.99
"(19,1)",0.6,0.02,61,0.0,0.0,0.0,0.0,0.01,0.99
"(19,1)",0.6,0.02,62,0.0,0.0,0.0,0.0,0.01,0.99
"(19,1)",0.6,0.02,63,0.0,0.0,0.0,0.0,0.01,0.99
"(19,1)",0.6,0.02,64,0.0,0.0,0.0,0.0,0.01,0.99
"(19,1)",0.6,0.02,65,0.0,0.0,0.0,0.0,0.01,0.99
"(19,1)",0.6,0.02,66,0.0,0.0,0.0,0.0,0.01,0.99
"(19,1)",0.6,0.02,67,0.0,0.0,0.0,0.0,0.01,0.99
"(19,1)",0.6,0.02,68,0.0,0.0,0.0,0.0,0.01,0.99
"(19,1)",0.6,0.02,69,0.0,0.0,0.0,0.0,0.01,0.99
"(19,1)",0.6,0.02,70,0.0,0.0,0.0,0.0,0.01,0.99
"(19,1)",0.7,0.02,1,0.43,0.57,0.0,0.0,0.0,0.0
"(19,1)",0.7,0.02,2,0.35,0.61,0.04,0.0,0.0,0.0
"(19,1)",0.7,0.02,3,0.26,0.59,0.13,0.02,0.0,0.0
"(19,1)",0.7,0.02,4,0.23,0.48,0.23,0.05,0.01,0.0
"(19,1)",0.7,0.02,5,0.21,0.44,0.26,0.07,0.02,0.0
"(19,1)",0.7,0.02,6,0.18,0.42,0.28,0.09,0.03,0.0
"(19,1)",0.7,0.02,7,0.16,0.38,0.32,0.11,0.01,0.02
"(19,1)",0.7,0.02,8,0.14,0.34,0.34,0.12,0.04,0.02
"(19,1)",0.7,0.02,9,0.14,0.3,0.28,0.2,0.05,0.03
"(19,1)",0.7,0.02,10,0.13,0.26,0.28,0.2,0.09,0.04
"(19,1)",0.7,0.02,11,0.12,0.23,0.27,0.2,0.12,0.06
"(19,1)",0.7,0.02,12,0.11,0.2,0.27,0.2,0.12,0.1
"(19,1)",0.7,0.02,13,0.1,0.18,0.28,0.2,0.13,0.11
"(19,1)",0.7,0.02,14,0.09,0.12,0.3,0.2,0.17,0.12
"(19,1)",0.7,0.02,15,0.07,0.13,0.25,0.24,0.15,0.16
"(19,1)",0.7,0.02,16,0.06,0.1,0.23,0.24,0.19,0.18
"(19,1)",0.7,0.02,17,0.05,0.1,0.21,0.2,0.21,0.23
"(19,1)",0.7,0.02,18,0.04,0.11,0.19,0.17,0.22,0.27
"(19,1)",0.7,0.02,19,0.04,0.1,0.16,0.19,0.2,0.31
"(19,1)",0.7,0.02,20,0.04,0.09,0.12,0.18,0.19,0.38
"(19,1)",0.7,0.02,21,0.03,0.07,0.14,0.17,0.13,0.46
"(19,1)",0.7,0.02,22,0.03,0.04,0.12,0.18,0.12,0.51
"(19,1)",0.7,0.02,23,0.03,0.04,0.09,0.17,0.13,0.54
"(19,1)",0.7,0.02,24,0.02,0.05,0.07,0.13,0.15,0.58
"(19,1)",0.7,0.02,25,0.02,0.04,0.06,0.09,0.18,0.61
"(19,1)",0.7,0.02,26,0.02,0.04,0.05,0.1,0.12,0.67
"(19,1)",0.7,0.02,27,0.02,0.04,0.03,0.08,0.11,0.72
"(19,1)",0.7,0.02,28,0.02,0.03,0.04,0.06,0.12,0.73
"(19,1)",0.7,0.02,29,0.02,0.03,0.03,0.05,0.11,0.76
"(19,1)",0.7,0.02,30,0.01,0.04,0.03,0.04,0.09,0.79
"(19,1)",0.7,0.02,31,0.01,0.04,0.01,0.05,0.08,0.81
"(19,1)",0.7,0.02,32,0.01,0.04,0.01,0.04,0.08,0.82
"(19,1)",0.7,0.02,33,0.01,0.03,0.02,0.03,0.05,0.86
"(19,1)",0.7,0.02,34,0.01,0.03,0.02,0.0,0.07,0.87
"(19,1)",0.7,0.02,35,0.01,0.02,0.03,0.0,0.04,0.9
"(19,1)",0.7,0.02,36,0.01,0.01,0.03,0.01,0.02,0.92
"(19,1)",0.7,0.02,37,0.01,0.01,0.03,0.0,0.03,0.92
"(19,1)",0.7,0.02,38,0.01,0.01,0.01,0.02,0.02,0.93
"(19,1)",0.7,0.02,39,0.01,0.01,0.01,0.01,0.01,0.95
"(19,1)",0.7,0.02,40,0.01,0.01,0.0,0.02,0.01,0.95
"(19,1)",0.7,0.02,41,0.01,0.01,0.0,0.02,0.01,0.95
"(19,1)",0.7,0.02,42,0.0,0.02,0.0,0.02,0.01,0.95
"(19,1)",0.7,0.02,43,0.0,0.01,0.01,0.0,0.02,0.96
"(19,1)",0.7,0.02,44,0.0,0.01,0.01,0.0,0.02,0.96
"(19,1)",0.7,0.02,45,0.0,0.0,0.02,0.0,0.01,0.97
"(19,1)",0.7,0.02,46,0.0,0.0,0.02,0.0,0.01,0.97
"(19,1)",0.7,0.02,47,0.0,0.0,0.01,0.01,0.01,0.97
"(19,1)",0.7,0.02,48,0.0,0.0,0.01,0.0,0.02,0.97
"(19,1)",0.7,0.02,49,0.0,0.0,0.0,0.01,0.02,0.97
"(19,1)",0.7,0.02,50,0.0,0.0,0.0,0.01,0.01,0.98
"(19,1)",0.7,0.02,51,0.0,0.0,0.0,0.0,0.01,0.99
"(19,1)",0.7,0.02,52,0.0,0.0,0.0,0.0,0.01,0.99
"(19,1)",0.7,0.02,53,0.0,0.0,0.0,0.0,0.01,0.99
"(19,1)",0.7,0.02,54,0.0,0.0,0.0,0.0,0.01,0.99
"(19,1)",0.7,0.02,55,0.0,0.0,0.0,0.0,0.01,0.99
"(19,1)",0.7,0.02,56,0.0,0.0,0.0,0.0,0.01,0.99
"(19,1)",0.7,0.02,57,0.0,0.0,0.0,0.0,0.0,1.0
"(19,1)",0.7,0.02,58,0.0,0.0,0.0,0.0,0.0,1.0
"(19,1)",0.7,0.02,59,0.0,0.0,0.0,0.0,0.0,1.0
"(19,1)",0.7,0.02,60,0.0,0.0,0.0,0.0,0.0,1.0
"(19,1)",0.7,0.02,61,0.0,0.0,0.0,0.0,0.0,1.0
"(19,1)",0.7,0.02,62,0.0,0.0,0.0,0.0,0.0,1.0
"(19,1)",0.7,0.02,63,0.0,0.0,0.0,0.0,0.0,1.0
"(19,1)",0.7,0.02,64,0.0,0.0,0.0,0.0,0.0,1.0
"(19,1)",0.7,0.02,65,0.0,0.0,0.0,0.0,0.0,1.0
"(19,1)",0.7,0.02,66,0.0,0.0,0.0,0.0,0.0,1.0
"(19,1)",0.7,0.02,67,0.0,0.0,0.0,0.0,0.0,1.0
"(19,1)",0.7,0.02,68,0.0,0.0,0.0,0.0,0.0,1.0
"(19,1)",0.7,0.02,69,0.0,0.0,0.0,0.0,0.0,1.0
"(19,1)",0.7,0.02,70,0.0,0.0,0.0,0.0,0.0,1.0
"(19,1)",0.8,0.02,1,0.56,0.44,0.0,0.0,0.0,0.0
"(19,1)",0.8,0.02,2,0.49,0.46,0.05,0.0,0.0,0.0
"(19,1)",0.8,0.02,3,0.41,0.48,0.11,0.0,0.0,0.0
"(19,1)",0.8,0.02,4,0.38,0.44,0.17,0.01,0.0,0.0
"(19,1)",0.8,0.02,5,0.34,0.41,0.23,0.02,0.0,0.0
"(19,1)",0.8,0.02,6,0.3,0.4,0.27,0.03,0.0,0.0
"(19,1)",0.8,0.02,7,0.26,0.4,0.27,0.06,0.01,0.0
"(19,1)",0.8,0.02,8,0.25,0.38,0.26,0.1,0.01,0.0
"(19,1)",0.8,0.02,9,0.25,0.32,0.28,0.12,0.03,0.0
"(19,1)",0.8,0.02,10,0.23,0.27,0.32,0.12,0.06,0.0
"(19,1)",0.8,0.02,11,0.22,0.25,0.3,0.17,0.06,0.0
"(19,1)",0.8,0.02,12,0.2,0.22,0.3,0.18,0.08,0.02
"(19,1)",0.8,0.02,13,0.17,0.25,0.28,0.19,0.06,0.05
"(19,1)",0.8,0.02,14,0.15,0.23,0.26,0.22,0.06,0.08
"(19,1)",0.8,0.02,15,0.13,0.24,0.21,0.24,0.08,0.1
"(19,1)",0.8,0.02,16,0.1,0.23,0.23,0.19,0.13,0.12
"(19,1)",0.8,0.02,17,0.07,0.25,0.17,0.24,0.13,0.14
"(19,1)",0.8,0.02,18,0.05,0.19,0.2,0.24,0.16,0.16
"(19,1)",0.8,0.02,19,0.04,0.18,0.17,0.22,0.21,0.18
"(19,1)",0.8,0.02,20,0.04,0.13,0.2,0.15,0.25,0.23
"(19,1)",0.8,0.02,21,0.04,0.12,0.17,0.18,0.2,0.29
"(19,1)",0.8,0.02,22,0.03,0.12,0.14,0.16,0.23,0.32
"(19,1)",0.8,0.02,23,0.03,0.11,0.13,0.15,0.2,0.38
"(19,1)",0.8,0.02,24,0.02,0.1,0.09,0.17,0.18,0.44
"(19,1)",0.8,0.02,25,0.02,0.08,0.1,0.14,0.15,0.51
"(19,1)",0.8,0.02,26,0.02,0.07,0.09,0.1,0.17,0.55
"(19,1)",0.8,0.02,27,0.01,0.08,0.06,0.1,0.16,0.59
"(19,1)",0.8,0.02,28,0.01,0.08,0.05,0.09,0.12,0.65
"(19,1)",0.8,0.02,29,0.01,0.03,0.1,0.08,0.08,0.7
"(19,1)",0.8,0.02,30,0.01,0.03,0.09,0.05,0.08,0.74
"(19,1)",0.8,0.02,31,0.01,0.02,0.1,0.02,0.1,0.75
"(19,1)",0.8,0.02,32,0.01,0.01,0.08,0.05,0.08,0.77
"(19,1)",0.8,0.02,33,0.01,0.0,0.08,0.06,0.05,0.8
"(19,1)",0.8,0.02,34,0.01,0.0,0.06,0.06,0.05,0.82
"(19,1)",0.8,0.02,35,0.01,0.0,0.04,0.07,0.06,0.82
"(19,1)",0.8,0.02,36,0.01,0.0,0.04,0.04,0.08,0.83
"(19,1)",0.8,0.02,37,0.0,0.01,0.03,0.03,0.07,0.86
"(19,1)",0.8,0.02,38,0.0,0.01,0.02,0.01,0.08,0.88
"(19,1)",0.8,0.02,39,0.0,0.0,0.01,0.03,0.07,0.89
"(19,1)",0.8,0.02,40,0.0,0.0,0.0,0.02,0.05,0.93
"(19,1)",0.8,0.02,41,0.0,0.0,0.0,0.02,0.05,0.93
"(19,1)",0.8,0.02,42,0.0,0.0,0.0,0.02,0.04,0.94
"(19,1)",0.8,0.02,43,0.0,0.0,0.0,0.01,0.04,0.95
"(19,1)",0.8,0.02,44,0.0,0.0,0.0,0.0,0.03,0.97
"(19,1)",0.8,0.02,45,0.0,0.0,0.0,0.0,0.02,0.98
"(19,1)",0.8,0.02,46,0.0,0.0,0.0,0.0,0.02,0.98
"(19,1)",0.8,0.02,47,0.0,0.0,0.0,0.0,0.01,0.99
"(19,1)",0.8,0.02,48,0.0,0.0,0.0,0.0,0.01,0.99
"(19,1)",0.8,0.02,49,0.0,0.0,0.0,0.0,0.01,0.99
"(19,1)",0.8,0.02,50,0.0,0.0,0.0,0.0,0.01,0.99
"(19,1)",0.8,0.02,51,0.0,0.0,0.0,0.0,0.01,0.99
"(19,1)",0.8,0.02,52,0.0,0.0,0.0,0.0,0.01,0.99
"(19,1)",0.8,0.02,53,0.0,0.0,0.0,0.0,0.01,0.99
"(19,1)",0.8,0.02,54,0.0,0.0,0.0,0.0,0.01,0.99
"(19,1)",0.8,0.02,55,0.0,0.0,0.0,0.0,0.01,0.99
"(19,1)",0.8,0.02,56,0.0,0.0,0.0,0.0,0.01,0.99
"(19,1)",0.8,0.02,57,0.0,0.0,0.0,0.0,0.01,0.99
"(19,1)",0.8,0.02,58,0.0,0.0,0.0,0.0,0.01,0.99
"(19,1)",0.8,0.02,59,0.0,0.0,0.0,0.0,0.01,0.99
"(19,1)",0.8,0.02,60,0.0,0.0,0.0,0.0,0.01,0.99
"(19,1)",0.8,0.02,61,0.0,0.0,0.0,0.0,0.01,0.99
"(19,1)",0.8,0.02,62,0.0,0.0,0.0,0.0,0.01,0.99
"(19,1)",0.8,0.02,63,0.0,0.0,0.0,0.0,0.01,0.99
"(19,1)",0.8,0.02,64,0.0,0.0,0.0,0.0,0.01,0.99
"(19,1)",0.8,0.02,65,0.0,0.0,0.0,0.0,0.01,0.99
"(19,1)",0.8,0.02,66,0.0,0.0,0.0,0.0,0.01,0.99
"(19,1)",0.8,0.02,67,0.0,0.0,0.0,0.0,0.01,0.99
"(19,1)",0.8,0.02,68,0.0,0.0,0.0,0.0,0.01,0.99
"(19,1)",0.8,0.02,69,0.0,0.0,0.0,0.0,0.01,0.99
"(19,1)",0.8,0.02,70,0.0,0.0,0.0,0.0,0.01,0.99
"(19,1)",0.9,0.02,1,0.78,0.22,0.0,0.0,0.0,0.0
"(19,1)",0.9,0.02,2,0.65,0.3,0.05,0.0,0.0,0.0
"(19,1)",0.9,0.02,3,0.55,0.36,0.09,0.0,0.0,0.0
"(19,1)",0.9,0.02,4,0.45,0.43,0.11,0.01,0.0,0.0
"(19,1)",0.9,0.02,5,0.4,0.43,0.16,0.0,0.01,0.0
"(19,1)",0.9,0.02,6,0.37,0.42,0.19,0.01,0.01,0.0
"(19,1)",0.9,0.02,7,0.35,0.41,0.19,0.04,0.01,0.0
"(19,1)",0.9,0.02,8,0.3,0.38,0.23,0.08,0.01,0.0
"(19,1)",0.9,0.02,9,0.29,0.36,0.26,0.07,0.02,0.0
"(19,1)",0.9,0.02,10,0.24,0.37,0.26,0.11,0.02,0.0
"(19,1)",0.9,0.02,11,0.23,0.37,0.23,0.15,0.01,0.01
"(19,1)",0.9,0.02,12,0.22,0.37,0.2,0.13,0.07,0.01
"(19,1)",0.9,0.02,13,0.2,0.31,0.28,0.11,0.07,0.03
"(19,1)",0.9,0.02,14,0.16,0.31,0.29,0.14,0.05,0.05
"(19,1)",0.9,0.02,15,0.15,0.27,0.32,0.13,0.08,0.05
"(19,1)",0.9,0.02,16,0.14,0.25,0.3,0.14,0.08,0.09
"(19,1)",0.9,0.02,17,0.1,0.28,0.25,0.15,0.1,0.12
"(19,1)",0.9,0.02,18,0.09,0.25,0.25,0.17,0.11,0.13
"(19,1)",0.9,0.02,19,0.08,0.23,0.24,0.16,0.14,0.15
"(19,1)",0.9,0.02,20,0.07,0.2,0.26,0.14,0.16,0.17
"(19,1)",0.9,0.02,21,0.07,0.17,0.24,0.15,0.17,0.2
"(19,1)",0.9,0.02,22,0.06,0.15,0.23,0.17,0.14,0.25
"(19,1)",0.9,0.02,23,0.05,0.11,0.22,0.19,0.17,0.26
"(19,1)",0.9,0.02,24,0.05,0.08,0.21,0.18,0.17,0.31
"(19,1)",0.9,0.02,25,0.04,0.07,0.22,0.11,0.18,0.38
"(19,1)",0.9,0.02,26,0.03,0.05,0.22,0.12,0.17,0.41
"(19,1)",0.9,0.02,27,0.03,0.04,0.18,0.13,0.17,0.45
"(19,1)",0.9,0.02,28,0.03,0.04,0.13,0.13,0.21,0.46
"(19,1)",0.9,0.02,29,0.03,0.04,0.11,0.12,0.18,0.52
"(19,1)",0.9,0.02,30,0.02,0.05,0.09,0.12,0.17,0.55
"(19,1)",0.9,0.02,31,0.02,0.05,0.07,0.09,0.18,0.59
"(19,1)",0.9,0.02,32,0.0,0.05,0.08,0.08,0.1,0.69
"(19,1)",0.9,0.02,33,0.0,0.04,0.04,0.12,0.07,0.73
"(19,1)",0.9,0.02,34,0.0,0.03,0.04,0.08,0.1,0.75
"(19,1)",0.9,0.02,35,0.0,0.02,0.03,0.08,0.08,0.79
"(19,1)",0.9,0.02,36,0.0,0.01,0.02,0.06,0.1,0.81
"(19,1)",0.9,0.02,37,0.0,0.01,0.02,0.04,0.07,0.86
"(19,1)",0.9,0.02,38,0.0,0.01,0.02,0.02,0.08,0.87
"(19,1)",0.9,0.02,39,0.0,0.0,0.02,0.02,0.05,0.91
"(19,1)",0.9,0.02,40,0.0,0.0,0.01,0.03,0.03,0.93
"(19,1)",0.9,0.02,41,0.0,0.0,0.01,0.02,0.02,0.95
"(19,1)",0.9,0.02,42,0.0,0.0,0.0,0.02,0.03,0.95
"(19,1)",0.9,0.02,43,0.0,0.0,0.0,0.02,0.03,0.95
"(19,1)",0.9,0.02,44,0.0,0.0,0.0,0.02,0.02,0.96
"(19,1)",0.9,0.02,45,0.0,0.0,0.0,0.01,0.03,0.96
"(19,1)",0.9,0.02,46,0.0,0.0,0.0,0.0,0.02,0.98
"(19,1)",0.9,0.02,47,0.0,0.0,0.0,0.0,0.01,0.99
"(19,1)",0.9,0.02,48,0.0,0.0,0.0,0.0,0.01,0.99
"(19,1)",0.9,0.02,49,0.0,0.0,0.0,0.0,0.01,0.99
"(19,1)",0.9,0.02,50,0.0,0.0,0.0,0.0,0.0,1.0
"(19,1)",0.9,0.02,51,0.0,0.0,0.0,0.0,0.0,1.0
"(19,1)",0.9,0.02,52,0.0,0.0,0.0,0.0,0.0,1.0
"(19,1)",0.9,0.02,53,0.0,0.0,0.0,0.0,0.0,1.0
"(19,1)",0.9,0.02,54,0.0,0.0,0.0,0.0,0.0,1.0
"(19,1)",0.9,0.02,55,0.0,0.0,0.0,0.0,0.0,1.0
"(19,1)",0.9,0.02,56,0.0,0.0,0.0,0.0,0.0,1.0
"(19,1)",0.9,0.02,57,0.0,0.0,0.0,0.0,0.0,1.0
"(19,1)",0.9,0.02,58,0.0,0.0,0.0,0.0,0.0,1.0
"(19,1)",0.9,0.02,59,0.0,0.0,0.0,0.0,0.0,1.0
"(19,1)",0.9,0.02,60,0.0,0.0,0.0,0.0,0.0,1.0
"(19,1)",0.9,0.02,61,0.0,0.0,0.0,0.0,0.0,1.0
"(19,1)",0.9,0.02,62,0.0,0.0,0.0,0.0,0.0,1.0
"(19,1)",0.9,0.02,63,0.0,0.0,0.0,0.0,0.0,1.0
"(19,1)",0.9,0.02,64,0.0,0.0,0.0,0.0,0.0,1.0
"(19,1)",0.9,0.02,65,0.0,0.0,0.0,0.0,0.0,1.0
"(19,1)",0.9,0.02,66,0.0,0.0,0.0,0.0,0.0,1.0
"(19,1)",0.9,0.02,67,0.0,0.0,0.0,0.0,0.0,1.0
"(19,1)",0.9,0.02,68,0.0,0.0,0.0,0.0,0.0,1.0
"(19,1)",0.9,0.02,69,0.0,0.0,0.0,0.0,0.0,1.0
"(19,1)",0.9,0.02,70,0.0,0.0,0.0,0.0,0.0,1.0
