theta,gen,true_prior,run_number,trials_completed,boxes_opened,solved,final_theta
"(1,1)",0.1,0.02,1,22,5,True,0.8312320515514463
"(1,1)",0.1,0.02,2,13,5,True,0.8342245989304813
"(1,1)",0.1,0.02,3,52,5,True,0.839572192513369
"(1,1)",0.1,0.02,4,19,5,True,0.788784769223472
"(1,1)",0.1,0.02,5,34,5,True,0.839572192513369
"(1,1)",0.1,0.02,6,16,5,True,0.8341968911917098
"(1,1)",0.1,0.02,7,70,3,False,0.057971014492753624
"(1,1)",0.1,0.02,8,15,5,True,0.8325761399966347
"(1,1)",0.1,0.02,9,24,5,True,0.8306878306878307
"(1,1)",0.1,0.02,10,33,5,True,0.8324607329842932
"(1,1)",0.1,0.02,11,12,5,True,0.8324779306097311
"(1,1)",0.1,0.02,12,38,5,True,0.8281249999999999
"(1,1)",0.1,0.02,13,42,5,True,0.84375
"(1,1)",0.1,0.02,14,12,5,True,0.839572192513369
"(1,1)",0.1,0.02,15,48,5,True,0.8429319371727748
"(1,1)",0.1,0.02,16,26,5,True,0.845360824742268
"(1,1)",0.1,0.02,17,22,5,True,0.8014479671084115
"(1,1)",0.1,0.02,18,20,5,True,0.826530612244898
"(1,1)",0.1,0.02,19,20,5,True,0.844559585492228
"(1,1)",0.1,0.02,20,11,5,True,0.8404255319148937
"(1,1)",0.1,0.02,21,29,5,True,0.8229177098313178
"(1,1)",0.1,0.02,22,29,5,True,0.8412698412698413
"(1,1)",0.1,0.02,23,21,5,True,0.839572192513369
"(1,1)",0.1,0.02,24,16,5,True,0.8404255319148937
"(1,1)",0.1,0.02,25,17,5,True,0.8263157894736841
"(1,1)",0.1,0.02,26,25,5,True,0.8404255319148937
"(1,1)",0.1,0.02,27,11,5,True,0.8288770053475937
"(1,1)",0.1,0.02,28,29,5,True,0.8429319371727748
"(1,1)",0.1,0.02,29,29,5,True,0.839572192513369
"(1,1)",0.1,0.02,30,23,5,True,0.8071065989847716
"(1,1)",0.1,0.02,31,14,5,True,0.8323301207334469
"(1,1)",0.1,0.02,32,70,0,False,0.055522934784693306
"(1,1)",0.1,0.02,33,16,5,True,0.8387096774193549
"(1,1)",0.1,0.02,34,24,5,True,0.8429319371727748
"(1,1)",0.1,0.02,35,26,5,True,0.8210526315789474
"(1,1)",0.1,0.02,36,15,5,True,0.8412698412698413
"(1,1)",0.1,0.02,37,58,5,True,0.8282828282828284
"(1,1)",0.1,0.02,38,16,5,True,0.8378378378378378
"(1,1)",0.1,0.02,39,70,1,False,0.18429435509749337
"(1,1)",0.1,0.02,40,18,5,True,0.7309074199248856
"(1,1)",0.1,0.02,41,70,0,False,0.06075736535018293
"(1,1)",0.1,0.02,42,10,5,True,0.8387096774193549
"(1,1)",0.1,0.02,43,70,1,False,0.07688166930451931
"(1,1)",0.1,0.02,44,23,5,True,0.8421052631578947
"(1,1)",0.1,0.02,45,19,5,True,0.8290155440414507
"(1,1)",0.1,0.02,46,37,5,True,0.8404255319148937
"(1,1)",0.1,0.02,47,28,5,True,0.8429319371727748
"(1,1)",0.1,0.02,48,70,1,False,0.07906480805767746
"(1,1)",0.1,0.02,49,15,5,True,0.8412698412698413
"(1,1)",0.1,0.02,50,26,5,True,0.8315789473684211
"(1,1)",0.1,0.02,51,15,5,True,0.8404255319148937
"(1,1)",0.1,0.02,52,34,5,True,0.8310059846110003
"(1,1)",0.1,0.02,53,19,5,True,0.797979797979798
"(1,1)",0.1,0.02,54,27,5,True,0.8421052631578947
"(1,1)",0.1,0.02,55,30,5,True,0.8230251497291547
"(1,1)",0.1,0.02,56,30,5,True,0.8429319371727748
"(1,1)",0.1,0.02,57,70,3,False,0.44583098229676055
"(1,1)",0.1,0.02,58,14,5,True,0.8175239907665067
"(1,1)",0.1,0.02,59,11,5,True,0.8387096774193549
"(1,1)",0.1,0.02,60,21,5,True,0.8306878306878307
"(1,1)",0.1,0.02,61,13,5,True,0.8404255319148937
"(1,1)",0.1,0.02,62,19,5,True,0.8125258305403968
"(1,1)",0.1,0.02,63,14,5,True,0.7909164418142023
"(1,1)",0.1,0.02,64,17,5,True,0.8125404007756948
"(1,1)",0.1,0.02,65,16,5,True,0.8368421052631579
"(1,1)",0.1,0.02,66,70,0,False,0.0615728270391072
"(1,1)",0.1,0.02,67,70,0,False,0.05129888049279188
"(1,1)",0.1,0.02,68,32,5,True,0.8208749569410956
"(1,1)",0.1,0.02,69,34,5,True,0.7633099720395242
"(1,1)",0.1,0.02,70,39,5,True,0.84375
"(1,1)",0.1,0.02,71,70,0,False,0.06408952507911359
"(1,1)",0.1,0.02,72,17,5,True,0.8272251308900523
"(1,1)",0.1,0.02,73,20,5,True,0.839572192513369
"(1,1)",0.1,0.02,74,12,5,True,0.8243891373053797
"(1,1)",0.1,0.02,75,70,3,False,0.30756606384568386
"(1,1)",0.1,0.02,76,12,5,True,0.8175239907665067
"(1,1)",0.1,0.02,77,22,5,True,0.8182247326234469
"(1,1)",0.1,0.02,78,24,5,True,0.8165382335506817
"(1,1)",0.1,0.02,79,18,5,True,0.8324607329842932
"(1,1)",0.1,0.02,80,24,5,True,0.8404255319148937
"(1,1)",0.1,0.02,81,22,5,True,0.8314049586776859
"(1,1)",0.1,0.02,82,43,5,True,0.826530612244898
"(1,1)",0.1,0.02,83,21,5,True,0.792079207920792
"(1,1)",0.1,0.02,84,15,5,True,0.7655517754087872
"(1,1)",0.1,0.02,85,28,5,True,0.8290155440414507
"(1,1)",0.1,0.02,86,70,0,False,0.05847988851335805
"(1,1)",0.1,0.02,87,21,5,True,0.767032255883814
"(1,1)",0.1,0.02,88,18,5,True,0.8404255319148937
"(1,1)",0.1,0.02,89,32,5,True,0.7607655502392344
"(1,1)",0.1,0.02,90,68,5,True,0.839572192513369
"(1,1)",0.1,0.02,91,24,5,True,0.8387096774193549
"(1,1)",0.1,0.02,92,21,5,True,0.7770913561768814
"(1,1)",0.1,0.02,93,40,5,True,0.7838452412338519
"(1,1)",0.1,0.02,94,31,5,True,0.8350515463917526
"(1,1)",0.1,0.02,95,11,5,True,0.8165382335506817
"(1,1)",0.1,0.02,96,40,5,True,0.8404255319148937
"(1,1)",0.1,0.02,97,47,5,True,0.8114234875444839
"(1,1)",0.1,0.02,98,54,5,True,0.7815578679155487
"(1,1)",0.1,0.02,99,16,5,True,0.8071602605026755
"(1,1)",0.1,0.02,100,20,5,True,0.8336404316925506
"(1,1)",0.2,0.02,1,70,1,False,0.07745168082507091
"(1,1)",0.2,0.02,2,24,5,True,0.8012942519984774
"(1,1)",0.2,0.02,3,40,5,True,0.7586513667795783
"(1,1)",0.2,0.02,4,51,5,True,0.6994397554280217
"(1,1)",0.2,0.02,5,31,5,True,0.8404255319148937
"(1,1)",0.2,0.02,6,22,5,True,0.7554855979439812
"(1,1)",0.2,0.02,7,20,5,True,0.8306878306878307
"(1,1)",0.2,0.02,8,28,5,True,0.8324779306097311
"(1,1)",0.2,0.02,9,70,1,False,0.07692307692307693
"(1,1)",0.2,0.02,10,70,1,False,0.08114065468089451
"(1,1)",0.2,0.02,11,20,5,True,0.8102882780468322
"(1,1)",0.2,0.02,12,27,5,True,0.785555729248085
"(1,1)",0.2,0.02,13,32,5,True,0.7169030061143877
"(1,1)",0.2,0.02,14,50,5,True,0.8125
"(1,1)",0.2,0.02,15,22,5,True,0.8264706810246917
"(1,1)",0.2,0.02,16,17,5,True,0.8272251308900523
"(1,1)",0.2,0.02,17,17,5,True,0.8378378378378378
"(1,1)",0.2,0.02,18,24,5,True,0.8196948682385575
"(1,1)",0.2,0.02,19,70,1,False,0.07692307692307691
"(1,1)",0.2,0.02,20,40,5,True,0.8429319371727748
"(1,1)",0.2,0.02,21,14,5,True,0.8038265623058765
"(1,1)",0.2,0.02,22,35,5,True,0.8123312460315053
"(1,1)",0.2,0.02,23,28,5,True,0.8217716115261473
"(1,1)",0.2,0.02,24,70,1,False,0.11125510145851802
"(1,1)",0.2,0.02,25,12,5,True,0.8310059846110003
"(1,1)",0.2,0.02,26,19,5,True,0.7879848425593949
"(1,1)",0.2,0.02,27,15,5,True,0.7702611543622755
"(1,1)",0.2,0.02,28,25,5,True,0.7722772277227723
"(1,1)",0.2,0.02,29,70,1,False,0.13866311981786542
"(1,1)",0.2,0.02,30,12,5,True,0.8385416666666666
"(1,1)",0.2,0.02,31,28,5,True,0.8094525118574624
"(1,1)",0.2,0.02,32,70,1,False,0.12153438426928492
"(1,1)",0.2,0.02,33,44,5,True,0.7358490566037735
"(1,1)",0.2,0.02,34,70,1,False,0.19471918332459526
"(1,1)",0.2,0.02,35,70,2,False,0.2564533199420278
"(1,1)",0.2,0.02,36,70,1,False,0.07720079495797341
"(1,1)",0.2,0.02,37,35,5,True,0.8131261300781994
"(1,1)",0.2,0.02,38,25,5,True,0.839572192513369
"(1,1)",0.2,0.02,39,44,5,True,0.7416108403827733
"(1,1)",0.2,0.02,40,70,2,False,0.2649934546177737
"(1,1)",0.2,0.02,41,16,5,True,0.8387096774193549
"(1,1)",0.2,0.02,42,18,5,True,0.797994170930898
"(1,1)",0.2,0.02,43,70,1,False,0.07217786208601376
"(1,1)",0.2,0.02,44,38,5,True,0.8387096774193549
"(1,1)",0.2,0.02,45,31,5,True,0.7424883026100682
"(1,1)",0.2,0.02,46,24,5,True,0.8099838969404186
"(1,1)",0.2,0.02,47,70,2,False,0.2737277625558985
"(1,1)",0.2,0.02,48,18,5,True,0.7997715217211767
"(1,1)",0.2,0.02,49,28,5,True,0.7436225443944355
"(1,1)",0.2,0.02,50,26,5,True,0.7849999999999999
"(1,1)",0.2,0.02,51,70,2,False,0.2942189881470707
"(1,1)",0.2,0.02,52,31,5,True,0.839572192513369
"(1,1)",0.2,0.02,53,31,5,True,0.8144329896907216
"(1,1)",0.2,0.02,54,19,5,True,0.8404255319148937
"(1,1)",0.2,0.02,55,27,5,True,0.7048176572231984
"(1,1)",0.2,0.02,56,19,5,True,0.7830214114335181
"(1,1)",0.2,0.02,57,70,1,False,0.1944878128374115
"(1,1)",0.2,0.02,58,27,5,True,0.8211038692054768
"(1,1)",0.2,0.02,59,70,0,False,0.047241563862575324
"(1,1)",0.2,0.02,60,24,5,True,0.8056064153798447
"(1,1)",0.2,0.02,61,23,5,True,0.7808946048468625
"(1,1)",0.2,0.02,62,70,1,False,0.07533767885486316
"(1,1)",0.2,0.02,63,13,5,True,0.8157429730560015
"(1,1)",0.2,0.02,64,15,5,True,0.7916666666666667
"(1,1)",0.2,0.02,65,20,5,True,0.78311871056539
"(1,1)",0.2,0.02,66,25,5,True,0.8261375004407375
"(1,1)",0.2,0.02,67,38,5,True,0.8059295386552164
"(1,1)",0.2,0.02,68,70,0,False,0.06346750646032534
"(1,1)",0.2,0.02,69,16,5,True,0.8272251308900523
"(1,1)",0.2,0.02,70,18,5,True,0.8119838484272566
"(1,1)",0.2,0.02,71,24,5,True,0.8125404007756949
"(1,1)",0.2,0.02,72,69,5,True,0.7395348837209302
"(1,1)",0.2,0.02,73,49,5,True,0.7829137356388333
"(1,1)",0.2,0.02,74,39,5,True,0.6716152546893056
"(1,1)",0.2,0.02,75,15,5,True,0.839572192513369
"(1,1)",0.2,0.02,76,21,5,True,0.7547857718617376
"(1,1)",0.2,0.02,77,70,3,False,0.3459317141967721
"(1,1)",0.2,0.02,78,21,5,True,0.8288770053475937
"(1,1)",0.2,0.02,79,70,4,False,0.46520146520146516
"(1,1)",0.2,0.02,80,34,5,True,0.7557990067192522
"(1,1)",0.2,0.02,81,17,5,True,0.8123312460315053
"(1,1)",0.2,0.02,82,46,5,True,0.8043816254416961
"(1,1)",0.2,0.02,83,19,5,True,0.833413993362832
"(1,1)",0.2,0.02,84,40,5,True,0.7089356110381078
"(1,1)",0.2,0.02,85,27,5,True,0.8177083333333333
"(1,1)",0.2,0.02,86,31,5,True,0.8306878306878307
"(1,1)",0.2,0.02,87,70,1,False,0.07520184211848534
"(1,1)",0.2,0.02,88,36,5,True,0.7467562621213363
"(1,1)",0.2,0.02,89,70,1,False,0.14891013220841498
"(1,1)",0.2,0.02,90,29,5,True,0.7339257670460784
"(1,1)",0.2,0.02,91,21,5,True,0.8134742217661418
"(1,1)",0.2,0.02,92,24,5,True,0.7975043590993176
"(1,1)",0.2,0.02,93,18,5,True,0.8412698412698413
"(1,1)",0.2,0.02,94,26,5,True,0.8098624447225296
"(1,1)",0.2,0.02,95,27,5,True,0.839572192513369
"(1,1)",0.2,0.02,96,21,5,True,0.777108162857921
"(1,1)",0.2,0.02,97,31,5,True,0.7009784549338002
"(1,1)",0.2,0.02,98,44,5,True,0.7005656110212075
"(1,1)",0.2,0.02,99,24,5,True,0.8404255319148937
"(1,1)",0.2,0.02,100,26,5,True,0.7763834601933758
"(1,1)",0.3,0.02,1,27,5,True,0.7273526370217166
"(1,1)",0.3,0.02,2,15,5,True,0.8412698412698413
"(1,1)",0.3,0.02,3,21,5,True,0.7777777777777778
"(1,1)",0.3,0.02,4,32,5,True,0.6537843891755871
"(1,1)",0.3,0.02,5,70,1,False,0.07502639105967164
"(1,1)",0.3,0.02,6,24,5,True,0.7412346329739018
"(1,1)",0.3,0.02,7,20,5,True,0.8263157894736841
"(1,1)",0.3,0.02,8,51,5,True,0.7379082158514974
"(1,1)",0.3,0.02,9,19,5,True,0.7806850763070352
"(1,1)",0.3,0.02,10,70,1,False,0.07764537005975013
"(1,1)",0.3,0.02,11,21,5,True,0.7592669379054294
"(1,1)",0.3,0.02,12,53,5,True,0.6064836009879634
"(1,1)",0.3,0.02,13,18,5,True,0.809044924108168
"(1,1)",0.3,0.02,14,21,5,True,0.8102564102564103
"(1,1)",0.3,0.02,15,19,5,True,0.8260560880369188
"(1,1)",0.3,0.02,16,33,5,True,0.8263157894736841
"(1,1)",0.3,0.02,17,19,5,True,0.8341968911917098
"(1,1)",0.3,0.02,18,40,5,True,0.6194622992492251
"(1,1)",0.3,0.02,19,42,5,True,0.8125
"(1,1)",0.3,0.02,20,70,1,False,0.07686501331172105
"(1,1)",0.3,0.02,21,40,5,True,0.8166583291645823
"(1,1)",0.3,0.02,22,70,1,False,0.12212224455496964
"(1,1)",0.3,0.02,23,26,5,True,0.8083033212116758
"(1,1)",0.3,0.02,24,28,5,True,0.7070653169697394
"(1,1)",0.3,0.02,25,23,5,True,0.7717545375552782
"(1,1)",0.3,0.02,26,34,5,True,0.7596153846153846
"(1,1)",0.3,0.02,27,22,5,True,0.7159417582314226
"(1,1)",0.3,0.02,28,16,5,True,0.8230539070940527
"(1,1)",0.3,0.02,29,19,5,True,0.7266661542324933
"(1,1)",0.3,0.02,30,70,3,False,0.33105155516900225
"(1,1)",0.3,0.02,31,12,5,True,0.839572192513369
"(1,1)",0.3,0.02,32,25,5,True,0.6805353251006291
"(1,1)",0.3,0.02,33,70,2,False,0.22781484177376932
"(1,1)",0.3,0.02,34,20,5,True,0.7632946307207336
"(1,1)",0.3,0.02,35,21,5,True,0.7494489111097024
"(1,1)",0.3,0.02,36,21,5,True,0.7668089636722852
"(1,1)",0.3,0.02,37,19,5,True,0.8046348583755918
"(1,1)",0.3,0.02,38,19,5,True,0.8272251308900523
"(1,1)",0.3,0.02,39,20,5,True,0.8102564102564103
"(1,1)",0.3,0.02,40,18,5,True,0.8263157894736841
"(1,1)",0.3,0.02,41,23,5,True,0.7745227785652176
"(1,1)",0.3,0.02,42,70,1,False,0.07201718978541043
"(1,1)",0.3,0.02,43,15,5,True,0.8204771273033665
"(1,1)",0.3,0.02,44,15,5,True,0.8314049586776859
"(1,1)",0.3,0.02,45,27,5,True,0.798756363402
"(1,1)",0.3,0.02,46,13,5,True,0.7972752936323049
"(1,1)",0.3,0.02,47,70,2,False,0.2631068768627021
"(1,1)",0.3,0.02,48,35,5,True,0.7055254081376573
"(1,1)",0.3,0.02,49,70,1,False,0.15526803356077803
"(1,1)",0.3,0.02,50,25,5,True,0.7752164593111947
"(1,1)",0.3,0.02,51,59,5,True,0.6377655446512867
"(1,1)",0.3,0.02,52,52,5,True,0.61328125
"(1,1)",0.3,0.02,53,70,3,False,0.31982491079259834
"(1,1)",0.3,0.02,54,21,5,True,0.7874132041631174
"(1,1)",0.3,0.02,55,29,5,True,0.7234674543060713
"(1,1)",0.3,0.02,56,70,2,False,0.23144447747102181
"(1,1)",0.3,0.02,57,28,5,True,0.7238407843197875
"(1,1)",0.3,0.02,58,18,5,True,0.8272251308900523
"(1,1)",0.3,0.02,59,20,5,True,0.8257612828626629
"(1,1)",0.3,0.02,60,12,5,True,0.8283789139912802
"(1,1)",0.3,0.02,61,70,1,False,0.13589565014164737
"(1,1)",0.3,0.02,62,24,5,True,0.7609756097560976
"(1,1)",0.3,0.02,63,18,5,True,0.8007491394653392
"(1,1)",0.3,0.02,64,17,5,True,0.7831733935779515
"(1,1)",0.3,0.02,65,17,5,True,0.8102882780468322
"(1,1)",0.3,0.02,66,19,5,True,0.7345460113220867
"(1,1)",0.3,0.02,67,14,5,True,0.8179011250310537
"(1,1)",0.3,0.02,68,16,5,True,0.7431594195919391
"(1,1)",0.3,0.02,69,20,5,True,0.7783031003626762
"(1,1)",0.3,0.02,70,21,5,True,0.7937603432379272
"(1,1)",0.3,0.02,71,26,5,True,0.8150907132767061
"(1,1)",0.3,0.02,72,18,5,True,0.8190338860850758
"(1,1)",0.3,0.02,73,22,5,True,0.7408364643860987
"(1,1)",0.3,0.02,74,19,5,True,0.7982898777212969
"(1,1)",0.3,0.02,75,20,5,True,0.8090449241081679
"(1,1)",0.3,0.02,76,16,5,True,0.778294043606469
"(1,1)",0.3,0.02,77,70,2,False,0.26661093183859147
"(1,1)",0.3,0.02,78,12,5,True,0.8378378378378378
"(1,1)",0.3,0.02,79,26,5,True,0.8121827411167513
"(1,1)",0.3,0.02,80,20,5,True,0.8201058201058201
"(1,1)",0.3,0.02,81,24,5,True,0.7447727573870413
"(1,1)",0.3,0.02,82,70,5,True,0.5977029037793219
"(1,1)",0.3,0.02,83,70,2,False,0.24326768165148915
"(1,1)",0.3,0.02,84,22,5,True,0.8047619047619047
"(1,1)",0.3,0.02,85,17,5,True,0.7441105422363038
"(1,1)",0.3,0.02,86,24,5,True,0.7585613826385809
"(1,1)",0.3,0.02,87,70,5,True,0.5216113922988131
"(1,1)",0.3,0.02,88,13,5,True,0.8324779306097311
"(1,1)",0.3,0.02,89,53,5,True,0.7297245808839539
"(1,1)",0.3,0.02,90,70,1,False,0.13192077036274427
"(1,1)",0.3,0.02,91,48,5,True,0.674950610632184
"(1,1)",0.3,0.02,92,20,5,True,0.7772058191407606
"(1,1)",0.3,0.02,93,32,5,True,0.7463094356700276
"(1,1)",0.3,0.02,94,24,5,True,0.8412698412698413
"(1,1)",0.3,0.02,95,14,5,True,0.8412698412698413
"(1,1)",0.3,0.02,96,65,5,True,0.6353542919624168
"(1,1)",0.3,0.02,97,34,5,True,0.7064128389094737
"(1,1)",0.3,0.02,98,15,5,True,0.7379890920464398
"(1,1)",0.3,0.02,99,35,5,True,0.6937229519610295
"(1,1)",0.3,0.02,100,70,1,False,0.07315744662986763
"(1,1)",0.4,0.02,1,17,5,True,0.7944257969079563
"(1,1)",0.4,0.02,2,45,5,True,0.7929292929292929
"(1,1)",0.4,0.02,3,22,5,True,0.7777096114519427
"(1,1)",0.4,0.02,4,70,2,False,0.25576997988739036
"(1,1)",0.4,0.02,5,25,5,True,0.7401741573900044
"(1,1)",0.4,0.02,6,70,1,False,0.16589746830558488
"(1,1)",0.4,0.02,7,23,5,True,0.7196292450679971
"(1,1)",0.4,0.02,8,70,2,False,0.25849587798030477
"(1,1)",0.4,0.02,9,19,5,True,0.8310059846110003
"(1,1)",0.4,0.02,10,70,1,False,0.1492079316894971
"(1,1)",0.4,0.02,11,9,5,True,0.822882142383667
"(1,1)",0.4,0.02,12,23,5,True,0.7338949742464252
"(1,1)",0.4,0.02,13,17,5,True,0.8071602605026758
"(1,1)",0.4,0.02,14,25,5,True,0.7459789007137455
"(1,1)",0.4,0.02,15,14,5,True,0.8243891373053797
"(1,1)",0.4,0.02,16,26,5,True,0.7587509404291605
"(1,1)",0.4,0.02,17,15,5,True,0.8351063829787234
"(1,1)",0.4,0.02,18,70,2,False,0.3543562304301076
"(1,1)",0.4,0.02,19,70,4,False,0.5130614961731148
"(1,1)",0.4,0.02,20,22,5,True,0.7064543882952257
"(1,1)",0.4,0.02,21,14,5,True,0.7960891493544417
"(1,1)",0.4,0.02,22,70,2,False,0.24760960291280254
"(1,1)",0.4,0.02,23,48,5,True,0.7805388438399163
"(1,1)",0.4,0.02,24,19,5,True,0.7593465900262064
"(1,1)",0.4,0.02,25,9,5,True,0.8324779306097311
"(1,1)",0.4,0.02,26,70,4,False,0.6006540098740064
"(1,1)",0.4,0.02,27,70,3,False,0.32516957017739634
"(1,1)",0.4,0.02,28,20,5,True,0.7826215028270146
"(1,1)",0.4,0.02,29,19,5,True,0.7892156862745098
"(1,1)",0.4,0.02,30,11,5,True,0.8194686270716449
"(1,1)",0.4,0.02,31,14,5,True,0.8342245989304813
"(1,1)",0.4,0.02,32,34,5,True,0.6646013914511123
"(1,1)",0.4,0.02,33,49,5,True,0.7458040050091194
"(1,1)",0.4,0.02,34,11,5,True,0.8197496778648945
"(1,1)",0.4,0.02,35,17,5,True,0.8421052631578947
"(1,1)",0.4,0.02,36,36,5,True,0.7376316394986985
"(1,1)",0.4,0.02,37,18,5,True,0.7601231458879449
"(1,1)",0.4,0.02,38,21,5,True,0.837696335078534
"(1,1)",0.4,0.02,39,70,3,False,0.30562509440590596
"(1,1)",0.4,0.02,40,33,5,True,0.6998942659638812
"(1,1)",0.4,0.02,41,57,5,True,0.6842105263157895
"(1,1)",0.4,0.02,42,15,5,True,0.8181349487658697
"(1,1)",0.4,0.02,43,34,5,True,0.7520694245983442
"(1,1)",0.4,0.02,44,31,5,True,0.7632999696693964
"(1,1)",0.4,0.02,45,34,5,True,0.6762301398165613
"(1,1)",0.4,0.02,46,14,5,True,0.809206092867589
"(1,1)",0.4,0.02,47,70,2,False,0.3010425773964164
"(1,1)",0.4,0.02,48,25,5,True,0.7148177224027392
"(1,1)",0.4,0.02,49,32,5,True,0.7058320221027957
"(1,1)",0.4,0.02,50,31,5,True,0.8089827006691542
"(1,1)",0.4,0.02,51,35,5,True,0.6965055708053072
"(1,1)",0.4,0.02,52,65,5,True,0.7136363636363636
"(1,1)",0.4,0.02,53,51,5,True,0.5250818482323504
"(1,1)",0.4,0.02,54,21,5,True,0.7753235572749507
"(1,1)",0.4,0.02,55,16,5,True,0.825303110173959
"(1,1)",0.4,0.02,56,18,5,True,0.8219477202174539
"(1,1)",0.4,0.02,57,25,5,True,0.7444964206988891
"(1,1)",0.4,0.02,58,62,5,True,0.7601809954751131
"(1,1)",0.4,0.02,59,21,5,True,0.7903909561940651
"(1,1)",0.4,0.02,60,20,5,True,0.7593465900262064
"(1,1)",0.4,0.02,61,14,5,True,0.8213523131672598
"(1,1)",0.4,0.02,62,14,5,True,0.7850350067743965
"(1,1)",0.4,0.02,63,10,5,True,0.8263157894736841
"(1,1)",0.4,0.02,64,36,5,True,0.6885964912280702
"(1,1)",0.4,0.02,65,19,5,True,0.766675395962656
"(1,1)",0.4,0.02,66,18,5,True,0.7584022768978347
"(1,1)",0.4,0.02,67,70,1,False,0.07728413431138503
"(1,1)",0.4,0.02,68,49,5,True,0.7634511579313947
"(1,1)",0.4,0.02,69,15,5,True,0.8261375004407375
"(1,1)",0.4,0.02,70,70,3,False,0.33133217260713266
"(1,1)",0.4,0.02,71,18,5,True,0.8324779306097311
"(1,1)",0.4,0.02,72,70,1,False,0.14890584659692194
"(1,1)",0.4,0.02,73,70,2,False,0.2396370218245219
"(1,1)",0.4,0.02,74,37,5,True,0.8163265306122449
"(1,1)",0.4,0.02,75,24,5,True,0.7699400645458737
"(1,1)",0.4,0.02,76,37,5,True,0.777087935545886
"(1,1)",0.4,0.02,77,27,5,True,0.750895353156133
"(1,1)",0.4,0.02,78,49,5,True,0.700295143678352
"(1,1)",0.4,0.02,79,70,2,False,0.2575022185336955
"(1,1)",0.4,0.02,80,57,5,True,0.7318181818181818
"(1,1)",0.4,0.02,81,70,1,False,0.07692307692307693
"(1,1)",0.4,0.02,82,36,5,True,0.7392397981267805
"(1,1)",0.4,0.02,83,70,4,False,0.4689228293037993
"(1,1)",0.4,0.02,84,30,5,True,0.7512832442993872
"(1,1)",0.4,0.02,85,17,5,True,0.7918916543461593
"(1,1)",0.4,0.02,86,22,5,True,0.8036857829868961
"(1,1)",0.4,0.02,87,47,5,True,0.7608505425271264
"(1,1)",0.4,0.02,88,57,5,True,0.8181626632954067
"(1,1)",0.4,0.02,89,15,5,True,0.7945916416279705
"(1,1)",0.4,0.02,90,70,1,False,0.16982296976853067
"(1,1)",0.4,0.02,91,31,5,True,0.79579950517085
"(1,1)",0.4,0.02,92,19,5,True,0.8181349487658698
"(1,1)",0.4,0.02,93,14,5,True,0.8236775818639799
"(1,1)",0.4,0.02,94,50,5,True,0.6986645027024084
"(1,1)",0.4,0.02,95,24,5,True,0.8215304347826087
"(1,1)",0.4,0.02,96,37,5,True,0.6736636097621007
"(1,1)",0.4,0.02,97,32,5,True,0.7886570699199347
"(1,1)",0.4,0.02,98,70,1,False,0.07519029364631712
"(1,1)",0.4,0.02,99,70,5,True,0.8090452261306532
"(1,1)",0.4,0.02,100,70,1,False,0.1332932127438968
"(1,1)",0.5,0.02,1,70,1,False,0.1658632698887708
"(1,1)",0.5,0.02,2,26,5,True,0.672355554290416
"(1,1)",0.5,0.02,3,22,5,True,0.8121827411167513
"(1,1)",0.5,0.02,4,56,5,True,0.5241960881210058
"(1,1)",0.5,0.02,5,70,3,False,0.3404718022622455
"(1,1)",0.5,0.02,6,16,5,True,0.8243891373053797
"(1,1)",0.5,0.02,7,23,5,True,0.7785198302428761
"(1,1)",0.5,0.02,8,23,5,True,0.7614071869474194
"(1,1)",0.5,0.02,9,70,2,False,0.23615982527885868
"(1,1)",0.5,0.02,10,21,5,True,0.7669902912621359
"(1,1)",0.5,0.02,11,70,4,False,0.5026377512933915
"(1,1)",0.5,0.02,12,20,5,True,0.7841296713192255
"(1,1)",0.5,0.02,13,22,5,True,0.7753221412987636
"(1,1)",0.5,0.02,14,14,5,True,0.8336120401337794
"(1,1)",0.5,0.02,15,16,5,True,0.769868776644606
"(1,1)",0.5,0.02,16,70,3,False,0.3220007225270852
"(1,1)",0.5,0.02,17,20,5,True,0.791618012977931
"(1,1)",0.5,0.02,18,28,5,True,0.7822292835165394
"(1,1)",0.5,0.02,19,15,5,True,0.7588440471129626
"(1,1)",0.5,0.02,20,70,2,False,0.2583627736165619
"(1,1)",0.5,0.02,21,17,5,True,0.8041237113402062
"(1,1)",0.5,0.02,22,32,5,True,0.7709010976308065
"(1,1)",0.5,0.02,23,32,5,True,0.6670341037403357
"(1,1)",0.5,0.02,24,35,5,True,0.6529322543855677
"(1,1)",0.5,0.02,25,70,1,False,0.16773253405859573
"(1,1)",0.5,0.02,26,23,5,True,0.7918050941306755
"(1,1)",0.5,0.02,27,24,5,True,0.7314645011190933
"(1,1)",0.5,0.02,28,48,5,True,0.6472655046628429
"(1,1)",0.5,0.02,29,14,5,True,0.8046688741721854
"(1,1)",0.5,0.02,30,29,5,True,0.7114078025827271
"(1,1)",0.5,0.02,31,33,5,True,0.7232368647663362
"(1,1)",0.5,0.02,32,21,5,True,0.7838877410630459
"(1,1)",0.5,0.02,33,16,5,True,0.8241350031840374
"(1,1)",0.5,0.02,34,70,3,False,0.417869469592714
"(1,1)",0.5,0.02,35,17,5,True,0.7652199094205926
"(1,1)",0.5,0.02,36,70,1,False,0.173768744285796
"(1,1)",0.5,0.02,37,47,5,True,0.6084956725072468
"(1,1)",0.5,0.02,38,70,1,False,0.16950005238222396
"(1,1)",0.5,0.02,39,11,5,True,0.8077367273712394
"(1,1)",0.5,0.02,40,70,2,False,0.25310995169047423
"(1,1)",0.5,0.02,41,37,5,True,0.690381718571852
"(1,1)",0.5,0.02,42,17,5,True,0.8151940850277264
"(1,1)",0.5,0.02,43,24,5,True,0.7600511828131038
"(1,1)",0.5,0.02,44,70,2,False,0.2546490793587107
"(1,1)",0.5,0.02,45,22,5,True,0.7864077669902912
"(1,1)",0.5,0.02,46,39,5,True,0.6616881508261474
"(1,1)",0.5,0.02,47,29,5,True,0.7799336471302291
"(1,1)",0.5,0.02,48,70,0,False,0.07949774272872379
"(1,1)",0.5,0.02,49,13,5,True,0.8174618407382211
"(1,1)",0.5,0.02,50,14,5,True,0.758938452035289
"(1,1)",0.5,0.02,51,54,5,True,0.6130796865276835
"(1,1)",0.5,0.02,52,55,5,True,0.7340093069099728
"(1,1)",0.5,0.02,53,70,2,False,0.24353482434271784
"(1,1)",0.5,0.02,54,15,5,True,0.8335373317013464
"(1,1)",0.5,0.02,55,36,5,True,0.7162790697674419
"(1,1)",0.5,0.02,56,70,1,False,0.13675616871921967
"(1,1)",0.5,0.02,57,18,5,True,0.7744730909224576
"(1,1)",0.5,0.02,58,70,2,False,0.2562474721079843
"(1,1)",0.5,0.02,59,12,5,True,0.7645144332503825
"(1,1)",0.5,0.02,60,19,5,True,0.7665920546209452
"(1,1)",0.5,0.02,61,17,5,True,0.8061224489795918
"(1,1)",0.5,0.02,62,14,5,True,0.8175239907665067
"(1,1)",0.5,0.02,63,70,3,False,0.37409640651208853
"(1,1)",0.5,0.02,64,31,5,True,0.7762671919166068
"(1,1)",0.5,0.02,65,44,5,True,0.5662431693421204
"(1,1)",0.5,0.02,66,28,5,True,0.7881773399014778
"(1,1)",0.5,0.02,67,29,5,True,0.7506172648190469
"(1,1)",0.5,0.02,68,21,5,True,0.7459610728716204
"(1,1)",0.5,0.02,69,24,5,True,0.7416663151953782
"(1,1)",0.5,0.02,70,18,5,True,0.7334256393549439
"(1,1)",0.5,0.02,71,70,3,False,0.3220673375754654
"(1,1)",0.5,0.02,72,30,5,True,0.6940354210876652
"(1,1)",0.5,0.02,73,30,5,True,0.6527196652719666
"(1,1)",0.5,0.02,74,17,5,True,0.7482976073284777
"(1,1)",0.5,0.02,75,16,5,True,0.7498297615065265
"(1,1)",0.5,0.02,76,18,5,True,0.749864584555896
"(1,1)",0.5,0.02,77,70,1,False,0.14637390856632423
"(1,1)",0.5,0.02,78,24,5,True,0.7463953616830085
"(1,1)",0.5,0.02,79,25,5,True,0.7511022368268263
"(1,1)",0.5,0.02,80,34,5,True,0.7733990147783252
"(1,1)",0.5,0.02,81,70,1,False,0.14933208039087734
"(1,1)",0.5,0.02,82,34,5,True,0.7412207989446542
"(1,1)",0.5,0.02,83,16,5,True,0.7373948998114124
"(1,1)",0.5,0.02,84,19,5,True,0.7466541229835812
"(1,1)",0.5,0.02,85,15,5,True,0.7956741060973277
"(1,1)",0.5,0.02,86,70,3,False,0.3221306501986914
"(1,1)",0.5,0.02,87,25,5,True,0.7986343553353863
"(1,1)",0.5,0.02,88,24,5,True,0.7537382314934465
"(1,1)",0.5,0.02,89,70,3,False,0.3171203633844687
"(1,1)",0.5,0.02,90,23,5,True,0.7860696517412935
"(1,1)",0.5,0.02,91,70,3,False,0.33704170321143856
"(1,1)",0.5,0.02,92,22,5,True,0.80642895358444
"(1,1)",0.5,0.02,93,24,5,True,0.7521486147440346
"(1,1)",0.5,0.02,94,32,5,True,0.7312532135415258
"(1,1)",0.5,0.02,95,11,5,True,0.8248313050132232
"(1,1)",0.5,0.02,96,21,5,True,0.8421052631578947
"(1,1)",0.5,0.02,97,12,5,True,0.8263157894736841
"(1,1)",0.5,0.02,98,25,5,True,0.7947281476693241
"(1,1)",0.5,0.02,99,13,5,True,0.7679488661577646
"(1,1)",0.5,0.02,100,36,5,True,0.756530638612709
"(1,1)",0.6,0.02,1,20,5,True,0.7933414253511357
"(1,1)",0.6,0.02,2,13,5,True,0.79309698916257
"(1,1)",0.6,0.02,3,13,5,True,0.824418030913146
"(1,1)",0.6,0.02,4,29,5,True,0.709065868338976
"(1,1)",0.6,0.02,5,33,5,True,0.7653233999322724
"(1,1)",0.6,0.02,6,22,5,True,0.7414611714216411
"(1,1)",0.6,0.02,7,70,3,False,0.36593706422352285
"(1,1)",0.6,0.02,8,70,2,False,0.2399501346639534
"(1,1)",0.6,0.02,9,70,3,False,0.32235010813396653
"(1,1)",0.6,0.02,10,22,5,True,0.763703959882414
"(1,1)",0.6,0.02,11,29,5,True,0.7211084194912889
"(1,1)",0.6,0.02,12,11,5,True,0.8387096774193549
"(1,1)",0.6,0.02,13,54,5,True,0.7281427044553778
"(1,1)",0.6,0.02,14,12,5,True,0.8279623786744724
"(1,1)",0.6,0.02,15,70,0,False,0.08682245655964288
"(1,1)",0.6,0.02,16,70,0,False,0.075293169693105
"(1,1)",0.6,0.02,17,22,5,True,0.7953577106518284
"(1,1)",0.6,0.02,18,36,5,True,0.7322232074486804
"(1,1)",0.6,0.02,19,65,5,True,0.7898796258088701
"(1,1)",0.6,0.02,20,24,5,True,0.7163472133894092
"(1,1)",0.6,0.02,21,70,3,False,0.32489068980525354
"(1,1)",0.6,0.02,22,36,5,True,0.6433952094780824
"(1,1)",0.6,0.02,23,70,1,False,0.14779770536847223
"(1,1)",0.6,0.02,24,48,5,True,0.6341463414634145
"(1,1)",0.6,0.02,25,70,3,False,0.33901997390039856
"(1,1)",0.6,0.02,26,70,2,False,0.231398062400204
"(1,1)",0.6,0.02,27,23,5,True,0.7970297029702971
"(1,1)",0.6,0.02,28,27,5,True,0.7345374022972969
"(1,1)",0.6,0.02,29,48,5,True,0.7623188405797101
"(1,1)",0.6,0.02,30,70,4,False,0.5853157741480374
"(1,1)",0.6,0.02,31,23,5,True,0.7814822395352848
"(1,1)",0.6,0.02,32,13,5,True,0.8323301207334469
"(1,1)",0.6,0.02,33,40,5,True,0.7447444276093524
"(1,1)",0.6,0.02,34,70,1,False,0.15289047578509507
"(1,1)",0.6,0.02,35,70,2,False,0.24355121015115316
"(1,1)",0.6,0.02,36,9,5,True,0.8315789473684211
"(1,1)",0.6,0.02,37,22,5,True,0.793065393050266
"(1,1)",0.6,0.02,38,40,5,True,0.656721029402415
"(1,1)",0.6,0.02,39,70,2,False,0.2496612404322352
"(1,1)",0.6,0.02,40,70,1,False,0.1859469921478889
"(1,1)",0.6,0.02,41,20,5,True,0.7751908398943462
"(1,1)",0.6,0.02,42,70,3,False,0.3345669765212809
"(1,1)",0.6,0.02,43,18,5,True,0.8163265306122449
"(1,1)",0.6,0.02,44,70,1,False,0.16272232465491757
"(1,1)",0.6,0.02,45,43,5,True,0.6775892188686268
"(1,1)",0.6,0.02,46,21,5,True,0.7592959848289252
"(1,1)",0.6,0.02,47,25,5,True,0.8106796116504854
"(1,1)",0.6,0.02,48,56,5,True,0.7632850241545893
"(1,1)",0.6,0.02,49,37,5,True,0.8034125370746825
"(1,1)",0.6,0.02,50,18,5,True,0.765459004626729
"(1,1)",0.6,0.02,51,29,5,True,0.7299779728429594
"(1,1)",0.6,0.02,52,70,3,False,0.42857142857142855
"(1,1)",0.6,0.02,53,12,5,True,0.8312320515514463
"(1,1)",0.6,0.02,54,21,5,True,0.7312797561308899
"(1,1)",0.6,0.02,55,14,5,True,0.8270841778138089
"(1,1)",0.6,0.02,56,25,5,True,0.7578741243779771
"(1,1)",0.6,0.02,57,29,5,True,0.734332326218085
"(1,1)",0.6,0.02,58,70,0,False,0.07743745690218669
"(1,1)",0.6,0.02,59,70,2,False,0.2628425193633465
"(1,1)",0.6,0.02,60,17,5,True,0.7774212281313448
"(1,1)",0.6,0.02,61,70,1,False,0.15373409260368673
"(1,1)",0.6,0.02,62,70,1,False,0.16627044534043237
"(1,1)",0.6,0.02,63,32,5,True,0.7426763328737236
"(1,1)",0.6,0.02,64,28,5,True,0.7807679500357978
"(1,1)",0.6,0.02,65,70,1,False,0.16097122189003968
"(1,1)",0.6,0.02,66,54,5,True,0.6448269001193792
"(1,1)",0.6,0.02,67,25,5,True,0.7184850877927572
"(1,1)",0.6,0.02,68,16,5,True,0.8171542553191491
"(1,1)",0.6,0.02,69,15,5,True,0.793065393050266
"(1,1)",0.6,0.02,70,51,5,True,0.7070613449144905
"(1,1)",0.6,0.02,71,29,5,True,0.7283436639248345
"(1,1)",0.6,0.02,72,26,5,True,0.7272927709637781
"(1,1)",0.6,0.02,73,12,5,True,0.8281249999999999
"(1,1)",0.6,0.02,74,33,5,True,0.8238341968911916
"(1,1)",0.6,0.02,75,48,5,True,0.652763665403942
"(1,1)",0.6,0.02,76,26,5,True,0.7056480665212073
"(1,1)",0.6,0.02,77,9,5,True,0.8369565217391305
"(1,1)",0.6,0.02,78,70,3,False,0.3148666816639677
"(1,1)",0.6,0.02,79,12,5,True,0.7887847692234721
"(1,1)",0.6,0.02,80,18,5,True,0.8341968911917097
"(1,1)",0.6,0.02,81,19,5,True,0.8012942519984774
"(1,1)",0.6,0.02,82,22,5,True,0.7037448125341512
"(1,1)",0.6,0.02,83,70,1,False,0.17133850967393044
"(1,1)",0.6,0.02,84,19,5,True,0.7991526611679947
"(1,1)",0.6,0.02,85,50,5,True,0.6473029045643154
"(1,1)",0.6,0.02,86,40,5,True,0.6862231561529243
"(1,1)",0.6,0.02,87,70,2,False,0.25036907889513577
"(1,1)",0.6,0.02,88,41,5,True,0.6324110671936758
"(1,1)",0.6,0.02,89,36,5,True,0.6961045020019465
"(1,1)",0.6,0.02,90,19,5,True,0.7759678634462673
"(1,1)",0.6,0.02,91,23,5,True,0.73428659511437
"(1,1)",0.6,0.02,92,23,5,True,0.7671338956736954
"(1,1)",0.6,0.02,93,25,5,True,0.7582938388625592
"(1,1)",0.6,0.02,94,70,4,False,0.3845813129833418
"(1,1)",0.6,0.02,95,19,5,True,0.7751658480814413
"(1,1)",0.6,0.02,96,40,5,True,0.5806209806817831
"(1,1)",0.6,0.02,97,13,5,True,0.8118458152017564
"(1,1)",0.6,0.02,98,56,5,True,0.7081622828997742
"(1,1)",0.6,0.02,99,15,5,True,0.7848240489509734
"(1,1)",0.6,0.02,100,27,5,True,0.7812485783329688
"(1,1)",0.7,0.02,1,70,2,False,0.2932338012822301
"(1,1)",0.7,0.02,2,28,5,True,0.7411585199028545
"(1,1)",0.7,0.02,3,24,5,True,0.7444219560524917
"(1,1)",0.7,0.02,4,38,5,True,0.6915621436716078
"(1,1)",0.7,0.02,5,16,5,True,0.8210526315789474
"(1,1)",0.7,0.02,6,27,5,True,0.7021675913683728
"(1,1)",0.7,0.02,7,27,5,True,0.737686686225178
"(1,1)",0.7,0.02,8,62,5,True,0.7860404435746902
"(1,1)",0.7,0.02,9,12,5,True,0.8404255319148937
"(1,1)",0.7,0.02,10,35,5,True,0.6546531573407072
"(1,1)",0.7,0.02,11,70,4,False,0.3769786977560169
"(1,1)",0.7,0.02,12,37,5,True,0.787128712871287
"(1,1)",0.7,0.02,13,70,2,False,0.2690512519862659
"(1,1)",0.7,0.02,14,70,1,False,0.17858783573796402
"(1,1)",0.7,0.02,15,17,5,True,0.7772277227722771
"(1,1)",0.7,0.02,16,33,5,True,0.669107257546564
"(1,1)",0.7,0.02,17,70,0,False,0.07725875052824471
"(1,1)",0.7,0.02,18,48,5,True,0.7579662944248289
"(1,1)",0.7,0.02,19,70,3,False,0.3116081479262024
"(1,1)",0.7,0.02,20,12,5,True,0.8141786704074998
"(1,1)",0.7,0.02,21,38,5,True,0.7327100883185542
"(1,1)",0.7,0.02,22,25,5,True,0.7300253153617626
"(1,1)",0.7,0.02,23,70,2,False,0.24126876382906368
"(1,1)",0.7,0.02,24,70,0,False,0.08453424696056291
"(1,1)",0.7,0.02,25,70,1,False,0.17499235005135555
"(1,1)",0.7,0.02,26,31,5,True,0.7834438837094345
"(1,1)",0.7,0.02,27,70,2,False,0.2546467533722059
"(1,1)",0.7,0.02,28,23,5,True,0.718971563055817
"(1,1)",0.7,0.02,29,29,5,True,0.8258706467661692
"(1,1)",0.7,0.02,30,70,3,False,0.3504520648300802
"(1,1)",0.7,0.02,31,70,0,False,0.08643059110484673
"(1,1)",0.7,0.02,32,40,5,True,0.773463418778697
"(1,1)",0.7,0.02,33,23,5,True,0.8026695739256718
"(1,1)",0.7,0.02,34,14,5,True,0.8030303030303031
"(1,1)",0.7,0.02,35,52,5,True,0.7185542601972008
"(1,1)",0.7,0.02,36,23,5,True,0.8119010108966784
"(1,1)",0.7,0.02,37,10,5,True,0.831578947368421
"(1,1)",0.7,0.02,38,31,5,True,0.7596153846153846
"(1,1)",0.7,0.02,39,17,5,True,0.7807261285893486
"(1,1)",0.7,0.02,40,30,5,True,0.7633692749835895
"(1,1)",0.7,0.02,41,70,0,False,0.08428746059762077
"(1,1)",0.7,0.02,42,33,5,True,0.7035333978702807
"(1,1)",0.7,0.02,43,18,5,True,0.7472609150470738
"(1,1)",0.7,0.02,44,19,5,True,0.7946587400499675
"(1,1)",0.7,0.02,45,70,2,False,0.2669176689111818
"(1,1)",0.7,0.02,46,19,5,True,0.7109377884523
"(1,1)",0.7,0.02,47,13,5,True,0.8175239907665067
"(1,1)",0.7,0.02,48,23,5,True,0.7547603652670294
"(1,1)",0.7,0.02,49,70,0,False,0.08768016387904426
"(1,1)",0.7,0.02,50,70,2,False,0.29427474083781785
"(1,1)",0.7,0.02,51,27,5,True,0.7532916889690673
"(1,1)",0.7,0.02,52,18,5,True,0.7266661542324933
"(1,1)",0.7,0.02,53,36,5,True,0.6779835082587998
"(1,1)",0.7,0.02,54,27,5,True,0.7114486425155729
"(1,1)",0.7,0.02,55,22,5,True,0.7436599426196426
"(1,1)",0.7,0.02,56,70,1,False,0.16725960429405276
"(1,1)",0.7,0.02,57,22,5,True,0.7434257285003554
"(1,1)",0.7,0.02,58,14,5,True,0.7495910247405517
"(1,1)",0.7,0.02,59,70,4,False,0.5822222222222222
"(1,1)",0.7,0.02,60,69,5,True,0.6274186567401748
"(1,1)",0.7,0.02,61,17,5,True,0.7790111846588661
"(1,1)",0.7,0.02,62,30,5,True,0.6771190006622282
"(1,1)",0.7,0.02,63,70,1,False,0.17076312813697475
"(1,1)",0.7,0.02,64,15,5,True,0.8010030116077324
"(1,1)",0.7,0.02,65,16,5,True,0.7732449780680373
"(1,1)",0.7,0.02,66,20,5,True,0.753591372361255
"(1,1)",0.7,0.02,67,29,5,True,0.6982689372773924
"(1,1)",0.7,0.02,68,48,5,True,0.7380952380952381
"(1,1)",0.7,0.02,69,11,5,True,0.815921246030655
"(1,1)",0.7,0.02,70,29,5,True,0.775967527783002
"(1,1)",0.7,0.02,71,18,5,True,0.7614109967585028
"(1,1)",0.7,0.02,72,32,5,True,0.7875548484141314
"(1,1)",0.7,0.02,73,18,5,True,0.7937912961337813
"(1,1)",0.7,0.02,74,21,5,True,0.8238341968911916
"(1,1)",0.7,0.02,75,39,5,True,0.7622746044496098
"(1,1)",0.7,0.02,76,22,5,True,0.7630331753554502
"(1,1)",0.7,0.02,77,16,5,True,0.8125
"(1,1)",0.7,0.02,78,70,0,False,0.09134883835081033
"(1,1)",0.7,0.02,79,70,0,False,0.08764197981081488
"(1,1)",0.7,0.02,80,40,5,True,0.691219083160189
"(1,1)",0.7,0.02,81,68,5,True,0.8031088082901554
"(1,1)",0.7,0.02,82,34,5,True,0.7824014257707397
"(1,1)",0.7,0.02,83,70,2,False,0.25132324860133104
"(1,1)",0.7,0.02,84,70,0,False,0.08099209401468493
"(1,1)",0.7,0.02,85,70,1,False,0.1617391992320532
"(1,1)",0.7,0.02,86,70,2,False,0.25862257314855874
"(1,1)",0.7,0.02,87,42,5,True,0.6944229956618417
"(1,1)",0.7,0.02,88,70,1,False,0.16051382671304137
"(1,1)",0.7,0.02,89,33,5,True,0.6965104312844981
"(1,1)",0.7,0.02,90,30,5,True,0.81
"(1,1)",0.7,0.02,91,21,5,True,0.7681313354010809
"(1,1)",0.7,0.02,92,17,5,True,0.785188687012205
"(1,1)",0.7,0.02,93,21,5,True,0.7529050302221107
"(1,1)",0.7,0.02,94,11,5,True,0.8238341968911916
"(1,1)",0.7,0.02,95,70,0,False,0.09013197196918951
"(1,1)",0.7,0.02,96,13,5,True,0.7634632379098318
"(1,1)",0.7,0.02,97,20,5,True,0.7636749503662628
"(1,1)",0.7,0.02,98,70,0,False,0.07255339572403027
"(1,1)",0.7,0.02,99,25,5,True,0.7222730979998494
"(1,1)",0.7,0.02,100,42,5,True,0.7284853172982935
"(1,1)",0.8,0.02,1,13,5,True,0.8387096774193549
"(1,1)",0.8,0.02,2,29,5,True,0.7644230769230769
"(1,1)",0.8,0.02,3,70,2,False,0.22774471613268887
"(1,1)",0.8,0.02,4,45,5,True,0.7815533980582524
"(1,1)",0.8,0.02,5,70,1,False,0.16760568961570363
"(1,1)",0.8,0.02,6,70,2,False,0.3036159674694387
"(1,1)",0.8,0.02,7,65,5,True,0.7881773399014778
"(1,1)",0.8,0.02,8,20,5,True,0.7546099905572023
"(1,1)",0.8,0.02,9,70,0,False,0.08772219591981957
"(1,1)",0.8,0.02,10,70,1,False,0.18021466251625884
"(1,1)",0.8,0.02,11,63,5,True,0.569634879165876
"(1,1)",0.8,0.02,12,30,5,True,0.7387796914014981
"(1,1)",0.8,0.02,13,70,2,False,0.25275796914257687
"(1,1)",0.8,0.02,14,40,5,True,0.7473762831167772
"(1,1)",0.8,0.02,15,22,5,True,0.7463094356700278
"(1,1)",0.8,0.02,16,21,5,True,0.7931486212091439
"(1,1)",0.8,0.02,17,43,5,True,0.6700981019554906
"(1,1)",0.8,0.02,18,16,5,True,0.7548937626778712
"(1,1)",0.8,0.02,19,40,5,True,0.6969302791398898
"(1,1)",0.8,0.02,20,41,5,True,0.6956986858104869
"(1,1)",0.8,0.02,21,17,5,True,0.8151295511865235
"(1,1)",0.8,0.02,22,48,5,True,0.7619047619047619
"(1,1)",0.8,0.02,23,17,5,True,0.8314049586776859
"(1,1)",0.8,0.02,24,34,5,True,0.6676355457498895
"(1,1)",0.8,0.02,25,51,5,True,0.6375890713349733
"(1,1)",0.8,0.02,26,47,5,True,0.8014434978302445
"(1,1)",0.8,0.02,27,22,5,True,0.8195121951219512
"(1,1)",0.8,0.02,28,61,5,True,0.6769683590875645
"(1,1)",0.8,0.02,29,53,5,True,0.6905009414432455
"(1,1)",0.8,0.02,30,70,2,False,0.25710382800296283
"(1,1)",0.8,0.02,31,24,5,True,0.7452830188679246
"(1,1)",0.8,0.02,32,57,5,True,0.7681392905692569
"(1,1)",0.8,0.02,33,42,5,True,0.6697775342998876
"(1,1)",0.8,0.02,34,70,2,False,0.2611546317956498
"(1,1)",0.8,0.02,35,21,5,True,0.7897927595893577
"(1,1)",0.8,0.02,36,28,5,True,0.8078205612180697
"(1,1)",0.8,0.02,37,21,5,True,0.8156971099992533
"(1,1)",0.8,0.02,38,70,0,False,0.0976890562042945
"(1,1)",0.8,0.02,39,70,1,False,0.18049616192767673
"(1,1)",0.8,0.02,40,13,5,True,0.8211038692054768
"(1,1)",0.8,0.02,41,70,2,False,0.2773447477114134
"(1,1)",0.8,0.02,42,16,5,True,0.7795882914791522
"(1,1)",0.8,0.02,43,70,2,False,0.2553397506178235
"(1,1)",0.8,0.02,44,21,5,True,0.762200250245282
"(1,1)",0.8,0.02,45,70,1,False,0.17382478419280276
"(1,1)",0.8,0.02,46,34,5,True,0.7486301672270066
"(1,1)",0.8,0.02,47,56,5,True,0.7080593850519886
"(1,1)",0.8,0.02,48,25,5,True,0.7071470260778884
"(1,1)",0.8,0.02,49,57,5,True,0.7840236686390532
"(1,1)",0.8,0.02,50,20,5,True,0.7567287784679089
"(1,1)",0.8,0.02,51,39,5,True,0.6309318450972831
"(1,1)",0.8,0.02,52,25,5,True,0.7696078431372549
"(1,1)",0.8,0.02,53,44,5,True,0.7314814814814815
"(1,1)",0.8,0.02,54,14,5,True,0.8153846153846154
"(1,1)",0.8,0.02,55,29,5,True,0.7404151314425154
"(1,1)",0.8,0.02,56,24,5,True,0.8
"(1,1)",0.8,0.02,57,70,2,False,0.2704761226484825
"(1,1)",0.8,0.02,58,70,2,False,0.24459569372267895
"(1,1)",0.8,0.02,59,22,5,True,0.759271919330029
"(1,1)",0.8,0.02,60,12,5,True,0.797462638489722
"(1,1)",0.8,0.02,61,66,5,True,0.7326106594399276
"(1,1)",0.8,0.02,62,70,4,False,0.39167513083951777
"(1,1)",0.8,0.02,63,70,4,False,0.5443094162645131
"(1,1)",0.8,0.02,64,30,5,True,0.6944020927033234
"(1,1)",0.8,0.02,65,70,1,False,0.17505199791651252
"(1,1)",0.8,0.02,66,70,3,False,0.37659741867439683
"(1,1)",0.8,0.02,67,35,5,True,0.6874896882978431
"(1,1)",0.8,0.02,68,21,5,True,0.7655502392344498
"(1,1)",0.8,0.02,69,29,5,True,0.7274350807795692
"(1,1)",0.8,0.02,70,18,5,True,0.7876188265695332
"(1,1)",0.8,0.02,71,32,5,True,0.7504502286263285
"(1,1)",0.8,0.02,72,53,5,True,0.692485882809021
"(1,1)",0.8,0.02,73,33,5,True,0.7640312173248486
"(1,1)",0.8,0.02,74,70,2,False,0.2546834068237772
"(1,1)",0.8,0.02,75,21,5,True,0.752686847575573
"(1,1)",0.8,0.02,76,70,2,False,0.2503166600216187
"(1,1)",0.8,0.02,77,19,5,True,0.7585625837763544
"(1,1)",0.8,0.02,78,31,5,True,0.7358490566037736
"(1,1)",0.8,0.02,79,28,5,True,0.7002427184466018
"(1,1)",0.8,0.02,80,17,5,True,0.7903909561940651
"(1,1)",0.8,0.02,81,30,5,True,0.8051282051282052
"(1,1)",0.8,0.02,82,29,5,True,0.7109626398400111
"(1,1)",0.8,0.02,83,70,1,False,0.19550731470414615
"(1,1)",0.8,0.02,84,70,3,False,0.34924863955586805
"(1,1)",0.8,0.02,85,70,1,False,0.16956556913541693
"(1,1)",0.8,0.02,86,70,2,False,0.23189235221148755
"(1,1)",0.8,0.02,87,70,0,False,0.0958948504228317
"(1,1)",0.8,0.02,88,22,5,True,0.7668985076642582
"(1,1)",0.8,0.02,89,70,2,False,0.25589905660250495
"(1,1)",0.8,0.02,90,57,5,True,0.75
"(1,1)",0.8,0.02,91,22,5,True,0.8014440433212997
"(1,1)",0.8,0.02,92,70,1,False,0.1831048070508199
"(1,1)",0.8,0.02,93,70,1,False,0.20450083468728678
"(1,1)",0.8,0.02,94,70,3,False,0.3019537807062239
"(1,1)",0.8,0.02,95,59,5,True,0.6008385478620294
"(1,1)",0.8,0.02,96,70,2,False,0.2856012799202268
"(1,1)",0.8,0.02,97,24,5,True,0.7809838637382339
"(1,1)",0.8,0.02,98,8,5,True,0.8297872340425531
"(1,1)",0.8,0.02,99,55,5,True,0.7729468599033816
"(1,1)",0.8,0.02,100,42,5,True,0.6187771685518549
"(1,1)",0.9,0.02,1,70,0,False,0.08610956524241908
"(1,1)",0.9,0.02,2,70,1,False,0.19101524502253117
"(1,1)",0.9,0.02,3,70,2,False,0.34270981012074203
"(1,1)",0.9,0.02,4,70,0,False,0.09933517651500015
"(1,1)",0.9,0.02,5,68,5,True,0.7155555555555555
"(1,1)",0.9,0.02,6,51,5,True,0.7195703445447087
"(1,1)",0.9,0.02,7,70,0,False,0.09439292305730586
"(1,1)",0.9,0.02,8,30,5,True,0.7384692777749658
"(1,1)",0.9,0.02,9,49,5,True,0.6654697738842859
"(1,1)",0.9,0.02,10,70,3,False,0.33425761995618014
"(1,1)",0.9,0.02,11,70,3,False,0.38635382766259285
"(1,1)",0.9,0.02,12,64,5,True,0.7531430852125323
"(1,1)",0.9,0.02,13,31,5,True,0.775874465056397
"(1,1)",0.9,0.02,14,28,5,True,0.7390594849687413
"(1,1)",0.9,0.02,15,37,5,True,0.6952776006209461
"(1,1)",0.9,0.02,16,70,1,False,0.17348498046903424
"(1,1)",0.9,0.02,17,26,5,True,0.8121827411167513
"(1,1)",0.9,0.02,18,16,5,True,0.8244680851063829
"(1,1)",0.9,0.02,19,35,5,True,0.7523809523809524
"(1,1)",0.9,0.02,20,28,5,True,0.7494732209053715
"(1,1)",0.9,0.02,21,12,5,True,0.8139841639347725
"(1,1)",0.9,0.02,22,70,4,False,0.41924202741060934
"(1,1)",0.9,0.02,23,16,5,True,0.8336120401337793
"(1,1)",0.9,0.02,24,17,5,True,0.8177083333333333
"(1,1)",0.9,0.02,25,70,1,False,0.1558138294690268
"(1,1)",0.9,0.02,26,62,5,True,0.7393364928909953
"(1,1)",0.9,0.02,27,70,0,False,0.0952750259797427
"(1,1)",0.9,0.02,28,58,5,True,0.7637382075471698
"(1,1)",0.9,0.02,29,29,5,True,0.6821899787056185
"(1,1)",0.9,0.02,30,70,3,False,0.30785651543857223
"(1,1)",0.9,0.02,31,21,5,True,0.7814833431199295
"(1,1)",0.9,0.02,32,70,0,False,0.08966649480951704
"(1,1)",0.9,0.02,33,13,5,True,0.8031804191719346
"(1,1)",0.9,0.02,34,45,5,True,0.8069306930693069
"(1,1)",0.9,0.02,35,13,5,True,0.7789548038013209
"(1,1)",0.9,0.02,36,70,2,False,0.24696975924929232
"(1,1)",0.9,0.02,37,70,1,False,0.1874324641613416
"(1,1)",0.9,0.02,38,56,5,True,0.6880064176424943
"(1,1)",0.9,0.02,39,53,5,True,0.7927384615384615
"(1,1)",0.9,0.02,40,20,5,True,0.8039215686274509
"(1,1)",0.9,0.02,41,70,0,False,0.0966020428197049
"(1,1)",0.9,0.02,42,70,0,False,0.09786707895478619
"(1,1)",0.9,0.02,43,70,0,False,0.09572465718024088
"(1,1)",0.9,0.02,44,70,1,False,0.18915457537263478
"(1,1)",0.9,0.02,45,25,5,True,0.787594593400696
"(1,1)",0.9,0.02,46,24,5,True,0.8358974358974359
"(1,1)",0.9,0.02,47,22,5,True,0.8069306930693069
"(1,1)",0.9,0.02,48,49,5,True,0.698402088171505
"(1,1)",0.9,0.02,49,70,0,False,0.09253267272997143
"(1,1)",0.9,0.02,50,25,5,True,0.7262688288322584
"(1,1)",0.9,0.02,51,29,5,True,0.7177113329924375
"(1,1)",0.9,0.02,52,70,3,False,0.4427650482593144
"(1,1)",0.9,0.02,53,53,5,True,0.6503885306323294
"(1,1)",0.9,0.02,54,27,5,True,0.756355815364253
"(1,1)",0.9,0.02,55,27,5,True,0.7947743845058989
"(1,1)",0.9,0.02,56,26,5,True,0.8197676134932469
"(1,1)",0.9,0.02,57,24,5,True,0.8153164556962025
"(1,1)",0.9,0.02,58,8,5,True,0.839572192513369
"(1,1)",0.9,0.02,59,47,5,True,0.6401667008991706
"(1,1)",0.9,0.02,60,27,5,True,0.7500362384417002
"(1,1)",0.9,0.02,61,25,5,True,0.7128254206843094
"(1,1)",0.9,0.02,62,70,2,False,0.22852870109383988
"(1,1)",0.9,0.02,63,70,0,False,0.08778722178394109
"(1,1)",0.9,0.02,64,17,5,True,0.7794117647058824
"(1,1)",0.9,0.02,65,70,1,False,0.18376599442450145
"(1,1)",0.9,0.02,66,31,5,True,0.7447916666666667
"(1,1)",0.9,0.02,67,37,5,True,0.6578405404207155
"(1,1)",0.9,0.02,68,17,5,True,0.793744691178255
"(1,1)",0.9,0.02,69,70,2,False,0.24419855580536864
"(1,1)",0.9,0.02,70,44,5,True,0.8298969072164948
"(1,1)",0.9,0.02,71,50,5,True,0.6599437150146988
"(1,1)",0.9,0.02,72,70,3,False,0.36780887795239636
"(1,1)",0.9,0.02,73,23,5,True,0.8324873096446701
"(1,1)",0.9,0.02,74,44,5,True,0.8113880388275589
"(1,1)",0.9,0.02,75,48,5,True,0.7305442125291391
"(1,1)",0.9,0.02,76,37,5,True,0.7363966903100259
"(1,1)",0.9,0.02,77,31,5,True,0.7634150955293524
"(1,1)",0.9,0.02,78,25,5,True,0.7624223338872838
"(1,1)",0.9,0.02,79,70,0,False,0.09426106042352023
"(1,1)",0.9,0.02,80,41,5,True,0.7142475636749058
"(1,1)",0.9,0.02,81,69,5,True,0.5189693704310602
"(1,1)",0.9,0.02,82,70,1,False,0.1853365316177518
"(1,1)",0.9,0.02,83,70,0,False,0.09312508414712241
"(1,1)",0.9,0.02,84,43,5,True,0.6381941592792096
"(1,1)",0.9,0.02,85,66,5,True,0.5799256505576208
"(1,1)",0.9,0.02,86,70,2,False,0.2527508947442573
"(1,1)",0.9,0.02,87,26,5,True,0.6826120818383483
"(1,1)",0.9,0.02,88,31,5,True,0.7469470586480047
"(1,1)",0.9,0.02,89,10,5,True,0.8387096774193549
"(1,1)",0.9,0.02,90,28,5,True,0.7639473730329657
"(1,1)",0.9,0.02,91,32,5,True,0.7384780486633958
"(1,1)",0.9,0.02,92,70,2,False,0.22683548142843812
"(1,1)",0.9,0.02,93,27,5,True,0.7786055623163456
"(1,1)",0.9,0.02,94,9,5,True,0.8287117273252455
"(1,1)",0.9,0.02,95,43,5,True,0.7559808612440191
"(1,1)",0.9,0.02,96,27,5,True,0.7651833193394906
"(1,1)",0.9,0.02,97,25,5,True,0.7785240483315141
"(1,1)",0.9,0.02,98,13,5,True,0.8186528497409326
"(1,1)",0.9,0.02,99,70,4,False,0.75
"(1,1)",0.9,0.02,100,44,5,True,0.6140828402366864
"(1,2)",0.1,0.02,1,70,0,False,0.055091733819622374
"(1,2)",0.1,0.02,2,34,5,True,0.7222222222222222
"(1,2)",0.1,0.02,3,34,5,True,0.7256637168141593
"(1,2)",0.1,0.02,4,25,5,True,0.6970945359930615
"(1,2)",0.1,0.02,5,24,5,True,0.726027397260274
"(1,2)",0.1,0.02,6,26,5,True,0.7082649131990506
"(1,2)",0.1,0.02,7,70,1,False,0.0715878904124036
"(1,2)",0.1,0.02,8,32,5,True,0.7235023041474654
"(1,2)",0.1,0.02,9,61,5,True,0.7297297297297297
"(1,2)",0.1,0.02,10,26,5,True,0.7272727272727273
"(1,2)",0.1,0.02,11,55,5,True,0.6835443037974683
"(1,2)",0.1,0.02,12,28,5,True,0.7235023041474654
"(1,2)",0.1,0.02,13,27,5,True,0.6973684210526316
"(1,2)",0.1,0.02,14,29,5,True,0.7123084021120623
"(1,2)",0.1,0.02,15,30,5,True,0.7222222222222222
"(1,2)",0.1,0.02,16,14,5,True,0.7247706422018348
"(1,2)",0.1,0.02,17,28,5,True,0.726027397260274
"(1,2)",0.1,0.02,18,59,5,True,0.7235023041474654
"(1,2)",0.1,0.02,19,20,5,True,0.726027397260274
"(1,2)",0.1,0.02,20,21,5,True,0.7244444444444444
"(1,2)",0.1,0.02,21,31,5,True,0.7239819004524887
"(1,2)",0.1,0.02,22,70,0,False,0.05894870454802996
"(1,2)",0.1,0.02,23,18,5,True,0.6997635933806147
"(1,2)",0.1,0.02,24,24,5,True,0.6548238603963242
"(1,2)",0.1,0.02,25,14,5,True,0.7247706422018348
"(1,2)",0.1,0.02,26,43,5,True,0.6991512103112228
"(1,2)",0.1,0.02,27,62,5,True,0.6997635933806147
"(1,2)",0.1,0.02,28,19,5,True,0.6918197635446136
"(1,2)",0.1,0.02,29,25,5,True,0.7285067873303167
"(1,2)",0.1,0.02,30,25,5,True,0.670911616657727
"(1,2)",0.1,0.02,31,27,5,True,0.726027397260274
"(1,2)",0.1,0.02,32,70,0,False,0.05907229689662105
"(1,2)",0.1,0.02,33,42,5,True,0.726027397260274
"(1,2)",0.1,0.02,34,38,5,True,0.7247706422018348
"(1,2)",0.1,0.02,35,20,5,True,0.6875957779047072
"(1,2)",0.1,0.02,36,43,5,True,0.7168141592920354
"(1,2)",0.1,0.02,37,54,5,True,0.7235023041474654
"(1,2)",0.1,0.02,38,50,5,True,0.7092511013215859
"(1,2)",0.1,0.02,39,28,5,True,0.7247706422018348
"(1,2)",0.1,0.02,40,19,5,True,0.704860493341362
"(1,2)",0.1,0.02,41,70,1,False,0.07722148029237218
"(1,2)",0.1,0.02,42,19,5,True,0.7297297297297297
"(1,2)",0.1,0.02,43,38,5,True,0.726027397260274
"(1,2)",0.1,0.02,44,48,5,True,0.726027397260274
"(1,2)",0.1,0.02,45,36,5,True,0.726027397260274
"(1,2)",0.1,0.02,46,55,5,True,0.7235023041474654
"(1,2)",0.1,0.02,47,44,5,True,0.7247706422018348
"(1,2)",0.1,0.02,48,38,5,True,0.6443223511176722
"(1,2)",0.1,0.02,49,21,5,True,0.6970385842687385
"(1,2)",0.1,0.02,50,13,5,True,0.7108688833124215
"(1,2)",0.1,0.02,51,19,5,True,0.7272727272727273
"(1,2)",0.1,0.02,52,20,5,True,0.7079646017699115
"(1,2)",0.1,0.02,53,45,5,True,0.6388271147467144
"(1,2)",0.1,0.02,54,33,5,True,0.6576578405992158
"(1,2)",0.1,0.02,55,43,5,True,0.7130044843049327
"(1,2)",0.1,0.02,56,70,3,False,0.07017543859649122
"(1,2)",0.1,0.02,57,40,5,True,0.659566332170381
"(1,2)",0.1,0.02,58,47,5,True,0.5926754731609939
"(1,2)",0.1,0.02,59,16,5,True,0.7133928571428572
"(1,2)",0.1,0.02,60,34,5,True,0.75
"(1,2)",0.1,0.02,61,12,5,True,0.7235023041474654
"(1,2)",0.1,0.02,62,23,5,True,0.7091931051711217
"(1,2)",0.1,0.02,63,34,5,True,0.6846317276487908
"(1,2)",0.1,0.02,64,19,5,True,0.7125828457672793
"(1,2)",0.1,0.02,65,32,5,True,0.7123346751006324
"(1,2)",0.1,0.02,66,57,5,True,0.7247706422018348
"(1,2)",0.1,0.02,67,31,5,True,0.7247706422018348
"(1,2)",0.1,0.02,68,42,5,True,0.7239819004524887
"(1,2)",0.1,0.02,69,46,5,True,0.7098214285714285
"(1,2)",0.1,0.02,70,28,5,True,0.7194570135746605
"(1,2)",0.1,0.02,71,58,5,True,0.6842311592541324
"(1,2)",0.1,0.02,72,46,5,True,0.7168949771689497
"(1,2)",0.1,0.02,73,15,5,True,0.726027397260274
"(1,2)",0.1,0.02,74,70,3,False,0.1739130434782609
"(1,2)",0.1,0.02,75,28,5,True,0.7272727272727273
"(1,2)",0.1,0.02,76,24,5,True,0.7048270554049034
"(1,2)",0.1,0.02,77,70,0,False,0.06380995181584685
"(1,2)",0.1,0.02,78,21,5,True,0.7222222222222222
"(1,2)",0.1,0.02,79,36,5,True,0.7201834862385321
"(1,2)",0.1,0.02,80,28,5,True,0.7285067873303167
"(1,2)",0.1,0.02,81,49,5,True,0.7222222222222222
"(1,2)",0.1,0.02,82,33,5,True,0.7164310954063605
"(1,2)",0.1,0.02,83,18,5,True,0.7247706422018348
"(1,2)",0.1,0.02,84,45,5,True,0.726027397260274
"(1,2)",0.1,0.02,85,70,0,False,0.055351343163593685
"(1,2)",0.1,0.02,86,70,1,False,0.07473794725178338
"(1,2)",0.1,0.02,87,36,5,True,0.7198275862068966
"(1,2)",0.1,0.02,88,23,5,True,0.7194570135746605
"(1,2)",0.1,0.02,89,23,5,True,0.6930768996152623
"(1,2)",0.1,0.02,90,18,5,True,0.678272105556572
"(1,2)",0.1,0.02,91,24,5,True,0.7239819004524887
"(1,2)",0.1,0.02,92,19,5,True,0.7235023041474654
"(1,2)",0.1,0.02,93,70,2,False,0.2532968842164857
"(1,2)",0.1,0.02,94,15,5,True,0.7125146198830409
"(1,2)",0.1,0.02,95,57,5,True,0.6621870736373711
"(1,2)",0.1,0.02,96,20,5,True,0.6694915254237288
"(1,2)",0.1,0.02,97,19,5,True,0.7066208624187866
"(1,2)",0.1,0.02,98,34,5,True,0.726027397260274
"(1,2)",0.1,0.02,99,24,5,True,0.7142857142857142
"(1,2)",0.1,0.02,100,18,5,True,0.6951272803092505
"(1,2)",0.2,0.02,1,23,5,True,0.7085201793721972
"(1,2)",0.2,0.02,2,70,3,False,0.42801204435027757
"(1,2)",0.2,0.02,3,37,5,True,0.6954981309188468
"(1,2)",0.2,0.02,4,23,5,True,0.6965475811012296
"(1,2)",0.2,0.02,5,33,5,True,0.6971280502567268
"(1,2)",0.2,0.02,6,26,5,True,0.6396407656682959
"(1,2)",0.2,0.02,7,32,5,True,0.7181818181818181
"(1,2)",0.2,0.02,8,17,5,True,0.6899424778870977
"(1,2)",0.2,0.02,9,23,5,True,0.65454162437214
"(1,2)",0.2,0.02,10,35,5,True,0.6652719665271967
"(1,2)",0.2,0.02,11,32,5,True,0.7013658379536947
"(1,2)",0.2,0.02,12,63,5,True,0.7285067873303167
"(1,2)",0.2,0.02,13,70,1,False,0.07437439166737886
"(1,2)",0.2,0.02,14,29,5,True,0.6964285714285714
"(1,2)",0.2,0.02,15,33,5,True,0.7149200710479574
"(1,2)",0.2,0.02,16,70,1,False,0.06976762970514602
"(1,2)",0.2,0.02,17,34,5,True,0.6265060240963856
"(1,2)",0.2,0.02,18,70,1,False,0.10793726643435082
"(1,2)",0.2,0.02,19,25,5,True,0.6317368588857308
"(1,2)",0.2,0.02,20,23,5,True,0.6460813320337578
"(1,2)",0.2,0.02,21,21,5,True,0.6730052209267293
"(1,2)",0.2,0.02,22,70,1,False,0.07499851504409803
"(1,2)",0.2,0.02,23,14,5,True,0.6665105249290043
"(1,2)",0.2,0.02,24,33,5,True,0.6600299900033322
"(1,2)",0.2,0.02,25,24,5,True,0.6783233690436334
"(1,2)",0.2,0.02,26,70,1,False,0.0743873523596716
"(1,2)",0.2,0.02,27,65,5,True,0.5526922161351379
"(1,2)",0.2,0.02,28,25,5,True,0.7149200710479574
"(1,2)",0.2,0.02,29,8,5,True,0.7066208624187866
"(1,2)",0.2,0.02,30,28,5,True,0.6673929453163706
"(1,2)",0.2,0.02,31,57,5,True,0.6722605450638923
"(1,2)",0.2,0.02,32,24,5,True,0.6910512170193436
"(1,2)",0.2,0.02,33,70,1,False,0.07405707978690731
"(1,2)",0.2,0.02,34,70,0,False,0.058335307624445956
"(1,2)",0.2,0.02,35,25,5,True,0.6810744979089111
"(1,2)",0.2,0.02,36,70,1,False,0.07440325168678787
"(1,2)",0.2,0.02,37,70,0,False,0.05359481232485334
"(1,2)",0.2,0.02,38,27,5,True,0.7222222222222222
"(1,2)",0.2,0.02,39,67,5,True,0.7117117117117117
"(1,2)",0.2,0.02,40,70,1,False,0.0835032088861188
"(1,2)",0.2,0.02,41,40,5,True,0.7072072072072072
"(1,2)",0.2,0.02,42,47,5,True,0.6056708178624349
"(1,2)",0.2,0.02,43,56,5,True,0.726027397260274
"(1,2)",0.2,0.02,44,25,5,True,0.6698570929385345
"(1,2)",0.2,0.02,45,28,5,True,0.6890157890361146
"(1,2)",0.2,0.02,46,31,5,True,0.6250566636446058
"(1,2)",0.2,0.02,47,21,5,True,0.7170515276797419
"(1,2)",0.2,0.02,48,42,5,True,0.7174887892376681
"(1,2)",0.2,0.02,49,25,5,True,0.7214611872146118
"(1,2)",0.2,0.02,50,44,5,True,0.6977777777777778
"(1,2)",0.2,0.02,51,70,3,False,0.32146330207344154
"(1,2)",0.2,0.02,52,70,0,False,0.06043931955435797
"(1,2)",0.2,0.02,53,19,5,True,0.7073761467889909
"(1,2)",0.2,0.02,54,27,5,True,0.6914913951411626
"(1,2)",0.2,0.02,55,70,1,False,0.08182015707968132
"(1,2)",0.2,0.02,56,26,5,True,0.6885964912280702
"(1,2)",0.2,0.02,57,19,5,True,0.7139070146818924
"(1,2)",0.2,0.02,58,15,5,True,0.7110606726216625
"(1,2)",0.2,0.02,59,58,5,True,0.6141732283464567
"(1,2)",0.2,0.02,60,30,5,True,0.6951226140339016
"(1,2)",0.2,0.02,61,70,5,True,0.6205533596837944
"(1,2)",0.2,0.02,62,70,2,False,0.23629995198364648
"(1,2)",0.2,0.02,63,70,1,False,0.07553663400488836
"(1,2)",0.2,0.02,64,22,5,True,0.726027397260274
"(1,2)",0.2,0.02,65,27,5,True,0.6924572857341297
"(1,2)",0.2,0.02,66,24,5,True,0.7222222222222222
"(1,2)",0.2,0.02,67,70,1,False,0.07388840281243514
"(1,2)",0.2,0.02,68,26,5,True,0.6926706104636721
"(1,2)",0.2,0.02,69,24,5,True,0.6677368269550453
"(1,2)",0.2,0.02,70,70,0,False,0.058093081636000035
"(1,2)",0.2,0.02,71,26,5,True,0.7247706422018348
"(1,2)",0.2,0.02,72,11,5,True,0.7222222222222222
"(1,2)",0.2,0.02,73,40,5,True,0.6421732873657482
"(1,2)",0.2,0.02,74,29,5,True,0.6872917037998854
"(1,2)",0.2,0.02,75,28,5,True,0.6439964246167834
"(1,2)",0.2,0.02,76,70,2,False,0.2425216839433044
"(1,2)",0.2,0.02,77,34,5,True,0.6290322580645161
"(1,2)",0.2,0.02,78,25,5,True,0.6576985898821266
"(1,2)",0.2,0.02,79,70,1,False,0.11446760717989977
"(1,2)",0.2,0.02,80,70,1,False,0.11178062752544266
"(1,2)",0.2,0.02,81,21,5,True,0.7142857142857142
"(1,2)",0.2,0.02,82,36,5,True,0.6663858697632056
"(1,2)",0.2,0.02,83,30,5,True,0.6794463200890097
"(1,2)",0.2,0.02,84,30,5,True,0.6549946433484318
"(1,2)",0.2,0.02,85,33,5,True,0.6565218279352983
"(1,2)",0.2,0.02,86,70,1,False,0.07609528943125055
"(1,2)",0.2,0.02,87,70,0,False,0.06907106801273746
"(1,2)",0.2,0.02,88,39,5,True,0.6650946933288615
"(1,2)",0.2,0.02,89,23,5,True,0.7168949771689497
"(1,2)",0.2,0.02,90,70,3,False,0.4015726712564563
"(1,2)",0.2,0.02,91,21,5,True,0.7247706422018348
"(1,2)",0.2,0.02,92,70,2,False,0.3229387534761028
"(1,2)",0.2,0.02,93,34,5,True,0.7012959866220735
"(1,2)",0.2,0.02,94,70,1,False,0.10552524397058638
"(1,2)",0.2,0.02,95,31,5,True,0.6391573293259483
"(1,2)",0.2,0.02,96,41,5,True,0.6749001378880426
"(1,2)",0.2,0.02,97,35,5,True,0.6303090821842501
"(1,2)",0.2,0.02,98,34,5,True,0.7029555054528344
"(1,2)",0.2,0.02,99,70,1,False,0.15294654073575223
"(1,2)",0.2,0.02,100,26,5,True,0.6767879553660964
"(1,2)",0.3,0.02,1,26,5,True,0.6794491307920304
"(1,2)",0.3,0.02,2,38,5,True,0.6099371575822057
"(1,2)",0.3,0.02,3,70,1,False,0.07233461269306315
"(1,2)",0.3,0.02,4,24,5,True,0.6367320541294325
"(1,2)",0.3,0.02,5,34,5,True,0.6622310375559134
"(1,2)",0.3,0.02,6,18,5,True,0.706487510145189
"(1,2)",0.3,0.02,7,70,1,False,0.07402174258732312
"(1,2)",0.3,0.02,8,24,5,True,0.6824101436315472
"(1,2)",0.3,0.02,9,52,5,True,0.6258381945511363
"(1,2)",0.3,0.02,10,70,3,False,0.3630753777047982
"(1,2)",0.3,0.02,11,11,5,True,0.7110091743119266
"(1,2)",0.3,0.02,12,47,5,True,0.5951665719774045
"(1,2)",0.3,0.02,13,30,5,True,0.6415855031580163
"(1,2)",0.3,0.02,14,22,5,True,0.678024253438764
"(1,2)",0.3,0.02,15,14,5,True,0.6652895196851761
"(1,2)",0.3,0.02,16,38,5,True,0.657611860079724
"(1,2)",0.3,0.02,17,70,3,False,0.29632651976791363
"(1,2)",0.3,0.02,18,21,5,True,0.7167479108635096
"(1,2)",0.3,0.02,19,36,5,True,0.6208440997613657
"(1,2)",0.3,0.02,20,70,1,False,0.07246290377719809
"(1,2)",0.3,0.02,21,16,5,True,0.6779779618245442
"(1,2)",0.3,0.02,22,70,1,False,0.11675230680675151
"(1,2)",0.3,0.02,23,34,5,True,0.6380972934471876
"(1,2)",0.3,0.02,24,18,5,True,0.7105263157894737
"(1,2)",0.3,0.02,25,30,5,True,0.6902654867256638
"(1,2)",0.3,0.02,26,14,5,True,0.7125828457672793
"(1,2)",0.3,0.02,27,20,5,True,0.7035333978702808
"(1,2)",0.3,0.02,28,20,5,True,0.7222222222222222
"(1,2)",0.3,0.02,29,25,5,True,0.7141417273995967
"(1,2)",0.3,0.02,30,23,5,True,0.6499611550710637
"(1,2)",0.3,0.02,31,33,5,True,0.648149455039496
"(1,2)",0.3,0.02,32,20,5,True,0.6475002911349984
"(1,2)",0.3,0.02,33,31,5,True,0.6937004235989068
"(1,2)",0.3,0.02,34,70,1,False,0.0743492003879598
"(1,2)",0.3,0.02,35,16,5,True,0.7097030884766499
"(1,2)",0.3,0.02,36,33,5,True,0.6045627376425855
"(1,2)",0.3,0.02,37,70,2,False,0.25691601963364996
"(1,2)",0.3,0.02,38,34,5,True,0.6520947413806486
"(1,2)",0.3,0.02,39,70,1,False,0.0646119727991969
"(1,2)",0.3,0.02,40,70,1,False,0.07401626141224651
"(1,2)",0.3,0.02,41,70,2,False,0.22309421219640097
"(1,2)",0.3,0.02,42,27,5,True,0.7201834862385321
"(1,2)",0.3,0.02,43,28,5,True,0.6748327222446966
"(1,2)",0.3,0.02,44,70,1,False,0.07482205509308358
"(1,2)",0.3,0.02,45,29,5,True,0.566825635560016
"(1,2)",0.3,0.02,46,33,5,True,0.6488992904406974
"(1,2)",0.3,0.02,47,27,5,True,0.7162162162162161
"(1,2)",0.3,0.02,48,19,5,True,0.6565329366102436
"(1,2)",0.3,0.02,49,36,5,True,0.6569386405608505
"(1,2)",0.3,0.02,50,49,5,True,0.7247706422018348
"(1,2)",0.3,0.02,51,70,2,False,0.2501195756593717
"(1,2)",0.3,0.02,52,29,5,True,0.6377552089495165
"(1,2)",0.3,0.02,53,29,5,True,0.6593101565344013
"(1,2)",0.3,0.02,54,32,5,True,0.6895694289485249
"(1,2)",0.3,0.02,55,43,5,True,0.7222222222222222
"(1,2)",0.3,0.02,56,24,5,True,0.7074863658899355
"(1,2)",0.3,0.02,57,27,5,True,0.6506024096385542
"(1,2)",0.3,0.02,58,34,5,True,0.6069462584454268
"(1,2)",0.3,0.02,59,24,5,True,0.6395798727989691
"(1,2)",0.3,0.02,60,13,5,True,0.7136363636363636
"(1,2)",0.3,0.02,61,70,2,False,0.22538618981550046
"(1,2)",0.3,0.02,62,29,5,True,0.6487299872665421
"(1,2)",0.3,0.02,63,16,5,True,0.7209302325581396
"(1,2)",0.3,0.02,64,31,5,True,0.6829414707353678
"(1,2)",0.3,0.02,65,25,5,True,0.7082649131990506
"(1,2)",0.3,0.02,66,23,5,True,0.6902654867256638
"(1,2)",0.3,0.02,67,17,5,True,0.6660406305093971
"(1,2)",0.3,0.02,68,28,5,True,0.6532052460109766
"(1,2)",0.3,0.02,69,25,5,True,0.6633842655969754
"(1,2)",0.3,0.02,70,30,5,True,0.7072072072072072
"(1,2)",0.3,0.02,71,20,5,True,0.7149200710479574
"(1,2)",0.3,0.02,72,70,3,False,0.28939471034505104
"(1,2)",0.3,0.02,73,33,5,True,0.6712166080872267
"(1,2)",0.3,0.02,74,35,5,True,0.6732880695677236
"(1,2)",0.3,0.02,75,47,5,True,0.6276066989501208
"(1,2)",0.3,0.02,76,28,5,True,0.6665908123907353
"(1,2)",0.3,0.02,77,26,5,True,0.6777122422441019
"(1,2)",0.3,0.02,78,25,5,True,0.6868131868131867
"(1,2)",0.3,0.02,79,50,5,True,0.6709956709956709
"(1,2)",0.3,0.02,80,66,5,True,0.5159258869959481
"(1,2)",0.3,0.02,81,32,5,True,0.6503291191044194
"(1,2)",0.3,0.02,82,70,2,False,0.23109367786641208
"(1,2)",0.3,0.02,83,70,4,False,0.3333155555444309
"(1,2)",0.3,0.02,84,32,5,True,0.6638452234448573
"(1,2)",0.3,0.02,85,40,5,True,0.7072072072072072
"(1,2)",0.3,0.02,86,37,5,True,0.7161016949152542
"(1,2)",0.3,0.02,87,19,5,True,0.7080743147781858
"(1,2)",0.3,0.02,88,21,5,True,0.6929824561403509
"(1,2)",0.3,0.02,89,37,5,True,0.7066666666666667
"(1,2)",0.3,0.02,90,50,5,True,0.6220472440944882
"(1,2)",0.3,0.02,91,38,5,True,0.6251236819691063
"(1,2)",0.3,0.02,92,29,5,True,0.6780373858321478
"(1,2)",0.3,0.02,93,20,5,True,0.6709401709401709
"(1,2)",0.3,0.02,94,28,5,True,0.6623143819445413
"(1,2)",0.3,0.02,95,18,5,True,0.705042671413657
"(1,2)",0.3,0.02,96,32,5,True,0.6627128855740445
"(1,2)",0.3,0.02,97,29,5,True,0.7123893805309734
"(1,2)",0.3,0.02,98,24,5,True,0.6885150505210813
"(1,2)",0.3,0.02,99,33,5,True,0.682179775846361
"(1,2)",0.3,0.02,100,35,5,True,0.5653606524885588
"(1,2)",0.4,0.02,1,39,5,True,0.6254980079681275
"(1,2)",0.4,0.02,2,20,5,True,0.7232142857142857
"(1,2)",0.4,0.02,3,40,5,True,0.679713338942776
"(1,2)",0.4,0.02,4,68,5,True,0.5577724249723522
"(1,2)",0.4,0.02,5,35,5,True,0.577318649225145
"(1,2)",0.4,0.02,6,17,5,True,0.6946902654867256
"(1,2)",0.4,0.02,7,28,5,True,0.648980923136034
"(1,2)",0.4,0.02,8,35,5,True,0.7136363636363636
"(1,2)",0.4,0.02,9,44,5,True,0.625
"(1,2)",0.4,0.02,10,70,1,False,0.14781533983875492
"(1,2)",0.4,0.02,11,25,5,True,0.6210385446783718
"(1,2)",0.4,0.02,12,16,5,True,0.6772015340207728
"(1,2)",0.4,0.02,13,22,5,True,0.6443317045168577
"(1,2)",0.4,0.02,14,30,5,True,0.6299367635766051
"(1,2)",0.4,0.02,15,23,5,True,0.6660921418672096
"(1,2)",0.4,0.02,16,26,5,True,0.6792963007958698
"(1,2)",0.4,0.02,17,35,5,True,0.5819095304434148
"(1,2)",0.4,0.02,18,20,5,True,0.6992935658432052
"(1,2)",0.4,0.02,19,19,5,True,0.6752545337512196
"(1,2)",0.4,0.02,20,21,5,True,0.7082649131990506
"(1,2)",0.4,0.02,21,13,5,True,0.6809927688510548
"(1,2)",0.4,0.02,22,11,5,True,0.7003424657534246
"(1,2)",0.4,0.02,23,24,5,True,0.6323266856340231
"(1,2)",0.4,0.02,24,60,5,True,0.6737465955780324
"(1,2)",0.4,0.02,25,24,5,True,0.6707207873774619
"(1,2)",0.4,0.02,26,36,5,True,0.6722689075630252
"(1,2)",0.4,0.02,27,31,5,True,0.6325729884307683
"(1,2)",0.4,0.02,28,27,5,True,0.6638297872340425
"(1,2)",0.4,0.02,29,24,5,True,0.689991432990372
"(1,2)",0.4,0.02,30,24,5,True,0.6461742959727305
"(1,2)",0.4,0.02,31,23,5,True,0.639867104257556
"(1,2)",0.4,0.02,32,35,5,True,0.6570082921164483
"(1,2)",0.4,0.02,33,25,5,True,0.7085201793721972
"(1,2)",0.4,0.02,34,12,5,True,0.7188940092165899
"(1,2)",0.4,0.02,35,36,5,True,0.682192209826273
"(1,2)",0.4,0.02,36,59,5,True,0.6250000000000001
"(1,2)",0.4,0.02,37,59,5,True,0.5925067024474078
"(1,2)",0.4,0.02,38,70,3,False,0.2988579867503526
"(1,2)",0.4,0.02,39,39,5,True,0.5797276626324971
"(1,2)",0.4,0.02,40,51,5,True,0.593984962406015
"(1,2)",0.4,0.02,41,70,1,False,0.13923599973964768
"(1,2)",0.4,0.02,42,30,5,True,0.6685436758422746
"(1,2)",0.4,0.02,43,44,5,True,0.6566951148867004
"(1,2)",0.4,0.02,44,59,5,True,0.6596491383621362
"(1,2)",0.4,0.02,45,21,5,True,0.6624884153114009
"(1,2)",0.4,0.02,46,22,5,True,0.678139650891597
"(1,2)",0.4,0.02,47,19,5,True,0.6870917558825949
"(1,2)",0.4,0.02,48,70,1,False,0.13471902394691135
"(1,2)",0.4,0.02,49,20,5,True,0.6514962911709877
"(1,2)",0.4,0.02,50,70,1,False,0.1375800966885442
"(1,2)",0.4,0.02,51,14,5,True,0.7001860187548642
"(1,2)",0.4,0.02,52,38,5,True,0.6543969849246233
"(1,2)",0.4,0.02,53,22,5,True,0.6781789981720397
"(1,2)",0.4,0.02,54,13,5,True,0.6781568852264268
"(1,2)",0.4,0.02,55,23,5,True,0.6481763434498934
"(1,2)",0.4,0.02,56,21,5,True,0.6574887476955952
"(1,2)",0.4,0.02,57,18,5,True,0.6709721666571412
"(1,2)",0.4,0.02,58,24,5,True,0.6835443037974683
"(1,2)",0.4,0.02,59,70,2,False,0.2608047118803856
"(1,2)",0.4,0.02,60,37,5,True,0.6755032605613837
"(1,2)",0.4,0.02,61,34,5,True,0.7089356110381076
"(1,2)",0.4,0.02,62,37,5,True,0.5538739254808713
"(1,2)",0.4,0.02,63,15,5,True,0.701949860724234
"(1,2)",0.4,0.02,64,68,5,True,0.6448528912163464
"(1,2)",0.4,0.02,65,21,5,True,0.6437680817303751
"(1,2)",0.4,0.02,66,21,5,True,0.6459855630012493
"(1,2)",0.4,0.02,67,27,5,True,0.7048270554049034
"(1,2)",0.4,0.02,68,26,5,True,0.6794647027464066
"(1,2)",0.4,0.02,69,28,5,True,0.6541217071890707
"(1,2)",0.4,0.02,70,70,4,False,0.5244010218162823
"(1,2)",0.4,0.02,71,28,5,True,0.6058528752589464
"(1,2)",0.4,0.02,72,61,5,True,0.671965104243679
"(1,2)",0.4,0.02,73,70,2,False,0.24194891807827387
"(1,2)",0.4,0.02,74,70,1,False,0.12433824270296662
"(1,2)",0.4,0.02,75,24,5,True,0.6759327309529466
"(1,2)",0.4,0.02,76,22,5,True,0.6735789840753225
"(1,2)",0.4,0.02,77,70,1,False,0.1375021614670013
"(1,2)",0.4,0.02,78,67,5,True,0.5126967426803988
"(1,2)",0.4,0.02,79,40,5,True,0.6131192033239038
"(1,2)",0.4,0.02,80,21,5,True,0.7152109224575529
"(1,2)",0.4,0.02,81,18,5,True,0.6875957779047072
"(1,2)",0.4,0.02,82,33,5,True,0.6494094694442439
"(1,2)",0.4,0.02,83,18,5,True,0.6781568852264268
"(1,2)",0.4,0.02,84,23,5,True,0.6899563318777293
"(1,2)",0.4,0.02,85,70,1,False,0.1384795886187023
"(1,2)",0.4,0.02,86,70,1,False,0.13789237599954451
"(1,2)",0.4,0.02,87,70,4,False,0.3400473035670806
"(1,2)",0.4,0.02,88,70,1,False,0.07232425370579715
"(1,2)",0.4,0.02,89,22,5,True,0.6746269950660813
"(1,2)",0.4,0.02,90,70,1,False,0.13295559227260279
"(1,2)",0.4,0.02,91,70,4,False,0.4867987057058388
"(1,2)",0.4,0.02,92,43,5,True,0.6446100941612364
"(1,2)",0.4,0.02,93,22,5,True,0.7050809044431562
"(1,2)",0.4,0.02,94,25,5,True,0.6300201141760594
"(1,2)",0.4,0.02,95,70,2,False,0.33525424864468134
"(1,2)",0.4,0.02,96,12,5,True,0.7181818181818181
"(1,2)",0.4,0.02,97,13,5,True,0.7120863563970979
"(1,2)",0.4,0.02,98,17,5,True,0.6794647027464067
"(1,2)",0.4,0.02,99,70,1,False,0.1484686486514135
"(1,2)",0.4,0.02,100,70,3,False,0.27703365493981186
"(1,2)",0.5,0.02,1,28,5,True,0.6704894726152596
"(1,2)",0.5,0.02,2,70,3,False,0.3896393586543947
"(1,2)",0.5,0.02,3,70,1,False,0.07534530053911691
"(1,2)",0.5,0.02,4,70,0,False,0.07830004547952255
"(1,2)",0.5,0.02,5,70,2,False,0.224056633949908
"(1,2)",0.5,0.02,6,26,5,True,0.6494922125144994
"(1,2)",0.5,0.02,7,26,5,True,0.6514136069651864
"(1,2)",0.5,0.02,8,57,5,True,0.5982841728078775
"(1,2)",0.5,0.02,9,53,5,True,0.7042489126798259
"(1,2)",0.5,0.02,10,43,5,True,0.5456475865405196
"(1,2)",0.5,0.02,11,21,5,True,0.676730059893985
"(1,2)",0.5,0.02,12,70,3,False,0.46511627906976744
"(1,2)",0.5,0.02,13,45,5,True,0.668802394098622
"(1,2)",0.5,0.02,14,24,5,True,0.615686274509804
"(1,2)",0.5,0.02,15,28,5,True,0.6242911831577664
"(1,2)",0.5,0.02,16,38,5,True,0.631578947368421
"(1,2)",0.5,0.02,17,70,2,False,0.32089531938813876
"(1,2)",0.5,0.02,18,70,1,False,0.1399102326732922
"(1,2)",0.5,0.02,19,20,5,True,0.6715064911414607
"(1,2)",0.5,0.02,20,19,5,True,0.6691868882847196
"(1,2)",0.5,0.02,21,15,5,True,0.7047696621814291
"(1,2)",0.5,0.02,22,14,5,True,0.7235023041474654
"(1,2)",0.5,0.02,23,57,5,True,0.6137632617144377
"(1,2)",0.5,0.02,24,63,5,True,0.7139070146818924
"(1,2)",0.5,0.02,25,70,1,False,0.15773941627865684
"(1,2)",0.5,0.02,26,70,3,False,0.32605641313867134
"(1,2)",0.5,0.02,27,14,5,True,0.6779348632307658
"(1,2)",0.5,0.02,28,21,5,True,0.6565067530858478
"(1,2)",0.5,0.02,29,35,5,True,0.6046511627906976
"(1,2)",0.5,0.02,30,70,4,False,0.4694446614973432
"(1,2)",0.5,0.02,31,30,5,True,0.6620243783035791
"(1,2)",0.5,0.02,32,70,1,False,0.1361621436921164
"(1,2)",0.5,0.02,33,70,2,False,0.24262438302550357
"(1,2)",0.5,0.02,34,58,5,True,0.7222222222222222
"(1,2)",0.5,0.02,35,70,3,False,0.29881691395089144
"(1,2)",0.5,0.02,36,70,3,False,0.4575755994733547
"(1,2)",0.5,0.02,37,70,3,False,0.2682240386332688
"(1,2)",0.5,0.02,38,40,5,True,0.656100339202209
"(1,2)",0.5,0.02,39,27,5,True,0.6694304699693289
"(1,2)",0.5,0.02,40,23,5,True,0.7168949771689497
"(1,2)",0.5,0.02,41,13,5,True,0.6934132598415863
"(1,2)",0.5,0.02,42,32,5,True,0.6624908599687227
"(1,2)",0.5,0.02,43,17,5,True,0.676171445069745
"(1,2)",0.5,0.02,44,70,1,False,0.14891851828281408
"(1,2)",0.5,0.02,45,70,1,False,0.06970299581055431
"(1,2)",0.5,0.02,46,18,5,True,0.7066666666666667
"(1,2)",0.5,0.02,47,24,5,True,0.7072072072072072
"(1,2)",0.5,0.02,48,70,2,False,0.2417502132053775
"(1,2)",0.5,0.02,49,14,5,True,0.7236842105263158
"(1,2)",0.5,0.02,50,44,5,True,0.6642501132759402
"(1,2)",0.5,0.02,51,70,3,False,0.2914884280324022
"(1,2)",0.5,0.02,52,70,1,False,0.17483148774153717
"(1,2)",0.5,0.02,53,34,5,True,0.6123185170634141
"(1,2)",0.5,0.02,54,34,5,True,0.6082382467799528
"(1,2)",0.5,0.02,55,48,5,True,0.630823765180701
"(1,2)",0.5,0.02,56,10,5,True,0.7222222222222222
"(1,2)",0.5,0.02,57,15,5,True,0.7037705013632851
"(1,2)",0.5,0.02,58,66,5,True,0.5947186276514458
"(1,2)",0.5,0.02,59,23,5,True,0.6886786850360542
"(1,2)",0.5,0.02,60,21,5,True,0.682608695652174
"(1,2)",0.5,0.02,61,25,5,True,0.60544684050141
"(1,2)",0.5,0.02,62,45,5,True,0.5658455722201716
"(1,2)",0.5,0.02,63,14,5,True,0.7013863618953283
"(1,2)",0.5,0.02,64,16,5,True,0.7038586398237889
"(1,2)",0.5,0.02,65,21,5,True,0.7181818181818183
"(1,2)",0.5,0.02,66,19,5,True,0.6701001473404047
"(1,2)",0.5,0.02,67,46,5,True,0.5715629053198739
"(1,2)",0.5,0.02,68,44,5,True,0.5723381758560143
"(1,2)",0.5,0.02,69,25,5,True,0.6765628713240012
"(1,2)",0.5,0.02,70,21,5,True,0.654736445348541
"(1,2)",0.5,0.02,71,25,5,True,0.6799705956628326
"(1,2)",0.5,0.02,72,21,5,True,0.7050267379679144
"(1,2)",0.5,0.02,73,18,5,True,0.683085543856478
"(1,2)",0.5,0.02,74,70,1,False,0.13627714361703497
"(1,2)",0.5,0.02,75,21,5,True,0.6445777483832488
"(1,2)",0.5,0.02,76,70,3,False,0.2813254485636292
"(1,2)",0.5,0.02,77,34,5,True,0.6338900515456516
"(1,2)",0.5,0.02,78,46,5,True,0.5896006658390812
"(1,2)",0.5,0.02,79,15,5,True,0.653144828100741
"(1,2)",0.5,0.02,80,30,5,True,0.6435418660143976
"(1,2)",0.5,0.02,81,26,5,True,0.7136363636363636
"(1,2)",0.5,0.02,82,70,2,False,0.24191107412941457
"(1,2)",0.5,0.02,83,20,5,True,0.7110606726216625
"(1,2)",0.5,0.02,84,70,2,False,0.22560216741612074
"(1,2)",0.5,0.02,85,70,3,False,0.31724914410881816
"(1,2)",0.5,0.02,86,31,5,True,0.5853751564954058
"(1,2)",0.5,0.02,87,70,2,False,0.22771536934636574
"(1,2)",0.5,0.02,88,42,5,True,0.6221612593688152
"(1,2)",0.5,0.02,89,26,5,True,0.6494791666666668
"(1,2)",0.5,0.02,90,31,5,True,0.7008928571428571
"(1,2)",0.5,0.02,91,41,5,True,0.5672763331782351
"(1,2)",0.5,0.02,92,18,5,True,0.666598334919616
"(1,2)",0.5,0.02,93,70,1,False,0.1449463608953653
"(1,2)",0.5,0.02,94,22,5,True,0.6983045108826932
"(1,2)",0.5,0.02,95,70,1,False,0.13627166686455486
"(1,2)",0.5,0.02,96,39,5,True,0.6280173616557848
"(1,2)",0.5,0.02,97,20,5,True,0.6867574371387544
"(1,2)",0.5,0.02,98,23,5,True,0.7047849993366453
"(1,2)",0.5,0.02,99,16,5,True,0.6797883436213129
"(1,2)",0.5,0.02,100,37,5,True,0.6671189190701317
"(1,2)",0.6,0.02,1,70,3,False,0.3529331769511182
"(1,2)",0.6,0.02,2,21,5,True,0.6943439478732912
"(1,2)",0.6,0.02,3,20,5,True,0.6750265943835388
"(1,2)",0.6,0.02,4,70,1,False,0.14276848158694866
"(1,2)",0.6,0.02,5,70,3,False,0.2848679485740353
"(1,2)",0.6,0.02,6,70,1,False,0.151879436864516
"(1,2)",0.6,0.02,7,70,1,False,0.12986532299809925
"(1,2)",0.6,0.02,8,70,3,False,0.30659860577736847
"(1,2)",0.6,0.02,9,23,5,True,0.6760914215793383
"(1,2)",0.6,0.02,10,70,1,False,0.13797355214540596
"(1,2)",0.6,0.02,11,70,3,False,0.28331164825970834
"(1,2)",0.6,0.02,12,70,1,False,0.14927282414207113
"(1,2)",0.6,0.02,13,70,4,False,0.3450743393029022
"(1,2)",0.6,0.02,14,16,5,True,0.6801858748276495
"(1,2)",0.6,0.02,15,32,5,True,0.5880949069188276
"(1,2)",0.6,0.02,16,36,5,True,0.626790028876186
"(1,2)",0.6,0.02,17,58,5,True,0.5006563518244125
"(1,2)",0.6,0.02,18,33,5,True,0.7117117117117117
"(1,2)",0.6,0.02,19,31,5,True,0.6417185707305962
"(1,2)",0.6,0.02,20,29,5,True,0.645837908940755
"(1,2)",0.6,0.02,21,13,5,True,0.7222222222222222
"(1,2)",0.6,0.02,22,25,5,True,0.6427711777013038
"(1,2)",0.6,0.02,23,70,3,False,0.3628456002190066
"(1,2)",0.6,0.02,24,20,5,True,0.6805632038354474
"(1,2)",0.6,0.02,25,70,0,False,0.0723374612446048
"(1,2)",0.6,0.02,26,27,5,True,0.662182869315547
"(1,2)",0.6,0.02,27,70,2,False,0.2200028985300762
"(1,2)",0.6,0.02,28,15,5,True,0.673459935156713
"(1,2)",0.6,0.02,29,18,5,True,0.6614476350082201
"(1,2)",0.6,0.02,30,22,5,True,0.6823617991341154
"(1,2)",0.6,0.02,31,70,3,False,0.2899624215457703
"(1,2)",0.6,0.02,32,70,4,False,0.3358961919916383
"(1,2)",0.6,0.02,33,24,5,True,0.690036617550255
"(1,2)",0.6,0.02,34,70,1,False,0.1413784018854233
"(1,2)",0.6,0.02,35,12,5,True,0.6706918812662326
"(1,2)",0.6,0.02,36,25,5,True,0.6976347797080515
"(1,2)",0.6,0.02,37,66,5,True,0.5944360850830996
"(1,2)",0.6,0.02,38,32,5,True,0.6337209302325583
"(1,2)",0.6,0.02,39,26,5,True,0.7149321266968325
"(1,2)",0.6,0.02,40,70,3,False,0.2956307517399468
"(1,2)",0.6,0.02,41,42,5,True,0.5945945945945946
"(1,2)",0.6,0.02,42,24,5,True,0.6415543565155393
"(1,2)",0.6,0.02,43,36,5,True,0.6596638655462185
"(1,2)",0.6,0.02,44,70,1,False,0.14707286586398688
"(1,2)",0.6,0.02,45,70,2,False,0.21756242061361822
"(1,2)",0.6,0.02,46,70,1,False,0.14435029506137512
"(1,2)",0.6,0.02,47,15,5,True,0.7200000000000001
"(1,2)",0.6,0.02,48,25,5,True,0.6489460156788478
"(1,2)",0.6,0.02,49,70,1,False,0.15306842263900025
"(1,2)",0.6,0.02,50,22,5,True,0.6317933254441641
"(1,2)",0.6,0.02,51,57,5,True,0.6360153256704981
"(1,2)",0.6,0.02,52,27,5,True,0.6511868974810823
"(1,2)",0.6,0.02,53,23,5,True,0.6725600423480322
"(1,2)",0.6,0.02,54,36,5,True,0.639087189800308
"(1,2)",0.6,0.02,55,19,5,True,0.6782608695652174
"(1,2)",0.6,0.02,56,70,5,True,0.475348669376023
"(1,2)",0.6,0.02,57,70,2,False,0.33962264150943394
"(1,2)",0.6,0.02,58,23,5,True,0.6403347188601568
"(1,2)",0.6,0.02,59,23,5,True,0.6543646359570302
"(1,2)",0.6,0.02,60,27,5,True,0.6434782608695653
"(1,2)",0.6,0.02,61,27,5,True,0.6140798436468327
"(1,2)",0.6,0.02,62,70,1,False,0.13848525590040045
"(1,2)",0.6,0.02,63,70,1,False,0.14039724638049525
"(1,2)",0.6,0.02,64,21,5,True,0.7128167281672817
"(1,2)",0.6,0.02,65,70,0,False,0.07221714745417693
"(1,2)",0.6,0.02,66,20,5,True,0.65489686351253
"(1,2)",0.6,0.02,67,70,1,False,0.13297959801963802
"(1,2)",0.6,0.02,68,65,5,True,0.6097625887104654
"(1,2)",0.6,0.02,69,22,5,True,0.7149200710479574
"(1,2)",0.6,0.02,70,70,0,False,0.08280406224814008
"(1,2)",0.6,0.02,71,16,5,True,0.6895342233109684
"(1,2)",0.6,0.02,72,70,0,False,0.06975847958905818
"(1,2)",0.6,0.02,73,15,5,True,0.6995515695067265
"(1,2)",0.6,0.02,74,13,5,True,0.6995221738570416
"(1,2)",0.6,0.02,75,70,2,False,0.24619613634729826
"(1,2)",0.6,0.02,76,12,5,True,0.6920494805137738
"(1,2)",0.6,0.02,77,16,5,True,0.6873126183324846
"(1,2)",0.6,0.02,78,70,1,False,0.15881791746066334
"(1,2)",0.6,0.02,79,12,5,True,0.7164310954063605
"(1,2)",0.6,0.02,80,70,4,False,0.4365959165655451
"(1,2)",0.6,0.02,81,21,5,True,0.6765734844184311
"(1,2)",0.6,0.02,82,15,5,True,0.6903067336685293
"(1,2)",0.6,0.02,83,11,5,True,0.6920494805137738
"(1,2)",0.6,0.02,84,55,5,True,0.6515915296481412
"(1,2)",0.6,0.02,85,40,5,True,0.6278338902180403
"(1,2)",0.6,0.02,86,30,5,True,0.669725195295353
"(1,2)",0.6,0.02,87,34,5,True,0.6476833049474717
"(1,2)",0.6,0.02,88,38,5,True,0.6639676113360323
"(1,2)",0.6,0.02,89,11,5,True,0.7164310954063605
"(1,2)",0.6,0.02,90,24,5,True,0.659736732747354
"(1,2)",0.6,0.02,91,47,5,True,0.5783476527783311
"(1,2)",0.6,0.02,92,17,5,True,0.7038586398237889
"(1,2)",0.6,0.02,93,70,3,False,0.3040933127544974
"(1,2)",0.6,0.02,94,70,2,False,0.21771980788019746
"(1,2)",0.6,0.02,95,10,5,True,0.6937278376081941
"(1,2)",0.6,0.02,96,70,1,False,0.15402169167477378
"(1,2)",0.6,0.02,97,31,5,True,0.6886363636363637
"(1,2)",0.6,0.02,98,70,4,False,0.640458708261679
"(1,2)",0.6,0.02,99,17,5,True,0.6892303110851307
"(1,2)",0.6,0.02,100,70,1,False,0.13137978921330554
"(1,2)",0.7,0.02,1,70,0,False,0.08574668911746411
"(1,2)",0.7,0.02,2,16,5,True,0.6773598437541212
"(1,2)",0.7,0.02,3,70,0,False,0.07770936612855754
"(1,2)",0.7,0.02,4,31,5,True,0.6383437427963421
"(1,2)",0.7,0.02,5,70,1,False,0.14744491990877512
"(1,2)",0.7,0.02,6,70,4,False,0.363872448939874
"(1,2)",0.7,0.02,7,24,5,True,0.6665983349196161
"(1,2)",0.7,0.02,8,32,5,True,0.5459851681098696
"(1,2)",0.7,0.02,9,18,5,True,0.6603533679333432
"(1,2)",0.7,0.02,10,32,5,True,0.6948216775010077
"(1,2)",0.7,0.02,11,21,5,True,0.6663589537502049
"(1,2)",0.7,0.02,12,25,5,True,0.6108949416342413
"(1,2)",0.7,0.02,13,70,1,False,0.15835067393225785
"(1,2)",0.7,0.02,14,70,2,False,0.22492165191181196
"(1,2)",0.7,0.02,15,70,0,False,0.07950589815699705
"(1,2)",0.7,0.02,16,18,5,True,0.6814323182090688
"(1,2)",0.7,0.02,17,70,1,False,0.15051756072237454
"(1,2)",0.7,0.02,18,17,5,True,0.6992300537412155
"(1,2)",0.7,0.02,19,21,5,True,0.5946533455344205
"(1,2)",0.7,0.02,20,35,5,True,0.6334041936993255
"(1,2)",0.7,0.02,21,26,5,True,0.6449656894616393
"(1,2)",0.7,0.02,22,24,5,True,0.6135641728714817
"(1,2)",0.7,0.02,23,30,5,True,0.6039685744219861
"(1,2)",0.7,0.02,24,70,2,False,0.2181401834432012
"(1,2)",0.7,0.02,25,70,0,False,0.07883793856413743
"(1,2)",0.7,0.02,26,32,5,True,0.6626789607625709
"(1,2)",0.7,0.02,27,20,5,True,0.6781906973277632
"(1,2)",0.7,0.02,28,70,1,False,0.15552846807499288
"(1,2)",0.7,0.02,29,28,5,True,0.6091790594079683
"(1,2)",0.7,0.02,30,33,5,True,0.6048569426648329
"(1,2)",0.7,0.02,31,65,5,True,0.6808510638297872
"(1,2)",0.7,0.02,32,27,5,True,0.6921032649962036
"(1,2)",0.7,0.02,33,28,5,True,0.6382113821138212
"(1,2)",0.7,0.02,34,16,5,True,0.6782349943981241
"(1,2)",0.7,0.02,35,23,5,True,0.6532513650188155
"(1,2)",0.7,0.02,36,20,5,True,0.7168949771689497
"(1,2)",0.7,0.02,37,70,1,False,0.15843087952676577
"(1,2)",0.7,0.02,38,30,5,True,0.7149321266968325
"(1,2)",0.7,0.02,39,70,2,False,0.2284684556081434
"(1,2)",0.7,0.02,40,70,2,False,0.21644108984009042
"(1,2)",0.7,0.02,41,70,3,False,0.3073466382528897
"(1,2)",0.7,0.02,42,51,5,True,0.6449390446351317
"(1,2)",0.7,0.02,43,13,5,True,0.6709364027658865
"(1,2)",0.7,0.02,44,27,5,True,0.6844180572213473
"(1,2)",0.7,0.02,45,70,3,False,0.3953185292851303
"(1,2)",0.7,0.02,46,22,5,True,0.6588574703643404
"(1,2)",0.7,0.02,47,47,5,True,0.66993948436461
"(1,2)",0.7,0.02,48,22,5,True,0.6565067530858478
"(1,2)",0.7,0.02,49,24,5,True,0.6631660124079701
"(1,2)",0.7,0.02,50,20,5,True,0.6923755733327552
"(1,2)",0.7,0.02,51,24,5,True,0.6622310375559135
"(1,2)",0.7,0.02,52,21,5,True,0.6677730122232154
"(1,2)",0.7,0.02,53,70,4,False,0.4713206023995769
"(1,2)",0.7,0.02,54,10,5,True,0.7080743147781858
"(1,2)",0.7,0.02,55,19,5,True,0.7117117117117117
"(1,2)",0.7,0.02,56,70,3,False,0.3659950080682526
"(1,2)",0.7,0.02,57,26,5,True,0.6813944913097201
"(1,2)",0.7,0.02,58,38,5,True,0.6114352220868452
"(1,2)",0.7,0.02,59,70,1,False,0.13560159261810845
"(1,2)",0.7,0.02,60,70,1,False,0.16616062936358042
"(1,2)",0.7,0.02,61,19,5,True,0.6669761406492007
"(1,2)",0.7,0.02,62,70,3,False,0.2860100794429355
"(1,2)",0.7,0.02,63,70,3,False,0.2947563049578298
"(1,2)",0.7,0.02,64,22,5,True,0.6683294334971315
"(1,2)",0.7,0.02,65,10,5,True,0.7222222222222222
"(1,2)",0.7,0.02,66,45,5,True,0.639344262295082
"(1,2)",0.7,0.02,67,70,1,False,0.14432023866471627
"(1,2)",0.7,0.02,68,62,5,True,0.5933234121594826
"(1,2)",0.7,0.02,69,70,3,False,0.2988835883551103
"(1,2)",0.7,0.02,70,30,5,True,0.6385300846290036
"(1,2)",0.7,0.02,71,70,1,False,0.14496939517081528
"(1,2)",0.7,0.02,72,23,5,True,0.6470094292017788
"(1,2)",0.7,0.02,73,21,5,True,0.6493133605555026
"(1,2)",0.7,0.02,74,24,5,True,0.6749730957790266
"(1,2)",0.7,0.02,75,18,5,True,0.6449852726946882
"(1,2)",0.7,0.02,76,70,3,False,0.2971051211392463
"(1,2)",0.7,0.02,77,70,2,False,0.21779470180731061
"(1,2)",0.7,0.02,78,18,5,True,0.6620354934595043
"(1,2)",0.7,0.02,79,27,5,True,0.6193340298514636
"(1,2)",0.7,0.02,80,25,5,True,0.6638297872340425
"(1,2)",0.7,0.02,81,39,5,True,0.6410875277352487
"(1,2)",0.7,0.02,82,21,5,True,0.7175925925925927
"(1,2)",0.7,0.02,83,28,5,True,0.6343179895761939
"(1,2)",0.7,0.02,84,20,5,True,0.7168949771689497
"(1,2)",0.7,0.02,85,21,5,True,0.6789276601304884
"(1,2)",0.7,0.02,86,15,5,True,0.6902654867256637
"(1,2)",0.7,0.02,87,33,5,True,0.6997688913789482
"(1,2)",0.7,0.02,88,70,4,False,0.3799981611135483
"(1,2)",0.7,0.02,89,23,5,True,0.6871599322094372
"(1,2)",0.7,0.02,90,21,5,True,0.6651404810702722
"(1,2)",0.7,0.02,91,70,0,False,0.07336080142970092
"(1,2)",0.7,0.02,92,70,1,False,0.1634880731703997
"(1,2)",0.7,0.02,93,32,5,True,0.6656776517961217
"(1,2)",0.7,0.02,94,23,5,True,0.6238169726264046
"(1,2)",0.7,0.02,95,13,5,True,0.6632858714435478
"(1,2)",0.7,0.02,96,70,1,False,0.15081154320224205
"(1,2)",0.7,0.02,97,70,1,False,0.14757164423407387
"(1,2)",0.7,0.02,98,52,5,True,0.6541666666666667
"(1,2)",0.7,0.02,99,24,5,True,0.6738197424892703
"(1,2)",0.7,0.02,100,16,5,True,0.6964285714285714
"(1,2)",0.8,0.02,1,70,2,False,0.29119848354983274
"(1,2)",0.8,0.02,2,15,5,True,0.6926706104636721
"(1,2)",0.8,0.02,3,70,4,False,0.5017115326290333
"(1,2)",0.8,0.02,4,70,0,False,0.08292741911168845
"(1,2)",0.8,0.02,5,33,5,True,0.6644716606129892
"(1,2)",0.8,0.02,6,70,4,False,0.4606672989529229
"(1,2)",0.8,0.02,7,70,1,False,0.15399724453056868
"(1,2)",0.8,0.02,8,70,0,False,0.08131205126156829
"(1,2)",0.8,0.02,9,59,5,True,0.6700694958957077
"(1,2)",0.8,0.02,10,70,1,False,0.14920728293774885
"(1,2)",0.8,0.02,11,70,3,False,0.4225235373136842
"(1,2)",0.8,0.02,12,70,1,False,0.17001545183238037
"(1,2)",0.8,0.02,13,70,3,False,0.33853999950909375
"(1,2)",0.8,0.02,14,20,5,True,0.6519445070309381
"(1,2)",0.8,0.02,15,24,5,True,0.6695104883267912
"(1,2)",0.8,0.02,16,70,1,False,0.15283382190682462
"(1,2)",0.8,0.02,17,70,1,False,0.16883695356773556
"(1,2)",0.8,0.02,18,70,0,False,0.07130899683565288
"(1,2)",0.8,0.02,19,70,0,False,0.08371568497266134
"(1,2)",0.8,0.02,20,21,5,True,0.601020834314192
"(1,2)",0.8,0.02,21,17,5,True,0.6984923336831597
"(1,2)",0.8,0.02,22,20,5,True,0.6842105263157895
"(1,2)",0.8,0.02,23,15,5,True,0.6514853923290378
"(1,2)",0.8,0.02,24,40,5,True,0.5797288570672656
"(1,2)",0.8,0.02,25,42,5,True,0.5650424172016786
"(1,2)",0.8,0.02,26,70,3,False,0.43197324235458245
"(1,2)",0.8,0.02,27,45,5,True,0.6505903072434739
"(1,2)",0.8,0.02,28,70,1,False,0.1516012100528638
"(1,2)",0.8,0.02,29,70,3,False,0.28572986078017487
"(1,2)",0.8,0.02,30,20,5,True,0.6630903646397733
"(1,2)",0.8,0.02,31,43,5,True,0.6449240430449552
"(1,2)",0.8,0.02,32,70,3,False,0.3063354891883041
"(1,2)",0.8,0.02,33,39,5,True,0.5865796131986349
"(1,2)",0.8,0.02,34,29,5,True,0.6687847498014297
"(1,2)",0.8,0.02,35,17,5,True,0.7017543859649122
"(1,2)",0.8,0.02,36,14,5,True,0.676145433438846
"(1,2)",0.8,0.02,37,46,5,True,0.6813594329437169
"(1,2)",0.8,0.02,38,20,5,True,0.6847043522690325
"(1,2)",0.8,0.02,39,54,5,True,0.61409473982602
"(1,2)",0.8,0.02,40,21,5,True,0.7087817063797079
"(1,2)",0.8,0.02,41,22,5,True,0.6149201104267378
"(1,2)",0.8,0.02,42,40,5,True,0.6136929509968462
"(1,2)",0.8,0.02,43,17,5,True,0.6886363636363637
"(1,2)",0.8,0.02,44,70,0,False,0.08029305436565061
"(1,2)",0.8,0.02,45,20,5,True,0.6977777777777778
"(1,2)",0.8,0.02,46,70,1,False,0.1595488356207608
"(1,2)",0.8,0.02,47,45,5,True,0.5955244236680889
"(1,2)",0.8,0.02,48,18,5,True,0.7227272727272728
"(1,2)",0.8,0.02,49,46,5,True,0.5435611471491386
"(1,2)",0.8,0.02,50,70,0,False,0.07897971006522309
"(1,2)",0.8,0.02,51,23,5,True,0.6319060310753947
"(1,2)",0.8,0.02,52,24,5,True,0.6609418302997332
"(1,2)",0.8,0.02,53,17,5,True,0.6869335667575522
"(1,2)",0.8,0.02,54,40,5,True,0.5762920915270244
"(1,2)",0.8,0.02,55,70,3,False,0.30783714955335656
"(1,2)",0.8,0.02,56,24,5,True,0.6444468603273189
"(1,2)",0.8,0.02,57,70,3,False,0.29254802195403906
"(1,2)",0.8,0.02,58,69,5,True,0.5504475571507924
"(1,2)",0.8,0.02,59,70,3,False,0.4494382022471909
"(1,2)",0.8,0.02,60,54,5,True,0.5090136143498276
"(1,2)",0.8,0.02,61,23,5,True,0.6908684724937169
"(1,2)",0.8,0.02,62,49,5,True,0.6767241379310345
"(1,2)",0.8,0.02,63,18,5,True,0.7076960757633484
"(1,2)",0.8,0.02,64,70,1,False,0.1640957410793514
"(1,2)",0.8,0.02,65,21,5,True,0.627715324957589
"(1,2)",0.8,0.02,66,40,5,True,0.5856574535654218
"(1,2)",0.8,0.02,67,32,5,True,0.6298212605832549
"(1,2)",0.8,0.02,68,70,1,False,0.16953793101212528
"(1,2)",0.8,0.02,69,70,3,False,0.4228906984849776
"(1,2)",0.8,0.02,70,70,2,False,0.22468266121277114
"(1,2)",0.8,0.02,71,16,5,True,0.6526054398944514
"(1,2)",0.8,0.02,72,21,5,True,0.6261505009876526
"(1,2)",0.8,0.02,73,67,5,True,0.6534947098428984
"(1,2)",0.8,0.02,74,22,5,True,0.6377318464277298
"(1,2)",0.8,0.02,75,70,3,False,0.29057766849768807
"(1,2)",0.8,0.02,76,29,5,True,0.6429603013913183
"(1,2)",0.8,0.02,77,28,5,True,0.6526953667466231
"(1,2)",0.8,0.02,78,42,5,True,0.6129204183968228
"(1,2)",0.8,0.02,79,22,5,True,0.6929824561403508
"(1,2)",0.8,0.02,80,45,5,True,0.5368750306648565
"(1,2)",0.8,0.02,81,24,5,True,0.6854453781030921
"(1,2)",0.8,0.02,82,58,5,True,0.6956521739130435
"(1,2)",0.8,0.02,83,70,0,False,0.0791356469657672
"(1,2)",0.8,0.02,84,55,5,True,0.6842105263157895
"(1,2)",0.8,0.02,85,18,5,True,0.6918291010533876
"(1,2)",0.8,0.02,86,37,5,True,0.6627742864693317
"(1,2)",0.8,0.02,87,32,5,True,0.63904437778257
"(1,2)",0.8,0.02,88,16,5,True,0.7235023041474654
"(1,2)",0.8,0.02,89,51,5,True,0.6674412600051641
"(1,2)",0.8,0.02,90,40,5,True,0.6217362039253065
"(1,2)",0.8,0.02,91,70,2,False,0.27471372616564294
"(1,2)",0.8,0.02,92,70,2,False,0.22946493118397696
"(1,2)",0.8,0.02,93,70,1,False,0.14914716417027876
"(1,2)",0.8,0.02,94,7,5,True,0.7110606726216625
"(1,2)",0.8,0.02,95,18,5,True,0.6568591133107431
"(1,2)",0.8,0.02,96,67,5,True,0.6319999999999999
"(1,2)",0.8,0.02,97,21,5,True,0.6932600555622659
"(1,2)",0.8,0.02,98,16,5,True,0.6374100840848673
"(1,2)",0.8,0.02,99,21,5,True,0.6794762322743801
"(1,2)",0.8,0.02,100,70,3,False,0.3164458894097972
"(1,2)",0.9,0.02,1,26,5,True,0.6108470713467803
"(1,2)",0.9,0.02,2,34,5,True,0.6504210717826919
"(1,2)",0.9,0.02,3,14,5,True,0.7142857142857143
"(1,2)",0.9,0.02,4,70,1,False,0.1559232157253865
"(1,2)",0.9,0.02,5,70,0,False,0.07862181096334694
"(1,2)",0.9,0.02,6,70,0,False,0.08119618252086343
"(1,2)",0.9,0.02,7,17,5,True,0.6624207244106717
"(1,2)",0.9,0.02,8,12,5,True,0.7209302325581396
"(1,2)",0.9,0.02,9,70,3,False,0.3019771831301467
"(1,2)",0.9,0.02,10,70,0,False,0.08870870148106713
"(1,2)",0.9,0.02,11,30,5,True,0.6943231441048036
"(1,2)",0.9,0.02,12,28,5,True,0.6390769711416812
"(1,2)",0.9,0.02,13,20,5,True,0.6507642360634965
"(1,2)",0.9,0.02,14,65,5,True,0.6273826052154078
"(1,2)",0.9,0.02,15,70,2,False,0.23907870589420951
"(1,2)",0.9,0.02,16,70,3,False,0.6184589116893793
"(1,2)",0.9,0.02,17,26,5,True,0.7082649131990506
"(1,2)",0.9,0.02,18,43,5,True,0.6379005095431385
"(1,2)",0.9,0.02,19,51,5,True,0.5984555984555985
"(1,2)",0.9,0.02,20,32,5,True,0.6483953072561223
"(1,2)",0.9,0.02,21,70,4,False,0.5258657545959812
"(1,2)",0.9,0.02,22,70,3,False,0.289486715424072
"(1,2)",0.9,0.02,23,23,5,True,0.6877637130801688
"(1,2)",0.9,0.02,24,37,5,True,0.5825825684606563
"(1,2)",0.9,0.02,25,52,5,True,0.6059749451224998
"(1,2)",0.9,0.02,26,23,5,True,0.6870767870647989
"(1,2)",0.9,0.02,27,70,0,False,0.08677002985924395
"(1,2)",0.9,0.02,28,15,5,True,0.6964457186544046
"(1,2)",0.9,0.02,29,17,5,True,0.6848487306304328
"(1,2)",0.9,0.02,30,70,1,False,0.15720933596332934
"(1,2)",0.9,0.02,31,60,5,True,0.5932835820895522
"(1,2)",0.9,0.02,32,61,5,True,0.6304585502562513
"(1,2)",0.9,0.02,33,70,3,False,0.3105429140279496
"(1,2)",0.9,0.02,34,70,1,False,0.1562820312992288
"(1,2)",0.9,0.02,35,15,5,True,0.6720503047139135
"(1,2)",0.9,0.02,36,70,3,False,0.30421964244111205
"(1,2)",0.9,0.02,37,11,5,True,0.6975823554361656
"(1,2)",0.9,0.02,38,70,1,False,0.16614641284714118
"(1,2)",0.9,0.02,39,70,1,False,0.1625931842280129
"(1,2)",0.9,0.02,40,14,5,True,0.6814323182090688
"(1,2)",0.9,0.02,41,45,5,True,0.6956521739130435
"(1,2)",0.9,0.02,42,7,5,True,0.7235023041474654
"(1,2)",0.9,0.02,43,70,0,False,0.08373763350693271
"(1,2)",0.9,0.02,44,70,2,False,0.2463314188497361
"(1,2)",0.9,0.02,45,60,5,True,0.5197945371806019
"(1,2)",0.9,0.02,46,70,2,False,0.2556382602410135
"(1,2)",0.9,0.02,47,70,1,False,0.17063901253326255
"(1,2)",0.9,0.02,48,70,1,False,0.17863825138263098
"(1,2)",0.9,0.02,49,70,3,False,0.3265386550008016
"(1,2)",0.9,0.02,50,56,5,True,0.6448979591836735
"(1,2)",0.9,0.02,51,45,5,True,0.6396566164154105
"(1,2)",0.9,0.02,52,18,5,True,0.703483371559633
"(1,2)",0.9,0.02,53,33,5,True,0.5744401363056159
"(1,2)",0.9,0.02,54,28,5,True,0.6916299559471366
"(1,2)",0.9,0.02,55,13,5,True,0.6673929453163707
"(1,2)",0.9,0.02,56,31,5,True,0.6647971575508348
"(1,2)",0.9,0.02,57,70,2,False,0.2435566371912048
"(1,2)",0.9,0.02,58,70,3,False,0.2902706227702653
"(1,2)",0.9,0.02,59,70,0,False,0.08041020725376301
"(1,2)",0.9,0.02,60,14,5,True,0.7136363636363636
"(1,2)",0.9,0.02,61,25,5,True,0.6847318554273597
"(1,2)",0.9,0.02,62,34,5,True,0.6798310381745147
"(1,2)",0.9,0.02,63,27,5,True,0.7066666666666667
"(1,2)",0.9,0.02,64,29,5,True,0.6384318231878924
"(1,2)",0.9,0.02,65,70,3,False,0.30998434212955384
"(1,2)",0.9,0.02,66,70,0,False,0.0862728209090536
"(1,2)",0.9,0.02,67,22,5,True,0.695067264573991
"(1,2)",0.9,0.02,68,23,5,True,0.6289398369714685
"(1,2)",0.9,0.02,69,27,5,True,0.5985464616030955
"(1,2)",0.9,0.02,70,39,5,True,0.5742830882645543
"(1,2)",0.9,0.02,71,70,2,False,0.23796619697917037
"(1,2)",0.9,0.02,72,49,5,True,0.596880484023434
"(1,2)",0.9,0.02,73,11,5,True,0.7095888434509705
"(1,2)",0.9,0.02,74,45,5,True,0.6411290322580644
"(1,2)",0.9,0.02,75,30,5,True,0.7168949771689497
"(1,2)",0.9,0.02,76,42,5,True,0.5935398576450308
"(1,2)",0.9,0.02,77,19,5,True,0.6613670314829805
"(1,2)",0.9,0.02,78,70,1,False,0.16160433701307758
"(1,2)",0.9,0.02,79,50,5,True,0.650812763395545
"(1,2)",0.9,0.02,80,70,0,False,0.08391231795573957
"(1,2)",0.9,0.02,81,70,3,False,0.3161411841677873
"(1,2)",0.9,0.02,82,32,5,True,0.6523085735648042
"(1,2)",0.9,0.02,83,70,1,False,0.16494175520035367
"(1,2)",0.9,0.02,84,19,5,True,0.6805894976501591
"(1,2)",0.9,0.02,85,22,5,True,0.674110835401158
"(1,2)",0.9,0.02,86,70,1,False,0.163473470764174
"(1,2)",0.9,0.02,87,48,5,True,0.5925921739996787
"(1,2)",0.9,0.02,88,70,0,False,0.07980273312907267
"(1,2)",0.9,0.02,89,10,5,True,0.7149200710479574
"(1,2)",0.9,0.02,90,53,5,True,0.5523381084507941
"(1,2)",0.9,0.02,91,33,5,True,0.6818181818181818
"(1,2)",0.9,0.02,92,70,3,False,0.3250751485355515
"(1,2)",0.9,0.02,93,62,5,True,0.49019525787575235
"(1,2)",0.9,0.02,94,19,5,True,0.6496436782747913
"(1,2)",0.9,0.02,95,70,5,True,0.6504664260558256
"(1,2)",0.9,0.02,96,23,5,True,0.6344984383767494
"(1,2)",0.9,0.02,97,19,5,True,0.7049326512413759
"(1,2)",0.9,0.02,98,21,5,True,0.6814323182090688
"(1,2)",0.9,0.02,99,58,5,True,0.6070038910505837
"(1,2)",0.9,0.02,100,39,5,True,0.6015325670498084
"(1,3)",0.1,0.02,1,28,5,True,0.625
"(1,3)",0.1,0.02,2,43,5,True,0.6305220883534136
"(1,3)",0.1,0.02,3,70,0,False,0.05548689376148406
"(1,3)",0.1,0.02,4,23,5,True,0.6265060240963856
"(1,3)",0.1,0.02,5,70,0,False,0.05784850511143439
"(1,3)",0.1,0.02,6,70,3,False,0.1738691898517082
"(1,3)",0.1,0.02,7,63,5,True,0.64
"(1,3)",0.1,0.02,8,70,1,False,0.0675555565931645
"(1,3)",0.1,0.02,9,70,1,False,0.07400522693025172
"(1,3)",0.1,0.02,10,70,1,False,0.09083599405030854
"(1,3)",0.1,0.02,11,37,5,True,0.624
"(1,3)",0.1,0.02,12,28,5,True,0.62109375
"(1,3)",0.1,0.02,13,23,5,True,0.6341463414634148
"(1,3)",0.1,0.02,14,69,5,True,0.6292035730370815
"(1,3)",0.1,0.02,15,70,0,False,0.05252376997990314
"(1,3)",0.1,0.02,16,60,5,True,0.5938697318007664
"(1,3)",0.1,0.02,17,42,5,True,0.6084300659214675
"(1,3)",0.1,0.02,18,23,5,True,0.6202489160816075
"(1,3)",0.1,0.02,19,36,5,True,0.6232849416453176
"(1,3)",0.1,0.02,20,56,5,True,0.6257339849225291
"(1,3)",0.1,0.02,21,21,5,True,0.6263028816676884
"(1,3)",0.1,0.02,22,23,5,True,0.6392156862745099
"(1,3)",0.1,0.02,23,47,5,True,0.5676297918734394
"(1,3)",0.1,0.02,24,26,5,True,0.6263028816676885
"(1,3)",0.1,0.02,25,70,0,False,0.04657818923414858
"(1,3)",0.1,0.02,26,11,5,True,0.6326530612244897
"(1,3)",0.1,0.02,27,10,5,True,0.6268873727770943
"(1,3)",0.1,0.02,28,33,5,True,0.6239747273869107
"(1,3)",0.1,0.02,29,36,5,True,0.6385542168674698
"(1,3)",0.1,0.02,30,48,5,True,0.598844540592744
"(1,3)",0.1,0.02,31,18,5,True,0.6385542168674698
"(1,3)",0.1,0.02,32,70,1,False,0.0652495815763064
"(1,3)",0.1,0.02,33,56,5,True,0.6128664658564886
"(1,3)",0.1,0.02,34,34,5,True,0.5968537145248504
"(1,3)",0.1,0.02,35,32,5,True,0.6197546804389931
"(1,3)",0.1,0.02,36,70,1,False,0.0832978874237913
"(1,3)",0.1,0.02,37,38,5,True,0.5999966137291749
"(1,3)",0.1,0.02,38,42,5,True,0.6305220883534136
"(1,3)",0.1,0.02,39,49,5,True,0.6257339849225291
"(1,3)",0.1,0.02,40,19,5,True,0.6385542168674698
"(1,3)",0.1,0.02,41,70,0,False,0.05488264535273618
"(1,3)",0.1,0.02,42,22,5,True,0.6385542168674698
"(1,3)",0.1,0.02,43,70,0,False,0.05574632316067855
"(1,3)",0.1,0.02,44,61,5,True,0.5268102984856986
"(1,3)",0.1,0.02,45,70,0,False,0.055385066249209684
"(1,3)",0.1,0.02,46,19,5,True,0.6305220883534136
"(1,3)",0.1,0.02,47,38,5,True,0.6076923076923078
"(1,3)",0.1,0.02,48,52,5,True,0.6051310120574732
"(1,3)",0.1,0.02,49,68,5,True,0.6171875
"(1,3)",0.1,0.02,50,20,5,True,0.6341463414634148
"(1,3)",0.1,0.02,51,69,5,True,0.6341463414634148
"(1,3)",0.1,0.02,52,25,5,True,0.609375
"(1,3)",0.1,0.02,53,15,5,True,0.6385542168674698
"(1,3)",0.1,0.02,54,13,5,True,0.6356275303643724
"(1,3)",0.1,0.02,55,33,5,True,0.5901902567283581
"(1,3)",0.1,0.02,56,29,5,True,0.625
"(1,3)",0.1,0.02,57,34,5,True,0.625
"(1,3)",0.1,0.02,58,12,5,True,0.6385542168674698
"(1,3)",0.1,0.02,59,17,5,True,0.6025782740538483
"(1,3)",0.1,0.02,60,12,5,True,0.6127751046791492
"(1,3)",0.1,0.02,61,45,5,True,0.6202583994871862
"(1,3)",0.1,0.02,62,14,5,True,0.6284584980237153
"(1,3)",0.1,0.02,63,70,0,False,0.05925676253527415
"(1,3)",0.1,0.02,64,16,5,True,0.6257339849225291
"(1,3)",0.1,0.02,65,32,5,True,0.6213194429641179
"(1,3)",0.1,0.02,66,44,5,True,0.607803194273508
"(1,3)",0.1,0.02,67,62,5,True,0.6486486486486487
"(1,3)",0.1,0.02,68,28,5,True,0.6385542168674698
"(1,3)",0.1,0.02,69,43,5,True,0.6363636363636362
"(1,3)",0.1,0.02,70,29,5,True,0.6285905143620575
"(1,3)",0.1,0.02,71,35,5,True,0.64
"(1,3)",0.1,0.02,72,70,5,True,0.6356275303643724
"(1,3)",0.1,0.02,73,70,0,False,0.055460631744468566
"(1,3)",0.1,0.02,74,32,5,True,0.6221551986158848
"(1,3)",0.1,0.02,75,55,5,True,0.6338582677165354
"(1,3)",0.1,0.02,76,29,5,True,0.6226415094339622
"(1,3)",0.1,0.02,77,22,5,True,0.615686274509804
"(1,3)",0.1,0.02,78,15,5,True,0.6066097773412157
"(1,3)",0.1,0.02,79,39,5,True,0.6370967741935485
"(1,3)",0.1,0.02,80,54,5,True,0.6313725490196078
"(1,3)",0.1,0.02,81,24,5,True,0.5911205186917035
"(1,3)",0.1,0.02,82,17,5,True,0.6305220883534136
"(1,3)",0.1,0.02,83,18,5,True,0.6370967741935485
"(1,3)",0.1,0.02,84,14,5,True,0.6385542168674698
"(1,3)",0.1,0.02,85,48,5,True,0.6147859922178989
"(1,3)",0.1,0.02,86,31,5,True,0.5788394881694193
"(1,3)",0.1,0.02,87,26,5,True,0.6326530612244897
"(1,3)",0.1,0.02,88,54,5,True,0.599236641221374
"(1,3)",0.1,0.02,89,29,5,True,0.6428571428571429
"(1,3)",0.1,0.02,90,70,0,False,0.0558475263261223
"(1,3)",0.1,0.02,91,18,5,True,0.64
"(1,3)",0.1,0.02,92,21,5,True,0.6292035730370815
"(1,3)",0.1,0.02,93,70,0,False,0.06358031559764919
"(1,3)",0.1,0.02,94,30,5,True,0.6385542168674698
"(1,3)",0.1,0.02,95,19,5,True,0.64
"(1,3)",0.1,0.02,96,70,0,False,0.0465915426682017
"(1,3)",0.1,0.02,97,70,1,False,0.08468117507908557
"(1,3)",0.1,0.02,98,70,4,False,0.5116279069767441
"(1,3)",0.1,0.02,99,27,5,True,0.6341463414634148
"(1,3)",0.1,0.02,100,70,0,False,0.05946744320290224
"(1,3)",0.2,0.02,1,10,5,True,0.6356275303643724
"(1,3)",0.2,0.02,2,25,5,True,0.5597270272915716
"(1,3)",0.2,0.02,3,70,1,False,0.07987932254066137
"(1,3)",0.2,0.02,4,63,5,True,0.5326757395299186
"(1,3)",0.2,0.02,5,70,1,False,0.0698980684915245
"(1,3)",0.2,0.02,6,32,5,True,0.6385542168674698
"(1,3)",0.2,0.02,7,70,2,False,0.20085671251261392
"(1,3)",0.2,0.02,8,17,5,True,0.6178035053923444
"(1,3)",0.2,0.02,9,41,5,True,0.5863309352517986
"(1,3)",0.2,0.02,10,70,3,False,0.45971563981042657
"(1,3)",0.2,0.02,11,33,5,True,0.5800172687571317
"(1,3)",0.2,0.02,12,70,2,False,0.21868021107017893
"(1,3)",0.2,0.02,13,67,5,True,0.5702102165870369
"(1,3)",0.2,0.02,14,70,1,False,0.11838425252138576
"(1,3)",0.2,0.02,15,39,5,True,0.5749371717600513
"(1,3)",0.2,0.02,16,28,5,True,0.5944085620808756
"(1,3)",0.2,0.02,17,40,5,True,0.6125659048454118
"(1,3)",0.2,0.02,18,21,5,True,0.6268873727770943
"(1,3)",0.2,0.02,19,42,5,True,0.626984126984127
"(1,3)",0.2,0.02,20,29,5,True,0.6345381526104417
"(1,3)",0.2,0.02,21,26,5,True,0.566233547788849
"(1,3)",0.2,0.02,22,30,5,True,0.5740558477156099
"(1,3)",0.2,0.02,23,70,1,False,0.07136449495146403
"(1,3)",0.2,0.02,24,14,5,True,0.6290322580645161
"(1,3)",0.2,0.02,25,19,5,True,0.6140924956369983
"(1,3)",0.2,0.02,26,70,1,False,0.0740674372126838
"(1,3)",0.2,0.02,27,44,5,True,0.5969911727741115
"(1,3)",0.2,0.02,28,15,5,True,0.6213194429641179
"(1,3)",0.2,0.02,29,30,5,True,0.6265060240963856
"(1,3)",0.2,0.02,30,29,5,True,0.5895812071372961
"(1,3)",0.2,0.02,31,25,5,True,0.6147859922178989
"(1,3)",0.2,0.02,32,23,5,True,0.626984126984127
"(1,3)",0.2,0.02,33,22,5,True,0.6245190691419819
"(1,3)",0.2,0.02,34,33,5,True,0.6153193185315268
"(1,3)",0.2,0.02,35,47,5,True,0.5977976058924109
"(1,3)",0.2,0.02,36,43,5,True,0.5716855353853822
"(1,3)",0.2,0.02,37,32,5,True,0.581069586653706
"(1,3)",0.2,0.02,38,33,5,True,0.5999776976397175
"(1,3)",0.2,0.02,39,25,5,True,0.6370967741935485
"(1,3)",0.2,0.02,40,22,5,True,0.612630642650656
"(1,3)",0.2,0.02,41,32,5,True,0.6356275303643724
"(1,3)",0.2,0.02,42,70,0,False,0.055733582963290285
"(1,3)",0.2,0.02,43,35,5,True,0.5736372616810843
"(1,3)",0.2,0.02,44,70,0,False,0.04595509212618342
"(1,3)",0.2,0.02,45,39,5,True,0.582944099813284
"(1,3)",0.2,0.02,46,70,3,False,0.49726700001463203
"(1,3)",0.2,0.02,47,41,5,True,0.590714568693149
"(1,3)",0.2,0.02,48,29,5,True,0.6055373547567229
"(1,3)",0.2,0.02,49,46,5,True,0.5514093964651842
"(1,3)",0.2,0.02,50,70,1,False,0.07011074970216771
"(1,3)",0.2,0.02,51,38,5,True,0.5744018245105283
"(1,3)",0.2,0.02,52,56,5,True,0.49369642472508996
"(1,3)",0.2,0.02,53,70,3,False,0.4444444444444444
"(1,3)",0.2,0.02,54,70,3,False,0.4972238662946367
"(1,3)",0.2,0.02,55,39,5,True,0.6334661354581673
"(1,3)",0.2,0.02,56,66,5,True,0.5719424460431655
"(1,3)",0.2,0.02,57,45,5,True,0.621593116847072
"(1,3)",0.2,0.02,58,33,5,True,0.5523056885523662
"(1,3)",0.2,0.02,59,36,5,True,0.5646710948401874
"(1,3)",0.2,0.02,60,70,1,False,0.07214806587573606
"(1,3)",0.2,0.02,61,32,5,True,0.5506998208694762
"(1,3)",0.2,0.02,62,70,1,False,0.08933608547030135
"(1,3)",0.2,0.02,63,70,1,False,0.06975358488912108
"(1,3)",0.2,0.02,64,70,1,False,0.069834864224995
"(1,3)",0.2,0.02,65,36,5,True,0.6265060240963856
"(1,3)",0.2,0.02,66,47,5,True,0.623015873015873
"(1,3)",0.2,0.02,67,47,5,True,0.5885843380817333
"(1,3)",0.2,0.02,68,14,5,True,0.5950065201558237
"(1,3)",0.2,0.02,69,70,2,False,0.2424896351546262
"(1,3)",0.2,0.02,70,38,5,True,0.5096562051639973
"(1,3)",0.2,0.02,71,18,5,True,0.6153279224168932
"(1,3)",0.2,0.02,72,21,5,True,0.6280000000000001
"(1,3)",0.2,0.02,73,32,5,True,0.5362270442252752
"(1,3)",0.2,0.02,74,37,5,True,0.6061325142985038
"(1,3)",0.2,0.02,75,43,5,True,0.5812725274148063
"(1,3)",0.2,0.02,76,39,5,True,0.6123695168239149
"(1,3)",0.2,0.02,77,28,5,True,0.5841800632257177
"(1,3)",0.2,0.02,78,38,5,True,0.6140297696646554
"(1,3)",0.2,0.02,79,54,5,True,0.5439660163455454
"(1,3)",0.2,0.02,80,70,0,False,0.055336692175595684
"(1,3)",0.2,0.02,81,70,1,False,0.12780356969904313
"(1,3)",0.2,0.02,82,34,5,True,0.628
"(1,3)",0.2,0.02,83,31,5,True,0.6142943700779088
"(1,3)",0.2,0.02,84,26,5,True,0.6370967741935485
"(1,3)",0.2,0.02,85,70,1,False,0.06774267820530434
"(1,3)",0.2,0.02,86,24,5,True,0.6085861392841824
"(1,3)",0.2,0.02,87,37,5,True,0.5421840217301137
"(1,3)",0.2,0.02,88,36,5,True,0.6055297898591554
"(1,3)",0.2,0.02,89,70,1,False,0.06673297499329557
"(1,3)",0.2,0.02,90,38,5,True,0.623015873015873
"(1,3)",0.2,0.02,91,27,5,True,0.6197546804389931
"(1,3)",0.2,0.02,92,34,5,True,0.5905630918732641
"(1,3)",0.2,0.02,93,70,1,False,0.09288555337940484
"(1,3)",0.2,0.02,94,33,5,True,0.6285905143620575
"(1,3)",0.2,0.02,95,70,3,False,0.31121295202436716
"(1,3)",0.2,0.02,96,59,5,True,0.6068702290076335
"(1,3)",0.2,0.02,97,70,0,False,0.0550299684038891
"(1,3)",0.2,0.02,98,45,5,True,0.6223195300392835
"(1,3)",0.2,0.02,99,40,5,True,0.6251685393258427
"(1,3)",0.2,0.02,100,46,5,True,0.556651724486689
"(1,3)",0.3,0.02,1,24,5,True,0.628
"(1,3)",0.3,0.02,2,63,5,True,0.5455258259045537
"(1,3)",0.3,0.02,3,70,3,False,0.31374672839564727
"(1,3)",0.3,0.02,4,70,2,False,0.2697387182998732
"(1,3)",0.3,0.02,5,24,5,True,0.6239747273869107
"(1,3)",0.3,0.02,6,21,5,True,0.6196078431372549
"(1,3)",0.3,0.02,7,34,5,True,0.6159346271705823
"(1,3)",0.3,0.02,8,27,5,True,0.5748906234162966
"(1,3)",0.3,0.02,9,26,5,True,0.6070038910505837
"(1,3)",0.3,0.02,10,26,5,True,0.6142943700779088
"(1,3)",0.3,0.02,11,27,5,True,0.5721818416159785
"(1,3)",0.3,0.02,12,17,5,True,0.6210081815782529
"(1,3)",0.3,0.02,13,25,5,True,0.5725731020547553
"(1,3)",0.3,0.02,14,46,5,True,0.532612987648981
"(1,3)",0.3,0.02,15,70,1,False,0.12151258820456756
"(1,3)",0.3,0.02,16,40,5,True,0.5694928387082432
"(1,3)",0.3,0.02,17,53,5,True,0.5512046320741858
"(1,3)",0.3,0.02,18,21,5,True,0.5957513934167632
"(1,3)",0.3,0.02,19,70,2,False,0.21108957525632369
"(1,3)",0.3,0.02,20,26,5,True,0.5655762568449957
"(1,3)",0.3,0.02,21,53,5,True,0.5881495227995759
"(1,3)",0.3,0.02,22,33,5,True,0.5312424295563037
"(1,3)",0.3,0.02,23,30,5,True,0.532183993131135
"(1,3)",0.3,0.02,24,18,5,True,0.6239841903073285
"(1,3)",0.3,0.02,25,23,5,True,0.6107554149836949
"(1,3)",0.3,0.02,26,35,5,True,0.5949311515818207
"(1,3)",0.3,0.02,27,27,5,True,0.6223195300392835
"(1,3)",0.3,0.02,28,19,5,True,0.6268873727770943
"(1,3)",0.3,0.02,29,70,3,False,0.3034095976227133
"(1,3)",0.3,0.02,30,38,5,True,0.5846770610532133
"(1,3)",0.3,0.02,31,18,5,True,0.6207832418107068
"(1,3)",0.3,0.02,32,28,5,True,0.6268873727770943
"(1,3)",0.3,0.02,33,70,4,False,0.32811074458319855
"(1,3)",0.3,0.02,34,48,5,True,0.5361926187774612
"(1,3)",0.3,0.02,35,70,1,False,0.06816342586567813
"(1,3)",0.3,0.02,36,26,5,True,0.606534090909091
"(1,3)",0.3,0.02,37,27,5,True,0.6202583994871863
"(1,3)",0.3,0.02,38,70,1,False,0.06983795046893329
"(1,3)",0.3,0.02,39,30,5,True,0.6010496020775968
"(1,3)",0.3,0.02,40,50,5,True,0.4961089186043183
"(1,3)",0.3,0.02,41,70,2,False,0.23141185409788423
"(1,3)",0.3,0.02,42,20,5,True,0.6202583994871863
"(1,3)",0.3,0.02,43,15,5,True,0.6221551986158845
"(1,3)",0.3,0.02,44,28,5,True,0.6285905143620575
"(1,3)",0.3,0.02,45,70,1,False,0.06308397978692608
"(1,3)",0.3,0.02,46,55,5,True,0.5836431226765799
"(1,3)",0.3,0.02,47,33,5,True,0.6081022183664855
"(1,3)",0.3,0.02,48,28,5,True,0.6089462129527992
"(1,3)",0.3,0.02,49,32,5,True,0.5783003092196054
"(1,3)",0.3,0.02,50,24,5,True,0.6099110546378655
"(1,3)",0.3,0.02,51,19,5,True,0.5920802166466466
"(1,3)",0.3,0.02,52,70,1,False,0.09878578242283276
"(1,3)",0.3,0.02,53,70,2,False,0.19598487777993276
"(1,3)",0.3,0.02,54,32,5,True,0.61328125
"(1,3)",0.3,0.02,55,70,1,False,0.07503388168745444
"(1,3)",0.3,0.02,56,18,5,True,0.5678452148860188
"(1,3)",0.3,0.02,57,26,5,True,0.6023853949438408
"(1,3)",0.3,0.02,58,41,5,True,0.6370967741935485
"(1,3)",0.3,0.02,59,70,3,False,0.3352178578740927
"(1,3)",0.3,0.02,60,41,5,True,0.6220472440944882
"(1,3)",0.3,0.02,61,70,3,False,0.3240955797510641
"(1,3)",0.3,0.02,62,50,5,True,0.49297087969084535
"(1,3)",0.3,0.02,63,48,5,True,0.5792854275391409
"(1,3)",0.3,0.02,64,31,5,True,0.595788043478261
"(1,3)",0.3,0.02,65,40,5,True,0.624
"(1,3)",0.3,0.02,66,39,5,True,0.5244491133974003
"(1,3)",0.3,0.02,67,49,5,True,0.6046959662853704
"(1,3)",0.3,0.02,68,24,5,True,0.585820895522388
"(1,3)",0.3,0.02,69,70,4,False,0.5163911256278861
"(1,3)",0.3,0.02,70,20,5,True,0.5678452148860188
"(1,3)",0.3,0.02,71,54,5,True,0.5574029126213592
"(1,3)",0.3,0.02,72,19,5,True,0.5772374105837715
"(1,3)",0.3,0.02,73,26,5,True,0.6188374928030107
"(1,3)",0.3,0.02,74,70,1,False,0.07208474723864235
"(1,3)",0.3,0.02,75,40,5,True,0.5986696062975381
"(1,3)",0.3,0.02,76,46,5,True,0.4751249771493665
"(1,3)",0.3,0.02,77,25,5,True,0.6197546804389931
"(1,3)",0.3,0.02,78,70,1,False,0.07177360199873352
"(1,3)",0.3,0.02,79,70,3,False,0.2892265487806526
"(1,3)",0.3,0.02,80,46,5,True,0.568463653881926
"(1,3)",0.3,0.02,81,70,1,False,0.0875002801853413
"(1,3)",0.3,0.02,82,28,5,True,0.5780216294835869
"(1,3)",0.3,0.02,83,42,5,True,0.5314299866228693
"(1,3)",0.3,0.02,84,29,5,True,0.600724394002501
"(1,3)",0.3,0.02,85,19,5,True,0.6285905143620575
"(1,3)",0.3,0.02,86,36,5,True,0.6053639846743295
"(1,3)",0.3,0.02,87,70,2,False,0.22621963385545388
"(1,3)",0.3,0.02,88,28,5,True,0.5943216215547609
"(1,3)",0.3,0.02,89,30,5,True,0.6038461538461539
"(1,3)",0.3,0.02,90,33,5,True,0.5784433323123115
"(1,3)",0.3,0.02,91,33,5,True,0.5351172448407326
"(1,3)",0.3,0.02,92,70,1,False,0.16042450172322992
"(1,3)",0.3,0.02,93,51,5,True,0.5718378133990217
"(1,3)",0.3,0.02,94,48,5,True,0.5537287834880833
"(1,3)",0.3,0.02,95,32,5,True,0.6169429097605895
"(1,3)",0.3,0.02,96,44,5,True,0.5756733169728716
"(1,3)",0.3,0.02,97,70,2,False,0.24324143118237398
"(1,3)",0.3,0.02,98,70,2,False,0.19490033818301017
"(1,3)",0.3,0.02,99,58,5,True,0.5239943293604522
"(1,3)",0.3,0.02,100,27,5,True,0.6043712349989595
"(1,3)",0.4,0.02,1,70,1,False,0.07244053845916047
"(1,3)",0.4,0.02,2,64,5,True,0.436505308683595
"(1,3)",0.4,0.02,3,33,5,True,0.5089471251601531
"(1,3)",0.4,0.02,4,21,5,True,0.560804088107621
"(1,3)",0.4,0.02,5,70,2,False,0.23121639701477797
"(1,3)",0.4,0.02,6,70,1,False,0.15348255975334787
"(1,3)",0.4,0.02,7,37,5,True,0.5383791973037594
"(1,3)",0.4,0.02,8,26,5,True,0.57958430263642
"(1,3)",0.4,0.02,9,22,5,True,0.577976297578588
"(1,3)",0.4,0.02,10,27,5,True,0.5880933226065971
"(1,3)",0.4,0.02,11,48,5,True,0.5154653626813184
"(1,3)",0.4,0.02,12,40,5,True,0.5489406352484496
"(1,3)",0.4,0.02,13,16,5,True,0.6275303643724696
"(1,3)",0.4,0.02,14,57,5,True,0.5360913449857779
"(1,3)",0.4,0.02,15,40,5,True,0.6106870229007634
"(1,3)",0.4,0.02,16,70,3,False,0.2711290013379031
"(1,3)",0.4,0.02,17,70,2,False,0.22057069325186926
"(1,3)",0.4,0.02,18,70,2,False,0.2022843219078519
"(1,3)",0.4,0.02,19,70,1,False,0.12887323759010413
"(1,3)",0.4,0.02,20,23,5,True,0.5514407056091505
"(1,3)",0.4,0.02,21,27,5,True,0.5992486164157492
"(1,3)",0.4,0.02,22,70,2,False,0.20703760013460845
"(1,3)",0.4,0.02,23,70,0,False,0.07771229360265028
"(1,3)",0.4,0.02,24,47,5,True,0.4739268378229081
"(1,3)",0.4,0.02,25,24,5,True,0.5985792185959747
"(1,3)",0.4,0.02,26,41,5,True,0.5439854168140866
"(1,3)",0.4,0.02,27,67,5,True,0.4917426055816232
"(1,3)",0.4,0.02,28,19,5,True,0.601396078714309
"(1,3)",0.4,0.02,29,23,5,True,0.572551334953627
"(1,3)",0.4,0.02,30,58,5,True,0.491869439384295
"(1,3)",0.4,0.02,31,16,5,True,0.6274509803921569
"(1,3)",0.4,0.02,32,21,5,True,0.6030440015542224
"(1,3)",0.4,0.02,33,70,2,False,0.2432297540616229
"(1,3)",0.4,0.02,34,59,5,True,0.44934612754367276
"(1,3)",0.4,0.02,35,27,5,True,0.5750497502511143
"(1,3)",0.4,0.02,36,70,3,False,0.2956656879702491
"(1,3)",0.4,0.02,37,22,5,True,0.6235294117647059
"(1,3)",0.4,0.02,38,28,5,True,0.609375
"(1,3)",0.4,0.02,39,39,5,True,0.5366915883712269
"(1,3)",0.4,0.02,40,70,2,False,0.2609367140404393
"(1,3)",0.4,0.02,41,19,5,True,0.6126482213438735
"(1,3)",0.4,0.02,42,39,5,True,0.5949013445084688
"(1,3)",0.4,0.02,43,24,5,True,0.6124031007751938
"(1,3)",0.4,0.02,44,39,5,True,0.4900939847234528
"(1,3)",0.4,0.02,45,32,5,True,0.5712389384145273
"(1,3)",0.4,0.02,46,19,5,True,0.6024013791221388
"(1,3)",0.4,0.02,47,29,5,True,0.5774649655858017
"(1,3)",0.4,0.02,48,30,5,True,0.5894296559302639
"(1,3)",0.4,0.02,49,29,5,True,0.589562446913912
"(1,3)",0.4,0.02,50,20,5,True,0.6370967741935485
"(1,3)",0.4,0.02,51,56,5,True,0.4876316839490643
"(1,3)",0.4,0.02,52,23,5,True,0.6212121212121212
"(1,3)",0.4,0.02,53,22,5,True,0.5975711892797321
"(1,3)",0.4,0.02,54,45,5,True,0.5844241703027899
"(1,3)",0.4,0.02,55,21,5,True,0.594322562696653
"(1,3)",0.4,0.02,56,28,5,True,0.5677540364924702
"(1,3)",0.4,0.02,57,64,5,True,0.5308744754434761
"(1,3)",0.4,0.02,58,38,5,True,0.5543571803606057
"(1,3)",0.4,0.02,59,70,1,False,0.11900112863550188
"(1,3)",0.4,0.02,60,28,5,True,0.6265060240963856
"(1,3)",0.4,0.02,61,22,5,True,0.62
"(1,3)",0.4,0.02,62,24,5,True,0.5810623090330194
"(1,3)",0.4,0.02,63,41,5,True,0.5437066077902529
"(1,3)",0.4,0.02,64,36,5,True,0.5410397272136825
"(1,3)",0.4,0.02,65,23,5,True,0.6111173857390256
"(1,3)",0.4,0.02,66,70,1,False,0.14476680156037122
"(1,3)",0.4,0.02,67,37,5,True,0.5971978668297127
"(1,3)",0.4,0.02,68,53,5,True,0.49244769897161755
"(1,3)",0.4,0.02,69,36,5,True,0.5092283407910432
"(1,3)",0.4,0.02,70,22,5,True,0.5370066331800992
"(1,3)",0.4,0.02,71,33,5,True,0.5801434279201869
"(1,3)",0.4,0.02,72,16,5,True,0.6245190691419819
"(1,3)",0.4,0.02,73,30,5,True,0.5981421935389358
"(1,3)",0.4,0.02,74,43,5,True,0.5664258731090729
"(1,3)",0.4,0.02,75,65,5,True,0.5012636044729021
"(1,3)",0.4,0.02,76,70,2,False,0.2049709638257373
"(1,3)",0.4,0.02,77,60,5,True,0.5462783788939161
"(1,3)",0.4,0.02,78,18,5,True,0.5793031375668779
"(1,3)",0.4,0.02,79,60,5,True,0.5213114754098361
"(1,3)",0.4,0.02,80,54,5,True,0.5362736903537308
"(1,3)",0.4,0.02,81,70,1,False,0.0714290832751499
"(1,3)",0.4,0.02,82,70,1,False,0.13152816586122917
"(1,3)",0.4,0.02,83,70,4,False,0.45454545454545453
"(1,3)",0.4,0.02,84,70,3,False,0.2802735363964079
"(1,3)",0.4,0.02,85,19,5,True,0.5981421935389359
"(1,3)",0.4,0.02,86,27,5,True,0.5677082094280156
"(1,3)",0.4,0.02,87,70,1,False,0.13144016305991918
"(1,3)",0.4,0.02,88,19,5,True,0.6178035053923444
"(1,3)",0.4,0.02,89,70,3,False,0.31892667742291037
"(1,3)",0.4,0.02,90,31,5,True,0.5485661415562592
"(1,3)",0.4,0.02,91,70,2,False,0.22985860147940498
"(1,3)",0.4,0.02,92,42,5,True,0.5082947770411521
"(1,3)",0.4,0.02,93,25,5,True,0.5440779893064445
"(1,3)",0.4,0.02,94,70,1,False,0.12229230195050332
"(1,3)",0.4,0.02,95,63,5,True,0.5134398202442787
"(1,3)",0.4,0.02,96,51,5,True,0.5528169014084507
"(1,3)",0.4,0.02,97,20,5,True,0.607554836359562
"(1,3)",0.4,0.02,98,33,5,True,0.5994702480436649
"(1,3)",0.4,0.02,99,34,5,True,0.5908654249960692
"(1,3)",0.4,0.02,100,29,5,True,0.5838756098699097
"(1,3)",0.5,0.02,1,13,5,True,0.6338582677165354
"(1,3)",0.5,0.02,2,15,5,True,0.6162238780740097
"(1,3)",0.5,0.02,3,69,5,True,0.4778233622303924
"(1,3)",0.5,0.02,4,54,5,True,0.5494288046600087
"(1,3)",0.5,0.02,5,70,2,False,0.21627369810587868
"(1,3)",0.5,0.02,6,70,1,False,0.14518362860698872
"(1,3)",0.5,0.02,7,23,5,True,0.6015325670498085
"(1,3)",0.5,0.02,8,70,1,False,0.12204977613121593
"(1,3)",0.5,0.02,9,22,5,True,0.6042263801605811
"(1,3)",0.5,0.02,10,24,5,True,0.6202489160816075
"(1,3)",0.5,0.02,11,34,5,True,0.5542406311637081
"(1,3)",0.5,0.02,12,33,5,True,0.5084975042215941
"(1,3)",0.5,0.02,13,70,1,False,0.13809426367376673
"(1,3)",0.5,0.02,14,20,5,True,0.6094084998051508
"(1,3)",0.5,0.02,15,21,5,True,0.6126682812166108
"(1,3)",0.5,0.02,16,26,5,True,0.5780508490268851
"(1,3)",0.5,0.02,17,70,1,False,0.13607814767831478
"(1,3)",0.5,0.02,18,70,1,False,0.1338966366428949
"(1,3)",0.5,0.02,19,30,5,True,0.5715695294534927
"(1,3)",0.5,0.02,20,33,5,True,0.5508970968346069
"(1,3)",0.5,0.02,21,28,5,True,0.5713146435825186
"(1,3)",0.5,0.02,22,55,5,True,0.5056111693790569
"(1,3)",0.5,0.02,23,70,1,False,0.12319595823336814
"(1,3)",0.5,0.02,24,69,5,True,0.58442417030279
"(1,3)",0.5,0.02,25,19,5,True,0.5939654347607374
"(1,3)",0.5,0.02,26,36,5,True,0.5581842634838061
"(1,3)",0.5,0.02,27,31,5,True,0.5755588623976369
"(1,3)",0.5,0.02,28,70,0,False,0.06667775634873085
"(1,3)",0.5,0.02,29,32,5,True,0.5657791383669453
"(1,3)",0.5,0.02,30,70,2,False,0.22608365117629778
"(1,3)",0.5,0.02,31,70,3,False,0.26255447279138355
"(1,3)",0.5,0.02,32,38,5,True,0.5472755216161913
"(1,3)",0.5,0.02,33,57,5,True,0.5164123062015504
"(1,3)",0.5,0.02,34,27,5,True,0.5907323046324159
"(1,3)",0.5,0.02,35,32,5,True,0.5472743177826975
"(1,3)",0.5,0.02,36,42,5,True,0.5688297274924748
"(1,3)",0.5,0.02,37,70,2,False,0.21240894908287977
"(1,3)",0.5,0.02,38,25,5,True,0.564171267737663
"(1,3)",0.5,0.02,39,70,1,False,0.1374238137971807
"(1,3)",0.5,0.02,40,31,5,True,0.6015325670498085
"(1,3)",0.5,0.02,41,70,1,False,0.1298496392535765
"(1,3)",0.5,0.02,42,51,5,True,0.5189001121388352
"(1,3)",0.5,0.02,43,27,5,True,0.5685704505491885
"(1,3)",0.5,0.02,44,17,5,True,0.601890345240536
"(1,3)",0.5,0.02,45,17,5,True,0.6004737864471495
"(1,3)",0.5,0.02,46,24,5,True,0.5863466730895563
"(1,3)",0.5,0.02,47,28,5,True,0.5569207882395958
"(1,3)",0.5,0.02,48,56,5,True,0.5560094420964846
"(1,3)",0.5,0.02,49,19,5,True,0.6198416239125586
"(1,3)",0.5,0.02,50,25,5,True,0.5643098164393006
"(1,3)",0.5,0.02,51,70,2,False,0.21738709040717188
"(1,3)",0.5,0.02,52,70,1,False,0.06975232206883948
"(1,3)",0.5,0.02,53,51,5,True,0.46344146159523664
"(1,3)",0.5,0.02,54,70,3,False,0.2820843490239699
"(1,3)",0.5,0.02,55,19,5,True,0.6356275303643724
"(1,3)",0.5,0.02,56,30,5,True,0.5891075904240086
"(1,3)",0.5,0.02,57,32,5,True,0.5556544687080455
"(1,3)",0.5,0.02,58,14,5,True,0.5878629596511535
"(1,3)",0.5,0.02,59,70,2,False,0.2222030481594516
"(1,3)",0.5,0.02,60,54,5,True,0.5781187396186278
"(1,3)",0.5,0.02,61,64,5,True,0.4691166079734107
"(1,3)",0.5,0.02,62,28,5,True,0.6190476190476191
"(1,3)",0.5,0.02,63,25,5,True,0.6000535356248186
"(1,3)",0.5,0.02,64,18,5,True,0.6150793650793651
"(1,3)",0.5,0.02,65,27,5,True,0.6039038062992891
"(1,3)",0.5,0.02,66,70,2,False,0.23614671996482722
"(1,3)",0.5,0.02,67,70,1,False,0.14436345104723516
"(1,3)",0.5,0.02,68,34,5,True,0.5891086691086692
"(1,3)",0.5,0.02,69,70,2,False,0.2225066220466808
"(1,3)",0.5,0.02,70,17,5,True,0.6074776088314936
"(1,3)",0.5,0.02,71,21,5,True,0.5816715925696221
"(1,3)",0.5,0.02,72,25,5,True,0.5909488477339534
"(1,3)",0.5,0.02,73,26,5,True,0.603865767982597
"(1,3)",0.5,0.02,74,26,5,True,0.6274768575253107
"(1,3)",0.5,0.02,75,15,5,True,0.5907366354023202
"(1,3)",0.5,0.02,76,17,5,True,0.6036625709620873
"(1,3)",0.5,0.02,77,29,5,True,0.5652973360839537
"(1,3)",0.5,0.02,78,23,5,True,0.5914479279481726
"(1,3)",0.5,0.02,79,22,5,True,0.6056518034649246
"(1,3)",0.5,0.02,80,70,1,False,0.1314078053697397
"(1,3)",0.5,0.02,81,15,5,True,0.6228229978867593
"(1,3)",0.5,0.02,82,39,5,True,0.5416666666666666
"(1,3)",0.5,0.02,83,34,5,True,0.6067875506538991
"(1,3)",0.5,0.02,84,70,2,False,0.22919446584933545
"(1,3)",0.5,0.02,85,34,5,True,0.5438205142563258
"(1,3)",0.5,0.02,86,22,5,True,0.6136167767882792
"(1,3)",0.5,0.02,87,55,5,True,0.5385589006418949
"(1,3)",0.5,0.02,88,13,5,True,0.6108804275258681
"(1,3)",0.5,0.02,89,22,5,True,0.5893108798278638
"(1,3)",0.5,0.02,90,70,3,False,0.2811512590026271
"(1,3)",0.5,0.02,91,70,3,False,0.27619896416396744
"(1,3)",0.5,0.02,92,18,5,True,0.5985962606189107
"(1,3)",0.5,0.02,93,70,1,False,0.11959845401120055
"(1,3)",0.5,0.02,94,70,2,False,0.2151017593987769
"(1,3)",0.5,0.02,95,27,5,True,0.5999866901554843
"(1,3)",0.5,0.02,96,34,5,True,0.5444481751836056
"(1,3)",0.5,0.02,97,70,2,False,0.21943697682268073
"(1,3)",0.5,0.02,98,38,5,True,0.5645783924285642
"(1,3)",0.5,0.02,99,70,2,False,0.22185432540639713
"(1,3)",0.5,0.02,100,70,2,False,0.21530005546538145
"(1,3)",0.6,0.02,1,70,2,False,0.22675769045496733
"(1,3)",0.6,0.02,2,35,5,True,0.6034146590649663
"(1,3)",0.6,0.02,3,15,5,True,0.600013484967555
"(1,3)",0.6,0.02,4,60,5,True,0.569768888249597
"(1,3)",0.6,0.02,5,40,5,True,0.49176077032093296
"(1,3)",0.6,0.02,6,23,5,True,0.5930760483230703
"(1,3)",0.6,0.02,7,70,2,False,0.22221726524200966
"(1,3)",0.6,0.02,8,70,1,False,0.1499764437614431
"(1,3)",0.6,0.02,9,16,5,True,0.6025605438889443
"(1,3)",0.6,0.02,10,34,5,True,0.5489357611922606
"(1,3)",0.6,0.02,11,70,2,False,0.2224956222388145
"(1,3)",0.6,0.02,12,36,5,True,0.5336139886187278
"(1,3)",0.6,0.02,13,24,5,True,0.6054655417008885
"(1,3)",0.6,0.02,14,70,2,False,0.25889519817712553
"(1,3)",0.6,0.02,15,70,2,False,0.2363354523184215
"(1,3)",0.6,0.02,16,34,5,True,0.5781287772978969
"(1,3)",0.6,0.02,17,70,2,False,0.1941047488406664
"(1,3)",0.6,0.02,18,70,3,False,0.2953407556014421
"(1,3)",0.6,0.02,19,70,2,False,0.22016186099444116
"(1,3)",0.6,0.02,20,20,5,True,0.5689409552136495
"(1,3)",0.6,0.02,21,70,1,False,0.15270200363878836
"(1,3)",0.6,0.02,22,66,5,True,0.5380489768188983
"(1,3)",0.6,0.02,23,12,5,True,0.6227717941982212
"(1,3)",0.6,0.02,24,24,5,True,0.5970060864010568
"(1,3)",0.6,0.02,25,28,5,True,0.5755226263576383
"(1,3)",0.6,0.02,26,35,5,True,0.5236503438579936
"(1,3)",0.6,0.02,27,29,5,True,0.5902255639097744
"(1,3)",0.6,0.02,28,70,2,False,0.20701816210265364
"(1,3)",0.6,0.02,29,70,3,False,0.25877423639704916
"(1,3)",0.6,0.02,30,70,1,False,0.1368710586179739
"(1,3)",0.6,0.02,31,70,0,False,0.07446720432725551
"(1,3)",0.6,0.02,32,19,5,True,0.6130007558578987
"(1,3)",0.6,0.02,33,18,5,True,0.6007751937984496
"(1,3)",0.6,0.02,34,31,5,True,0.5895522388059701
"(1,3)",0.6,0.02,35,62,5,True,0.4559855522723976
"(1,3)",0.6,0.02,36,25,5,True,0.5299627606259735
"(1,3)",0.6,0.02,37,70,1,False,0.14521610289184245
"(1,3)",0.6,0.02,38,70,2,False,0.2122770218938
"(1,3)",0.6,0.02,39,15,5,True,0.6188374928030107
"(1,3)",0.6,0.02,40,70,2,False,0.2436113157895355
"(1,3)",0.6,0.02,41,20,5,True,0.6167693288020393
"(1,3)",0.6,0.02,42,24,5,True,0.5768024356880239
"(1,3)",0.6,0.02,43,70,3,False,0.2798125356660923
"(1,3)",0.6,0.02,44,23,5,True,0.6111024978980446
"(1,3)",0.6,0.02,45,70,2,False,0.2150795225908152
"(1,3)",0.6,0.02,46,26,5,True,0.5976627712854756
"(1,3)",0.6,0.02,47,19,5,True,0.5861184710712313
"(1,3)",0.6,0.02,48,26,5,True,0.5855710902658222
"(1,3)",0.6,0.02,49,70,1,False,0.14182360078606795
"(1,3)",0.6,0.02,50,32,5,True,0.6096654275092936
"(1,3)",0.6,0.02,51,31,5,True,0.5359624191685871
"(1,3)",0.6,0.02,52,38,5,True,0.5150322905803678
"(1,3)",0.6,0.02,53,70,1,False,0.1329371532819792
"(1,3)",0.6,0.02,54,70,0,False,0.07390501033580958
"(1,3)",0.6,0.02,55,70,3,False,0.2731007003038726
"(1,3)",0.6,0.02,56,51,5,True,0.4624745355674726
"(1,3)",0.6,0.02,57,38,5,True,0.5978971533544004
"(1,3)",0.6,0.02,58,33,5,True,0.5343506829997158
"(1,3)",0.6,0.02,59,18,5,True,0.6123523638364586
"(1,3)",0.6,0.02,60,70,0,False,0.0757549971742287
"(1,3)",0.6,0.02,61,66,5,True,0.4688486761020071
"(1,3)",0.6,0.02,62,70,2,False,0.22547944100991135
"(1,3)",0.6,0.02,63,23,5,True,0.5599583519262233
"(1,3)",0.6,0.02,64,27,5,True,0.5679264898457677
"(1,3)",0.6,0.02,65,15,5,True,0.6274509803921569
"(1,3)",0.6,0.02,66,27,5,True,0.5965432066185054
"(1,3)",0.6,0.02,67,25,5,True,0.6141732283464567
"(1,3)",0.6,0.02,68,25,5,True,0.6053639846743295
"(1,3)",0.6,0.02,69,25,5,True,0.5125469865038066
"(1,3)",0.6,0.02,70,28,5,True,0.5327742763242322
"(1,3)",0.6,0.02,71,22,5,True,0.6230769230769231
"(1,3)",0.6,0.02,72,11,5,True,0.631578947368421
"(1,3)",0.6,0.02,73,63,5,True,0.6269230769230769
"(1,3)",0.6,0.02,74,43,5,True,0.5099752576716505
"(1,3)",0.6,0.02,75,70,3,False,0.2974331300227273
"(1,3)",0.6,0.02,76,28,5,True,0.5947955390334572
"(1,3)",0.6,0.02,77,70,3,False,0.2874811598333069
"(1,3)",0.6,0.02,78,47,5,True,0.569265874656169
"(1,3)",0.6,0.02,79,70,1,False,0.13607172543471718
"(1,3)",0.6,0.02,80,27,5,True,0.5930665170348504
"(1,3)",0.6,0.02,81,23,5,True,0.5882008281565754
"(1,3)",0.6,0.02,82,57,5,True,0.539393611161147
"(1,3)",0.6,0.02,83,70,2,False,0.21924212318637426
"(1,3)",0.6,0.02,84,28,5,True,0.5159916712484601
"(1,3)",0.6,0.02,85,41,5,True,0.5162327472913545
"(1,3)",0.6,0.02,86,30,5,True,0.5714234113758263
"(1,3)",0.6,0.02,87,70,2,False,0.23216371212834183
"(1,3)",0.6,0.02,88,46,5,True,0.5409498668276868
"(1,3)",0.6,0.02,89,38,5,True,0.5750671499017466
"(1,3)",0.6,0.02,90,29,5,True,0.5824373076787908
"(1,3)",0.6,0.02,91,11,5,True,0.5976730128175868
"(1,3)",0.6,0.02,92,33,5,True,0.6309523809523809
"(1,3)",0.6,0.02,93,12,5,True,0.6268873727770943
"(1,3)",0.6,0.02,94,26,5,True,0.5388086314688579
"(1,3)",0.6,0.02,95,45,5,True,0.5344466427259177
"(1,3)",0.6,0.02,96,70,3,False,0.2776896791098622
"(1,3)",0.6,0.02,97,26,5,True,0.5270651863848089
"(1,3)",0.6,0.02,98,25,5,True,0.6071815860356107
"(1,3)",0.6,0.02,99,25,5,True,0.5642401241109932
"(1,3)",0.6,0.02,100,36,5,True,0.5740072202166064
"(1,3)",0.7,0.02,1,70,0,False,0.05882920639437811
"(1,3)",0.7,0.02,2,36,5,True,0.544113795781471
"(1,3)",0.7,0.02,3,27,5,True,0.5781088712790552
"(1,3)",0.7,0.02,4,20,5,True,0.5978955279969936
"(1,3)",0.7,0.02,5,70,2,False,0.20880926940653247
"(1,3)",0.7,0.02,6,70,4,False,0.410772293131797
"(1,3)",0.7,0.02,7,24,5,True,0.5817130149673266
"(1,3)",0.7,0.02,8,33,5,True,0.5467769021178548
"(1,3)",0.7,0.02,9,38,5,True,0.5260316099568833
"(1,3)",0.7,0.02,10,70,2,False,0.29727300122352257
"(1,3)",0.7,0.02,11,23,5,True,0.5832284424316074
"(1,3)",0.7,0.02,12,48,5,True,0.5934065934065934
"(1,3)",0.7,0.02,13,19,5,True,0.611764705882353
"(1,3)",0.7,0.02,14,43,5,True,0.5903614457831327
"(1,3)",0.7,0.02,15,70,2,False,0.193670253019329
"(1,3)",0.7,0.02,16,30,5,True,0.5984894046060778
"(1,3)",0.7,0.02,17,70,2,False,0.2013033774574432
"(1,3)",0.7,0.02,18,70,2,False,0.2044630651526482
"(1,3)",0.7,0.02,19,13,5,True,0.623015873015873
"(1,3)",0.7,0.02,20,19,5,True,0.6111024978980447
"(1,3)",0.7,0.02,21,70,2,False,0.29696607851477846
"(1,3)",0.7,0.02,22,22,5,True,0.5824240556654372
"(1,3)",0.7,0.02,23,47,5,True,0.5296022423514015
"(1,3)",0.7,0.02,24,70,1,False,0.14560789870977783
"(1,3)",0.7,0.02,25,70,1,False,0.13650228412625665
"(1,3)",0.7,0.02,26,70,1,False,0.07142842158090491
"(1,3)",0.7,0.02,27,30,5,True,0.62109375
"(1,3)",0.7,0.02,28,12,5,True,0.6178380511606214
"(1,3)",0.7,0.02,29,38,5,True,0.543895187368703
"(1,3)",0.7,0.02,30,34,5,True,0.5905484478825745
"(1,3)",0.7,0.02,31,34,5,True,0.564762274452139
"(1,3)",0.7,0.02,32,70,1,False,0.150972802367149
"(1,3)",0.7,0.02,33,14,5,True,0.6095627714775893
"(1,3)",0.7,0.02,34,70,1,False,0.14682454753106242
"(1,3)",0.7,0.02,35,12,5,True,0.6251363735544403
"(1,3)",0.7,0.02,36,41,5,True,0.548611111111111
"(1,3)",0.7,0.02,37,24,5,True,0.5764060661595651
"(1,3)",0.7,0.02,38,70,0,False,0.0767332204446475
"(1,3)",0.7,0.02,39,70,1,False,0.14400748823897377
"(1,3)",0.7,0.02,40,70,0,False,0.077406601155412
"(1,3)",0.7,0.02,41,38,5,True,0.5211568380760299
"(1,3)",0.7,0.02,42,28,5,True,0.56020801667533
"(1,3)",0.7,0.02,43,25,5,True,0.5957513934167632
"(1,3)",0.7,0.02,44,58,5,True,0.6356275303643724
"(1,3)",0.7,0.02,45,70,2,False,0.22303717778968188
"(1,3)",0.7,0.02,46,20,5,True,0.6056084949902264
"(1,3)",0.7,0.02,47,27,5,True,0.5844241703027899
"(1,3)",0.7,0.02,48,70,1,False,0.14367590089999532
"(1,3)",0.7,0.02,49,33,5,True,0.5793782282428614
"(1,3)",0.7,0.02,50,53,5,True,0.49269048340743476
"(1,3)",0.7,0.02,51,17,5,True,0.6116382036685641
"(1,3)",0.7,0.02,52,16,5,True,0.623015873015873
"(1,3)",0.7,0.02,53,70,2,False,0.21822408820128675
"(1,3)",0.7,0.02,54,24,5,True,0.5704633994330636
"(1,3)",0.7,0.02,55,70,4,False,0.46001687346127706
"(1,3)",0.7,0.02,56,70,2,False,0.18995930642061826
"(1,3)",0.7,0.02,57,70,1,False,0.14144721797846513
"(1,3)",0.7,0.02,58,70,0,False,0.0734299849580496
"(1,3)",0.7,0.02,59,17,5,True,0.6196078431372549
"(1,3)",0.7,0.02,60,10,5,True,0.624
"(1,3)",0.7,0.02,61,48,5,True,0.5501974901070081
"(1,3)",0.7,0.02,62,70,2,False,0.21074313184812773
"(1,3)",0.7,0.02,63,31,5,True,0.5779641415944577
"(1,3)",0.7,0.02,64,42,5,True,0.5332286928987542
"(1,3)",0.7,0.02,65,31,5,True,0.5513689141494986
"(1,3)",0.7,0.02,66,14,5,True,0.6039014319991408
"(1,3)",0.7,0.02,67,70,4,False,0.33746476262905734
"(1,3)",0.7,0.02,68,70,0,False,0.07593690481046866
"(1,3)",0.7,0.02,69,70,1,False,0.14515964757175262
"(1,3)",0.7,0.02,70,70,3,False,0.30130177537608716
"(1,3)",0.7,0.02,71,25,5,True,0.5724637681159419
"(1,3)",0.7,0.02,72,70,1,False,0.1486094601971073
"(1,3)",0.7,0.02,73,70,1,False,0.13055567264016343
"(1,3)",0.7,0.02,74,70,0,False,0.07477114087960417
"(1,3)",0.7,0.02,75,70,2,False,0.2225869692120584
"(1,3)",0.7,0.02,76,70,3,False,0.27926688572977065
"(1,3)",0.7,0.02,77,29,5,True,0.592347167665465
"(1,3)",0.7,0.02,78,24,5,True,0.5975163684941733
"(1,3)",0.7,0.02,79,25,5,True,0.5416603640541028
"(1,3)",0.7,0.02,80,70,1,False,0.1432570085146542
"(1,3)",0.7,0.02,81,70,2,False,0.20174710042007735
"(1,3)",0.7,0.02,82,37,5,True,0.5357788022216797
"(1,3)",0.7,0.02,83,39,5,True,0.4953211608943574
"(1,3)",0.7,0.02,84,44,5,True,0.5534319480882082
"(1,3)",0.7,0.02,85,70,2,False,0.2112623177002196
"(1,3)",0.7,0.02,86,70,2,False,0.23171978069401958
"(1,3)",0.7,0.02,87,70,1,False,0.16384854564582332
"(1,3)",0.7,0.02,88,54,5,True,0.5547703180212014
"(1,3)",0.7,0.02,89,67,5,True,0.515018290002242
"(1,3)",0.7,0.02,90,70,2,False,0.22159430103099756
"(1,3)",0.7,0.02,91,21,5,True,0.5893536121673003
"(1,3)",0.7,0.02,92,56,5,True,0.4980716432275199
"(1,3)",0.7,0.02,93,55,5,True,0.4921402640394413
"(1,3)",0.7,0.02,94,20,5,True,0.6133828996282528
"(1,3)",0.7,0.02,95,25,5,True,0.5669450964850775
"(1,3)",0.7,0.02,96,19,5,True,0.621593116847072
"(1,3)",0.7,0.02,97,70,2,False,0.23390041072357606
"(1,3)",0.7,0.02,98,23,5,True,0.5830691285208497
"(1,3)",0.7,0.02,99,58,5,True,0.4544711866971921
"(1,3)",0.7,0.02,100,44,5,True,0.4817073170731707
"(1,3)",0.8,0.02,1,22,5,True,0.5781237764352343
"(1,3)",0.8,0.02,2,43,5,True,0.5659203830895904
"(1,3)",0.8,0.02,3,60,5,True,0.5187538171047965
"(1,3)",0.8,0.02,4,70,1,False,0.1457352590346916
"(1,3)",0.8,0.02,5,15,5,True,0.6198416239125586
"(1,3)",0.8,0.02,6,26,5,True,0.5779736194218056
"(1,3)",0.8,0.02,7,70,0,False,0.0702525459727625
"(1,3)",0.8,0.02,8,14,5,True,0.6254980079681275
"(1,3)",0.8,0.02,9,50,5,True,0.4923778746909773
"(1,3)",0.8,0.02,10,40,5,True,0.6072330070382
"(1,3)",0.8,0.02,11,23,5,True,0.583582300015891
"(1,3)",0.8,0.02,12,70,1,False,0.1445891836598225
"(1,3)",0.8,0.02,13,38,5,True,0.5255706817752192
"(1,3)",0.8,0.02,14,26,5,True,0.624031007751938
"(1,3)",0.8,0.02,15,23,5,True,0.6061776061776062
"(1,3)",0.8,0.02,16,41,5,True,0.5257709651063273
"(1,3)",0.8,0.02,17,50,5,True,0.4832172808774605
"(1,3)",0.8,0.02,18,70,3,False,0.3207457266662089
"(1,3)",0.8,0.02,19,17,5,True,0.5856473356670169
"(1,3)",0.8,0.02,20,15,5,True,0.5976627712854756
"(1,3)",0.8,0.02,21,20,5,True,0.5527811514933175
"(1,3)",0.8,0.02,22,13,5,True,0.6121586191780154
"(1,3)",0.8,0.02,23,17,5,True,0.6196078431372549
"(1,3)",0.8,0.02,24,22,5,True,0.5721644455006838
"(1,3)",0.8,0.02,25,70,1,False,0.12970509887397647
"(1,3)",0.8,0.02,26,18,5,True,0.5932701978967326
"(1,3)",0.8,0.02,27,21,5,True,0.5932598350720572
"(1,3)",0.8,0.02,28,14,5,True,0.582944099813284
"(1,3)",0.8,0.02,29,27,5,True,0.5209341865311495
"(1,3)",0.8,0.02,30,20,5,True,0.6048683838097936
"(1,3)",0.8,0.02,31,70,3,False,0.30622064138333327
"(1,3)",0.8,0.02,32,30,5,True,0.5377331103031644
"(1,3)",0.8,0.02,33,70,0,False,0.0733271530069926
"(1,3)",0.8,0.02,34,70,0,False,0.08141482747330613
"(1,3)",0.8,0.02,35,70,2,False,0.20144051302173768
"(1,3)",0.8,0.02,36,70,0,False,0.06655712150147802
"(1,3)",0.8,0.02,37,70,2,False,0.22731502044071122
"(1,3)",0.8,0.02,38,70,1,False,0.15050203405291507
"(1,3)",0.8,0.02,39,70,1,False,0.15459304626021303
"(1,3)",0.8,0.02,40,49,5,True,0.5681001095526856
"(1,3)",0.8,0.02,41,70,2,False,0.2337486431308856
"(1,3)",0.8,0.02,42,70,2,False,0.21713418332388718
"(1,3)",0.8,0.02,43,70,2,False,0.21373559239825332
"(1,3)",0.8,0.02,44,10,5,True,0.6157533425358775
"(1,3)",0.8,0.02,45,31,5,True,0.5978767849005611
"(1,3)",0.8,0.02,46,37,5,True,0.514142064369029
"(1,3)",0.8,0.02,47,70,1,False,0.1373630963474107
"(1,3)",0.8,0.02,48,70,2,False,0.20813792014039603
"(1,3)",0.8,0.02,49,13,5,True,0.5970196761529954
"(1,3)",0.8,0.02,50,63,5,True,0.5776524162305445
"(1,3)",0.8,0.02,51,24,5,True,0.5359729262993705
"(1,3)",0.8,0.02,52,70,2,False,0.2175672824587661
"(1,3)",0.8,0.02,53,21,5,True,0.5883554124721821
"(1,3)",0.8,0.02,54,47,5,True,0.5207208191290379
"(1,3)",0.8,0.02,55,46,5,True,0.5859275871984678
"(1,3)",0.8,0.02,56,14,5,True,0.6085271317829458
"(1,3)",0.8,0.02,57,13,5,True,0.616600790513834
"(1,3)",0.8,0.02,58,33,5,True,0.6071815860356107
"(1,3)",0.8,0.02,59,40,5,True,0.5291313335917881
"(1,3)",0.8,0.02,60,70,5,True,0.47278300012817165
"(1,3)",0.8,0.02,61,70,3,False,0.29453315530526236
"(1,3)",0.8,0.02,62,20,5,True,0.5978546553650043
"(1,3)",0.8,0.02,63,70,3,False,0.3316356078324037
"(1,3)",0.8,0.02,64,70,3,False,0.3377582156800944
"(1,3)",0.8,0.02,65,70,1,False,0.157536534223429
"(1,3)",0.8,0.02,66,34,5,True,0.5528980437911948
"(1,3)",0.8,0.02,67,70,1,False,0.12950096129598077
"(1,3)",0.8,0.02,68,70,2,False,0.21922917387218233
"(1,3)",0.8,0.02,69,28,5,True,0.6343283582089553
"(1,3)",0.8,0.02,70,70,2,False,0.20639499411776324
"(1,3)",0.8,0.02,71,70,1,False,0.14481009679041942
"(1,3)",0.8,0.02,72,33,5,True,0.5128854011272109
"(1,3)",0.8,0.02,73,70,2,False,0.21525104916632598
"(1,3)",0.8,0.02,74,25,5,True,0.5657919965564224
"(1,3)",0.8,0.02,75,29,5,True,0.6129606384772467
"(1,3)",0.8,0.02,76,70,1,False,0.16404482921643776
"(1,3)",0.8,0.02,77,22,5,True,0.5806293761108137
"(1,3)",0.8,0.02,78,39,5,True,0.5217244909389687
"(1,3)",0.8,0.02,79,47,5,True,0.5455099042856144
"(1,3)",0.8,0.02,80,20,5,True,0.5861722983474053
"(1,3)",0.8,0.02,81,70,2,False,0.20258771538712672
"(1,3)",0.8,0.02,82,20,5,True,0.5772696325432939
"(1,3)",0.8,0.02,83,70,1,False,0.14535700616891928
"(1,3)",0.8,0.02,84,70,4,False,0.3833334626742673
"(1,3)",0.8,0.02,85,9,5,True,0.6279816513761468
"(1,3)",0.8,0.02,86,23,5,True,0.5671179442210659
"(1,3)",0.8,0.02,87,70,5,True,0.5954198473282443
"(1,3)",0.8,0.02,88,35,5,True,0.5184167684167684
"(1,3)",0.8,0.02,89,33,5,True,0.5590277777777777
"(1,3)",0.8,0.02,90,70,2,False,0.2680861482491315
"(1,3)",0.8,0.02,91,70,1,False,0.1388079044831016
"(1,3)",0.8,0.02,92,25,5,True,0.5965323969341932
"(1,3)",0.8,0.02,93,15,5,True,0.5797692378635952
"(1,3)",0.8,0.02,94,28,5,True,0.6181102362204725
"(1,3)",0.8,0.02,95,31,5,True,0.5891450124320599
"(1,3)",0.8,0.02,96,47,5,True,0.562871633123648
"(1,3)",0.8,0.02,97,25,5,True,0.5932376576884847
"(1,3)",0.8,0.02,98,70,2,False,0.21624169663242238
"(1,3)",0.8,0.02,99,38,5,True,0.5399067869699173
"(1,3)",0.8,0.02,100,15,5,True,0.5934685135639727
"(1,3)",0.9,0.02,1,10,5,True,0.6044518328996555
"(1,3)",0.9,0.02,2,25,5,True,0.6192307692307693
"(1,3)",0.9,0.02,3,40,5,True,0.5927235732971612
"(1,3)",0.9,0.02,4,70,1,False,0.15037344595004679
"(1,3)",0.9,0.02,5,26,5,True,0.5957513934167632
"(1,3)",0.9,0.02,6,70,1,False,0.14965102386766901
"(1,3)",0.9,0.02,7,70,0,False,0.07793504988491595
"(1,3)",0.9,0.02,8,70,0,False,0.0691275055582708
"(1,3)",0.9,0.02,9,70,2,False,0.22127985073688117
"(1,3)",0.9,0.02,10,39,5,True,0.5157342875524435
"(1,3)",0.9,0.02,11,57,5,True,0.5215039329455805
"(1,3)",0.9,0.02,12,52,5,True,0.5532938564026647
"(1,3)",0.9,0.02,13,40,5,True,0.5409450825479429
"(1,3)",0.9,0.02,14,22,5,True,0.5312731785854086
"(1,3)",0.9,0.02,15,70,0,False,0.0703696821514895
"(1,3)",0.9,0.02,16,70,0,False,0.07132772689485783
"(1,3)",0.9,0.02,17,70,0,False,0.07983324901123151
"(1,3)",0.9,0.02,18,17,5,True,0.5767135379723319
"(1,3)",0.9,0.02,19,70,2,False,0.2208146901907435
"(1,3)",0.9,0.02,20,28,5,True,0.5760819586972463
"(1,3)",0.9,0.02,21,70,2,False,0.2281774983033072
"(1,3)",0.9,0.02,22,70,2,False,0.20864243633285418
"(1,3)",0.9,0.02,23,70,1,False,0.13710817790382265
"(1,3)",0.9,0.02,24,58,5,True,0.48018647202284703
"(1,3)",0.9,0.02,25,38,5,True,0.5499613756950236
"(1,3)",0.9,0.02,26,70,0,False,0.07906396875434954
"(1,3)",0.9,0.02,27,70,2,False,0.22031684918496544
"(1,3)",0.9,0.02,28,27,5,True,0.6299212598425197
"(1,3)",0.9,0.02,29,20,5,True,0.5946061249245935
"(1,3)",0.9,0.02,30,70,0,False,0.07711505145415512
"(1,3)",0.9,0.02,31,19,5,True,0.5898412311358476
"(1,3)",0.9,0.02,32,21,5,True,0.5884657723785947
"(1,3)",0.9,0.02,33,17,5,True,0.6356275303643724
"(1,3)",0.9,0.02,34,42,5,True,0.6139488568400827
"(1,3)",0.9,0.02,35,15,5,True,0.6326530612244897
"(1,3)",0.9,0.02,36,40,5,True,0.5628114741414992
"(1,3)",0.9,0.02,37,23,5,True,0.56352312501374
"(1,3)",0.9,0.02,38,70,0,False,0.07451229884093044
"(1,3)",0.9,0.02,39,70,3,False,0.2639196072555388
"(1,3)",0.9,0.02,40,36,5,True,0.5481710058290348
"(1,3)",0.9,0.02,41,70,3,False,0.2650489623926805
"(1,3)",0.9,0.02,42,21,5,True,0.6085271317829456
"(1,3)",0.9,0.02,43,70,1,False,0.15343247204760516
"(1,3)",0.9,0.02,44,19,5,True,0.5915313838003815
"(1,3)",0.9,0.02,45,25,5,True,0.5590944150522157
"(1,3)",0.9,0.02,46,23,5,True,0.5776077646259314
"(1,3)",0.9,0.02,47,29,5,True,0.5920995424410042
"(1,3)",0.9,0.02,48,33,5,True,0.6284584980237153
"(1,3)",0.9,0.02,49,23,5,True,0.5984182876319795
"(1,3)",0.9,0.02,50,70,1,False,0.17192924190148692
"(1,3)",0.9,0.02,51,25,5,True,0.5808552704161976
"(1,3)",0.9,0.02,52,70,0,False,0.07251348352113875
"(1,3)",0.9,0.02,53,70,2,False,0.22693499022781521
"(1,3)",0.9,0.02,54,51,5,True,0.526825381455365
"(1,3)",0.9,0.02,55,70,1,False,0.1372214476053283
"(1,3)",0.9,0.02,56,53,5,True,0.586984793917567
"(1,3)",0.9,0.02,57,18,5,True,0.5967896980139658
"(1,3)",0.9,0.02,58,69,5,True,0.6094890510948905
"(1,3)",0.9,0.02,59,70,3,False,0.404040404040404
"(1,3)",0.9,0.02,60,15,5,True,0.5984312599530037
"(1,3)",0.9,0.02,61,70,1,False,0.18839616404373188
"(1,3)",0.9,0.02,62,40,5,True,0.5693956287760871
"(1,3)",0.9,0.02,63,21,5,True,0.6015239353607932
"(1,3)",0.9,0.02,64,30,5,True,0.6154537286612758
"(1,3)",0.9,0.02,65,14,5,True,0.5979690924308134
"(1,3)",0.9,0.02,66,57,5,True,0.5688994511813906
"(1,3)",0.9,0.02,67,70,3,False,0.3247672609110494
"(1,3)",0.9,0.02,68,33,5,True,0.6195306639997142
"(1,3)",0.9,0.02,69,9,5,True,0.6257339849225291
"(1,3)",0.9,0.02,70,13,5,True,0.6274509803921569
"(1,3)",0.9,0.02,71,52,5,True,0.5316098850622254
"(1,3)",0.9,0.02,72,28,5,True,0.5860952923522207
"(1,3)",0.9,0.02,73,50,5,True,0.5597747905002992
"(1,3)",0.9,0.02,74,70,2,False,0.20084429496078537
"(1,3)",0.9,0.02,75,70,3,False,0.3237306460285563
"(1,3)",0.9,0.02,76,47,5,True,0.5865320542809628
"(1,3)",0.9,0.02,77,54,5,True,0.5308100575876462
"(1,3)",0.9,0.02,78,28,5,True,0.5871959725004021
"(1,3)",0.9,0.02,79,70,4,False,0.5190311418685122
"(1,3)",0.9,0.02,80,70,0,False,0.07904813832307823
"(1,3)",0.9,0.02,81,70,2,False,0.2196230962243814
"(1,3)",0.9,0.02,82,70,0,False,0.0736049356835258
"(1,3)",0.9,0.02,83,34,5,True,0.6112600536193031
"(1,3)",0.9,0.02,84,70,0,False,0.07831458669042105
"(1,3)",0.9,0.02,85,58,5,True,0.536332179930796
"(1,3)",0.9,0.02,86,70,2,False,0.21502057114551829
"(1,3)",0.9,0.02,87,70,3,False,0.37774541316198207
"(1,3)",0.9,0.02,88,65,5,True,0.5511759179188113
"(1,3)",0.9,0.02,89,23,5,True,0.5922605914949243
"(1,3)",0.9,0.02,90,18,5,True,0.5695142902701099
"(1,3)",0.9,0.02,91,70,0,False,0.07238330951738436
"(1,3)",0.9,0.02,92,70,2,False,0.2472945455436922
"(1,3)",0.9,0.02,93,50,5,True,0.5126460086604618
"(1,3)",0.9,0.02,94,70,3,False,0.3073885436838756
"(1,3)",0.9,0.02,95,70,1,False,0.14972935508066942
"(1,3)",0.9,0.02,96,30,5,True,0.5631768953068592
"(1,3)",0.9,0.02,97,70,1,False,0.15515464371502624
"(1,3)",0.9,0.02,98,61,5,True,0.5719424460431655
"(1,3)",0.9,0.02,99,70,1,False,0.14511923366511517
"(1,3)",0.9,0.02,100,70,1,False,0.14123253913983103
"(2,1)",0.1,0.02,1,15,5,True,0.8538812785388128
"(2,1)",0.1,0.02,2,17,5,True,0.8423208746363287
"(2,1)",0.1,0.02,3,70,3,False,0.1515151515151515
"(2,1)",0.1,0.02,4,18,5,True,0.8617511520737328
"(2,1)",0.1,0.02,5,16,5,True,0.8636363636363636
"(2,1)",0.1,0.02,6,9,5,True,0.8475336322869955
"(2,1)",0.1,0.02,7,23,5,True,0.8611111111111112
"(2,1)",0.1,0.02,8,15,5,True,0.8648648648648649
"(2,1)",0.1,0.02,9,16,5,True,0.8302799064278761
"(2,1)",0.1,0.02,10,48,5,True,0.8577777777777779
"(2,1)",0.1,0.02,11,11,5,True,0.8545454545454546
"(2,1)",0.1,0.02,12,29,5,True,0.875
"(2,1)",0.1,0.02,13,22,5,True,0.8562031792435593
"(2,1)",0.1,0.02,14,13,5,True,0.863013698630137
"(2,1)",0.1,0.02,15,14,5,True,0.8459135866736075
"(2,1)",0.1,0.02,16,15,5,True,0.8191935379509904
"(2,1)",0.1,0.02,17,70,3,False,0.08771929824561404
"(2,1)",0.1,0.02,18,22,5,True,0.8281444210272386
"(2,1)",0.1,0.02,19,23,5,True,0.863013698630137
"(2,1)",0.1,0.02,20,27,5,True,0.7777448638470673
"(2,1)",0.1,0.02,21,14,5,True,0.856353591160221
"(2,1)",0.1,0.02,22,17,5,True,0.8611111111111112
"(2,1)",0.1,0.02,23,18,5,True,0.839016317045852
"(2,1)",0.1,0.02,24,21,5,True,0.8617511520737328
"(2,1)",0.1,0.02,25,70,3,False,0.07692307692307693
"(2,1)",0.1,0.02,26,11,5,True,0.856353591160221
"(2,1)",0.1,0.02,27,16,5,True,0.8562031792435593
"(2,1)",0.1,0.02,28,14,5,True,0.8121060246756653
"(2,1)",0.1,0.02,29,30,5,True,0.8476313694267514
"(2,1)",0.1,0.02,30,14,5,True,0.8603603603603603
"(2,1)",0.1,0.02,31,27,5,True,0.835371025157186
"(2,1)",0.1,0.02,32,15,5,True,0.8430493273542601
"(2,1)",0.1,0.02,33,26,5,True,0.7774316147924566
"(2,1)",0.1,0.02,34,70,0,False,0.09740672492947441
"(2,1)",0.1,0.02,35,14,5,True,0.8430345240995579
"(2,1)",0.1,0.02,36,19,5,True,0.8289532236862439
"(2,1)",0.1,0.02,37,26,5,True,0.8622222222222222
"(2,1)",0.1,0.02,38,22,5,True,0.863013698630137
"(2,1)",0.1,0.02,39,25,5,True,0.851528384279476
"(2,1)",0.1,0.02,40,10,5,True,0.8623853211009175
"(2,1)",0.1,0.02,41,16,5,True,0.834477503588412
"(2,1)",0.1,0.02,42,70,1,False,0.13837705959448302
"(2,1)",0.1,0.02,43,19,5,True,0.8660714285714286
"(2,1)",0.1,0.02,44,13,5,True,0.8540272614622058
"(2,1)",0.1,0.02,45,70,0,False,0.1298081975670763
"(2,1)",0.1,0.02,46,15,5,True,0.8648648648648649
"(2,1)",0.1,0.02,47,14,5,True,0.8344840787160477
"(2,1)",0.1,0.02,48,12,5,True,0.8617511520737328
"(2,1)",0.1,0.02,49,23,5,True,0.8426161250202779
"(2,1)",0.1,0.02,50,70,0,False,0.11759409294802561
"(2,1)",0.1,0.02,51,14,5,True,0.8201726643868447
"(2,1)",0.1,0.02,52,15,5,True,0.8553840499816244
"(2,1)",0.1,0.02,53,70,0,False,0.13146773223478508
"(2,1)",0.1,0.02,54,20,5,True,0.8611111111111112
"(2,1)",0.1,0.02,55,9,5,True,0.8617511520737328
"(2,1)",0.1,0.02,56,70,1,False,0.10882540002320266
"(2,1)",0.1,0.02,57,25,5,True,0.8572319201995013
"(2,1)",0.1,0.02,58,70,2,False,0.2960547480670037
"(2,1)",0.1,0.02,59,29,5,True,0.85
"(2,1)",0.1,0.02,60,26,5,True,0.7868852459016394
"(2,1)",0.1,0.02,61,21,5,True,0.8165938864628821
"(2,1)",0.1,0.02,62,70,3,False,0.08196721311475408
"(2,1)",0.1,0.02,63,11,5,True,0.8617511520737328
"(2,1)",0.1,0.02,64,19,5,True,0.8370872642442333
"(2,1)",0.1,0.02,65,11,5,True,0.8446091468338656
"(2,1)",0.1,0.02,66,14,5,True,0.863013698630137
"(2,1)",0.1,0.02,67,13,5,True,0.8389474456326905
"(2,1)",0.1,0.02,68,13,5,True,0.8430493273542601
"(2,1)",0.1,0.02,69,13,5,True,0.8571428571428572
"(2,1)",0.1,0.02,70,18,5,True,0.8309843690859822
"(2,1)",0.1,0.02,71,9,5,True,0.856353591160221
"(2,1)",0.1,0.02,72,11,5,True,0.8430493273542601
"(2,1)",0.1,0.02,73,12,5,True,0.8617511520737328
"(2,1)",0.1,0.02,74,27,5,True,0.8355555555555555
"(2,1)",0.1,0.02,75,13,5,True,0.8623853211009175
"(2,1)",0.1,0.02,76,12,5,True,0.8642533936651584
"(2,1)",0.1,0.02,77,42,5,True,0.8642533936651584
"(2,1)",0.1,0.02,78,15,5,True,0.84
"(2,1)",0.1,0.02,79,17,5,True,0.8111587982832618
"(2,1)",0.1,0.02,80,52,5,True,0.7846762039924197
"(2,1)",0.1,0.02,81,20,5,True,0.8611111111111112
"(2,1)",0.1,0.02,82,23,5,True,0.8572319201995013
"(2,1)",0.1,0.02,83,22,5,True,0.8210279384275805
"(2,1)",0.1,0.02,84,20,5,True,0.8461538461538461
"(2,1)",0.1,0.02,85,28,5,True,0.8590909090909091
"(2,1)",0.1,0.02,86,36,5,True,0.8538812785388128
"(2,1)",0.1,0.02,87,15,5,True,0.8617511520737328
"(2,1)",0.1,0.02,88,10,5,True,0.8611111111111112
"(2,1)",0.1,0.02,89,28,5,True,0.8370044052863436
"(2,1)",0.1,0.02,90,16,5,True,0.863013698630137
"(2,1)",0.1,0.02,91,21,5,True,0.8068982116126997
"(2,1)",0.1,0.02,92,14,5,True,0.8558558558558559
"(2,1)",0.1,0.02,93,18,5,True,0.8390219526414189
"(2,1)",0.1,0.02,94,15,5,True,0.8392857142857143
"(2,1)",0.1,0.02,95,22,5,True,0.8617511520737328
"(2,1)",0.1,0.02,96,23,5,True,0.839482009052286
"(2,1)",0.1,0.02,97,17,5,True,0.8572825980631908
"(2,1)",0.1,0.02,98,21,5,True,0.7932188100586558
"(2,1)",0.1,0.02,99,20,5,True,0.8266666666666667
"(2,1)",0.1,0.02,100,10,5,True,0.8617511520737328
"(2,1)",0.2,0.02,1,32,5,True,0.7873325726530861
"(2,1)",0.2,0.02,2,70,1,False,0.10853701012956128
"(2,1)",0.2,0.02,3,28,5,True,0.8435509447147043
"(2,1)",0.2,0.02,4,16,5,True,0.8446091468338657
"(2,1)",0.2,0.02,5,19,5,True,0.7962514076025603
"(2,1)",0.2,0.02,6,39,5,True,0.8042553191489362
"(2,1)",0.2,0.02,7,70,1,False,0.10857207533431239
"(2,1)",0.2,0.02,8,10,5,True,0.8491847826086957
"(2,1)",0.2,0.02,9,9,5,True,0.8590909090909091
"(2,1)",0.2,0.02,10,21,5,True,0.8081714164353027
"(2,1)",0.2,0.02,11,15,5,True,0.8015302526294819
"(2,1)",0.2,0.02,12,70,1,False,0.11161020076704523
"(2,1)",0.2,0.02,13,15,5,True,0.8454545454545455
"(2,1)",0.2,0.02,14,21,5,True,0.809556349469113
"(2,1)",0.2,0.02,15,17,5,True,0.8162734984111953
"(2,1)",0.2,0.02,16,18,5,True,0.8184747583243823
"(2,1)",0.2,0.02,17,29,5,True,0.8392857142857143
"(2,1)",0.2,0.02,18,38,5,True,0.8165938864628821
"(2,1)",0.2,0.02,19,14,5,True,0.8373554636977049
"(2,1)",0.2,0.02,20,16,5,True,0.8030458375342489
"(2,1)",0.2,0.02,21,19,5,True,0.8324155522834137
"(2,1)",0.2,0.02,22,21,5,True,0.8145290710856171
"(2,1)",0.2,0.02,23,25,5,True,0.8604651162790697
"(2,1)",0.2,0.02,24,70,2,False,0.32321624671566357
"(2,1)",0.2,0.02,25,15,5,True,0.8468633726973174
"(2,1)",0.2,0.02,26,15,5,True,0.8063301772013725
"(2,1)",0.2,0.02,27,46,5,True,0.8391898068792137
"(2,1)",0.2,0.02,28,70,1,False,0.20030674923727135
"(2,1)",0.2,0.02,29,15,5,True,0.8287255639013067
"(2,1)",0.2,0.02,30,15,5,True,0.8493150684931506
"(2,1)",0.2,0.02,31,18,5,True,0.7835308799804693
"(2,1)",0.2,0.02,32,18,5,True,0.8243188488323455
"(2,1)",0.2,0.02,33,16,5,True,0.8571428571428572
"(2,1)",0.2,0.02,34,17,5,True,0.8479767657538927
"(2,1)",0.2,0.02,35,15,5,True,0.8330393836876695
"(2,1)",0.2,0.02,36,70,2,False,0.28287790647819067
"(2,1)",0.2,0.02,37,20,5,True,0.7528069255363061
"(2,1)",0.2,0.02,38,19,5,True,0.7801126218807052
"(2,1)",0.2,0.02,39,19,5,True,0.8010304116944487
"(2,1)",0.2,0.02,40,25,5,True,0.8482142857142857
"(2,1)",0.2,0.02,41,65,5,True,0.7475319926873857
"(2,1)",0.2,0.02,42,19,5,True,0.8377679154201549
"(2,1)",0.2,0.02,43,13,5,True,0.853454821564161
"(2,1)",0.2,0.02,44,17,5,True,0.8520179372197308
"(2,1)",0.2,0.02,45,17,5,True,0.8127086236858546
"(2,1)",0.2,0.02,46,14,5,True,0.8540272614622058
"(2,1)",0.2,0.02,47,18,5,True,0.8461360455351311
"(2,1)",0.2,0.02,48,34,5,True,0.8609865470852018
"(2,1)",0.2,0.02,49,41,5,True,0.6802666072222537
"(2,1)",0.2,0.02,50,70,4,False,0.3891964222301575
"(2,1)",0.2,0.02,51,24,5,True,0.8
"(2,1)",0.2,0.02,52,29,5,True,0.802535743188562
"(2,1)",0.2,0.02,53,14,5,True,0.8611111111111112
"(2,1)",0.2,0.02,54,14,5,True,0.8457356317922895
"(2,1)",0.2,0.02,55,21,5,True,0.755307233038157
"(2,1)",0.2,0.02,56,26,5,True,0.8513513513513513
"(2,1)",0.2,0.02,57,20,5,True,0.8577981651376146
"(2,1)",0.2,0.02,58,36,5,True,0.7286062949898697
"(2,1)",0.2,0.02,59,16,5,True,0.8464009860417677
"(2,1)",0.2,0.02,60,17,5,True,0.8163707874390392
"(2,1)",0.2,0.02,61,13,5,True,0.8562031792435593
"(2,1)",0.2,0.02,62,15,5,True,0.8611111111111112
"(2,1)",0.2,0.02,63,10,5,True,0.8429112465009055
"(2,1)",0.2,0.02,64,18,5,True,0.8257908942608979
"(2,1)",0.2,0.02,65,14,5,True,0.8532110091743119
"(2,1)",0.2,0.02,66,13,5,True,0.8604651162790697
"(2,1)",0.2,0.02,67,23,5,True,0.836189225641239
"(2,1)",0.2,0.02,68,16,5,True,0.8243312709672912
"(2,1)",0.2,0.02,69,70,0,False,0.14416758963401638
"(2,1)",0.2,0.02,70,16,5,True,0.8430493273542601
"(2,1)",0.2,0.02,71,29,5,True,0.7260106243280947
"(2,1)",0.2,0.02,72,14,5,True,0.8472370223778353
"(2,1)",0.2,0.02,73,24,5,True,0.7553093137188187
"(2,1)",0.2,0.02,74,18,5,True,0.83408849222326
"(2,1)",0.2,0.02,75,18,5,True,0.8617511520737328
"(2,1)",0.2,0.02,76,20,5,True,0.7885186102924463
"(2,1)",0.2,0.02,77,51,5,True,0.7359972233667272
"(2,1)",0.2,0.02,78,70,1,False,0.11438291775678111
"(2,1)",0.2,0.02,79,19,5,True,0.8617511520737328
"(2,1)",0.2,0.02,80,11,5,True,0.8611111111111112
"(2,1)",0.2,0.02,81,16,5,True,0.8416700666394669
"(2,1)",0.2,0.02,82,25,5,True,0.7690342638280552
"(2,1)",0.2,0.02,83,27,5,True,0.84375
"(2,1)",0.2,0.02,84,70,3,False,0.3708845972131523
"(2,1)",0.2,0.02,85,67,5,True,0.6726618705035972
"(2,1)",0.2,0.02,86,16,5,True,0.8453876596987968
"(2,1)",0.2,0.02,87,20,5,True,0.8377245211868612
"(2,1)",0.2,0.02,88,70,1,False,0.10913358238514916
"(2,1)",0.2,0.02,89,15,5,True,0.8132838712137976
"(2,1)",0.2,0.02,90,25,5,True,0.8506787330316742
"(2,1)",0.2,0.02,91,34,5,True,0.7957446808510639
"(2,1)",0.2,0.02,92,28,5,True,0.8359711408218448
"(2,1)",0.2,0.02,93,32,5,True,0.7580645161290324
"(2,1)",0.2,0.02,94,10,5,True,0.8617511520737328
"(2,1)",0.2,0.02,95,16,5,True,0.8064835474081622
"(2,1)",0.2,0.02,96,12,5,True,0.8545454545454546
"(2,1)",0.2,0.02,97,28,5,True,0.8368081885348247
"(2,1)",0.2,0.02,98,16,5,True,0.8131399070518989
"(2,1)",0.2,0.02,99,19,5,True,0.7890534657139824
"(2,1)",0.2,0.02,100,25,5,True,0.8266167464661855
"(2,1)",0.3,0.02,1,17,5,True,0.8107652646286624
"(2,1)",0.3,0.02,2,28,5,True,0.8256276235529849
"(2,1)",0.3,0.02,3,13,5,True,0.8479767657538927
"(2,1)",0.3,0.02,4,70,2,False,0.2885573361266264
"(2,1)",0.3,0.02,5,35,5,True,0.7088761391042362
"(2,1)",0.3,0.02,6,25,5,True,0.7394770798613287
"(2,1)",0.3,0.02,7,20,5,True,0.8294141914191419
"(2,1)",0.3,0.02,8,16,5,True,0.8410587852470238
"(2,1)",0.3,0.02,9,24,5,True,0.8127554209336987
"(2,1)",0.3,0.02,10,17,5,True,0.8328244623352877
"(2,1)",0.3,0.02,11,70,1,False,0.2304120597851165
"(2,1)",0.3,0.02,12,13,5,True,0.8315465778194343
"(2,1)",0.3,0.02,13,57,5,True,0.6606828646429312
"(2,1)",0.3,0.02,14,15,5,True,0.8545454545454546
"(2,1)",0.3,0.02,15,8,5,True,0.8617511520737328
"(2,1)",0.3,0.02,16,18,5,True,0.76692951747193
"(2,1)",0.3,0.02,17,70,5,True,0.7663934426229508
"(2,1)",0.3,0.02,18,27,5,True,0.7946226011971582
"(2,1)",0.3,0.02,19,17,5,True,0.8138970873346261
"(2,1)",0.3,0.02,20,22,5,True,0.8225108225108224
"(2,1)",0.3,0.02,21,70,1,False,0.1086921516850333
"(2,1)",0.3,0.02,22,16,5,True,0.7807903846443258
"(2,1)",0.3,0.02,23,27,5,True,0.7959526816387098
"(2,1)",0.3,0.02,24,20,5,True,0.7778014785462617
"(2,1)",0.3,0.02,25,14,5,True,0.8446091468338656
"(2,1)",0.3,0.02,26,27,5,True,0.7795918367346939
"(2,1)",0.3,0.02,27,34,5,True,0.8135593220338982
"(2,1)",0.3,0.02,28,21,5,True,0.7882718267847038
"(2,1)",0.3,0.02,29,17,5,True,0.8315465778194343
"(2,1)",0.3,0.02,30,70,2,False,0.2915385695078737
"(2,1)",0.3,0.02,31,9,5,True,0.8611111111111112
"(2,1)",0.3,0.02,32,25,5,True,0.8532110091743118
"(2,1)",0.3,0.02,33,70,3,False,0.35779686472701283
"(2,1)",0.3,0.02,34,28,5,True,0.7359270188621054
"(2,1)",0.3,0.02,35,33,5,True,0.8262749496108296
"(2,1)",0.3,0.02,36,17,5,True,0.8330393836876694
"(2,1)",0.3,0.02,37,28,5,True,0.8384321223709368
"(2,1)",0.3,0.02,38,13,5,True,0.8455203201970445
"(2,1)",0.3,0.02,39,15,5,True,0.8558558558558558
"(2,1)",0.3,0.02,40,19,5,True,0.8121534333005146
"(2,1)",0.3,0.02,41,70,1,False,0.19150864469048823
"(2,1)",0.3,0.02,42,24,5,True,0.7876181351033806
"(2,1)",0.3,0.02,43,35,5,True,0.7870224133304878
"(2,1)",0.3,0.02,44,15,5,True,0.8506787330316742
"(2,1)",0.3,0.02,45,41,5,True,0.7880622928758606
"(2,1)",0.3,0.02,46,13,5,True,0.8304423243712056
"(2,1)",0.3,0.02,47,26,5,True,0.7342906315291073
"(2,1)",0.3,0.02,48,20,5,True,0.8100135183525788
"(2,1)",0.3,0.02,49,25,5,True,0.8081347320041119
"(2,1)",0.3,0.02,50,30,5,True,0.8057938480687286
"(2,1)",0.3,0.02,51,19,5,True,0.8059814808198311
"(2,1)",0.3,0.02,52,43,5,True,0.721501353663764
"(2,1)",0.3,0.02,53,70,1,False,0.2251088024103072
"(2,1)",0.3,0.02,54,19,5,True,0.8313621533442088
"(2,1)",0.3,0.02,55,20,5,True,0.8475336322869955
"(2,1)",0.3,0.02,56,14,5,True,0.8489948188138876
"(2,1)",0.3,0.02,57,17,5,True,0.7945808202662457
"(2,1)",0.3,0.02,58,9,5,True,0.85
"(2,1)",0.3,0.02,59,23,5,True,0.7713257685525806
"(2,1)",0.3,0.02,60,30,5,True,0.808328884143086
"(2,1)",0.3,0.02,61,55,5,True,0.611623058767899
"(2,1)",0.3,0.02,62,36,5,True,0.798619134258431
"(2,1)",0.3,0.02,63,14,5,True,0.8134108479168358
"(2,1)",0.3,0.02,64,20,5,True,0.8256000000000001
"(2,1)",0.3,0.02,65,16,5,True,0.8333949139207456
"(2,1)",0.3,0.02,66,39,5,True,0.784153663458576
"(2,1)",0.3,0.02,67,20,5,True,0.7867496076324285
"(2,1)",0.3,0.02,68,13,5,True,0.8475336322869955
"(2,1)",0.3,0.02,69,50,5,True,0.863013698630137
"(2,1)",0.3,0.02,70,18,5,True,0.8321492007104796
"(2,1)",0.3,0.02,71,31,5,True,0.7255679609538036
"(2,1)",0.3,0.02,72,17,5,True,0.8538812785388128
"(2,1)",0.3,0.02,73,70,1,False,0.1125837471141563
"(2,1)",0.3,0.02,74,18,5,True,0.8316185707300583
"(2,1)",0.3,0.02,75,22,5,True,0.8365572833207235
"(2,1)",0.3,0.02,76,12,5,True,0.8623853211009175
"(2,1)",0.3,0.02,77,16,5,True,0.838717179900289
"(2,1)",0.3,0.02,78,70,3,False,0.07575757575757576
"(2,1)",0.3,0.02,79,30,5,True,0.7670188223567467
"(2,1)",0.3,0.02,80,11,5,True,0.8394967605514669
"(2,1)",0.3,0.02,81,13,5,True,0.8572319201995013
"(2,1)",0.3,0.02,82,21,5,True,0.7670909058887494
"(2,1)",0.3,0.02,83,22,5,True,0.809467700276193
"(2,1)",0.3,0.02,84,70,1,False,0.10848141197306387
"(2,1)",0.3,0.02,85,70,1,False,0.2045288900829059
"(2,1)",0.3,0.02,86,23,5,True,0.8228346570236054
"(2,1)",0.3,0.02,87,24,5,True,0.8189655172413792
"(2,1)",0.3,0.02,88,19,5,True,0.8066658411266758
"(2,1)",0.3,0.02,89,23,5,True,0.7739126496526791
"(2,1)",0.3,0.02,90,33,5,True,0.7513107245421059
"(2,1)",0.3,0.02,91,22,5,True,0.819263212489767
"(2,1)",0.3,0.02,92,18,5,True,0.8103501704369382
"(2,1)",0.3,0.02,93,13,5,True,0.8413868490421698
"(2,1)",0.3,0.02,94,24,5,True,0.8361056004883259
"(2,1)",0.3,0.02,95,14,5,True,0.8310908469118715
"(2,1)",0.3,0.02,96,20,5,True,0.7962359552406568
"(2,1)",0.3,0.02,97,32,5,True,0.7482712297272827
"(2,1)",0.3,0.02,98,28,5,True,0.7856091652138474
"(2,1)",0.3,0.02,99,24,5,True,0.7453195720320556
"(2,1)",0.3,0.02,100,34,5,True,0.8167349541704333
"(2,1)",0.4,0.02,1,11,5,True,0.8571428571428572
"(2,1)",0.4,0.02,2,37,5,True,0.6950377730315326
"(2,1)",0.4,0.02,3,19,5,True,0.8227205660785977
"(2,1)",0.4,0.02,4,54,5,True,0.7449362340585146
"(2,1)",0.4,0.02,5,15,5,True,0.8409745806318822
"(2,1)",0.4,0.02,6,23,5,True,0.83408849222326
"(2,1)",0.4,0.02,7,16,5,True,0.8423423423423423
"(2,1)",0.4,0.02,8,26,5,True,0.7890565559218868
"(2,1)",0.4,0.02,9,13,5,True,0.8311111111111111
"(2,1)",0.4,0.02,10,32,5,True,0.7655848259675615
"(2,1)",0.4,0.02,11,24,5,True,0.7712504343060613
"(2,1)",0.4,0.02,12,15,5,True,0.8330197848127038
"(2,1)",0.4,0.02,13,20,5,True,0.791534753714954
"(2,1)",0.4,0.02,14,20,5,True,0.8287255639013067
"(2,1)",0.4,0.02,15,17,5,True,0.8245710966473347
"(2,1)",0.4,0.02,16,17,5,True,0.8486238532110091
"(2,1)",0.4,0.02,17,34,5,True,0.7746709272598629
"(2,1)",0.4,0.02,18,13,5,True,0.8457556935817805
"(2,1)",0.4,0.02,19,12,5,True,0.8623853211009175
"(2,1)",0.4,0.02,20,17,5,True,0.7966101694915254
"(2,1)",0.4,0.02,21,26,5,True,0.8112905333778662
"(2,1)",0.4,0.02,22,33,5,True,0.7216377977658475
"(2,1)",0.4,0.02,23,25,5,True,0.7857142857142857
"(2,1)",0.4,0.02,24,29,5,True,0.7691561763233593
"(2,1)",0.4,0.02,25,15,5,True,0.8414096916299559
"(2,1)",0.4,0.02,26,13,5,True,0.8464009860417678
"(2,1)",0.4,0.02,27,60,5,True,0.7168617207488367
"(2,1)",0.4,0.02,28,20,5,True,0.7598122870328615
"(2,1)",0.4,0.02,29,19,5,True,0.8242243898285364
"(2,1)",0.4,0.02,30,41,5,True,0.7899754429772703
"(2,1)",0.4,0.02,31,24,5,True,0.7160010089364843
"(2,1)",0.4,0.02,32,56,5,True,0.8385650224215246
"(2,1)",0.4,0.02,33,16,5,True,0.7768569477620482
"(2,1)",0.4,0.02,34,10,5,True,0.8553840499816244
"(2,1)",0.4,0.02,35,22,5,True,0.8015659927716218
"(2,1)",0.4,0.02,36,70,1,False,0.23142592068876988
"(2,1)",0.4,0.02,37,13,5,True,0.8370044052863436
"(2,1)",0.4,0.02,38,13,5,True,0.858447488584475
"(2,1)",0.4,0.02,39,12,5,True,0.8361166042275785
"(2,1)",0.4,0.02,40,20,5,True,0.8385650224215246
"(2,1)",0.4,0.02,41,35,5,True,0.7952534103235246
"(2,1)",0.4,0.02,42,8,5,True,0.8604651162790697
"(2,1)",0.4,0.02,43,22,5,True,0.8301965136881211
"(2,1)",0.4,0.02,44,58,5,True,0.7768595041322314
"(2,1)",0.4,0.02,45,28,5,True,0.8044225099734245
"(2,1)",0.4,0.02,46,13,5,True,0.8513997727736184
"(2,1)",0.4,0.02,47,14,5,True,0.8480122441274784
"(2,1)",0.4,0.02,48,39,5,True,0.7890295358649789
"(2,1)",0.4,0.02,49,37,5,True,0.7308143114818623
"(2,1)",0.4,0.02,50,70,1,False,0.26298473409049067
"(2,1)",0.4,0.02,51,17,5,True,0.8564814814814815
"(2,1)",0.4,0.02,52,47,5,True,0.7914451280174224
"(2,1)",0.4,0.02,53,19,5,True,0.8237885462555067
"(2,1)",0.4,0.02,54,16,5,True,0.8013411567476949
"(2,1)",0.4,0.02,55,70,0,False,0.15183587217341846
"(2,1)",0.4,0.02,56,26,5,True,0.7330730870548603
"(2,1)",0.4,0.02,57,30,5,True,0.7445637279392787
"(2,1)",0.4,0.02,58,23,5,True,0.7725185889913572
"(2,1)",0.4,0.02,59,13,5,True,0.8500409927703659
"(2,1)",0.4,0.02,60,35,5,True,0.6777275969427164
"(2,1)",0.4,0.02,61,20,5,True,0.7623850428850273
"(2,1)",0.4,0.02,62,20,5,True,0.8231885431070122
"(2,1)",0.4,0.02,63,17,5,True,0.7879346807937618
"(2,1)",0.4,0.02,64,25,5,True,0.8035848214623027
"(2,1)",0.4,0.02,65,34,5,True,0.8344623200677392
"(2,1)",0.4,0.02,66,70,3,False,0.3626432242194429
"(2,1)",0.4,0.02,67,70,0,False,0.14082381311981276
"(2,1)",0.4,0.02,68,17,5,True,0.7694645698850516
"(2,1)",0.4,0.02,69,24,5,True,0.8301361530903477
"(2,1)",0.4,0.02,70,18,5,True,0.8416779045327564
"(2,1)",0.4,0.02,71,10,5,True,0.856353591160221
"(2,1)",0.4,0.02,72,22,5,True,0.8476313694267514
"(2,1)",0.4,0.02,73,16,5,True,0.8470999280452796
"(2,1)",0.4,0.02,74,21,5,True,0.8275862068965517
"(2,1)",0.4,0.02,75,22,5,True,0.814655172413793
"(2,1)",0.4,0.02,76,34,5,True,0.7646375143388019
"(2,1)",0.4,0.02,77,70,2,False,0.3162229725080095
"(2,1)",0.4,0.02,78,52,5,True,0.7083162863623739
"(2,1)",0.4,0.02,79,70,3,False,0.36841954095439655
"(2,1)",0.4,0.02,80,33,5,True,0.819057742008651
"(2,1)",0.4,0.02,81,19,5,True,0.8139926209730046
"(2,1)",0.4,0.02,82,17,5,True,0.8504178128406082
"(2,1)",0.4,0.02,83,22,5,True,0.7561915025765501
"(2,1)",0.4,0.02,84,14,5,True,0.8502202643171806
"(2,1)",0.4,0.02,85,70,1,False,0.1083823817443288
"(2,1)",0.4,0.02,86,70,2,False,0.31344381008687966
"(2,1)",0.4,0.02,87,14,5,True,0.8330393836876695
"(2,1)",0.4,0.02,88,14,5,True,0.7694324448506109
"(2,1)",0.4,0.02,89,19,5,True,0.7921020723670399
"(2,1)",0.4,0.02,90,20,5,True,0.8322195364782843
"(2,1)",0.4,0.02,91,10,5,True,0.8528902535158541
"(2,1)",0.4,0.02,92,25,5,True,0.7693811756643129
"(2,1)",0.4,0.02,93,19,5,True,0.8611111111111112
"(2,1)",0.4,0.02,94,13,5,True,0.8515455051348206
"(2,1)",0.4,0.02,95,15,5,True,0.8100494553744392
"(2,1)",0.4,0.02,96,10,5,True,0.8564814814814815
"(2,1)",0.4,0.02,97,26,5,True,0.8095238095238095
"(2,1)",0.4,0.02,98,70,2,False,0.30081376580906094
"(2,1)",0.4,0.02,99,70,1,False,0.24140122231114333
"(2,1)",0.4,0.02,100,21,5,True,0.817184347671884
"(2,1)",0.5,0.02,1,25,5,True,0.8007689078375655
"(2,1)",0.5,0.02,2,13,5,True,0.8253634334241399
"(2,1)",0.5,0.02,3,12,5,True,0.8558558558558558
"(2,1)",0.5,0.02,4,19,5,True,0.8334073253458386
"(2,1)",0.5,0.02,5,32,5,True,0.8304347826086956
"(2,1)",0.5,0.02,6,14,5,True,0.8163707874390393
"(2,1)",0.5,0.02,7,57,5,True,0.7244019152469721
"(2,1)",0.5,0.02,8,22,5,True,0.746031746031746
"(2,1)",0.5,0.02,9,70,2,False,0.3322279202939513
"(2,1)",0.5,0.02,10,35,5,True,0.7670134812355774
"(2,1)",0.5,0.02,11,22,5,True,0.8152681512068034
"(2,1)",0.5,0.02,12,62,5,True,0.7558139534883722
"(2,1)",0.5,0.02,13,10,5,True,0.8551672384219554
"(2,1)",0.5,0.02,14,13,5,True,0.847408085555656
"(2,1)",0.5,0.02,15,61,5,True,0.6290702988543622
"(2,1)",0.5,0.02,16,70,1,False,0.3030303030303031
"(2,1)",0.5,0.02,17,64,5,True,0.6507634320277902
"(2,1)",0.5,0.02,18,15,5,True,0.8163707874390393
"(2,1)",0.5,0.02,19,48,5,True,0.7353502716992215
"(2,1)",0.5,0.02,20,25,5,True,0.7616483088020275
"(2,1)",0.5,0.02,21,37,5,True,0.7223293864707481
"(2,1)",0.5,0.02,22,35,5,True,0.7202420093887952
"(2,1)",0.5,0.02,23,17,5,True,0.8421169833729216
"(2,1)",0.5,0.02,24,36,5,True,0.7421875
"(2,1)",0.5,0.02,25,21,5,True,0.7362146050670639
"(2,1)",0.5,0.02,26,22,5,True,0.7719326815979736
"(2,1)",0.5,0.02,27,70,1,False,0.22688852405878324
"(2,1)",0.5,0.02,28,24,5,True,0.8370044052863436
"(2,1)",0.5,0.02,29,16,5,True,0.8221924543467878
"(2,1)",0.5,0.02,30,52,5,True,0.7848605577689243
"(2,1)",0.5,0.02,31,60,5,True,0.7986576584274425
"(2,1)",0.5,0.02,32,18,5,True,0.8538812785388127
"(2,1)",0.5,0.02,33,37,5,True,0.709011638090539
"(2,1)",0.5,0.02,34,21,5,True,0.7700733741884359
"(2,1)",0.5,0.02,35,22,5,True,0.8094944352295761
"(2,1)",0.5,0.02,36,30,5,True,0.8366651212261706
"(2,1)",0.5,0.02,37,11,5,True,0.8446091468338657
"(2,1)",0.5,0.02,38,31,5,True,0.8165938864628821
"(2,1)",0.5,0.02,39,15,5,True,0.8305146199794065
"(2,1)",0.5,0.02,40,20,5,True,0.8260869565217391
"(2,1)",0.5,0.02,41,29,5,True,0.7825343219728353
"(2,1)",0.5,0.02,42,21,5,True,0.7845587113781729
"(2,1)",0.5,0.02,43,24,5,True,0.7673229450809559
"(2,1)",0.5,0.02,44,26,5,True,0.825301204819277
"(2,1)",0.5,0.02,45,32,5,True,0.7384615384615384
"(2,1)",0.5,0.02,46,13,5,True,0.8072289156626506
"(2,1)",0.5,0.02,47,70,1,False,0.23810638581403856
"(2,1)",0.5,0.02,48,70,1,False,0.2539888245805665
"(2,1)",0.5,0.02,49,20,5,True,0.8224830210093136
"(2,1)",0.5,0.02,50,70,2,False,0.31719039647590996
"(2,1)",0.5,0.02,51,34,5,True,0.8068710313560934
"(2,1)",0.5,0.02,52,28,5,True,0.8351749539594844
"(2,1)",0.5,0.02,53,70,2,False,0.33400278374708336
"(2,1)",0.5,0.02,54,19,5,True,0.8378766140602583
"(2,1)",0.5,0.02,55,70,1,False,0.24848974468774448
"(2,1)",0.5,0.02,56,25,5,True,0.8131338733213875
"(2,1)",0.5,0.02,57,17,5,True,0.8157647215328745
"(2,1)",0.5,0.02,58,29,5,True,0.811186450789724
"(2,1)",0.5,0.02,59,32,5,True,0.8281938325991189
"(2,1)",0.5,0.02,60,30,5,True,0.8
"(2,1)",0.5,0.02,61,28,5,True,0.8060344827586207
"(2,1)",0.5,0.02,62,15,5,True,0.8461538461538461
"(2,1)",0.5,0.02,63,32,5,True,0.7519999999999999
"(2,1)",0.5,0.02,64,70,2,False,0.29568250918395356
"(2,1)",0.5,0.02,65,70,2,False,0.30457285227444303
"(2,1)",0.5,0.02,66,19,5,True,0.8200716688004099
"(2,1)",0.5,0.02,67,10,5,True,0.8504178128406082
"(2,1)",0.5,0.02,68,12,5,True,0.85
"(2,1)",0.5,0.02,69,22,5,True,0.8351749539594844
"(2,1)",0.5,0.02,70,34,5,True,0.7628246232766913
"(2,1)",0.5,0.02,71,70,2,False,0.3051323570265757
"(2,1)",0.5,0.02,72,70,3,False,0.5280518790358024
"(2,1)",0.5,0.02,73,18,5,True,0.8577777777777779
"(2,1)",0.5,0.02,74,21,5,True,0.7734244472473802
"(2,1)",0.5,0.02,75,17,5,True,0.8325991189427313
"(2,1)",0.5,0.02,76,48,5,True,0.8182961028914032
"(2,1)",0.5,0.02,77,14,5,True,0.8231066333120257
"(2,1)",0.5,0.02,78,17,5,True,0.7938685878431168
"(2,1)",0.5,0.02,79,19,5,True,0.8500595947556615
"(2,1)",0.5,0.02,80,15,5,True,0.8103397341211226
"(2,1)",0.5,0.02,81,10,5,True,0.8623853211009175
"(2,1)",0.5,0.02,82,9,5,True,0.8560085265121237
"(2,1)",0.5,0.02,83,12,5,True,0.8468468468468467
"(2,1)",0.5,0.02,84,40,5,True,0.7889236775462065
"(2,1)",0.5,0.02,85,70,3,False,0.36847532978242853
"(2,1)",0.5,0.02,86,67,5,True,0.7127999476151644
"(2,1)",0.5,0.02,87,20,5,True,0.802470944413323
"(2,1)",0.5,0.02,88,70,2,False,0.3425142566415654
"(2,1)",0.5,0.02,89,23,5,True,0.8050847457627118
"(2,1)",0.5,0.02,90,24,5,True,0.7591037019704695
"(2,1)",0.5,0.02,91,22,5,True,0.7395765776630441
"(2,1)",0.5,0.02,92,70,3,False,0.3762676463320726
"(2,1)",0.5,0.02,93,9,5,True,0.8517199118659465
"(2,1)",0.5,0.02,94,70,3,False,0.3637588167152209
"(2,1)",0.5,0.02,95,33,5,True,0.6944406818217497
"(2,1)",0.5,0.02,96,42,5,True,0.6568329864319136
"(2,1)",0.5,0.02,97,32,5,True,0.8191591271953167
"(2,1)",0.5,0.02,98,34,5,True,0.689634638730339
"(2,1)",0.5,0.02,99,70,3,False,0.36284223514799907
"(2,1)",0.5,0.02,100,21,5,True,0.8052960450040747
"(2,1)",0.6,0.02,1,58,5,True,0.7907949790794979
"(2,1)",0.6,0.02,2,26,5,True,0.775449893462245
"(2,1)",0.6,0.02,3,38,5,True,0.8096517250239424
"(2,1)",0.6,0.02,4,24,5,True,0.8103468547912993
"(2,1)",0.6,0.02,5,28,5,True,0.804902579935911
"(2,1)",0.6,0.02,6,31,5,True,0.7874907600763423
"(2,1)",0.6,0.02,7,36,5,True,0.8085106382978723
"(2,1)",0.6,0.02,8,19,5,True,0.8149768294120149
"(2,1)",0.6,0.02,9,20,5,True,0.7913332032012492
"(2,1)",0.6,0.02,10,70,2,False,0.3248052012237263
"(2,1)",0.6,0.02,11,34,5,True,0.7350936967632027
"(2,1)",0.6,0.02,12,22,5,True,0.8394967605514669
"(2,1)",0.6,0.02,13,11,5,True,0.8551672384219554
"(2,1)",0.6,0.02,14,64,5,True,0.8189252651750291
"(2,1)",0.6,0.02,15,33,5,True,0.7840761196093697
"(2,1)",0.6,0.02,16,70,3,False,0.3988673085365505
"(2,1)",0.6,0.02,17,23,5,True,0.7671229284440882
"(2,1)",0.6,0.02,18,25,5,True,0.7446196425251512
"(2,1)",0.6,0.02,19,28,5,True,0.7310711461478445
"(2,1)",0.6,0.02,20,32,5,True,0.746397707096866
"(2,1)",0.6,0.02,21,21,5,True,0.8301965136881211
"(2,1)",0.6,0.02,22,24,5,True,0.7461067338052334
"(2,1)",0.6,0.02,23,20,5,True,0.8418736729003045
"(2,1)",0.6,0.02,24,70,3,False,0.39804037764992073
"(2,1)",0.6,0.02,25,70,2,False,0.3233199651728539
"(2,1)",0.6,0.02,26,16,5,True,0.8249880269547935
"(2,1)",0.6,0.02,27,24,5,True,0.795114607033891
"(2,1)",0.6,0.02,28,29,5,True,0.7641595695598216
"(2,1)",0.6,0.02,29,14,5,True,0.8304461319411486
"(2,1)",0.6,0.02,30,12,5,True,0.8207143237971911
"(2,1)",0.6,0.02,31,17,5,True,0.8526566464246788
"(2,1)",0.6,0.02,32,70,2,False,0.3205463347944083
"(2,1)",0.6,0.02,33,20,5,True,0.8368251166356714
"(2,1)",0.6,0.02,34,70,1,False,0.23096733993223528
"(2,1)",0.6,0.02,35,22,5,True,0.760055879654917
"(2,1)",0.6,0.02,36,40,5,True,0.7780102855116156
"(2,1)",0.6,0.02,37,70,2,False,0.30719035365684133
"(2,1)",0.6,0.02,38,13,5,True,0.8171781502117862
"(2,1)",0.6,0.02,39,42,5,True,0.689134461157889
"(2,1)",0.6,0.02,40,33,5,True,0.84375
"(2,1)",0.6,0.02,41,70,1,False,0.2424060804810368
"(2,1)",0.6,0.02,42,15,5,True,0.8340807174887892
"(2,1)",0.6,0.02,43,21,5,True,0.8206659477557972
"(2,1)",0.6,0.02,44,70,2,False,0.3166313890056139
"(2,1)",0.6,0.02,45,15,5,True,0.8553840499816244
"(2,1)",0.6,0.02,46,25,5,True,0.7495884397292848
"(2,1)",0.6,0.02,47,20,5,True,0.7692770890968756
"(2,1)",0.6,0.02,48,50,5,True,0.8250457773921758
"(2,1)",0.6,0.02,49,70,1,False,0.23132641650365715
"(2,1)",0.6,0.02,50,16,5,True,0.8514060579773007
"(2,1)",0.6,0.02,51,19,5,True,0.8058930894627747
"(2,1)",0.6,0.02,52,27,5,True,0.7648234856280886
"(2,1)",0.6,0.02,53,50,5,True,0.8324094604582409
"(2,1)",0.6,0.02,54,34,5,True,0.7324565152563781
"(2,1)",0.6,0.02,55,17,5,True,0.8268398268398268
"(2,1)",0.6,0.02,56,23,5,True,0.8237885462555067
"(2,1)",0.6,0.02,57,23,5,True,0.8054652810593955
"(2,1)",0.6,0.02,58,12,5,True,0.8298886789650045
"(2,1)",0.6,0.02,59,23,5,True,0.803483262840661
"(2,1)",0.6,0.02,60,44,5,True,0.696738637930849
"(2,1)",0.6,0.02,61,11,5,True,0.8457547476070292
"(2,1)",0.6,0.02,62,32,5,True,0.7686605131186862
"(2,1)",0.6,0.02,63,15,5,True,0.8321959349647499
"(2,1)",0.6,0.02,64,23,5,True,0.7916449394379969
"(2,1)",0.6,0.02,65,20,5,True,0.7851239669421487
"(2,1)",0.6,0.02,66,29,5,True,0.8311111111111111
"(2,1)",0.6,0.02,67,22,5,True,0.75
"(2,1)",0.6,0.02,68,65,5,True,0.5942179276479829
"(2,1)",0.6,0.02,69,70,2,False,0.3370763188038475
"(2,1)",0.6,0.02,70,30,5,True,0.746166950596252
"(2,1)",0.6,0.02,71,70,1,False,0.2744632241920504
"(2,1)",0.6,0.02,72,31,5,True,0.7791666666666667
"(2,1)",0.6,0.02,73,18,5,True,0.8014484732905778
"(2,1)",0.6,0.02,74,34,5,True,0.6880076364444005
"(2,1)",0.6,0.02,75,50,5,True,0.7818478941497404
"(2,1)",0.6,0.02,76,70,0,False,0.16125516499527434
"(2,1)",0.6,0.02,77,26,5,True,0.788437406117477
"(2,1)",0.6,0.02,78,24,5,True,0.7672810018261934
"(2,1)",0.6,0.02,79,12,5,True,0.8611111111111112
"(2,1)",0.6,0.02,80,18,5,True,0.8195798949737435
"(2,1)",0.6,0.02,81,34,5,True,0.7207099845494136
"(2,1)",0.6,0.02,82,25,5,True,0.757824535181437
"(2,1)",0.6,0.02,83,15,5,True,0.8368298949784221
"(2,1)",0.6,0.02,84,70,1,False,0.2342764780389401
"(2,1)",0.6,0.02,85,16,5,True,0.838717179900289
"(2,1)",0.6,0.02,86,24,5,True,0.8102097518221867
"(2,1)",0.6,0.02,87,46,5,True,0.7569721115537847
"(2,1)",0.6,0.02,88,57,5,True,0.8597285067873304
"(2,1)",0.6,0.02,89,27,5,True,0.8257442509840655
"(2,1)",0.6,0.02,90,45,5,True,0.7183291380520387
"(2,1)",0.6,0.02,91,36,5,True,0.7815126050420168
"(2,1)",0.6,0.02,92,51,5,True,0.8340248962655602
"(2,1)",0.6,0.02,93,37,5,True,0.8392857142857143
"(2,1)",0.6,0.02,94,70,2,False,0.29393230624757805
"(2,1)",0.6,0.02,95,38,5,True,0.8237114035610674
"(2,1)",0.6,0.02,96,23,5,True,0.8050847457627118
"(2,1)",0.6,0.02,97,31,5,True,0.7606998118196612
"(2,1)",0.6,0.02,98,26,5,True,0.8201754385964912
"(2,1)",0.6,0.02,99,13,5,True,0.8318562927211265
"(2,1)",0.6,0.02,100,24,5,True,0.7759336099585062
"(2,1)",0.7,0.02,1,36,5,True,0.7879867916023515
"(2,1)",0.7,0.02,2,70,3,False,0.48987413156905
"(2,1)",0.7,0.02,3,70,1,False,0.24030508687780322
"(2,1)",0.7,0.02,4,8,5,True,0.8597285067873304
"(2,1)",0.7,0.02,5,36,5,True,0.7935222672064777
"(2,1)",0.7,0.02,6,46,5,True,0.7352921619742354
"(2,1)",0.7,0.02,7,26,5,True,0.7354411461754661
"(2,1)",0.7,0.02,8,17,5,True,0.8242594025361435
"(2,1)",0.7,0.02,9,43,5,True,0.7429814516333505
"(2,1)",0.7,0.02,10,20,5,True,0.7818930041152263
"(2,1)",0.7,0.02,11,48,5,True,0.8545454545454546
"(2,1)",0.7,0.02,12,43,5,True,0.6771983436244501
"(2,1)",0.7,0.02,13,38,5,True,0.6904933588013173
"(2,1)",0.7,0.02,14,20,5,True,0.7815188616810059
"(2,1)",0.7,0.02,15,9,5,True,0.8611111111111112
"(2,1)",0.7,0.02,16,48,5,True,0.744
"(2,1)",0.7,0.02,17,29,5,True,0.7797327139772707
"(2,1)",0.7,0.02,18,26,5,True,0.7663185771879041
"(2,1)",0.7,0.02,19,32,5,True,0.8170212765957446
"(2,1)",0.7,0.02,20,17,5,True,0.84375
"(2,1)",0.7,0.02,21,44,5,True,0.7041198501872659
"(2,1)",0.7,0.02,22,15,5,True,0.8440585658145126
"(2,1)",0.7,0.02,23,17,5,True,0.7865595332361237
"(2,1)",0.7,0.02,24,18,5,True,0.7715614674420763
"(2,1)",0.7,0.02,25,70,1,False,0.23418179043213508
"(2,1)",0.7,0.02,26,29,5,True,0.785833243119596
"(2,1)",0.7,0.02,27,17,5,True,0.843411919807723
"(2,1)",0.7,0.02,28,21,5,True,0.7875
"(2,1)",0.7,0.02,29,17,5,True,0.8011261996150258
"(2,1)",0.7,0.02,30,70,2,False,0.31011924606471664
"(2,1)",0.7,0.02,31,70,3,False,0.41743282865257963
"(2,1)",0.7,0.02,32,21,5,True,0.777521392015391
"(2,1)",0.7,0.02,33,70,3,False,0.3591523779818217
"(2,1)",0.7,0.02,34,70,0,False,0.16494963107474694
"(2,1)",0.7,0.02,35,31,5,True,0.7237615449202351
"(2,1)",0.7,0.02,36,21,5,True,0.8127659574468085
"(2,1)",0.7,0.02,37,28,5,True,0.7382949357681283
"(2,1)",0.7,0.02,38,70,1,False,0.23690620200889942
"(2,1)",0.7,0.02,39,16,5,True,0.8485347077272405
"(2,1)",0.7,0.02,40,52,5,True,0.7165247432811053
"(2,1)",0.7,0.02,41,18,5,True,0.7984741868849116
"(2,1)",0.7,0.02,42,70,3,False,0.4024786146889179
"(2,1)",0.7,0.02,43,16,5,True,0.7698712515766657
"(2,1)",0.7,0.02,44,30,5,True,0.8564814814814815
"(2,1)",0.7,0.02,45,70,1,False,0.25208254912750455
"(2,1)",0.7,0.02,46,12,5,True,0.8366651212261706
"(2,1)",0.7,0.02,47,34,5,True,0.7083252687132103
"(2,1)",0.7,0.02,48,70,0,False,0.15500504062907353
"(2,1)",0.7,0.02,49,16,5,True,0.8103501704369382
"(2,1)",0.7,0.02,50,17,5,True,0.803341558421556
"(2,1)",0.7,0.02,51,33,5,True,0.7529880478087648
"(2,1)",0.7,0.02,52,25,5,True,0.7580645161290324
"(2,1)",0.7,0.02,53,70,1,False,0.27574017651902843
"(2,1)",0.7,0.02,54,29,5,True,0.7759336099585062
"(2,1)",0.7,0.02,55,70,1,False,0.24499829761425806
"(2,1)",0.7,0.02,56,60,5,True,0.6379310344827586
"(2,1)",0.7,0.02,57,70,1,False,0.22390701431799787
"(2,1)",0.7,0.02,58,34,5,True,0.776500912898722
"(2,1)",0.7,0.02,59,19,5,True,0.8135576538971966
"(2,1)",0.7,0.02,60,70,0,False,0.16047818151072926
"(2,1)",0.7,0.02,61,15,5,True,0.8103974929093172
"(2,1)",0.7,0.02,62,69,5,True,0.5668958046161868
"(2,1)",0.7,0.02,63,70,2,False,0.32525316330278686
"(2,1)",0.7,0.02,64,70,1,False,0.24257787269246814
"(2,1)",0.7,0.02,65,18,5,True,0.8348214285714286
"(2,1)",0.7,0.02,66,24,5,True,0.7882931378239708
"(2,1)",0.7,0.02,67,34,5,True,0.8187372784297088
"(2,1)",0.7,0.02,68,70,3,False,0.35227666396452584
"(2,1)",0.7,0.02,69,34,5,True,0.746875071455509
"(2,1)",0.7,0.02,70,70,1,False,0.2318404457133508
"(2,1)",0.7,0.02,71,40,5,True,0.7248062015503877
"(2,1)",0.7,0.02,72,12,5,True,0.8206160017698289
"(2,1)",0.7,0.02,73,23,5,True,0.8299165639124895
"(2,1)",0.7,0.02,74,70,2,False,0.31869844033202466
"(2,1)",0.7,0.02,75,22,5,True,0.8189199311219864
"(2,1)",0.7,0.02,76,26,5,True,0.8087952600394996
"(2,1)",0.7,0.02,77,24,5,True,0.758089772298772
"(2,1)",0.7,0.02,78,70,1,False,0.2178097892914795
"(2,1)",0.7,0.02,79,70,2,False,0.36433760935267934
"(2,1)",0.7,0.02,80,40,5,True,0.7192091455943178
"(2,1)",0.7,0.02,81,70,0,False,0.14850236469117445
"(2,1)",0.7,0.02,82,30,5,True,0.734654924786454
"(2,1)",0.7,0.02,83,9,5,True,0.8617511520737328
"(2,1)",0.7,0.02,84,70,2,False,0.3299505608075976
"(2,1)",0.7,0.02,85,26,5,True,0.7591954255736018
"(2,1)",0.7,0.02,86,43,5,True,0.8291585110148502
"(2,1)",0.7,0.02,87,16,5,True,0.8531416223404255
"(2,1)",0.7,0.02,88,11,5,True,0.8265871847708762
"(2,1)",0.7,0.02,89,16,5,True,0.8234071302359423
"(2,1)",0.7,0.02,90,70,1,False,0.24178748337097555
"(2,1)",0.7,0.02,91,16,5,True,0.8055172765783697
"(2,1)",0.7,0.02,92,20,5,True,0.8201754385964912
"(2,1)",0.7,0.02,93,39,5,True,0.7977615605599992
"(2,1)",0.7,0.02,94,26,5,True,0.7778222172085428
"(2,1)",0.7,0.02,95,70,2,False,0.3125823692026503
"(2,1)",0.7,0.02,96,45,5,True,0.8019057171514544
"(2,1)",0.7,0.02,97,21,5,True,0.8455203201970445
"(2,1)",0.7,0.02,98,70,3,False,0.45487364620938625
"(2,1)",0.7,0.02,99,27,5,True,0.8491847826086957
"(2,1)",0.7,0.02,100,46,5,True,0.7171163996787537
"(2,1)",0.8,0.02,1,28,5,True,0.7056114011922788
"(2,1)",0.8,0.02,2,27,5,True,0.7699127218083008
"(2,1)",0.8,0.02,3,26,5,True,0.7972801153265514
"(2,1)",0.8,0.02,4,29,5,True,0.8063448275862068
"(2,1)",0.8,0.02,5,31,5,True,0.8170212765957446
"(2,1)",0.8,0.02,6,70,3,False,0.4413096692699198
"(2,1)",0.8,0.02,7,29,5,True,0.7119505711553349
"(2,1)",0.8,0.02,8,70,0,False,0.17634428900135227
"(2,1)",0.8,0.02,9,70,1,False,0.25583812938805867
"(2,1)",0.8,0.02,10,37,5,True,0.7554515422335375
"(2,1)",0.8,0.02,11,65,5,True,0.6840969353147931
"(2,1)",0.8,0.02,12,16,5,True,0.8577981651376146
"(2,1)",0.8,0.02,13,70,2,False,0.29948680279234335
"(2,1)",0.8,0.02,14,20,5,True,0.821640900011798
"(2,1)",0.8,0.02,15,70,1,False,0.2240860721065759
"(2,1)",0.8,0.02,16,30,5,True,0.8331331134442987
"(2,1)",0.8,0.02,17,20,5,True,0.8636363636363636
"(2,1)",0.8,0.02,18,42,5,True,0.697444094545346
"(2,1)",0.8,0.02,19,34,5,True,0.8200854720825899
"(2,1)",0.8,0.02,20,36,5,True,0.7784967656192732
"(2,1)",0.8,0.02,21,61,5,True,0.7558139534883721
"(2,1)",0.8,0.02,22,27,5,True,0.8068669527896996
"(2,1)",0.8,0.02,23,70,1,False,0.2467932644073113
"(2,1)",0.8,0.02,24,70,2,False,0.3180156663296217
"(2,1)",0.8,0.02,25,14,5,True,0.8479747446946043
"(2,1)",0.8,0.02,26,11,5,True,0.8562031792435593
"(2,1)",0.8,0.02,27,19,5,True,0.8235294117647058
"(2,1)",0.8,0.02,28,25,5,True,0.8423423423423423
"(2,1)",0.8,0.02,29,32,5,True,0.8035223115377221
"(2,1)",0.8,0.02,30,28,5,True,0.815450643776824
"(2,1)",0.8,0.02,31,47,5,True,0.7813765182186234
"(2,1)",0.8,0.02,32,31,5,True,0.8075360840940954
"(2,1)",0.8,0.02,33,24,5,True,0.795715680567095
"(2,1)",0.8,0.02,34,36,5,True,0.8127659574468085
"(2,1)",0.8,0.02,35,28,5,True,0.7237354085603114
"(2,1)",0.8,0.02,36,19,5,True,0.7545148619735677
"(2,1)",0.8,0.02,37,34,5,True,0.7718388370613583
"(2,1)",0.8,0.02,38,70,1,False,0.23062485977675273
"(2,1)",0.8,0.02,39,17,5,True,0.8368251166356714
"(2,1)",0.8,0.02,40,25,5,True,0.7924067367426636
"(2,1)",0.8,0.02,41,17,5,True,0.84375
"(2,1)",0.8,0.02,42,19,5,True,0.7999999999999999
"(2,1)",0.8,0.02,43,70,3,False,0.3606163596954333
"(2,1)",0.8,0.02,44,11,5,True,0.8396940603308706
"(2,1)",0.8,0.02,45,14,5,True,0.8023996249810681
"(2,1)",0.8,0.02,46,18,5,True,0.8396629612085531
"(2,1)",0.8,0.02,47,12,5,True,0.8555555555555556
"(2,1)",0.8,0.02,48,70,3,False,0.31839171358646884
"(2,1)",0.8,0.02,49,70,3,False,0.3856183616287309
"(2,1)",0.8,0.02,50,39,5,True,0.7495814967064535
"(2,1)",0.8,0.02,51,22,5,True,0.7898562172320037
"(2,1)",0.8,0.02,52,70,3,False,0.3982732540198753
"(2,1)",0.8,0.02,53,56,5,True,0.6874431494850106
"(2,1)",0.8,0.02,54,20,5,True,0.7591289597052825
"(2,1)",0.8,0.02,55,70,1,False,0.26031360782789303
"(2,1)",0.8,0.02,56,24,5,True,0.8024615384615384
"(2,1)",0.8,0.02,57,13,5,True,0.8514060579773006
"(2,1)",0.8,0.02,58,28,5,True,0.7255583463901025
"(2,1)",0.8,0.02,59,21,5,True,0.7787064420727787
"(2,1)",0.8,0.02,60,63,5,True,0.834061135371179
"(2,1)",0.8,0.02,61,39,5,True,0.7248160216758996
"(2,1)",0.8,0.02,62,16,5,True,0.8403752957709691
"(2,1)",0.8,0.02,63,24,5,True,0.8302160772718078
"(2,1)",0.8,0.02,64,47,5,True,0.7192307692307691
"(2,1)",0.8,0.02,65,70,0,False,0.1722417909038097
"(2,1)",0.8,0.02,66,22,5,True,0.803347280334728
"(2,1)",0.8,0.02,67,70,2,False,0.37224475403165613
"(2,1)",0.8,0.02,68,28,5,True,0.7857196015444152
"(2,1)",0.8,0.02,69,16,5,True,0.8503712545199039
"(2,1)",0.8,0.02,70,24,5,True,0.8193370831330792
"(2,1)",0.8,0.02,71,12,5,True,0.8076607272048898
"(2,1)",0.8,0.02,72,70,2,False,0.30991395052903326
"(2,1)",0.8,0.02,73,38,5,True,0.7758245236958293
"(2,1)",0.8,0.02,74,16,5,True,0.8520179372197308
"(2,1)",0.8,0.02,75,25,5,True,0.7923728813559322
"(2,1)",0.8,0.02,76,43,5,True,0.8335476653743003
"(2,1)",0.8,0.02,77,48,5,True,0.6694108961268358
"(2,1)",0.8,0.02,78,70,0,False,0.163845581628548
"(2,1)",0.8,0.02,79,19,5,True,0.8446091468338656
"(2,1)",0.8,0.02,80,25,5,True,0.8111587982832618
"(2,1)",0.8,0.02,81,36,5,True,0.6967634975956611
"(2,1)",0.8,0.02,82,27,5,True,0.8242923625138188
"(2,1)",0.8,0.02,83,15,5,True,0.8361056004883259
"(2,1)",0.8,0.02,84,70,4,False,0.41801151239800516
"(2,1)",0.8,0.02,85,29,5,True,0.7674094593356063
"(2,1)",0.8,0.02,86,70,1,False,0.2423146192021257
"(2,1)",0.8,0.02,87,70,1,False,0.2543503134566746
"(2,1)",0.8,0.02,88,70,2,False,0.274336897342171
"(2,1)",0.8,0.02,89,70,1,False,0.22937330223206293
"(2,1)",0.8,0.02,90,70,1,False,0.25604485952123013
"(2,1)",0.8,0.02,91,36,5,True,0.7920833881714957
"(2,1)",0.8,0.02,92,30,5,True,0.8153146441933701
"(2,1)",0.8,0.02,93,21,5,True,0.8252616208323191
"(2,1)",0.8,0.02,94,35,5,True,0.7974902406481017
"(2,1)",0.8,0.02,95,26,5,True,0.7379379591018341
"(2,1)",0.8,0.02,96,45,5,True,0.7789882533481134
"(2,1)",0.8,0.02,97,22,5,True,0.863013698630137
"(2,1)",0.8,0.02,98,48,5,True,0.7717465799146569
"(2,1)",0.8,0.02,99,27,5,True,0.7548708312307703
"(2,1)",0.8,0.02,100,29,5,True,0.847408085555656
"(2,1)",0.9,0.02,1,65,5,True,0.7746021775544388
"(2,1)",0.9,0.02,2,50,5,True,0.6904078244273332
"(2,1)",0.9,0.02,3,36,5,True,0.7648626144879267
"(2,1)",0.9,0.02,4,32,5,True,0.84375
"(2,1)",0.9,0.02,5,16,5,True,0.8212432253173971
"(2,1)",0.9,0.02,6,13,5,True,0.8406474272238945
"(2,1)",0.9,0.02,7,33,5,True,0.7745268493795091
"(2,1)",0.9,0.02,8,70,0,False,0.17209964781738055
"(2,1)",0.9,0.02,9,18,5,True,0.7984560434473488
"(2,1)",0.9,0.02,10,48,5,True,0.713638585396099
"(2,1)",0.9,0.02,11,70,3,False,0.5881350153426524
"(2,1)",0.9,0.02,12,70,0,False,0.16914080301381268
"(2,1)",0.9,0.02,13,28,5,True,0.7624158948166705
"(2,1)",0.9,0.02,14,17,5,True,0.811975756367353
"(2,1)",0.9,0.02,15,70,2,False,0.31168751569447006
"(2,1)",0.9,0.02,16,70,0,False,0.17681079295838642
"(2,1)",0.9,0.02,17,20,5,True,0.8017241379310344
"(2,1)",0.9,0.02,18,70,0,False,0.1804339929425744
"(2,1)",0.9,0.02,19,27,5,True,0.7921157015044575
"(2,1)",0.9,0.02,20,19,5,True,0.8190991021359355
"(2,1)",0.9,0.02,21,25,5,True,0.8260869565217391
"(2,1)",0.9,0.02,22,32,5,True,0.7682236799613967
"(2,1)",0.9,0.02,23,19,5,True,0.8441558441558441
"(2,1)",0.9,0.02,24,24,5,True,0.8143459915611815
"(2,1)",0.9,0.02,25,70,1,False,0.23347329912700243
"(2,1)",0.9,0.02,26,70,1,False,0.28762937231410085
"(2,1)",0.9,0.02,27,20,5,True,0.8136679258903498
"(2,1)",0.9,0.02,28,70,1,False,0.23838533016943134
"(2,1)",0.9,0.02,29,70,1,False,0.265970728406928
"(2,1)",0.9,0.02,30,34,5,True,0.7515943408115616
"(2,1)",0.9,0.02,31,26,5,True,0.8255950076964533
"(2,1)",0.9,0.02,32,70,2,False,0.3017896757889931
"(2,1)",0.9,0.02,33,20,5,True,0.84375
"(2,1)",0.9,0.02,34,70,1,False,0.2570270368318075
"(2,1)",0.9,0.02,35,70,2,False,0.3570020440063609
"(2,1)",0.9,0.02,36,17,5,True,0.8429112465009055
"(2,1)",0.9,0.02,37,70,1,False,0.21346728467372458
"(2,1)",0.9,0.02,38,70,2,False,0.3290561105571515
"(2,1)",0.9,0.02,39,31,5,True,0.7642276422764228
"(2,1)",0.9,0.02,40,70,1,False,0.23300044384588736
"(2,1)",0.9,0.02,41,55,5,True,0.8281938325991189
"(2,1)",0.9,0.02,42,70,0,False,0.168014187613842
"(2,1)",0.9,0.02,43,25,5,True,0.793059442743381
"(2,1)",0.9,0.02,44,21,5,True,0.7896735998323466
"(2,1)",0.9,0.02,45,70,2,False,0.32422452007243935
"(2,1)",0.9,0.02,46,50,5,True,0.7836473462858085
"(2,1)",0.9,0.02,47,16,5,True,0.7888880415802503
"(2,1)",0.9,0.02,48,27,5,True,0.8230088495575222
"(2,1)",0.9,0.02,49,70,2,False,0.30643895200844695
"(2,1)",0.9,0.02,50,70,1,False,0.26102345885484995
"(2,1)",0.9,0.02,51,17,5,True,0.8539823008849557
"(2,1)",0.9,0.02,52,70,4,False,0.4705447212021996
"(2,1)",0.9,0.02,53,70,2,False,0.3192595291620564
"(2,1)",0.9,0.02,54,70,3,False,0.38535765053771964
"(2,1)",0.9,0.02,55,39,5,True,0.8571428571428572
"(2,1)",0.9,0.02,56,30,5,True,0.7969744548875226
"(2,1)",0.9,0.02,57,70,0,False,0.16836680999738024
"(2,1)",0.9,0.02,58,26,5,True,0.8277515361165211
"(2,1)",0.9,0.02,59,70,1,False,0.2590053126593018
"(2,1)",0.9,0.02,60,24,5,True,0.8315121729100523
"(2,1)",0.9,0.02,61,54,5,True,0.7361302444330174
"(2,1)",0.9,0.02,62,27,5,True,0.8010773470329313
"(2,1)",0.9,0.02,63,20,5,True,0.8406900050735667
"(2,1)",0.9,0.02,64,58,5,True,0.8076014992687339
"(2,1)",0.9,0.02,65,13,5,True,0.8453876596987968
"(2,1)",0.9,0.02,66,70,1,False,0.22374758542409312
"(2,1)",0.9,0.02,67,20,5,True,0.8130627230018461
"(2,1)",0.9,0.02,68,70,2,False,0.3297834382966454
"(2,1)",0.9,0.02,69,24,5,True,0.8458149779735683
"(2,1)",0.9,0.02,70,49,5,True,0.7481988008423966
"(2,1)",0.9,0.02,71,24,5,True,0.8008474576271186
"(2,1)",0.9,0.02,72,70,0,False,0.16277268765834868
"(2,1)",0.9,0.02,73,17,5,True,0.8558558558558558
"(2,1)",0.9,0.02,74,28,5,True,0.8246178600160902
"(2,1)",0.9,0.02,75,60,5,True,0.793732460243218
"(2,1)",0.9,0.02,76,70,1,False,0.2503908480959581
"(2,1)",0.9,0.02,77,58,5,True,0.8071447757185066
"(2,1)",0.9,0.02,78,70,3,False,0.3462146175915598
"(2,1)",0.9,0.02,79,48,5,True,0.7642875444379005
"(2,1)",0.9,0.02,80,59,5,True,0.7488965821458848
"(2,1)",0.9,0.02,81,21,5,True,0.8256975796027329
"(2,1)",0.9,0.02,82,33,5,True,0.8181818181818182
"(2,1)",0.9,0.02,83,20,5,True,0.8303860118431888
"(2,1)",0.9,0.02,84,70,0,False,0.16800285057634992
"(2,1)",0.9,0.02,85,70,2,False,0.3286927205080419
"(2,1)",0.9,0.02,86,24,5,True,0.826571201272872
"(2,1)",0.9,0.02,87,57,5,True,0.7748145733557981
"(2,1)",0.9,0.02,88,27,5,True,0.8369694341965715
"(2,1)",0.9,0.02,89,26,5,True,0.8060488834183225
"(2,1)",0.9,0.02,90,36,5,True,0.7274352100089365
"(2,1)",0.9,0.02,91,70,2,False,0.3044382839446675
"(2,1)",0.9,0.02,92,35,5,True,0.7107386728225615
"(2,1)",0.9,0.02,93,28,5,True,0.7947644866840714
"(2,1)",0.9,0.02,94,20,5,True,0.789109346421874
"(2,1)",0.9,0.02,95,45,5,True,0.7922465654836299
"(2,1)",0.9,0.02,96,57,5,True,0.6351351351351351
"(2,1)",0.9,0.02,97,49,5,True,0.7170072411570686
"(2,1)",0.9,0.02,98,22,5,True,0.8403299612305262
"(2,1)",0.9,0.02,99,19,5,True,0.7656354664809097
"(2,1)",0.9,0.02,100,70,1,False,0.24304024868564192
"(3,1)",0.1,0.02,1,12,5,True,0.8690471381831402
"(3,1)",0.1,0.02,2,14,5,True,0.8749111584932481
"(3,1)",0.1,0.02,3,13,5,True,0.875
"(3,1)",0.1,0.02,4,15,5,True,0.874493927125506
"(3,1)",0.1,0.02,5,70,3,False,0.09230769230769233
"(3,1)",0.1,0.02,6,11,5,True,0.8809523809523809
"(3,1)",0.1,0.02,7,43,5,True,0.8627450980392156
"(3,1)",0.1,0.02,8,70,0,False,0.13950572397332944
"(3,1)",0.1,0.02,9,13,5,True,0.8671875
"(3,1)",0.1,0.02,10,12,5,True,0.8710287689999348
"(3,1)",0.1,0.02,11,21,5,True,0.8641818328482055
"(3,1)",0.1,0.02,12,11,5,True,0.8795180722891566
"(3,1)",0.1,0.02,13,12,5,True,0.8795180722891566
"(3,1)",0.1,0.02,14,38,5,True,0.8627450980392156
"(3,1)",0.1,0.02,15,19,5,True,0.8725099601593624
"(3,1)",0.1,0.02,16,70,3,False,0.08823529411764704
"(3,1)",0.1,0.02,17,18,5,True,0.8503937007874016
"(3,1)",0.1,0.02,18,37,5,True,0.8604651162790699
"(3,1)",0.1,0.02,19,13,5,True,0.8800000000000001
"(3,1)",0.1,0.02,20,16,5,True,0.8785425101214573
"(3,1)",0.1,0.02,21,18,5,True,0.8818897637795275
"(3,1)",0.1,0.02,22,21,5,True,0.8402504994265179
"(3,1)",0.1,0.02,23,17,5,True,0.8052867218088613
"(3,1)",0.1,0.02,24,11,5,True,0.8785425101214573
"(3,1)",0.1,0.02,25,12,5,True,0.8741600860721462
"(3,1)",0.1,0.02,26,19,5,True,0.8423076923076923
"(3,1)",0.1,0.02,27,17,5,True,0.8775510204081631
"(3,1)",0.1,0.02,28,22,5,True,0.8888457577545359
"(3,1)",0.1,0.02,29,14,5,True,0.874300678490656
"(3,1)",0.1,0.02,30,11,5,True,0.8750000000000001
"(3,1)",0.1,0.02,31,9,5,True,0.8730158730158729
"(3,1)",0.1,0.02,32,21,5,True,0.8614220885627598
"(3,1)",0.1,0.02,33,13,5,True,0.878048780487805
"(3,1)",0.1,0.02,34,17,5,True,0.8785425101214573
"(3,1)",0.1,0.02,35,14,5,True,0.8482490272373541
"(3,1)",0.1,0.02,36,23,5,True,0.8774703557312253
"(3,1)",0.1,0.02,37,9,5,True,0.8775510204081631
"(3,1)",0.1,0.02,38,17,5,True,0.8730158730158729
"(3,1)",0.1,0.02,39,14,5,True,0.8439656915296215
"(3,1)",0.1,0.02,40,16,5,True,0.8521556864150575
"(3,1)",0.1,0.02,41,12,5,True,0.8800000000000001
"(3,1)",0.1,0.02,42,13,5,True,0.8795180722891566
"(3,1)",0.1,0.02,43,15,5,True,0.8516401874369773
"(3,1)",0.1,0.02,44,12,5,True,0.8605577689243028
"(3,1)",0.1,0.02,45,16,5,True,0.859978314886069
"(3,1)",0.1,0.02,46,8,5,True,0.8795180722891566
"(3,1)",0.1,0.02,47,11,5,True,0.8785425101214573
"(3,1)",0.1,0.02,48,13,5,True,0.8800000000000001
"(3,1)",0.1,0.02,49,23,5,True,0.8725099601593624
"(3,1)",0.1,0.02,50,19,5,True,0.8795180722891566
"(3,1)",0.1,0.02,51,32,5,True,0.8531446065462241
"(3,1)",0.1,0.02,52,15,5,True,0.8759999999999999
"(3,1)",0.1,0.02,53,13,5,True,0.8671260319017143
"(3,1)",0.1,0.02,54,13,5,True,0.8749999999999999
"(3,1)",0.1,0.02,55,12,5,True,0.8790322580645162
"(3,1)",0.1,0.02,56,21,5,True,0.8406744940203109
"(3,1)",0.1,0.02,57,9,5,True,0.8785425101214573
"(3,1)",0.1,0.02,58,11,5,True,0.8527506201434555
"(3,1)",0.1,0.02,59,14,5,True,0.870622472669406
"(3,1)",0.1,0.02,60,16,5,True,0.8785425101214573
"(3,1)",0.1,0.02,61,14,5,True,0.8713488321682111
"(3,1)",0.1,0.02,62,13,5,True,0.8717233324682065
"(3,1)",0.1,0.02,63,16,5,True,0.8749999999999999
"(3,1)",0.1,0.02,64,14,5,True,0.864623320537428
"(3,1)",0.1,0.02,65,13,5,True,0.8743006784906558
"(3,1)",0.1,0.02,66,11,5,True,0.8795180722891566
"(3,1)",0.1,0.02,67,13,5,True,0.8785425101214573
"(3,1)",0.1,0.02,68,70,0,False,0.11735835825217363
"(3,1)",0.1,0.02,69,70,3,False,0.08695652173913043
"(3,1)",0.1,0.02,70,11,5,True,0.8790322580645162
"(3,1)",0.1,0.02,71,14,5,True,0.8779527559055118
"(3,1)",0.1,0.02,72,15,5,True,0.8750000000000001
"(3,1)",0.1,0.02,73,11,5,True,0.874300678490656
"(3,1)",0.1,0.02,74,13,5,True,0.8790322580645162
"(3,1)",0.1,0.02,75,19,5,True,0.868
"(3,1)",0.1,0.02,76,12,5,True,0.8663362502904051
"(3,1)",0.1,0.02,77,23,5,True,0.8491713948660558
"(3,1)",0.1,0.02,78,26,5,True,0.8790322580645162
"(3,1)",0.1,0.02,79,11,5,True,0.8645418326693227
"(3,1)",0.1,0.02,80,14,5,True,0.8749999999999999
"(3,1)",0.1,0.02,81,26,5,True,0.8888888888888888
"(3,1)",0.1,0.02,82,11,5,True,0.8785425101214573
"(3,1)",0.1,0.02,83,25,5,True,0.8759999999999999
"(3,1)",0.1,0.02,84,12,5,True,0.8749111584932481
"(3,1)",0.1,0.02,85,17,5,True,0.84765625
"(3,1)",0.1,0.02,86,35,5,True,0.8725099601593624
"(3,1)",0.1,0.02,87,16,5,True,0.865402972758617
"(3,1)",0.1,0.02,88,16,5,True,0.878048780487805
"(3,1)",0.1,0.02,89,15,5,True,0.8450566336065
"(3,1)",0.1,0.02,90,13,5,True,0.8705988152724287
"(3,1)",0.1,0.02,91,13,5,True,0.8674698795180722
"(3,1)",0.1,0.02,92,51,5,True,0.8440168863412273
"(3,1)",0.1,0.02,93,12,5,True,0.878048780487805
"(3,1)",0.1,0.02,94,12,5,True,0.8685258964143425
"(3,1)",0.1,0.02,95,16,5,True,0.874300678490656
"(3,1)",0.1,0.02,96,8,5,True,0.8790322580645162
"(3,1)",0.1,0.02,97,21,5,True,0.8735177865612648
"(3,1)",0.1,0.02,98,18,5,True,0.8804780876494023
"(3,1)",0.1,0.02,99,25,5,True,0.8427151067132843
"(3,1)",0.1,0.02,100,16,5,True,0.8705882352941177
"(3,1)",0.2,0.02,1,19,5,True,0.8790322580645162
"(3,1)",0.2,0.02,2,19,5,True,0.8455971890578037
"(3,1)",0.2,0.02,3,17,5,True,0.8520071243152101
"(3,1)",0.2,0.02,4,26,5,True,0.8059428106237916
"(3,1)",0.2,0.02,5,23,5,True,0.8381818181818181
"(3,1)",0.2,0.02,6,14,5,True,0.8804780876494023
"(3,1)",0.2,0.02,7,18,5,True,0.8795180722891566
"(3,1)",0.2,0.02,8,26,5,True,0.842166287549706
"(3,1)",0.2,0.02,9,11,5,True,0.8585839213844778
"(3,1)",0.2,0.02,10,15,5,True,0.8749111584932481
"(3,1)",0.2,0.02,11,70,1,False,0.25817335653474693
"(3,1)",0.2,0.02,12,25,5,True,0.8126197408387121
"(3,1)",0.2,0.02,13,27,5,True,0.8097915766830268
"(3,1)",0.2,0.02,14,19,5,True,0.8614611027626864
"(3,1)",0.2,0.02,15,19,5,True,0.8472417716053904
"(3,1)",0.2,0.02,16,16,5,True,0.874300678490656
"(3,1)",0.2,0.02,17,15,5,True,0.8405786912543268
"(3,1)",0.2,0.02,18,21,5,True,0.8454531664564945
"(3,1)",0.2,0.02,19,10,5,True,0.8785425101214573
"(3,1)",0.2,0.02,20,24,5,True,0.8288509478000765
"(3,1)",0.2,0.02,21,22,5,True,0.8264150943396226
"(3,1)",0.2,0.02,22,10,5,True,0.878048780487805
"(3,1)",0.2,0.02,23,31,5,True,0.8795180722891566
"(3,1)",0.2,0.02,24,17,5,True,0.8775510204081631
"(3,1)",0.2,0.02,25,15,5,True,0.8491878459237128
"(3,1)",0.2,0.02,26,24,5,True,0.8700787401574802
"(3,1)",0.2,0.02,27,20,5,True,0.8250602937793889
"(3,1)",0.2,0.02,28,22,5,True,0.8073253469702746
"(3,1)",0.2,0.02,29,20,5,True,0.8671694145355965
"(3,1)",0.2,0.02,30,20,5,True,0.8347578347578348
"(3,1)",0.2,0.02,31,15,5,True,0.8483680498605872
"(3,1)",0.2,0.02,32,60,5,True,0.8314176245210728
"(3,1)",0.2,0.02,33,22,5,True,0.8372021046115754
"(3,1)",0.2,0.02,34,26,5,True,0.859375
"(3,1)",0.2,0.02,35,14,5,True,0.8800000000000001
"(3,1)",0.2,0.02,36,28,5,True,0.8374486026536871
"(3,1)",0.2,0.02,37,13,5,True,0.878048780487805
"(3,1)",0.2,0.02,38,14,5,True,0.878048780487805
"(3,1)",0.2,0.02,39,24,5,True,0.8620689655172414
"(3,1)",0.2,0.02,40,19,5,True,0.8696997709095294
"(3,1)",0.2,0.02,41,19,5,True,0.8595624530636709
"(3,1)",0.2,0.02,42,38,5,True,0.7668399375229757
"(3,1)",0.2,0.02,43,15,5,True,0.8577075098814229
"(3,1)",0.2,0.02,44,24,5,True,0.8251141883975421
"(3,1)",0.2,0.02,45,70,2,False,0.39958878099184486
"(3,1)",0.2,0.02,46,70,1,False,0.13945085932118237
"(3,1)",0.2,0.02,47,16,5,True,0.8747879130645553
"(3,1)",0.2,0.02,48,24,5,True,0.8598988869881672
"(3,1)",0.2,0.02,49,17,5,True,0.8405786912543269
"(3,1)",0.2,0.02,50,19,5,True,0.8759999999999999
"(3,1)",0.2,0.02,51,18,5,True,0.8311100725413031
"(3,1)",0.2,0.02,52,15,5,True,0.8275905772023011
"(3,1)",0.2,0.02,53,70,3,False,0.08450704225352113
"(3,1)",0.2,0.02,54,17,5,True,0.8423076923076923
"(3,1)",0.2,0.02,55,10,5,True,0.8755020080321284
"(3,1)",0.2,0.02,56,12,5,True,0.8785425101214573
"(3,1)",0.2,0.02,57,46,5,True,0.861111111111111
"(3,1)",0.2,0.02,58,13,5,True,0.8566413791758488
"(3,1)",0.2,0.02,59,27,5,True,0.7986638417795962
"(3,1)",0.2,0.02,60,26,5,True,0.8589511799884445
"(3,1)",0.2,0.02,61,13,5,True,0.8733288770053476
"(3,1)",0.2,0.02,62,14,5,True,0.874493927125506
"(3,1)",0.2,0.02,63,27,5,True,0.8372310665685662
"(3,1)",0.2,0.02,64,10,5,True,0.8676314109384975
"(3,1)",0.2,0.02,65,16,5,True,0.8386708995046088
"(3,1)",0.2,0.02,66,20,5,True,0.842911877394636
"(3,1)",0.2,0.02,67,21,5,True,0.7828324558847318
"(3,1)",0.2,0.02,68,11,5,True,0.8696997709095294
"(3,1)",0.2,0.02,69,27,5,True,0.8543307086614174
"(3,1)",0.2,0.02,70,22,5,True,0.8169172378421224
"(3,1)",0.2,0.02,71,16,5,True,0.8200536548265909
"(3,1)",0.2,0.02,72,18,5,True,0.8616600790513834
"(3,1)",0.2,0.02,73,15,5,True,0.8741600860721462
"(3,1)",0.2,0.02,74,20,5,True,0.81612723228461
"(3,1)",0.2,0.02,75,17,5,True,0.8636382675714167
"(3,1)",0.2,0.02,76,9,5,True,0.865691385884367
"(3,1)",0.2,0.02,77,14,5,True,0.8436922292343979
"(3,1)",0.2,0.02,78,11,5,True,0.8785425101214573
"(3,1)",0.2,0.02,79,18,5,True,0.8145367148096774
"(3,1)",0.2,0.02,80,18,5,True,0.8602533650039589
"(3,1)",0.2,0.02,81,14,5,True,0.847107559581968
"(3,1)",0.2,0.02,82,19,5,True,0.8632007413116047
"(3,1)",0.2,0.02,83,12,5,True,0.8888888888888888
"(3,1)",0.2,0.02,84,16,5,True,0.8790322580645162
"(3,1)",0.2,0.02,85,29,5,True,0.8136399120005677
"(3,1)",0.2,0.02,86,24,5,True,0.8492438063054738
"(3,1)",0.2,0.02,87,19,5,True,0.8695302075185202
"(3,1)",0.2,0.02,88,19,5,True,0.8006538083199719
"(3,1)",0.2,0.02,89,12,5,True,0.8566413791758488
"(3,1)",0.2,0.02,90,17,5,True,0.8314176245210728
"(3,1)",0.2,0.02,91,14,5,True,0.8605577689243028
"(3,1)",0.2,0.02,92,14,5,True,0.8556694046575188
"(3,1)",0.2,0.02,93,15,5,True,0.8476826126087076
"(3,1)",0.2,0.02,94,15,5,True,0.8326325786731205
"(3,1)",0.2,0.02,95,26,5,True,0.8479087452471482
"(3,1)",0.2,0.02,96,16,5,True,0.8582063663928693
"(3,1)",0.2,0.02,97,15,5,True,0.868
"(3,1)",0.2,0.02,98,33,5,True,0.8039308324671643
"(3,1)",0.2,0.02,99,15,5,True,0.8493737640079103
"(3,1)",0.2,0.02,100,70,3,False,0.08955223880597013
"(3,1)",0.3,0.02,1,21,5,True,0.8090543303672356
"(3,1)",0.3,0.02,2,20,5,True,0.8565737051792829
"(3,1)",0.3,0.02,3,37,5,True,0.8331530752036916
"(3,1)",0.3,0.02,4,25,5,True,0.8224801466096517
"(3,1)",0.3,0.02,5,25,5,True,0.7946898774956241
"(3,1)",0.3,0.02,6,58,5,True,0.7055268948504337
"(3,1)",0.3,0.02,7,20,5,True,0.8750000000000001
"(3,1)",0.3,0.02,8,18,5,True,0.8562573359713475
"(3,1)",0.3,0.02,9,19,5,True,0.8303912915563401
"(3,1)",0.3,0.02,10,13,5,True,0.8663163704800074
"(3,1)",0.3,0.02,11,27,5,True,0.804417429262905
"(3,1)",0.3,0.02,12,29,5,True,0.8141075301235834
"(3,1)",0.3,0.02,13,70,1,False,0.21446513316906085
"(3,1)",0.3,0.02,14,24,5,True,0.821421654077087
"(3,1)",0.3,0.02,15,11,5,True,0.8500817482154962
"(3,1)",0.3,0.02,16,31,5,True,0.8622047244094487
"(3,1)",0.3,0.02,17,33,5,True,0.8719999999999999
"(3,1)",0.3,0.02,18,26,5,True,0.8333139602464257
"(3,1)",0.3,0.02,19,16,5,True,0.868
"(3,1)",0.3,0.02,20,22,5,True,0.8584427161238075
"(3,1)",0.3,0.02,21,21,5,True,0.8173488794135665
"(3,1)",0.3,0.02,22,16,5,True,0.825464657908763
"(3,1)",0.3,0.02,23,21,5,True,0.868
"(3,1)",0.3,0.02,24,26,5,True,0.8582677165354331
"(3,1)",0.3,0.02,25,19,5,True,0.8538986335085081
"(3,1)",0.3,0.02,26,14,5,True,0.8552884017199068
"(3,1)",0.3,0.02,27,21,5,True,0.8346153846153845
"(3,1)",0.3,0.02,28,12,5,True,0.8775510204081631
"(3,1)",0.3,0.02,29,24,5,True,0.8200176926230024
"(3,1)",0.3,0.02,30,19,5,True,0.8708122992198255
"(3,1)",0.3,0.02,31,8,5,True,0.8790322580645162
"(3,1)",0.3,0.02,32,10,5,True,0.8634538152610441
"(3,1)",0.3,0.02,33,52,5,True,0.7692307692307692
"(3,1)",0.3,0.02,34,23,5,True,0.8577075098814229
"(3,1)",0.3,0.02,35,25,5,True,0.7906137184115523
"(3,1)",0.3,0.02,36,18,5,True,0.8749999999999999
"(3,1)",0.3,0.02,37,25,5,True,0.8436922292343979
"(3,1)",0.3,0.02,38,17,5,True,0.8487636837733729
"(3,1)",0.3,0.02,39,18,5,True,0.8181818181818181
"(3,1)",0.3,0.02,40,20,5,True,0.8516401874369773
"(3,1)",0.3,0.02,41,28,5,True,0.787769784172662
"(3,1)",0.3,0.02,42,16,5,True,0.8800000000000001
"(3,1)",0.3,0.02,43,32,5,True,0.8259158825782419
"(3,1)",0.3,0.02,44,70,2,False,0.3781491612254723
"(3,1)",0.3,0.02,45,24,5,True,0.8090379694116262
"(3,1)",0.3,0.02,46,21,5,True,0.8015963822180289
"(3,1)",0.3,0.02,47,21,5,True,0.8439194983064767
"(3,1)",0.3,0.02,48,22,5,True,0.8325431920306774
"(3,1)",0.3,0.02,49,33,5,True,0.8282442748091602
"(3,1)",0.3,0.02,50,24,5,True,0.844106463878327
"(3,1)",0.3,0.02,51,34,5,True,0.7934410067662145
"(3,1)",0.3,0.02,52,16,5,True,0.8594162547805584
"(3,1)",0.3,0.02,53,23,5,True,0.8566666666666667
"(3,1)",0.3,0.02,54,50,5,True,0.7857142857142858
"(3,1)",0.3,0.02,55,15,5,True,0.8132572645242511
"(3,1)",0.3,0.02,56,22,5,True,0.773894904678522
"(3,1)",0.3,0.02,57,9,5,True,0.864
"(3,1)",0.3,0.02,58,70,2,False,0.36021379840784346
"(3,1)",0.3,0.02,59,31,5,True,0.7680309233379681
"(3,1)",0.3,0.02,60,12,5,True,0.8497652582159626
"(3,1)",0.3,0.02,61,70,2,False,0.35982054733999064
"(3,1)",0.3,0.02,62,12,5,True,0.868
"(3,1)",0.3,0.02,63,22,5,True,0.8111111111111111
"(3,1)",0.3,0.02,64,15,5,True,0.8607318750567532
"(3,1)",0.3,0.02,65,19,5,True,0.8703459308138372
"(3,1)",0.3,0.02,66,9,5,True,0.8743006784906558
"(3,1)",0.3,0.02,67,11,5,True,0.8706224726694061
"(3,1)",0.3,0.02,68,8,5,True,0.878048780487805
"(3,1)",0.3,0.02,69,15,5,True,0.8603136092015996
"(3,1)",0.3,0.02,70,14,5,True,0.8684186382820619
"(3,1)",0.3,0.02,71,24,5,True,0.8038418854903545
"(3,1)",0.3,0.02,72,11,5,True,0.8674698795180722
"(3,1)",0.3,0.02,73,19,5,True,0.8010054951569221
"(3,1)",0.3,0.02,74,13,5,True,0.8643513406529302
"(3,1)",0.3,0.02,75,18,5,True,0.8589425268642137
"(3,1)",0.3,0.02,76,27,5,True,0.7785492681549278
"(3,1)",0.3,0.02,77,30,5,True,0.8142162335547173
"(3,1)",0.3,0.02,78,15,5,True,0.8251929177085578
"(3,1)",0.3,0.02,79,21,5,True,0.874493927125506
"(3,1)",0.3,0.02,80,20,5,True,0.8646033843143265
"(3,1)",0.3,0.02,81,28,5,True,0.7726373181201164
"(3,1)",0.3,0.02,82,15,5,True,0.8461538461538461
"(3,1)",0.3,0.02,83,32,5,True,0.8153903510951889
"(3,1)",0.3,0.02,84,70,4,False,0.48275683233201283
"(3,1)",0.3,0.02,85,38,5,True,0.7813244923677025
"(3,1)",0.3,0.02,86,45,5,True,0.8243963785162175
"(3,1)",0.3,0.02,87,16,5,True,0.8081812694819573
"(3,1)",0.3,0.02,88,36,5,True,0.7597661837447953
"(3,1)",0.3,0.02,89,24,5,True,0.8089887640449438
"(3,1)",0.3,0.02,90,15,5,True,0.859978314886069
"(3,1)",0.3,0.02,91,27,5,True,0.7668507948279009
"(3,1)",0.3,0.02,92,70,1,False,0.27476776723593904
"(3,1)",0.3,0.02,93,35,5,True,0.7570001941801437
"(3,1)",0.3,0.02,94,20,5,True,0.8607318750567532
"(3,1)",0.3,0.02,95,24,5,True,0.82320230105465
"(3,1)",0.3,0.02,96,38,5,True,0.7722099853157123
"(3,1)",0.3,0.02,97,13,5,True,0.8775510204081631
"(3,1)",0.3,0.02,98,26,5,True,0.869970925663995
"(3,1)",0.3,0.02,99,20,5,True,0.8639068641395861
"(3,1)",0.3,0.02,100,13,5,True,0.8709677419354838
"(3,1)",0.4,0.02,1,42,5,True,0.7799247275984659
"(3,1)",0.4,0.02,2,26,5,True,0.8696997709095294
"(3,1)",0.4,0.02,3,20,5,True,0.7768789226353802
"(3,1)",0.4,0.02,4,19,5,True,0.8566413791758488
"(3,1)",0.4,0.02,5,26,5,True,0.7914701007267628
"(3,1)",0.4,0.02,6,14,5,True,0.8626215631687099
"(3,1)",0.4,0.02,7,16,5,True,0.8627450980392156
"(3,1)",0.4,0.02,8,19,5,True,0.8297101449275361
"(3,1)",0.4,0.02,9,14,5,True,0.8408368636805335
"(3,1)",0.4,0.02,10,21,5,True,0.8532988578607481
"(3,1)",0.4,0.02,11,13,5,True,0.861111111111111
"(3,1)",0.4,0.02,12,13,5,True,0.8703459308138372
"(3,1)",0.4,0.02,13,11,5,True,0.878048780487805
"(3,1)",0.4,0.02,14,20,5,True,0.8211959570193855
"(3,1)",0.4,0.02,15,31,5,True,0.7567660619124603
"(3,1)",0.4,0.02,16,13,5,True,0.8482969199694214
"(3,1)",0.4,0.02,17,32,5,True,0.8218026944697421
"(3,1)",0.4,0.02,18,59,5,True,0.7318885800192886
"(3,1)",0.4,0.02,19,20,5,True,0.7600028993631126
"(3,1)",0.4,0.02,20,16,5,True,0.851928891855132
"(3,1)",0.4,0.02,21,37,5,True,0.7659752378008049
"(3,1)",0.4,0.02,22,17,5,True,0.8404656501065747
"(3,1)",0.4,0.02,23,17,5,True,0.8346153846153845
"(3,1)",0.4,0.02,24,28,5,True,0.8511450381679388
"(3,1)",0.4,0.02,25,16,5,True,0.8094050114157295
"(3,1)",0.4,0.02,26,23,5,True,0.8549019607843137
"(3,1)",0.4,0.02,27,34,5,True,0.7988078592979616
"(3,1)",0.4,0.02,28,18,5,True,0.7847384861843539
"(3,1)",0.4,0.02,29,33,5,True,0.7662225630211829
"(3,1)",0.4,0.02,30,45,5,True,0.7622126436781609
"(3,1)",0.4,0.02,31,31,5,True,0.8674698795180722
"(3,1)",0.4,0.02,32,22,5,True,0.8343839788899721
"(3,1)",0.4,0.02,33,26,5,True,0.7654554170483394
"(3,1)",0.4,0.02,34,70,1,False,0.14285714285714288
"(3,1)",0.4,0.02,35,16,5,True,0.8652939421068337
"(3,1)",0.4,0.02,36,16,5,True,0.8638545892885444
"(3,1)",0.4,0.02,37,64,5,True,0.8014705882352942
"(3,1)",0.4,0.02,38,70,1,False,0.2908416839632767
"(3,1)",0.4,0.02,39,19,5,True,0.8557684764895591
"(3,1)",0.4,0.02,40,19,5,True,0.838645008395045
"(3,1)",0.4,0.02,41,24,5,True,0.8050645994832041
"(3,1)",0.4,0.02,42,16,5,True,0.8485250248591316
"(3,1)",0.4,0.02,43,30,5,True,0.7765427765006171
"(3,1)",0.4,0.02,44,29,5,True,0.8154492909514193
"(3,1)",0.4,0.02,45,20,5,True,0.8499308821273037
"(3,1)",0.4,0.02,46,70,1,False,0.2819853836243829
"(3,1)",0.4,0.02,47,20,5,True,0.844106463878327
"(3,1)",0.4,0.02,48,24,5,True,0.8636755823986194
"(3,1)",0.4,0.02,49,25,5,True,0.7970479704797049
"(3,1)",0.4,0.02,50,27,5,True,0.8235060162435759
"(3,1)",0.4,0.02,51,21,5,True,0.7798995340635286
"(3,1)",0.4,0.02,52,31,5,True,0.8472727272727273
"(3,1)",0.4,0.02,53,15,5,True,0.8515916402383643
"(3,1)",0.4,0.02,54,16,5,True,0.8482490272373541
"(3,1)",0.4,0.02,55,15,5,True,0.8749999999999999
"(3,1)",0.4,0.02,56,15,5,True,0.8067609222701193
"(3,1)",0.4,0.02,57,22,5,True,0.8390581843691641
"(3,1)",0.4,0.02,58,49,5,True,0.6815669587358495
"(3,1)",0.4,0.02,59,70,2,False,0.3684159449049993
"(3,1)",0.4,0.02,60,70,2,False,0.37822112018873927
"(3,1)",0.4,0.02,61,22,5,True,0.8250950570342205
"(3,1)",0.4,0.02,62,23,5,True,0.86328125
"(3,1)",0.4,0.02,63,19,5,True,0.8529131443726173
"(3,1)",0.4,0.02,64,23,5,True,0.7912261278290353
"(3,1)",0.4,0.02,65,22,5,True,0.77323716290528
"(3,1)",0.4,0.02,66,20,5,True,0.8566413791758488
"(3,1)",0.4,0.02,67,15,5,True,0.85
"(3,1)",0.4,0.02,68,24,5,True,0.8299241653551718
"(3,1)",0.4,0.02,69,18,5,True,0.8241226752847902
"(3,1)",0.4,0.02,70,18,5,True,0.8527131782945736
"(3,1)",0.4,0.02,71,20,5,True,0.8101019804350486
"(3,1)",0.4,0.02,72,21,5,True,0.8354987082588483
"(3,1)",0.4,0.02,73,15,5,True,0.874493927125506
"(3,1)",0.4,0.02,74,30,5,True,0.7814863903795176
"(3,1)",0.4,0.02,75,24,5,True,0.8338320214975892
"(3,1)",0.4,0.02,76,13,5,True,0.8622047244094487
"(3,1)",0.4,0.02,77,15,5,True,0.8424071016120998
"(3,1)",0.4,0.02,78,13,5,True,0.8471799472076424
"(3,1)",0.4,0.02,79,14,5,True,0.8214140948263229
"(3,1)",0.4,0.02,80,27,5,True,0.8109797263599319
"(3,1)",0.4,0.02,81,28,5,True,0.8311996206733049
"(3,1)",0.4,0.02,82,70,1,False,0.2873478381892949
"(3,1)",0.4,0.02,83,19,5,True,0.8231705158678402
"(3,1)",0.4,0.02,84,26,5,True,0.878048780487805
"(3,1)",0.4,0.02,85,26,5,True,0.8130497975751226
"(3,1)",0.4,0.02,86,15,5,True,0.83206106870229
"(3,1)",0.4,0.02,87,70,2,False,0.3333581202022974
"(3,1)",0.4,0.02,88,21,5,True,0.8079618079618078
"(3,1)",0.4,0.02,89,17,5,True,0.8313990037660531
"(3,1)",0.4,0.02,90,14,5,True,0.8627450980392156
"(3,1)",0.4,0.02,91,11,5,True,0.8735259313665483
"(3,1)",0.4,0.02,92,18,5,True,0.874493927125506
"(3,1)",0.4,0.02,93,20,5,True,0.8450142767085698
"(3,1)",0.4,0.02,94,15,5,True,0.8719999999999999
"(3,1)",0.4,0.02,95,21,5,True,0.8168202247521861
"(3,1)",0.4,0.02,96,42,5,True,0.7711267605633803
"(3,1)",0.4,0.02,97,12,5,True,0.851608439986164
"(3,1)",0.4,0.02,98,70,3,False,0.598782910672084
"(3,1)",0.4,0.02,99,19,5,True,0.8634060825841648
"(3,1)",0.4,0.02,100,70,3,False,0.38454484096377517
"(3,1)",0.5,0.02,1,21,5,True,0.8198529411764707
"(3,1)",0.5,0.02,2,14,5,True,0.8343146446652916
"(3,1)",0.5,0.02,3,27,5,True,0.7908606842705849
"(3,1)",0.5,0.02,4,55,5,True,0.7910015200624692
"(3,1)",0.5,0.02,5,18,5,True,0.8648483614899246
"(3,1)",0.5,0.02,6,70,2,False,0.3686413292984409
"(3,1)",0.5,0.02,7,24,5,True,0.823849429849367
"(3,1)",0.5,0.02,8,70,1,False,0.30545139982219893
"(3,1)",0.5,0.02,9,70,2,False,0.37541770454885526
"(3,1)",0.5,0.02,10,18,5,True,0.8370923927650938
"(3,1)",0.5,0.02,11,70,2,False,0.3851713264480867
"(3,1)",0.5,0.02,12,17,5,True,0.8605577689243028
"(3,1)",0.5,0.02,13,70,2,False,0.43258034543353047
"(3,1)",0.5,0.02,14,21,5,True,0.8197920868108692
"(3,1)",0.5,0.02,15,44,5,True,0.7346938775510203
"(3,1)",0.5,0.02,16,20,5,True,0.8520152736529487
"(3,1)",0.5,0.02,17,20,5,True,0.8037230545018635
"(3,1)",0.5,0.02,18,54,5,True,0.807142857142857
"(3,1)",0.5,0.02,19,24,5,True,0.8566413791758488
"(3,1)",0.5,0.02,20,20,5,True,0.868
"(3,1)",0.5,0.02,21,19,5,True,0.8266000716724554
"(3,1)",0.5,0.02,22,25,5,True,0.7711668325134259
"(3,1)",0.5,0.02,23,69,5,True,0.7642644294077943
"(3,1)",0.5,0.02,24,70,2,False,0.36439912669389923
"(3,1)",0.5,0.02,25,39,5,True,0.6803506014960983
"(3,1)",0.5,0.02,26,25,5,True,0.8580274683717345
"(3,1)",0.5,0.02,27,29,5,True,0.8352490421455939
"(3,1)",0.5,0.02,28,17,5,True,0.8709677419354838
"(3,1)",0.5,0.02,29,18,5,True,0.8608349491265364
"(3,1)",0.5,0.02,30,24,5,True,0.8111586068551095
"(3,1)",0.5,0.02,31,32,5,True,0.7659574468085106
"(3,1)",0.5,0.02,32,19,5,True,0.8251169584214741
"(3,1)",0.5,0.02,33,14,5,True,0.8680339109836679
"(3,1)",0.5,0.02,34,22,5,True,0.8418950448847234
"(3,1)",0.5,0.02,35,19,5,True,0.8565235331951717
"(3,1)",0.5,0.02,36,16,5,True,0.8450059990211993
"(3,1)",0.5,0.02,37,24,5,True,0.8168578634773412
"(3,1)",0.5,0.02,38,41,5,True,0.7628865979381443
"(3,1)",0.5,0.02,39,62,5,True,0.7594501718213058
"(3,1)",0.5,0.02,40,37,5,True,0.812325067486176
"(3,1)",0.5,0.02,41,63,5,True,0.6050420168067226
"(3,1)",0.5,0.02,42,19,5,True,0.8116493900289119
"(3,1)",0.5,0.02,43,70,3,False,0.3823741838245413
"(3,1)",0.5,0.02,44,26,5,True,0.8280519941071836
"(3,1)",0.5,0.02,45,29,5,True,0.7972052428040325
"(3,1)",0.5,0.02,46,70,1,False,0.26849326900107273
"(3,1)",0.5,0.02,47,16,5,True,0.8111672325319438
"(3,1)",0.5,0.02,48,28,5,True,0.7882883973066735
"(3,1)",0.5,0.02,49,28,5,True,0.7719148901492178
"(3,1)",0.5,0.02,50,28,5,True,0.8012133688800175
"(3,1)",0.5,0.02,51,18,5,True,0.8594256582964368
"(3,1)",0.5,0.02,52,17,5,True,0.8306811329475637
"(3,1)",0.5,0.02,53,27,5,True,0.7744674361104892
"(3,1)",0.5,0.02,54,42,5,True,0.7832127585981182
"(3,1)",0.5,0.02,55,22,5,True,0.8482490272373541
"(3,1)",0.5,0.02,56,16,5,True,0.859375
"(3,1)",0.5,0.02,57,25,5,True,0.7731861598712442
"(3,1)",0.5,0.02,58,14,5,True,0.8566859363063609
"(3,1)",0.5,0.02,59,30,5,True,0.8171641791044776
"(3,1)",0.5,0.02,60,30,5,True,0.8036363636363636
"(3,1)",0.5,0.02,61,38,5,True,0.7149986168426886
"(3,1)",0.5,0.02,62,13,5,True,0.874300678490656
"(3,1)",0.5,0.02,63,22,5,True,0.8098664336631302
"(3,1)",0.5,0.02,64,20,5,True,0.8148956679867582
"(3,1)",0.5,0.02,65,31,5,True,0.8127340823970037
"(3,1)",0.5,0.02,66,17,5,True,0.8257575757575757
"(3,1)",0.5,0.02,67,21,5,True,0.85
"(3,1)",0.5,0.02,68,70,2,False,0.35339477701992167
"(3,1)",0.5,0.02,69,25,5,True,0.7856702491088134
"(3,1)",0.5,0.02,70,15,5,True,0.8764940239043824
"(3,1)",0.5,0.02,71,23,5,True,0.8392805337975051
"(3,1)",0.5,0.02,72,9,5,True,0.8785425101214573
"(3,1)",0.5,0.02,73,22,5,True,0.8105823561283331
"(3,1)",0.5,0.02,74,15,5,True,0.8443579766536965
"(3,1)",0.5,0.02,75,16,5,True,0.8330141341402688
"(3,1)",0.5,0.02,76,26,5,True,0.840863242318494
"(3,1)",0.5,0.02,77,15,5,True,0.8345142709090101
"(3,1)",0.5,0.02,78,21,5,True,0.8307692307692307
"(3,1)",0.5,0.02,79,70,1,False,0.28411556774419305
"(3,1)",0.5,0.02,80,70,1,False,0.14285689769279106
"(3,1)",0.5,0.02,81,17,5,True,0.8470588235294118
"(3,1)",0.5,0.02,82,14,5,True,0.8750000000000001
"(3,1)",0.5,0.02,83,21,5,True,0.8455971890578038
"(3,1)",0.5,0.02,84,15,5,True,0.8410852713178295
"(3,1)",0.5,0.02,85,24,5,True,0.8490566037735848
"(3,1)",0.5,0.02,86,17,5,True,0.8199787476230154
"(3,1)",0.5,0.02,87,23,5,True,0.8582089552238806
"(3,1)",0.5,0.02,88,70,1,False,0.30191131242616936
"(3,1)",0.5,0.02,89,22,5,True,0.7765505834657465
"(3,1)",0.5,0.02,90,19,5,True,0.8284600389863549
"(3,1)",0.5,0.02,91,14,5,True,0.8726692423987905
"(3,1)",0.5,0.02,92,20,5,True,0.8412181500607149
"(3,1)",0.5,0.02,93,15,5,True,0.837942405253722
"(3,1)",0.5,0.02,94,19,5,True,0.8582677165354331
"(3,1)",0.5,0.02,95,21,5,True,0.8206655710764175
"(3,1)",0.5,0.02,96,20,5,True,0.8168578634773412
"(3,1)",0.5,0.02,97,22,5,True,0.8244274809160305
"(3,1)",0.5,0.02,98,22,5,True,0.8104270244500442
"(3,1)",0.5,0.02,99,12,5,True,0.8696997709095294
"(3,1)",0.5,0.02,100,29,5,True,0.7990567886476729
"(3,1)",0.6,0.02,1,19,5,True,0.8018840222363364
"(3,1)",0.6,0.02,2,28,5,True,0.854941925874848
"(3,1)",0.6,0.02,3,17,5,True,0.810407250372522
"(3,1)",0.6,0.02,4,12,5,True,0.8708122992198255
"(3,1)",0.6,0.02,5,33,5,True,0.8152145785812889
"(3,1)",0.6,0.02,6,11,5,True,0.878048780487805
"(3,1)",0.6,0.02,7,20,5,True,0.8063481260405136
"(3,1)",0.6,0.02,8,21,5,True,0.8623188405797102
"(3,1)",0.6,0.02,9,12,5,True,0.875
"(3,1)",0.6,0.02,10,19,5,True,0.8305352112676058
"(3,1)",0.6,0.02,11,19,5,True,0.8145812312070492
"(3,1)",0.6,0.02,12,12,5,True,0.8594162547805584
"(3,1)",0.6,0.02,13,25,5,True,0.8429488445890793
"(3,1)",0.6,0.02,14,21,5,True,0.8159356692029682
"(3,1)",0.6,0.02,15,16,5,True,0.8025183731566186
"(3,1)",0.6,0.02,16,14,5,True,0.8502781767642901
"(3,1)",0.6,0.02,17,22,5,True,0.8509803921568627
"(3,1)",0.6,0.02,18,64,5,True,0.6720688896645673
"(3,1)",0.6,0.02,19,45,5,True,0.8014705882352942
"(3,1)",0.6,0.02,20,25,5,True,0.8100198227175824
"(3,1)",0.6,0.02,21,14,5,True,0.8525305579216469
"(3,1)",0.6,0.02,22,22,5,True,0.8582375478927202
"(3,1)",0.6,0.02,23,28,5,True,0.8043478260869564
"(3,1)",0.6,0.02,24,36,5,True,0.7908680757768929
"(3,1)",0.6,0.02,25,38,5,True,0.7559658576841567
"(3,1)",0.6,0.02,26,17,5,True,0.8377358490566038
"(3,1)",0.6,0.02,27,25,5,True,0.8462691039856158
"(3,1)",0.6,0.02,28,70,0,False,0.20019622205790713
"(3,1)",0.6,0.02,29,22,5,True,0.7811335403726707
"(3,1)",0.6,0.02,30,21,5,True,0.8233275159976731
"(3,1)",0.6,0.02,31,13,5,True,0.8744059742023083
"(3,1)",0.6,0.02,32,25,5,True,0.84815278647464
"(3,1)",0.6,0.02,33,24,5,True,0.8662965500286183
"(3,1)",0.6,0.02,34,18,5,True,0.7821108939395344
"(3,1)",0.6,0.02,35,30,5,True,0.8140982925918089
"(3,1)",0.6,0.02,36,24,5,True,0.8370633187772926
"(3,1)",0.6,0.02,37,28,5,True,0.7893677614450655
"(3,1)",0.6,0.02,38,70,3,False,0.4227565458482241
"(3,1)",0.6,0.02,39,13,5,True,0.8586585827965137
"(3,1)",0.6,0.02,40,39,5,True,0.7304778016734245
"(3,1)",0.6,0.02,41,28,5,True,0.7828765637473907
"(3,1)",0.6,0.02,42,30,5,True,0.8372179849591979
"(3,1)",0.6,0.02,43,33,5,True,0.7753051992180141
"(3,1)",0.6,0.02,44,70,0,False,0.24527537212477318
"(3,1)",0.6,0.02,45,25,5,True,0.7961401419787862
"(3,1)",0.6,0.02,46,22,5,True,0.8467432950191571
"(3,1)",0.6,0.02,47,24,5,True,0.8622047244094487
"(3,1)",0.6,0.02,48,70,2,False,0.3532034666756685
"(3,1)",0.6,0.02,49,70,1,False,0.30063525902050137
"(3,1)",0.6,0.02,50,11,5,True,0.8749999999999999
"(3,1)",0.6,0.02,51,63,5,True,0.7835479993130688
"(3,1)",0.6,0.02,52,32,5,True,0.7772340038121966
"(3,1)",0.6,0.02,53,24,5,True,0.7862679248623291
"(3,1)",0.6,0.02,54,32,5,True,0.7657796575762058
"(3,1)",0.6,0.02,55,21,5,True,0.7802106524790391
"(3,1)",0.6,0.02,56,29,5,True,0.8139515625870027
"(3,1)",0.6,0.02,57,70,1,False,0.2885656877077767
"(3,1)",0.6,0.02,58,43,5,True,0.8060634112473964
"(3,1)",0.6,0.02,59,41,5,True,0.7290969899665551
"(3,1)",0.6,0.02,60,70,0,False,0.19110949804551705
"(3,1)",0.6,0.02,61,46,5,True,0.8322337417530631
"(3,1)",0.6,0.02,62,38,5,True,0.8352490421455939
"(3,1)",0.6,0.02,63,41,5,True,0.7445622123780654
"(3,1)",0.6,0.02,64,24,5,True,0.7845257312289569
"(3,1)",0.6,0.02,65,12,5,True,0.869214834694898
"(3,1)",0.6,0.02,66,20,5,True,0.8299429777000202
"(3,1)",0.6,0.02,67,15,5,True,0.8301158301158302
"(3,1)",0.6,0.02,68,57,5,True,0.8260551586127604
"(3,1)",0.6,0.02,69,35,5,True,0.776408695902537
"(3,1)",0.6,0.02,70,16,5,True,0.845868515056711
"(3,1)",0.6,0.02,71,57,5,True,0.7670002909730401
"(3,1)",0.6,0.02,72,14,5,True,0.8533161690411998
"(3,1)",0.6,0.02,73,21,5,True,0.8584274141371713
"(3,1)",0.6,0.02,74,38,5,True,0.7918844096055742
"(3,1)",0.6,0.02,75,28,5,True,0.84765625
"(3,1)",0.6,0.02,76,70,2,False,0.457307012781518
"(3,1)",0.6,0.02,77,14,5,True,0.8730158730158729
"(3,1)",0.6,0.02,78,21,5,True,0.8491878459237128
"(3,1)",0.6,0.02,79,64,5,True,0.7227923962705751
"(3,1)",0.6,0.02,80,20,5,True,0.840271626808385
"(3,1)",0.6,0.02,81,70,3,False,0.5196092493761525
"(3,1)",0.6,0.02,82,18,5,True,0.8566444152975605
"(3,1)",0.6,0.02,83,18,5,True,0.8378378378378379
"(3,1)",0.6,0.02,84,60,5,True,0.8474243619253036
"(3,1)",0.6,0.02,85,21,5,True,0.8227303540699797
"(3,1)",0.6,0.02,86,27,5,True,0.8105162172734723
"(3,1)",0.6,0.02,87,70,2,False,0.3912147106073983
"(3,1)",0.6,0.02,88,47,5,True,0.7943940163765613
"(3,1)",0.6,0.02,89,9,5,True,0.878048780487805
"(3,1)",0.6,0.02,90,19,5,True,0.8391810533648141
"(3,1)",0.6,0.02,91,23,5,True,0.7989662676822632
"(3,1)",0.6,0.02,92,21,5,True,0.8162615017290237
"(3,1)",0.6,0.02,93,35,5,True,0.8467432950191571
"(3,1)",0.6,0.02,94,33,5,True,0.8292852805657749
"(3,1)",0.6,0.02,95,24,5,True,0.8178438661710037
"(3,1)",0.6,0.02,96,65,5,True,0.7872981867329774
"(3,1)",0.6,0.02,97,15,5,True,0.8288973384030419
"(3,1)",0.6,0.02,98,28,5,True,0.8492118809885708
"(3,1)",0.6,0.02,99,30,5,True,0.7912777603438589
"(3,1)",0.6,0.02,100,11,5,True,0.8736842105263158
"(3,1)",0.7,0.02,1,16,5,True,0.8379918176569889
"(3,1)",0.7,0.02,2,70,1,False,0.29602381456486154
"(3,1)",0.7,0.02,3,29,5,True,0.8461440866753287
"(3,1)",0.7,0.02,4,49,5,True,0.7474048442906575
"(3,1)",0.7,0.02,5,33,5,True,0.7381458725980099
"(3,1)",0.7,0.02,6,70,4,False,0.7656365698445524
"(3,1)",0.7,0.02,7,66,5,True,0.7677317830547761
"(3,1)",0.7,0.02,8,18,5,True,0.8257575757575757
"(3,1)",0.7,0.02,9,23,5,True,0.8242422981962523
"(3,1)",0.7,0.02,10,32,5,True,0.84815278647464
"(3,1)",0.7,0.02,11,70,0,False,0.2256191536881658
"(3,1)",0.7,0.02,12,30,5,True,0.8525111975693773
"(3,1)",0.7,0.02,13,19,5,True,0.8666516319444764
"(3,1)",0.7,0.02,14,11,5,True,0.8739837398373983
"(3,1)",0.7,0.02,15,52,5,True,0.8695652173913043
"(3,1)",0.7,0.02,16,28,5,True,0.822316438620158
"(3,1)",0.7,0.02,17,15,5,True,0.8202247191011235
"(3,1)",0.7,0.02,18,16,5,True,0.8225806451612903
"(3,1)",0.7,0.02,19,70,1,False,0.2775279141245527
"(3,1)",0.7,0.02,20,24,5,True,0.8118081180811808
"(3,1)",0.7,0.02,21,27,5,True,0.816452451277802
"(3,1)",0.7,0.02,22,70,3,False,0.47519194986278873
"(3,1)",0.7,0.02,23,29,5,True,0.8174203273040482
"(3,1)",0.7,0.02,24,30,5,True,0.8616228929831439
"(3,1)",0.7,0.02,25,70,1,False,0.3260854403608991
"(3,1)",0.7,0.02,26,16,5,True,0.840705996522583
"(3,1)",0.7,0.02,27,16,5,True,0.8735177865612648
"(3,1)",0.7,0.02,28,34,5,True,0.7721160495950161
"(3,1)",0.7,0.02,29,49,5,True,0.7423640462870535
"(3,1)",0.7,0.02,30,16,5,True,0.8634587703063952
"(3,1)",0.7,0.02,31,16,5,True,0.8138726997238167
"(3,1)",0.7,0.02,32,26,5,True,0.7798051889756711
"(3,1)",0.7,0.02,33,19,5,True,0.8179042471907482
"(3,1)",0.7,0.02,34,70,3,False,0.6330645161290324
"(3,1)",0.7,0.02,35,15,5,True,0.85451197053407
"(3,1)",0.7,0.02,36,23,5,True,0.8573396988045334
"(3,1)",0.7,0.02,37,42,5,True,0.7690270212651846
"(3,1)",0.7,0.02,38,21,5,True,0.8492632677020056
"(3,1)",0.7,0.02,39,70,3,False,0.598383204770153
"(3,1)",0.7,0.02,40,31,5,True,0.7867940199335549
"(3,1)",0.7,0.02,41,19,5,True,0.8265580877183518
"(3,1)",0.7,0.02,42,23,5,True,0.8406512429415772
"(3,1)",0.7,0.02,43,9,5,True,0.878048780487805
"(3,1)",0.7,0.02,44,70,0,False,0.2459259674264982
"(3,1)",0.7,0.02,45,39,5,True,0.7768432362151877
"(3,1)",0.7,0.02,46,19,5,True,0.8695652173913043
"(3,1)",0.7,0.02,47,26,5,True,0.8522727272727272
"(3,1)",0.7,0.02,48,41,5,True,0.8310845778500666
"(3,1)",0.7,0.02,49,14,5,True,0.8430386656210133
"(3,1)",0.7,0.02,50,31,5,True,0.8161667427121455
"(3,1)",0.7,0.02,51,36,5,True,0.7882883973066734
"(3,1)",0.7,0.02,52,24,5,True,0.8004343527468302
"(3,1)",0.7,0.02,53,37,5,True,0.7985611510791366
"(3,1)",0.7,0.02,54,68,5,True,0.7619718609164411
"(3,1)",0.7,0.02,55,16,5,True,0.8462331857836606
"(3,1)",0.7,0.02,56,70,0,False,0.24644771747286276
"(3,1)",0.7,0.02,57,21,5,True,0.8452840008220094
"(3,1)",0.7,0.02,58,21,5,True,0.8598218299962496
"(3,1)",0.7,0.02,59,70,0,False,0.2249923314815717
"(3,1)",0.7,0.02,60,8,5,True,0.8750000000000001
"(3,1)",0.7,0.02,61,70,1,False,0.3588937264507696
"(3,1)",0.7,0.02,62,13,5,True,0.8632206353780243
"(3,1)",0.7,0.02,63,23,5,True,0.8091503267973856
"(3,1)",0.7,0.02,64,31,5,True,0.8143939393939393
"(3,1)",0.7,0.02,65,46,5,True,0.7131983561698279
"(3,1)",0.7,0.02,66,15,5,True,0.8553175702701336
"(3,1)",0.7,0.02,67,32,5,True,0.7846652629814693
"(3,1)",0.7,0.02,68,14,5,True,0.8651090173623565
"(3,1)",0.7,0.02,69,26,5,True,0.8089887640449438
"(3,1)",0.7,0.02,70,38,5,True,0.7866964068786204
"(3,1)",0.7,0.02,71,16,5,True,0.8709677419354838
"(3,1)",0.7,0.02,72,23,5,True,0.8700787401574802
"(3,1)",0.7,0.02,73,17,5,True,0.8656126482213439
"(3,1)",0.7,0.02,74,40,5,True,0.8143398298750805
"(3,1)",0.7,0.02,75,17,5,True,0.7922292763223902
"(3,1)",0.7,0.02,76,70,1,False,0.3225357840016037
"(3,1)",0.7,0.02,77,13,5,True,0.8455971890578037
"(3,1)",0.7,0.02,78,11,5,True,0.878048780487805
"(3,1)",0.7,0.02,79,25,5,True,0.8066302277137821
"(3,1)",0.7,0.02,80,19,5,True,0.7955545341125484
"(3,1)",0.7,0.02,81,23,5,True,0.7794908283073709
"(3,1)",0.7,0.02,82,21,5,True,0.8495809163589001
"(3,1)",0.7,0.02,83,22,5,True,0.8629522245585152
"(3,1)",0.7,0.02,84,16,5,True,0.8425179218656573
"(3,1)",0.7,0.02,85,70,2,False,0.3622604359938388
"(3,1)",0.7,0.02,86,24,5,True,0.8478629547480101
"(3,1)",0.7,0.02,87,18,5,True,0.8282222111629647
"(3,1)",0.7,0.02,88,67,5,True,0.8374077945509176
"(3,1)",0.7,0.02,89,25,5,True,0.816146849296386
"(3,1)",0.7,0.02,90,31,5,True,0.8016118585143162
"(3,1)",0.7,0.02,91,70,1,False,0.3150763364024925
"(3,1)",0.7,0.02,92,32,5,True,0.8084474885844748
"(3,1)",0.7,0.02,93,14,5,True,0.8703396285872679
"(3,1)",0.7,0.02,94,70,1,False,0.2988226597717026
"(3,1)",0.7,0.02,95,13,5,True,0.823789398082926
"(3,1)",0.7,0.02,96,70,1,False,0.28987230275969317
"(3,1)",0.7,0.02,97,19,5,True,0.8708122992198255
"(3,1)",0.7,0.02,98,31,5,True,0.8081180811808119
"(3,1)",0.7,0.02,99,45,5,True,0.8004869550212166
"(3,1)",0.7,0.02,100,20,5,True,0.8277153558052434
"(3,1)",0.8,0.02,1,27,5,True,0.8507004723646493
"(3,1)",0.8,0.02,2,70,1,False,0.29627533169920145
"(3,1)",0.8,0.02,3,70,1,False,0.31493641810941886
"(3,1)",0.8,0.02,4,20,5,True,0.8470436830969049
"(3,1)",0.8,0.02,5,30,5,True,0.860036832412523
"(3,1)",0.8,0.02,6,32,5,True,0.7741913279253562
"(3,1)",0.8,0.02,7,55,5,True,0.7432120910670064
"(3,1)",0.8,0.02,8,24,5,True,0.7911799343347069
"(3,1)",0.8,0.02,9,20,5,True,0.8461517211715129
"(3,1)",0.8,0.02,10,42,5,True,0.7746722695226765
"(3,1)",0.8,0.02,11,19,5,True,0.8439656915296215
"(3,1)",0.8,0.02,12,30,5,True,0.7763793009603387
"(3,1)",0.8,0.02,13,21,5,True,0.8503937007874016
"(3,1)",0.8,0.02,14,64,5,True,0.7374220440009613
"(3,1)",0.8,0.02,15,24,5,True,0.7848688434053204
"(3,1)",0.8,0.02,16,26,5,True,0.8669354838709676
"(3,1)",0.8,0.02,17,70,2,False,0.4509379575596211
"(3,1)",0.8,0.02,18,53,5,True,0.8111111111111111
"(3,1)",0.8,0.02,19,17,5,True,0.8116493900289119
"(3,1)",0.8,0.02,20,27,5,True,0.7917627813677915
"(3,1)",0.8,0.02,21,21,5,True,0.7746725552342045
"(3,1)",0.8,0.02,22,70,2,False,0.3526350181215425
"(3,1)",0.8,0.02,23,18,5,True,0.8333695342909402
"(3,1)",0.8,0.02,24,70,1,False,0.3155120580887397
"(3,1)",0.8,0.02,25,33,5,True,0.7304653205924996
"(3,1)",0.8,0.02,26,23,5,True,0.8293702966050733
"(3,1)",0.8,0.02,27,70,2,False,0.3761959615632923
"(3,1)",0.8,0.02,28,15,5,True,0.8337520768206068
"(3,1)",0.8,0.02,29,70,0,False,0.22793703180300148
"(3,1)",0.8,0.02,30,27,5,True,0.8185185185185184
"(3,1)",0.8,0.02,31,25,5,True,0.7909319872302795
"(3,1)",0.8,0.02,32,52,5,True,0.7482871348829059
"(3,1)",0.8,0.02,33,46,5,True,0.7654304931071647
"(3,1)",0.8,0.02,34,70,1,False,0.31038661960580954
"(3,1)",0.8,0.02,35,15,5,True,0.8596594245449207
"(3,1)",0.8,0.02,36,28,5,True,0.805151588175492
"(3,1)",0.8,0.02,37,34,5,True,0.8469439605417629
"(3,1)",0.8,0.02,38,39,5,True,0.8476244025864492
"(3,1)",0.8,0.02,39,25,5,True,0.8049292286921109
"(3,1)",0.8,0.02,40,27,5,True,0.8365019011406845
"(3,1)",0.8,0.02,41,70,0,False,0.23610502164066738
"(3,1)",0.8,0.02,42,40,5,True,0.7437430675372319
"(3,1)",0.8,0.02,43,30,5,True,0.8362792091072498
"(3,1)",0.8,0.02,44,70,1,False,0.27842760778364234
"(3,1)",0.8,0.02,45,25,5,True,0.8567765137849609
"(3,1)",0.8,0.02,46,10,5,True,0.8737628503926953
"(3,1)",0.8,0.02,47,20,5,True,0.868
"(3,1)",0.8,0.02,48,28,5,True,0.8286520636230398
"(3,1)",0.8,0.02,49,56,5,True,0.7838164251207729
"(3,1)",0.8,0.02,50,16,5,True,0.7987374616333893
"(3,1)",0.8,0.02,51,26,5,True,0.8117042856333798
"(3,1)",0.8,0.02,52,43,5,True,0.7323721306969748
"(3,1)",0.8,0.02,53,14,5,True,0.8621225194132872
"(3,1)",0.8,0.02,54,15,5,True,0.85546875
"(3,1)",0.8,0.02,55,25,5,True,0.7708037256333379
"(3,1)",0.8,0.02,56,36,5,True,0.8059428106237917
"(3,1)",0.8,0.02,57,70,2,False,0.35930236026232315
"(3,1)",0.8,0.02,58,31,5,True,0.7478184150960712
"(3,1)",0.8,0.02,59,13,5,True,0.8590078328981724
"(3,1)",0.8,0.02,60,41,5,True,0.7496350478101192
"(3,1)",0.8,0.02,61,30,5,True,0.8111111111111111
"(3,1)",0.8,0.02,62,28,5,True,0.7874194279791404
"(3,1)",0.8,0.02,63,15,5,True,0.8522006294741192
"(3,1)",0.8,0.02,64,11,5,True,0.862339246389556
"(3,1)",0.8,0.02,65,25,5,True,0.7988944459068176
"(3,1)",0.8,0.02,66,18,5,True,0.8334639806622189
"(3,1)",0.8,0.02,67,20,5,True,0.8200260930614541
"(3,1)",0.8,0.02,68,33,5,True,0.8074328411598211
"(3,1)",0.8,0.02,69,49,5,True,0.773732774949172
"(3,1)",0.8,0.02,70,27,5,True,0.8127821904428433
"(3,1)",0.8,0.02,71,11,5,True,0.8719999999999999
"(3,1)",0.8,0.02,72,15,5,True,0.8254854704081312
"(3,1)",0.8,0.02,73,70,2,False,0.3575659501294576
"(3,1)",0.8,0.02,74,18,5,True,0.832699619771863
"(3,1)",0.8,0.02,75,37,5,True,0.7633326226662199
"(3,1)",0.8,0.02,76,36,5,True,0.8538447814451383
"(3,1)",0.8,0.02,77,23,5,True,0.8277727955917061
"(3,1)",0.8,0.02,78,22,5,True,0.868
"(3,1)",0.8,0.02,79,70,2,False,0.3536301744684144
"(3,1)",0.8,0.02,80,18,5,True,0.8143939393939393
"(3,1)",0.8,0.02,81,36,5,True,0.8533333333333333
"(3,1)",0.8,0.02,82,31,5,True,0.85546875
"(3,1)",0.8,0.02,83,26,5,True,0.7727813603562106
"(3,1)",0.8,0.02,84,70,2,False,0.3552024977210568
"(3,1)",0.8,0.02,85,11,5,True,0.8743006784906558
"(3,1)",0.8,0.02,86,33,5,True,0.7405545447856829
"(3,1)",0.8,0.02,87,25,5,True,0.8477694970717907
"(3,1)",0.8,0.02,88,23,5,True,0.8072405394088503
"(3,1)",0.8,0.02,89,17,5,True,0.837121212121212
"(3,1)",0.8,0.02,90,39,5,True,0.7598799060840368
"(3,1)",0.8,0.02,91,14,5,True,0.8695652173913043
"(3,1)",0.8,0.02,92,43,5,True,0.8049292286921108
"(3,1)",0.8,0.02,93,70,2,False,0.33420171624234035
"(3,1)",0.8,0.02,94,23,5,True,0.8496240601503758
"(3,1)",0.8,0.02,95,27,5,True,0.7978022532517162
"(3,1)",0.8,0.02,96,15,5,True,0.8565773517615655
"(3,1)",0.8,0.02,97,70,0,False,0.23695535691217984
"(3,1)",0.8,0.02,98,70,1,False,0.26441915780510356
"(3,1)",0.8,0.02,99,22,5,True,0.8076434472848791
"(3,1)",0.8,0.02,100,28,5,True,0.8052434456928839
"(3,1)",0.9,0.02,1,70,1,False,0.294521614105602
"(3,1)",0.9,0.02,2,59,5,True,0.7101752225357978
"(3,1)",0.9,0.02,3,60,5,True,0.5904262214787518
"(3,1)",0.9,0.02,4,70,1,False,0.2995457008522246
"(3,1)",0.9,0.02,5,37,5,True,0.8097066081710995
"(3,1)",0.9,0.02,6,23,5,True,0.8790322580645162
"(3,1)",0.9,0.02,7,21,5,True,0.8549019607843137
"(3,1)",0.9,0.02,8,70,2,False,0.4205698157640586
"(3,1)",0.9,0.02,9,17,5,True,0.8559339232080527
"(3,1)",0.9,0.02,10,44,5,True,0.7976496646889772
"(3,1)",0.9,0.02,11,70,1,False,0.3510015579632967
"(3,1)",0.9,0.02,12,16,5,True,0.8743006784906558
"(3,1)",0.9,0.02,13,11,5,True,0.8603237980968834
"(3,1)",0.9,0.02,14,29,5,True,0.8007644369960352
"(3,1)",0.9,0.02,15,70,1,False,0.3049874627578052
"(3,1)",0.9,0.02,16,21,5,True,0.7970323985842634
"(3,1)",0.9,0.02,17,34,5,True,0.7622180586660029
"(3,1)",0.9,0.02,18,70,3,False,0.7061264191836685
"(3,1)",0.9,0.02,19,70,1,False,0.28097045784768304
"(3,1)",0.9,0.02,20,49,5,True,0.8571428571428572
"(3,1)",0.9,0.02,21,70,0,False,0.24109609755386183
"(3,1)",0.9,0.02,22,29,5,True,0.7820025905802442
"(3,1)",0.9,0.02,23,70,1,False,0.31479050554030014
"(3,1)",0.9,0.02,24,25,5,True,0.825192917708558
"(3,1)",0.9,0.02,25,29,5,True,0.8267535231241706
"(3,1)",0.9,0.02,26,70,2,False,0.4491796054198137
"(3,1)",0.9,0.02,27,70,3,False,0.4000662420948137
"(3,1)",0.9,0.02,28,42,5,True,0.7440293966532078
"(3,1)",0.9,0.02,29,50,5,True,0.669694217378141
"(3,1)",0.9,0.02,30,70,1,False,0.2728036282515342
"(3,1)",0.9,0.02,31,28,5,True,0.8685258964143425
"(3,1)",0.9,0.02,32,23,5,True,0.8566037735849056
"(3,1)",0.9,0.02,33,22,5,True,0.8254854704081312
"(3,1)",0.9,0.02,34,19,5,True,0.8503937007874016
"(3,1)",0.9,0.02,35,22,5,True,0.865079365079365
"(3,1)",0.9,0.02,36,30,5,True,0.8418950448847234
"(3,1)",0.9,0.02,37,23,5,True,0.8372073329465192
"(3,1)",0.9,0.02,38,19,5,True,0.8447054036806346
"(3,1)",0.9,0.02,39,70,3,False,0.4252704736654331
"(3,1)",0.9,0.02,40,28,5,True,0.864
"(3,1)",0.9,0.02,41,19,5,True,0.8510086617117235
"(3,1)",0.9,0.02,42,70,2,False,0.3879438286067945
"(3,1)",0.9,0.02,43,70,4,False,0.6676136073950046
"(3,1)",0.9,0.02,44,30,5,True,0.8213289288216403
"(3,1)",0.9,0.02,45,67,5,True,0.6895019752727465
"(3,1)",0.9,0.02,46,22,5,True,0.8693854886475814
"(3,1)",0.9,0.02,47,70,4,False,0.7777777777777778
"(3,1)",0.9,0.02,48,25,5,True,0.8529203572522092
"(3,1)",0.9,0.02,49,33,5,True,0.7730753790993707
"(3,1)",0.9,0.02,50,21,5,True,0.8726692423987905
"(3,1)",0.9,0.02,51,34,5,True,0.7834952494688965
"(3,1)",0.9,0.02,52,70,1,False,0.30238263600370735
"(3,1)",0.9,0.02,53,26,5,True,0.7805113440826839
"(3,1)",0.9,0.02,54,70,0,False,0.2486103892955973
"(3,1)",0.9,0.02,55,66,5,True,0.7996219652649169
"(3,1)",0.9,0.02,56,47,5,True,0.7208525247430997
"(3,1)",0.9,0.02,57,40,5,True,0.7507634014694311
"(3,1)",0.9,0.02,58,31,5,True,0.8292000270586976
"(3,1)",0.9,0.02,59,37,5,True,0.7520290296982447
"(3,1)",0.9,0.02,60,35,5,True,0.8371668577037106
"(3,1)",0.9,0.02,61,28,5,True,0.8021126606112081
"(3,1)",0.9,0.02,62,70,0,False,0.23568522185646715
"(3,1)",0.9,0.02,63,19,5,True,0.8010144855104955
"(3,1)",0.9,0.02,64,10,5,True,0.8785425101214573
"(3,1)",0.9,0.02,65,41,5,True,0.8240474822898718
"(3,1)",0.9,0.02,66,20,5,True,0.854430558661365
"(3,1)",0.9,0.02,67,70,4,False,0.4752189543422526
"(3,1)",0.9,0.02,68,70,1,False,0.3267041447271822
"(3,1)",0.9,0.02,69,17,5,True,0.8750000000000001
"(3,1)",0.9,0.02,70,22,5,True,0.8638132295719845
"(3,1)",0.9,0.02,71,14,5,True,0.8423687845303868
"(3,1)",0.9,0.02,72,40,5,True,0.8418989711736801
"(3,1)",0.9,0.02,73,60,5,True,0.7836730028176108
"(3,1)",0.9,0.02,74,70,1,False,0.2866713300516646
"(3,1)",0.9,0.02,75,70,3,False,0.5555084835151457
"(3,1)",0.9,0.02,76,29,5,True,0.8592001827576882
"(3,1)",0.9,0.02,77,22,5,True,0.8570435076853399
"(3,1)",0.9,0.02,78,44,5,True,0.7443080474241948
"(3,1)",0.9,0.02,79,17,5,True,0.8589511799884445
"(3,1)",0.9,0.02,80,20,5,True,0.8567765137849609
"(3,1)",0.9,0.02,81,18,5,True,0.8301158301158302
"(3,1)",0.9,0.02,82,70,0,False,0.23509548000537167
"(3,1)",0.9,0.02,83,18,5,True,0.8779527559055118
"(3,1)",0.9,0.02,84,70,3,False,0.6898232807258012
"(3,1)",0.9,0.02,85,70,0,False,0.22625998365107716
"(3,1)",0.9,0.02,86,17,5,True,0.8154111333098288
"(3,1)",0.9,0.02,87,64,5,True,0.7963636363636364
"(3,1)",0.9,0.02,88,35,5,True,0.7948349196733433
"(3,1)",0.9,0.02,89,25,5,True,0.8709677419354838
"(3,1)",0.9,0.02,90,70,2,False,0.34913169993147736
"(3,1)",0.9,0.02,91,70,2,False,0.3817231105609161
"(3,1)",0.9,0.02,92,26,5,True,0.8656126482213439
"(3,1)",0.9,0.02,93,22,5,True,0.8513011152416357
"(3,1)",0.9,0.02,94,31,5,True,0.8188679245283018
"(3,1)",0.9,0.02,95,12,5,True,0.8634726470737392
"(3,1)",0.9,0.02,96,21,5,True,0.874911158493248
"(3,1)",0.9,0.02,97,70,1,False,0.3082950152389999
"(3,1)",0.9,0.02,98,51,5,True,0.8414700138537371
"(3,1)",0.9,0.02,99,23,5,True,0.8488372093023256
"(3,1)",0.9,0.02,100,40,5,True,0.725752508361204
"(4,1)",0.1,0.02,1,13,5,True,0.8798586572438163
"(4,1)",0.1,0.02,2,19,5,True,0.837706511175899
"(4,1)",0.1,0.02,3,20,5,True,0.8719723183391004
"(4,1)",0.1,0.02,4,17,5,True,0.8853046594982079
"(4,1)",0.1,0.02,5,9,5,True,0.8869257950530035
"(4,1)",0.1,0.02,6,16,5,True,0.8817204301075269
"(4,1)",0.1,0.02,7,13,5,True,0.8876439312391949
"(4,1)",0.1,0.02,8,17,5,True,0.8924731182795699
"(4,1)",0.1,0.02,9,9,5,True,0.8916967509025271
"(4,1)",0.1,0.02,10,23,5,True,0.8571428571428571
"(4,1)",0.1,0.02,11,15,5,True,0.8723969063080886
"(4,1)",0.1,0.02,12,10,5,True,0.88339222614841
"(4,1)",0.1,0.02,13,16,5,True,0.8735258708743795
"(4,1)",0.1,0.02,14,15,5,True,0.888888888888889
"(4,1)",0.1,0.02,15,17,5,True,0.8715207550804199
"(4,1)",0.1,0.02,16,10,5,True,0.8916967509025271
"(4,1)",0.1,0.02,17,26,5,True,0.8688867236629997
"(4,1)",0.1,0.02,18,10,5,True,0.8881492425841437
"(4,1)",0.1,0.02,19,14,5,True,0.8928571428571429
"(4,1)",0.1,0.02,20,10,5,True,0.8881492425841437
"(4,1)",0.1,0.02,21,12,5,True,0.8861209964412812
"(4,1)",0.1,0.02,22,14,5,True,0.8913043478260869
"(4,1)",0.1,0.02,23,70,3,False,0.11666666666666661
"(4,1)",0.1,0.02,24,18,5,True,0.8892857142857143
"(4,1)",0.1,0.02,25,15,5,True,0.877249670288266
"(4,1)",0.1,0.02,26,16,5,True,0.8824002647780299
"(4,1)",0.1,0.02,27,25,5,True,0.8287056050458718
"(4,1)",0.1,0.02,28,16,5,True,0.8916967509025271
"(4,1)",0.1,0.02,29,12,5,True,0.8802816901408451
"(4,1)",0.1,0.02,30,21,5,True,0.8708047339226046
"(4,1)",0.1,0.02,31,11,5,True,0.8924731182795699
"(4,1)",0.1,0.02,32,12,5,True,0.8916967509025271
"(4,1)",0.1,0.02,33,70,3,False,0.10294117647058822
"(4,1)",0.1,0.02,34,19,5,True,0.8932384341637011
"(4,1)",0.1,0.02,35,13,5,True,0.8865248226950355
"(4,1)",0.1,0.02,36,13,5,True,0.8913043478260869
"(4,1)",0.1,0.02,37,14,5,True,0.8794326241134752
"(4,1)",0.1,0.02,38,14,5,True,0.8877943666307526
"(4,1)",0.1,0.02,39,70,3,False,0.10769230769230767
"(4,1)",0.1,0.02,40,18,5,True,0.867595818815331
"(4,1)",0.1,0.02,41,13,5,True,0.8924731182795699
"(4,1)",0.1,0.02,42,12,5,True,0.8924731182795699
"(4,1)",0.1,0.02,43,8,5,True,0.8888461538461538
"(4,1)",0.1,0.02,44,13,5,True,0.8924731182795699
"(4,1)",0.1,0.02,45,12,5,True,0.8924731182795699
"(4,1)",0.1,0.02,46,10,5,True,0.8916967509025271
"(4,1)",0.1,0.02,47,18,5,True,0.8381212905572245
"(4,1)",0.1,0.02,48,18,5,True,0.8601626016260163
"(4,1)",0.1,0.02,49,11,5,True,0.8924731182795699
"(4,1)",0.1,0.02,50,19,5,True,0.8567707904063298
"(4,1)",0.1,0.02,51,13,5,True,0.8913043478260869
"(4,1)",0.1,0.02,52,10,5,True,0.8909090909090909
"(4,1)",0.1,0.02,53,16,5,True,0.8794326241134752
"(4,1)",0.1,0.02,54,13,5,True,0.8913043478260869
"(4,1)",0.1,0.02,55,22,5,True,0.8684478952576692
"(4,1)",0.1,0.02,56,12,5,True,0.8876811594202899
"(4,1)",0.1,0.02,57,17,5,True,0.8722774981351508
"(4,1)",0.1,0.02,58,21,5,True,0.8461538461538461
"(4,1)",0.1,0.02,59,13,5,True,0.8827203677793324
"(4,1)",0.1,0.02,60,18,5,True,0.876408380152445
"(4,1)",0.1,0.02,61,13,5,True,0.8920863309352518
"(4,1)",0.1,0.02,62,13,5,True,0.8908450704225352
"(4,1)",0.1,0.02,63,15,5,True,0.8804493263216854
"(4,1)",0.1,0.02,64,17,5,True,0.8712496479893194
"(4,1)",0.1,0.02,65,70,1,False,0.17241003056184462
"(4,1)",0.1,0.02,66,14,5,True,0.8829787234042553
"(4,1)",0.1,0.02,67,21,5,True,0.8586206896551724
"(4,1)",0.1,0.02,68,15,5,True,0.8904593639575972
"(4,1)",0.1,0.02,69,13,5,True,0.8909090909090909
"(4,1)",0.1,0.02,70,13,5,True,0.8867132867132866
"(4,1)",0.1,0.02,71,18,5,True,0.8844765342960289
"(4,1)",0.1,0.02,72,23,5,True,0.8798586572438163
"(4,1)",0.1,0.02,73,23,5,True,0.8660638228163292
"(4,1)",0.1,0.02,74,13,5,True,0.8771250863856255
"(4,1)",0.1,0.02,75,10,5,True,0.8916967509025271
"(4,1)",0.1,0.02,76,16,5,True,0.888276648299449
"(4,1)",0.1,0.02,77,24,5,True,0.8881118881118881
"(4,1)",0.1,0.02,78,9,5,True,0.8913043478260869
"(4,1)",0.1,0.02,79,13,5,True,0.8791362570732207
"(4,1)",0.1,0.02,80,16,5,True,0.8857142857142858
"(4,1)",0.1,0.02,81,13,5,True,0.8913043478260869
"(4,1)",0.1,0.02,82,15,5,True,0.8742392184836358
"(4,1)",0.1,0.02,83,12,5,True,0.8876439312391949
"(4,1)",0.1,0.02,84,14,5,True,0.8865248226950355
"(4,1)",0.1,0.02,85,11,5,True,0.8913043478260869
"(4,1)",0.1,0.02,86,12,5,True,0.8799657963250993
"(4,1)",0.1,0.02,87,13,5,True,0.8924731182795699
"(4,1)",0.1,0.02,88,12,5,True,0.8858676839391049
"(4,1)",0.1,0.02,89,10,5,True,0.8873239436619719
"(4,1)",0.1,0.02,90,14,5,True,0.8920863309352518
"(4,1)",0.1,0.02,91,18,5,True,0.8821428571428571
"(4,1)",0.1,0.02,92,21,5,True,0.8936170212765957
"(4,1)",0.1,0.02,93,17,5,True,0.8886500290942005
"(4,1)",0.1,0.02,94,10,5,True,0.8909090909090909
"(4,1)",0.1,0.02,95,22,5,True,0.8330868513739113
"(4,1)",0.1,0.02,96,70,3,False,0.10144927536231886
"(4,1)",0.1,0.02,97,20,5,True,0.8453197257215755
"(4,1)",0.1,0.02,98,17,5,True,0.8812755109741359
"(4,1)",0.1,0.02,99,10,5,True,0.8916967509025271
"(4,1)",0.1,0.02,100,22,5,True,0.8706293706293705
"(4,1)",0.2,0.02,1,13,5,True,0.876408380152445
"(4,1)",0.2,0.02,2,10,5,True,0.8916967509025271
"(4,1)",0.2,0.02,3,14,5,True,0.8913043478260869
"(4,1)",0.2,0.02,4,17,5,True,0.8282135785682458
"(4,1)",0.2,0.02,5,33,5,True,0.8613937067693025
"(4,1)",0.2,0.02,6,20,5,True,0.8318196260390034
"(4,1)",0.2,0.02,7,13,5,True,0.880676865993431
"(4,1)",0.2,0.02,8,16,5,True,0.86590174996324
"(4,1)",0.2,0.02,9,12,5,True,0.865967273201727
"(4,1)",0.2,0.02,10,17,5,True,0.8284197509531402
"(4,1)",0.2,0.02,11,70,1,False,0.3413914873434401
"(4,1)",0.2,0.02,12,16,5,True,0.8758865248226951
"(4,1)",0.2,0.02,13,21,5,True,0.8372881355932204
"(4,1)",0.2,0.02,14,16,5,True,0.8660638228163292
"(4,1)",0.2,0.02,15,12,5,True,0.8916967509025271
"(4,1)",0.2,0.02,16,40,5,True,0.8560899665441054
"(4,1)",0.2,0.02,17,10,5,True,0.884090616552967
"(4,1)",0.2,0.02,18,22,5,True,0.8794326241134752
"(4,1)",0.2,0.02,19,16,5,True,0.8498410658731232
"(4,1)",0.2,0.02,20,20,5,True,0.854496610751882
"(4,1)",0.2,0.02,21,13,5,True,0.8791738323321098
"(4,1)",0.2,0.02,22,15,5,True,0.8679970731810603
"(4,1)",0.2,0.02,23,12,5,True,0.8829135466303608
"(4,1)",0.2,0.02,24,21,5,True,0.8776223776223775
"(4,1)",0.2,0.02,25,27,5,True,0.8110749185667753
"(4,1)",0.2,0.02,26,19,5,True,0.8644226280122506
"(4,1)",0.2,0.02,27,15,5,True,0.8780463020983285
"(4,1)",0.2,0.02,28,15,5,True,0.8853046594982079
"(4,1)",0.2,0.02,29,14,5,True,0.8909090909090909
"(4,1)",0.2,0.02,30,20,5,True,0.8320004739055744
"(4,1)",0.2,0.02,31,33,5,True,0.7932159238617822
"(4,1)",0.2,0.02,32,11,5,True,0.888276648299449
"(4,1)",0.2,0.02,33,70,2,False,0.4307393675300038
"(4,1)",0.2,0.02,34,17,5,True,0.8765370940619304
"(4,1)",0.2,0.02,35,11,5,True,0.8848431810723383
"(4,1)",0.2,0.02,36,11,5,True,0.8876811594202899
"(4,1)",0.2,0.02,37,19,5,True,0.8645833333333333
"(4,1)",0.2,0.02,38,14,5,True,0.8579112240676163
"(4,1)",0.2,0.02,39,10,5,True,0.8861209964412812
"(4,1)",0.2,0.02,40,15,5,True,0.8733140813614411
"(4,1)",0.2,0.02,41,10,5,True,0.8860600010610905
"(4,1)",0.2,0.02,42,23,5,True,0.8888461538461538
"(4,1)",0.2,0.02,43,16,5,True,0.8909090909090909
"(4,1)",0.2,0.02,44,13,5,True,0.8916967509025271
"(4,1)",0.2,0.02,45,12,5,True,0.8613919052410061
"(4,1)",0.2,0.02,46,15,5,True,0.8695639047805939
"(4,1)",0.2,0.02,47,21,5,True,0.8567495764669645
"(4,1)",0.2,0.02,48,18,5,True,0.8424045491470349
"(4,1)",0.2,0.02,49,13,5,True,0.8916967509025271
"(4,1)",0.2,0.02,50,24,5,True,0.873716861172519
"(4,1)",0.2,0.02,51,12,5,True,0.878136200716846
"(4,1)",0.2,0.02,52,20,5,True,0.8771053714940306
"(4,1)",0.2,0.02,53,19,5,True,0.8805173897623237
"(4,1)",0.2,0.02,54,11,5,True,0.8916967509025271
"(4,1)",0.2,0.02,55,14,5,True,0.8550237510821334
"(4,1)",0.2,0.02,56,28,5,True,0.8270982177394227
"(4,1)",0.2,0.02,57,14,5,True,0.8572481250329457
"(4,1)",0.2,0.02,58,13,5,True,0.8794326241134752
"(4,1)",0.2,0.02,59,13,5,True,0.8850372330696231
"(4,1)",0.2,0.02,60,15,5,True,0.8696635229311965
"(4,1)",0.2,0.02,61,70,1,False,0.2908977376501976
"(4,1)",0.2,0.02,62,22,5,True,0.8758865248226951
"(4,1)",0.2,0.02,63,10,5,True,0.8916967509025271
"(4,1)",0.2,0.02,64,41,5,True,0.7576493399992424
"(4,1)",0.2,0.02,65,14,5,True,0.8880866425992779
"(4,1)",0.2,0.02,66,70,1,False,0.2912750030627259
"(4,1)",0.2,0.02,67,21,5,True,0.8655172413793103
"(4,1)",0.2,0.02,68,19,5,True,0.8696831596019347
"(4,1)",0.2,0.02,69,21,5,True,0.8784722222222221
"(4,1)",0.2,0.02,70,25,5,True,0.8424288289336153
"(4,1)",0.2,0.02,71,25,5,True,0.8190540621588879
"(4,1)",0.2,0.02,72,11,5,True,0.8716137557813927
"(4,1)",0.2,0.02,73,13,5,True,0.8735218381540719
"(4,1)",0.2,0.02,74,18,5,True,0.8871340334551174
"(4,1)",0.2,0.02,75,22,5,True,0.8400794245972043
"(4,1)",0.2,0.02,76,11,5,True,0.888888888888889
"(4,1)",0.2,0.02,77,11,5,True,0.8892857142857143
"(4,1)",0.2,0.02,78,24,5,True,0.8486238532110092
"(4,1)",0.2,0.02,79,19,5,True,0.8719807018804615
"(4,1)",0.2,0.02,80,17,5,True,0.8881492425841437
"(4,1)",0.2,0.02,81,70,1,False,0.1737612665551844
"(4,1)",0.2,0.02,82,17,5,True,0.8544496741507346
"(4,1)",0.2,0.02,83,10,5,True,0.878136200716846
"(4,1)",0.2,0.02,84,19,5,True,0.8875614898102601
"(4,1)",0.2,0.02,85,19,5,True,0.8566433566433566
"(4,1)",0.2,0.02,86,55,5,True,0.8825622775800712
"(4,1)",0.2,0.02,87,17,5,True,0.8469122555086092
"(4,1)",0.2,0.02,88,9,5,True,0.8884892086330936
"(4,1)",0.2,0.02,89,21,5,True,0.8536589211791541
"(4,1)",0.2,0.02,90,17,5,True,0.8852718610809754
"(4,1)",0.2,0.02,91,10,5,True,0.8880866425992779
"(4,1)",0.2,0.02,92,12,5,True,0.875
"(4,1)",0.2,0.02,93,26,5,True,0.8838028169014085
"(4,1)",0.2,0.02,94,17,5,True,0.8704029383731058
"(4,1)",0.2,0.02,95,24,5,True,0.856655290102389
"(4,1)",0.2,0.02,96,23,5,True,0.8427749852325503
"(4,1)",0.2,0.02,97,16,5,True,0.867193626837802
"(4,1)",0.2,0.02,98,25,5,True,0.8638649213465855
"(4,1)",0.2,0.02,99,14,5,True,0.8607352629054251
"(4,1)",0.2,0.02,100,11,5,True,0.8916967509025271
"(4,1)",0.3,0.02,1,25,5,True,0.836388193478047
"(4,1)",0.3,0.02,2,19,5,True,0.8739954991145363
"(4,1)",0.3,0.02,3,21,5,True,0.812188330628066
"(4,1)",0.3,0.02,4,26,5,True,0.8551724137931034
"(4,1)",0.3,0.02,5,23,5,True,0.8747605288618189
"(4,1)",0.3,0.02,6,12,5,True,0.8486095172455994
"(4,1)",0.3,0.02,7,15,5,True,0.8841223340947155
"(4,1)",0.3,0.02,8,11,5,True,0.8848920863309353
"(4,1)",0.3,0.02,9,11,5,True,0.8913043478260869
"(4,1)",0.3,0.02,10,31,5,True,0.841548572602177
"(4,1)",0.3,0.02,11,15,5,True,0.883485876952785
"(4,1)",0.3,0.02,12,35,5,True,0.8117834829696176
"(4,1)",0.3,0.02,13,20,5,True,0.8718861209964414
"(4,1)",0.3,0.02,14,24,5,True,0.8731193470085779
"(4,1)",0.3,0.02,15,26,5,True,0.8244738055000768
"(4,1)",0.3,0.02,16,24,5,True,0.8299343077524909
"(4,1)",0.3,0.02,17,19,5,True,0.8541666666666666
"(4,1)",0.3,0.02,18,11,5,True,0.8874682019011917
"(4,1)",0.3,0.02,19,27,5,True,0.8265216556491208
"(4,1)",0.3,0.02,20,35,5,True,0.847457627118644
"(4,1)",0.3,0.02,21,31,5,True,0.8374757403117762
"(4,1)",0.3,0.02,22,23,5,True,0.8403764171688572
"(4,1)",0.3,0.02,23,16,5,True,0.8404207009683727
"(4,1)",0.3,0.02,24,32,5,True,0.8084733727107711
"(4,1)",0.3,0.02,25,31,5,True,0.8211648828979949
"(4,1)",0.3,0.02,26,20,5,True,0.8641114982578396
"(4,1)",0.3,0.02,27,20,5,True,0.8449459569053512
"(4,1)",0.3,0.02,28,19,5,True,0.8274766355140187
"(4,1)",0.3,0.02,29,20,5,True,0.8764302452270721
"(4,1)",0.3,0.02,30,12,5,True,0.8913043478260869
"(4,1)",0.3,0.02,31,28,5,True,0.8280111780661971
"(4,1)",0.3,0.02,32,12,5,True,0.8853046594982079
"(4,1)",0.3,0.02,33,70,1,False,0.3590749983207463
"(4,1)",0.3,0.02,34,19,5,True,0.8205718270571827
"(4,1)",0.3,0.02,35,14,5,True,0.8754723903591567
"(4,1)",0.3,0.02,36,15,5,True,0.8562855147188141
"(4,1)",0.3,0.02,37,20,5,True,0.8865248226950355
"(4,1)",0.3,0.02,38,22,5,True,0.8127252605713859
"(4,1)",0.3,0.02,39,20,5,True,0.8762777953419749
"(4,1)",0.3,0.02,40,17,5,True,0.8844305847175804
"(4,1)",0.3,0.02,41,18,5,True,0.8421445430085707
"(4,1)",0.3,0.02,42,70,3,False,0.4462281706442307
"(4,1)",0.3,0.02,43,20,5,True,0.8304821150855366
"(4,1)",0.3,0.02,44,12,5,True,0.8741258741258742
"(4,1)",0.3,0.02,45,20,5,True,0.8758865248226951
"(4,1)",0.3,0.02,46,18,5,True,0.8742234541697559
"(4,1)",0.3,0.02,47,22,5,True,0.8168397820061327
"(4,1)",0.3,0.02,48,26,5,True,0.8440709022533333
"(4,1)",0.3,0.02,49,26,5,True,0.8300000000000001
"(4,1)",0.3,0.02,50,22,5,True,0.8650519031141868
"(4,1)",0.3,0.02,51,9,5,True,0.8880866425992779
"(4,1)",0.3,0.02,52,21,5,True,0.8429666345138823
"(4,1)",0.3,0.02,53,10,5,True,0.8924731182795699
"(4,1)",0.3,0.02,54,16,5,True,0.8671328671328671
"(4,1)",0.3,0.02,55,18,5,True,0.8920863309352518
"(4,1)",0.3,0.02,56,22,5,True,0.8452717220733444
"(4,1)",0.3,0.02,57,21,5,True,0.8785714285714286
"(4,1)",0.3,0.02,58,70,4,False,0.6292119480864474
"(4,1)",0.3,0.02,59,15,5,True,0.8694065921509769
"(4,1)",0.3,0.02,60,17,5,True,0.8475073313782991
"(4,1)",0.3,0.02,61,30,5,True,0.8665857297487054
"(4,1)",0.3,0.02,62,15,5,True,0.8825622775800712
"(4,1)",0.3,0.02,63,15,5,True,0.8510263777974673
"(4,1)",0.3,0.02,64,17,5,True,0.8784722222222221
"(4,1)",0.3,0.02,65,28,5,True,0.8327238409814793
"(4,1)",0.3,0.02,66,20,5,True,0.8377039749931962
"(4,1)",0.3,0.02,67,16,5,True,0.8576388888888888
"(4,1)",0.3,0.02,68,31,5,True,0.8061872567096906
"(4,1)",0.3,0.02,69,15,5,True,0.84947466971809
"(4,1)",0.3,0.02,70,17,5,True,0.8670017024362626
"(4,1)",0.3,0.02,71,25,5,True,0.8741258741258741
"(4,1)",0.3,0.02,72,18,5,True,0.845890410958904
"(4,1)",0.3,0.02,73,22,5,True,0.845360824742268
"(4,1)",0.3,0.02,74,31,5,True,0.8774631589694721
"(4,1)",0.3,0.02,75,16,5,True,0.87093653250774
"(4,1)",0.3,0.02,76,21,5,True,0.8421927851660842
"(4,1)",0.3,0.02,77,21,5,True,0.8596532333645736
"(4,1)",0.3,0.02,78,12,5,True,0.8884892086330936
"(4,1)",0.3,0.02,79,12,5,True,0.8876439312391949
"(4,1)",0.3,0.02,80,9,5,True,0.8913043478260869
"(4,1)",0.3,0.02,81,70,1,False,0.31934436095764585
"(4,1)",0.3,0.02,82,14,5,True,0.8913043478260869
"(4,1)",0.3,0.02,83,23,5,True,0.8230749046602828
"(4,1)",0.3,0.02,84,23,5,True,0.8098360655737704
"(4,1)",0.3,0.02,85,17,5,True,0.8581081081081081
"(4,1)",0.3,0.02,86,9,5,True,0.8817407120228227
"(4,1)",0.3,0.02,87,13,5,True,0.8636363636363635
"(4,1)",0.3,0.02,88,20,5,True,0.8302085644552917
"(4,1)",0.3,0.02,89,24,5,True,0.8005964188193041
"(4,1)",0.3,0.02,90,11,5,True,0.8880866425992779
"(4,1)",0.3,0.02,91,70,2,False,0.40019870687151476
"(4,1)",0.3,0.02,92,15,5,True,0.8791404292539484
"(4,1)",0.3,0.02,93,14,5,True,0.8569260572834403
"(4,1)",0.3,0.02,94,15,5,True,0.8349948357242409
"(4,1)",0.3,0.02,95,17,5,True,0.8823529411764707
"(4,1)",0.3,0.02,96,11,5,True,0.8724554590976343
"(4,1)",0.3,0.02,97,22,5,True,0.833880320370024
"(4,1)",0.3,0.02,98,26,5,True,0.8684588643950211
"(4,1)",0.3,0.02,99,12,5,True,0.8909090909090909
"(4,1)",0.3,0.02,100,70,0,False,0.2703443544463828
"(4,1)",0.4,0.02,1,30,5,True,0.7689445498842523
"(4,1)",0.4,0.02,2,23,5,True,0.8644226280122506
"(4,1)",0.4,0.02,3,16,5,True,0.8427749852325503
"(4,1)",0.4,0.02,4,70,1,False,0.35288345156401507
"(4,1)",0.4,0.02,5,14,5,True,0.8598413686823645
"(4,1)",0.4,0.02,6,16,5,True,0.8830927117759609
"(4,1)",0.4,0.02,7,21,5,True,0.8247352933339551
"(4,1)",0.4,0.02,8,11,5,True,0.8749979657265611
"(4,1)",0.4,0.02,9,20,5,True,0.851340842998659
"(4,1)",0.4,0.02,10,70,1,False,0.32135187050787023
"(4,1)",0.4,0.02,11,33,5,True,0.8017194107077396
"(4,1)",0.4,0.02,12,23,5,True,0.8767605633802817
"(4,1)",0.4,0.02,13,24,5,True,0.8464163822525598
"(4,1)",0.4,0.02,14,19,5,True,0.8701754385964913
"(4,1)",0.4,0.02,15,13,5,True,0.858055354901951
"(4,1)",0.4,0.02,16,12,5,True,0.8841223340947155
"(4,1)",0.4,0.02,17,26,5,True,0.8599905914901632
"(4,1)",0.4,0.02,18,22,5,True,0.8283899259624956
"(4,1)",0.4,0.02,19,16,5,True,0.8844305847175805
"(4,1)",0.4,0.02,20,29,5,True,0.8452183103411447
"(4,1)",0.4,0.02,21,27,5,True,0.8505564387917329
"(4,1)",0.4,0.02,22,20,5,True,0.863013698630137
"(4,1)",0.4,0.02,23,13,5,True,0.8852718610809754
"(4,1)",0.4,0.02,24,33,5,True,0.8853046594982079
"(4,1)",0.4,0.02,25,16,5,True,0.8900709219858156
"(4,1)",0.4,0.02,26,16,5,True,0.8848920863309353
"(4,1)",0.4,0.02,27,18,5,True,0.8824363166408274
"(4,1)",0.4,0.02,28,8,5,True,0.8916967509025271
"(4,1)",0.4,0.02,29,14,5,True,0.8703676434834893
"(4,1)",0.4,0.02,30,19,5,True,0.8654148930092014
"(4,1)",0.4,0.02,31,14,5,True,0.864449813039531
"(4,1)",0.4,0.02,32,13,5,True,0.8804493263216854
"(4,1)",0.4,0.02,33,23,5,True,0.8329412152663838
"(4,1)",0.4,0.02,34,8,5,True,0.8888461538461538
"(4,1)",0.4,0.02,35,21,5,True,0.8400554609087996
"(4,1)",0.4,0.02,36,27,5,True,0.8338983050847456
"(4,1)",0.4,0.02,37,26,5,True,0.8180812036997597
"(4,1)",0.4,0.02,38,27,5,True,0.8577126686077603
"(4,1)",0.4,0.02,39,21,5,True,0.8805173897623239
"(4,1)",0.4,0.02,40,15,5,True,0.8713533693403243
"(4,1)",0.4,0.02,41,35,5,True,0.8620689655172413
"(4,1)",0.4,0.02,42,19,5,True,0.833349593495935
"(4,1)",0.4,0.02,43,14,5,True,0.8805292802851304
"(4,1)",0.4,0.02,44,15,5,True,0.8881492425841437
"(4,1)",0.4,0.02,45,23,5,True,0.8720997123681687
"(4,1)",0.4,0.02,46,25,5,True,0.837723750091129
"(4,1)",0.4,0.02,47,37,5,True,0.856883647085507
"(4,1)",0.4,0.02,48,20,5,True,0.8401360544217688
"(4,1)",0.4,0.02,49,11,5,True,0.8913043478260869
"(4,1)",0.4,0.02,50,24,5,True,0.884090616552967
"(4,1)",0.4,0.02,51,40,5,True,0.7568646162025289
"(4,1)",0.4,0.02,52,23,5,True,0.8358199058417877
"(4,1)",0.4,0.02,53,70,2,False,0.35249841261124126
"(4,1)",0.4,0.02,54,22,5,True,0.8195015013173098
"(4,1)",0.4,0.02,55,23,5,True,0.8334552548158985
"(4,1)",0.4,0.02,56,17,5,True,0.8708893811645595
"(4,1)",0.4,0.02,57,30,5,True,0.8407768145969803
"(4,1)",0.4,0.02,58,32,5,True,0.8045262259434975
"(4,1)",0.4,0.02,59,70,1,False,0.3348520028864089
"(4,1)",0.4,0.02,60,70,1,False,0.3165010735389075
"(4,1)",0.4,0.02,61,24,5,True,0.8102089756766017
"(4,1)",0.4,0.02,62,18,5,True,0.8772445927581413
"(4,1)",0.4,0.02,63,70,2,False,0.40314596713859696
"(4,1)",0.4,0.02,64,31,5,True,0.8671328671328671
"(4,1)",0.4,0.02,65,18,5,True,0.8582225319964469
"(4,1)",0.4,0.02,66,16,5,True,0.8518464589177058
"(4,1)",0.4,0.02,67,34,5,True,0.7606861527293338
"(4,1)",0.4,0.02,68,24,5,True,0.853791547508198
"(4,1)",0.4,0.02,69,20,5,True,0.8892857142857143
"(4,1)",0.4,0.02,70,16,5,True,0.8841082322868086
"(4,1)",0.4,0.02,71,18,5,True,0.8724554590976343
"(4,1)",0.4,0.02,72,32,5,True,0.7917033904446977
"(4,1)",0.4,0.02,73,15,5,True,0.8884892086330936
"(4,1)",0.4,0.02,74,37,5,True,0.788207505514603
"(4,1)",0.4,0.02,75,33,5,True,0.8082709903135299
"(4,1)",0.4,0.02,76,15,5,True,0.8517241379310344
"(4,1)",0.4,0.02,77,17,5,True,0.8853046594982079
"(4,1)",0.4,0.02,78,24,5,True,0.8302628038322811
"(4,1)",0.4,0.02,79,15,5,True,0.880964183913744
"(4,1)",0.4,0.02,80,10,5,True,0.8817204301075269
"(4,1)",0.4,0.02,81,25,5,True,0.8344594594594595
"(4,1)",0.4,0.02,82,12,5,True,0.8691207700385908
"(4,1)",0.4,0.02,83,10,5,True,0.8755457870000679
"(4,1)",0.4,0.02,84,10,5,True,0.867740171906777
"(4,1)",0.4,0.02,85,18,5,True,0.8442623334188113
"(4,1)",0.4,0.02,86,24,5,True,0.8223285667234039
"(4,1)",0.4,0.02,87,15,5,True,0.8880866425992779
"(4,1)",0.4,0.02,88,18,5,True,0.8723404255319149
"(4,1)",0.4,0.02,89,16,5,True,0.8745586815964612
"(4,1)",0.4,0.02,90,70,1,False,0.3468221712591924
"(4,1)",0.4,0.02,91,24,5,True,0.8829787234042553
"(4,1)",0.4,0.02,92,70,0,False,0.27502759458556253
"(4,1)",0.4,0.02,93,14,5,True,0.8794326241134752
"(4,1)",0.4,0.02,94,18,5,True,0.8732394366197183
"(4,1)",0.4,0.02,95,43,5,True,0.8227424749163879
"(4,1)",0.4,0.02,96,19,5,True,0.8291500824588055
"(4,1)",0.4,0.02,97,15,5,True,0.8454009897101563
"(4,1)",0.4,0.02,98,17,5,True,0.8331221719457014
"(4,1)",0.4,0.02,99,18,5,True,0.8208015621853016
"(4,1)",0.4,0.02,100,70,2,False,0.38198548822884054
"(4,1)",0.5,0.02,1,27,5,True,0.8464163822525598
"(4,1)",0.5,0.02,2,70,0,False,0.2812925118182137
"(4,1)",0.5,0.02,3,18,5,True,0.869718309859155
"(4,1)",0.5,0.02,4,24,5,True,0.8391361667867461
"(4,1)",0.5,0.02,5,18,5,True,0.8469387755102041
"(4,1)",0.5,0.02,6,19,5,True,0.8283481966570487
"(4,1)",0.5,0.02,7,70,2,False,0.41325705046750577
"(4,1)",0.5,0.02,8,28,5,True,0.8505832839507058
"(4,1)",0.5,0.02,9,33,5,True,0.8785714285714286
"(4,1)",0.5,0.02,10,13,5,True,0.8844765342960289
"(4,1)",0.5,0.02,11,70,0,False,0.2911707638035837
"(4,1)",0.5,0.02,12,41,5,True,0.7967741935483871
"(4,1)",0.5,0.02,13,32,5,True,0.8373367776251825
"(4,1)",0.5,0.02,14,30,5,True,0.8064360684070663
"(4,1)",0.5,0.02,15,70,0,False,0.2521257272323177
"(4,1)",0.5,0.02,16,16,5,True,0.8197333333333333
"(4,1)",0.5,0.02,17,65,5,True,0.8348502565104774
"(4,1)",0.5,0.02,18,25,5,True,0.7986728585353827
"(4,1)",0.5,0.02,19,20,5,True,0.8494983277591973
"(4,1)",0.5,0.02,20,70,4,False,0.602880450485049
"(4,1)",0.5,0.02,21,30,5,True,0.822879806071422
"(4,1)",0.5,0.02,22,45,5,True,0.7709147537473308
"(4,1)",0.5,0.02,23,16,5,True,0.8635184384458583
"(4,1)",0.5,0.02,24,21,5,True,0.8433333333333334
"(4,1)",0.5,0.02,25,62,5,True,0.8591065292096219
"(4,1)",0.5,0.02,26,19,5,True,0.8615916955017301
"(4,1)",0.5,0.02,27,29,5,True,0.8430034129692833
"(4,1)",0.5,0.02,28,21,5,True,0.8619528619528619
"(4,1)",0.5,0.02,29,16,5,True,0.880701754385965
"(4,1)",0.5,0.02,30,7,5,True,0.8881492425841437
"(4,1)",0.5,0.02,31,25,5,True,0.8309473684210525
"(4,1)",0.5,0.02,32,64,5,True,0.8334653685147695
"(4,1)",0.5,0.02,33,13,5,True,0.8620162193114967
"(4,1)",0.5,0.02,34,13,5,True,0.8691804046447441
"(4,1)",0.5,0.02,35,21,5,True,0.8424045491470349
"(4,1)",0.5,0.02,36,67,5,True,0.7843749999999999
"(4,1)",0.5,0.02,37,19,5,True,0.8448873487773804
"(4,1)",0.5,0.02,38,19,5,True,0.8240457589448988
"(4,1)",0.5,0.02,39,12,5,True,0.8920863309352518
"(4,1)",0.5,0.02,40,25,5,True,0.8195167881061574
"(4,1)",0.5,0.02,41,70,1,False,0.36470042916035095
"(4,1)",0.5,0.02,42,13,5,True,0.8805292802851304
"(4,1)",0.5,0.02,43,12,5,True,0.8767605633802816
"(4,1)",0.5,0.02,44,41,5,True,0.820539419087137
"(4,1)",0.5,0.02,45,18,5,True,0.8298154735386463
"(4,1)",0.5,0.02,46,25,5,True,0.8270283183383176
"(4,1)",0.5,0.02,47,25,5,True,0.8916967509025271
"(4,1)",0.5,0.02,48,26,5,True,0.8441426569948002
"(4,1)",0.5,0.02,49,19,5,True,0.8197333333333333
"(4,1)",0.5,0.02,50,50,5,True,0.8044812715742491
"(4,1)",0.5,0.02,51,70,1,False,0.3711726765170922
"(4,1)",0.5,0.02,52,70,1,False,0.3840377991654424
"(4,1)",0.5,0.02,53,54,5,True,0.8024293505205751
"(4,1)",0.5,0.02,54,26,5,True,0.8561301080586642
"(4,1)",0.5,0.02,55,27,5,True,0.8512110726643598
"(4,1)",0.5,0.02,56,39,5,True,0.7786513167014146
"(4,1)",0.5,0.02,57,19,5,True,0.8152485082606147
"(4,1)",0.5,0.02,58,39,5,True,0.7917320438161667
"(4,1)",0.5,0.02,59,18,5,True,0.8353168246615102
"(4,1)",0.5,0.02,60,70,1,False,0.3446540901761707
"(4,1)",0.5,0.02,61,33,5,True,0.7591772630566528
"(4,1)",0.5,0.02,62,16,5,True,0.8586206896551724
"(4,1)",0.5,0.02,63,14,5,True,0.8613637143281865
"(4,1)",0.5,0.02,64,17,5,True,0.849103729504715
"(4,1)",0.5,0.02,65,70,1,False,0.3677936758000891
"(4,1)",0.5,0.02,66,18,5,True,0.8400360144057624
"(4,1)",0.5,0.02,67,18,5,True,0.8805173897623239
"(4,1)",0.5,0.02,68,30,5,True,0.8266666666666668
"(4,1)",0.5,0.02,69,10,5,True,0.8850372330696231
"(4,1)",0.5,0.02,70,28,5,True,0.8475023678355057
"(4,1)",0.5,0.02,71,70,0,False,0.2985042380654546
"(4,1)",0.5,0.02,72,14,5,True,0.8858773181169758
"(4,1)",0.5,0.02,73,15,5,True,0.8351176781948878
"(4,1)",0.5,0.02,74,32,5,True,0.8128691038903273
"(4,1)",0.5,0.02,75,15,5,True,0.8829135466303608
"(4,1)",0.5,0.02,76,16,5,True,0.8784685108802271
"(4,1)",0.5,0.02,77,54,5,True,0.7722482488830628
"(4,1)",0.5,0.02,78,22,5,True,0.8027955844502765
"(4,1)",0.5,0.02,79,17,5,True,0.8557850088238026
"(4,1)",0.5,0.02,80,24,5,True,0.8255033557046979
"(4,1)",0.5,0.02,81,27,5,True,0.8464163822525598
"(4,1)",0.5,0.02,82,13,5,True,0.8688419903104256
"(4,1)",0.5,0.02,83,19,5,True,0.8445945945945946
"(4,1)",0.5,0.02,84,13,5,True,0.8599561155326576
"(4,1)",0.5,0.02,85,37,5,True,0.8361204013377926
"(4,1)",0.5,0.02,86,17,5,True,0.8853046594982079
"(4,1)",0.5,0.02,87,14,5,True,0.8708148806707662
"(4,1)",0.5,0.02,88,44,5,True,0.7430905295099337
"(4,1)",0.5,0.02,89,16,5,True,0.8689655172413793
"(4,1)",0.5,0.02,90,16,5,True,0.8716390379798064
"(4,1)",0.5,0.02,91,17,5,True,0.856883647085507
"(4,1)",0.5,0.02,92,70,4,False,0.6795331739352947
"(4,1)",0.5,0.02,93,20,5,True,0.844390738286427
"(4,1)",0.5,0.02,94,28,5,True,0.8110749185667753
"(4,1)",0.5,0.02,95,23,5,True,0.8557046979865771
"(4,1)",0.5,0.02,96,20,5,True,0.852164284098438
"(4,1)",0.5,0.02,97,35,5,True,0.8155339805825242
"(4,1)",0.5,0.02,98,22,5,True,0.8260457676552212
"(4,1)",0.5,0.02,99,21,5,True,0.856883647085507
"(4,1)",0.5,0.02,100,50,5,True,0.7619144555112632
"(4,1)",0.6,0.02,1,14,5,True,0.8916967509025271
"(4,1)",0.6,0.02,2,11,5,True,0.8750432421291302
"(4,1)",0.6,0.02,3,45,5,True,0.810703868650325
"(4,1)",0.6,0.02,4,23,5,True,0.8206159212810465
"(4,1)",0.6,0.02,5,47,5,True,0.8366375892149088
"(4,1)",0.6,0.02,6,27,5,True,0.8185148189020279
"(4,1)",0.6,0.02,7,25,5,True,0.8063493416103661
"(4,1)",0.6,0.02,8,24,5,True,0.8314321078612219
"(4,1)",0.6,0.02,9,20,5,True,0.8199066770425224
"(4,1)",0.6,0.02,10,17,5,True,0.8627039589116129
"(4,1)",0.6,0.02,11,38,5,True,0.8052690232526077
"(4,1)",0.6,0.02,12,70,2,False,0.39523811309374696
"(4,1)",0.6,0.02,13,26,5,True,0.772555466485286
"(4,1)",0.6,0.02,14,30,5,True,0.798617719268279
"(4,1)",0.6,0.02,15,21,5,True,0.8912280701754386
"(4,1)",0.6,0.02,16,52,5,True,0.751353646883958
"(4,1)",0.6,0.02,17,70,1,False,0.3403219798171744
"(4,1)",0.6,0.02,18,16,5,True,0.8316498316498316
"(4,1)",0.6,0.02,19,20,5,True,0.8776389992452343
"(4,1)",0.6,0.02,20,31,5,True,0.8350168350168351
"(4,1)",0.6,0.02,21,43,5,True,0.8104753891459823
"(4,1)",0.6,0.02,22,21,5,True,0.8333333333333334
"(4,1)",0.6,0.02,23,14,5,True,0.8688419903104256
"(4,1)",0.6,0.02,24,12,5,True,0.8834688346883469
"(4,1)",0.6,0.02,25,25,5,True,0.8118789617399107
"(4,1)",0.6,0.02,26,9,5,True,0.8913043478260869
"(4,1)",0.6,0.02,27,47,5,True,0.8781401297159039
"(4,1)",0.6,0.02,28,17,5,True,0.8615916955017301
"(4,1)",0.6,0.02,29,46,5,True,0.8069009953701793
"(4,1)",0.6,0.02,30,17,5,True,0.8650519031141868
"(4,1)",0.6,0.02,31,12,5,True,0.8920863309352518
"(4,1)",0.6,0.02,32,21,5,True,0.8331065361529459
"(4,1)",0.6,0.02,33,40,5,True,0.7920582912853451
"(4,1)",0.6,0.02,34,22,5,True,0.8288590604026846
"(4,1)",0.6,0.02,35,27,5,True,0.8373040535874595
"(4,1)",0.6,0.02,36,26,5,True,0.8220478325859493
"(4,1)",0.6,0.02,37,31,5,True,0.8861209964412812
"(4,1)",0.6,0.02,38,8,5,True,0.8884892086330936
"(4,1)",0.6,0.02,39,39,5,True,0.8023175401341679
"(4,1)",0.6,0.02,40,12,5,True,0.8754723903591567
"(4,1)",0.6,0.02,41,29,5,True,0.8064157119476267
"(4,1)",0.6,0.02,42,70,2,False,0.4172125998413022
"(4,1)",0.6,0.02,43,13,5,True,0.8800765367137049
"(4,1)",0.6,0.02,44,22,5,True,0.8594431161509206
"(4,1)",0.6,0.02,45,16,5,True,0.8312536724682176
"(4,1)",0.6,0.02,46,20,5,True,0.8685121107266436
"(4,1)",0.6,0.02,47,34,5,True,0.8438661797207769
"(4,1)",0.6,0.02,48,40,5,True,0.7806443048728137
"(4,1)",0.6,0.02,49,54,5,True,0.7924826995925781
"(4,1)",0.6,0.02,50,70,2,False,0.4161060914378672
"(4,1)",0.6,0.02,51,64,5,True,0.6892843175596401
"(4,1)",0.6,0.02,52,19,5,True,0.8861209964412812
"(4,1)",0.6,0.02,53,70,3,False,0.5877569530830937
"(4,1)",0.6,0.02,54,17,5,True,0.8724119550259571
"(4,1)",0.6,0.02,55,22,5,True,0.8749979657265611
"(4,1)",0.6,0.02,56,70,2,False,0.4190946696208003
"(4,1)",0.6,0.02,57,25,5,True,0.8264851779819862
"(4,1)",0.6,0.02,58,70,1,False,0.34609058993530767
"(4,1)",0.6,0.02,59,12,5,True,0.888276648299449
"(4,1)",0.6,0.02,60,70,1,False,0.3956703046131957
"(4,1)",0.6,0.02,61,22,5,True,0.8393478036606301
"(4,1)",0.6,0.02,62,11,5,True,0.8880866425992779
"(4,1)",0.6,0.02,63,15,5,True,0.8320970266040689
"(4,1)",0.6,0.02,64,20,5,True,0.8353939393939394
"(4,1)",0.6,0.02,65,28,5,True,0.8586151573503535
"(4,1)",0.6,0.02,66,21,5,True,0.8377614114802977
"(4,1)",0.6,0.02,67,51,5,True,0.8236746662551122
"(4,1)",0.6,0.02,68,46,5,True,0.8435374149659864
"(4,1)",0.6,0.02,69,26,5,True,0.8704482085982873
"(4,1)",0.6,0.02,70,70,1,False,0.35620550910488064
"(4,1)",0.6,0.02,71,21,5,True,0.8589850978864297
"(4,1)",0.6,0.02,72,24,5,True,0.830241060517364
"(4,1)",0.6,0.02,73,21,5,True,0.8142957104766293
"(4,1)",0.6,0.02,74,21,5,True,0.8388458301632555
"(4,1)",0.6,0.02,75,20,5,True,0.8771250863856255
"(4,1)",0.6,0.02,76,20,5,True,0.8685778651698058
"(4,1)",0.6,0.02,77,15,5,True,0.8556701030927835
"(4,1)",0.6,0.02,78,23,5,True,0.8689655172413793
"(4,1)",0.6,0.02,79,10,5,True,0.8712496479893194
"(4,1)",0.6,0.02,80,44,5,True,0.8044640991822114
"(4,1)",0.6,0.02,81,26,5,True,0.8923611111111112
"(4,1)",0.6,0.02,82,26,5,True,0.8128523578201964
"(4,1)",0.6,0.02,83,28,5,True,0.7736240698107655
"(4,1)",0.6,0.02,84,30,5,True,0.8339475565882712
"(4,1)",0.6,0.02,85,54,5,True,0.7725856697819314
"(4,1)",0.6,0.02,86,29,5,True,0.8888461538461538
"(4,1)",0.6,0.02,87,70,2,False,0.4000747103753262
"(4,1)",0.6,0.02,88,32,5,True,0.8936170212765957
"(4,1)",0.6,0.02,89,15,5,True,0.8793212250493689
"(4,1)",0.6,0.02,90,15,5,True,0.8879893386640014
"(4,1)",0.6,0.02,91,32,5,True,0.8197187115696979
"(4,1)",0.6,0.02,92,13,5,True,0.888276648299449
"(4,1)",0.6,0.02,93,20,5,True,0.8641262509622787
"(4,1)",0.6,0.02,94,25,5,True,0.8445945945945946
"(4,1)",0.6,0.02,95,35,5,True,0.8400000000000001
"(4,1)",0.6,0.02,96,44,5,True,0.7699386503067485
"(4,1)",0.6,0.02,97,19,5,True,0.8244721515282035
"(4,1)",0.6,0.02,98,29,5,True,0.7917084850841979
"(4,1)",0.6,0.02,99,19,5,True,0.8838003762748787
"(4,1)",0.6,0.02,100,39,5,True,0.7709568950404554
"(4,1)",0.7,0.02,1,70,1,False,0.3585159827042803
"(4,1)",0.7,0.02,2,70,0,False,0.29940399261336287
"(4,1)",0.7,0.02,3,24,5,True,0.8644883485309017
"(4,1)",0.7,0.02,4,24,5,True,0.8531598513011152
"(4,1)",0.7,0.02,5,14,5,True,0.888888888888889
"(4,1)",0.7,0.02,6,61,5,True,0.8180272760744024
"(4,1)",0.7,0.02,7,26,5,True,0.8487972508591065
"(4,1)",0.7,0.02,8,40,5,True,0.872464278698124
"(4,1)",0.7,0.02,9,55,5,True,0.7396516734129517
"(4,1)",0.7,0.02,10,18,5,True,0.8812762131839602
"(4,1)",0.7,0.02,11,40,5,True,0.794722604520161
"(4,1)",0.7,0.02,12,18,5,True,0.8841223340947155
"(4,1)",0.7,0.02,13,16,5,True,0.8892857142857143
"(4,1)",0.7,0.02,14,23,5,True,0.8669514432657237
"(4,1)",0.7,0.02,15,12,5,True,0.8835698354720884
"(4,1)",0.7,0.02,16,70,0,False,0.2871971974754877
"(4,1)",0.7,0.02,17,21,5,True,0.851949104751163
"(4,1)",0.7,0.02,18,54,5,True,0.7984150309646268
"(4,1)",0.7,0.02,19,37,5,True,0.7948336659713198
"(4,1)",0.7,0.02,20,49,5,True,0.8245679272284014
"(4,1)",0.7,0.02,21,26,5,True,0.8546712802768166
"(4,1)",0.7,0.02,22,45,5,True,0.8806076769216116
"(4,1)",0.7,0.02,23,21,5,True,0.8857142857142858
"(4,1)",0.7,0.02,24,18,5,True,0.8701754385964912
"(4,1)",0.7,0.02,25,28,5,True,0.8916967509025271
"(4,1)",0.7,0.02,26,27,5,True,0.8185037593116875
"(4,1)",0.7,0.02,27,26,5,True,0.8333333333333334
"(4,1)",0.7,0.02,28,35,5,True,0.7750952986022871
"(4,1)",0.7,0.02,29,14,5,True,0.8888461538461538
"(4,1)",0.7,0.02,30,24,5,True,0.7997249565720902
"(4,1)",0.7,0.02,31,31,5,True,0.7905465407432885
"(4,1)",0.7,0.02,32,28,5,True,0.8277498596329504
"(4,1)",0.7,0.02,33,70,1,False,0.3562782868690772
"(4,1)",0.7,0.02,34,31,5,True,0.8765963353692393
"(4,1)",0.7,0.02,35,25,5,True,0.8686433895458175
"(4,1)",0.7,0.02,36,25,5,True,0.8576388888888888
"(4,1)",0.7,0.02,37,70,1,False,0.37037254428343996
"(4,1)",0.7,0.02,38,20,5,True,0.8741258741258741
"(4,1)",0.7,0.02,39,25,5,True,0.8639404545792564
"(4,1)",0.7,0.02,40,26,5,True,0.7965185855660654
"(4,1)",0.7,0.02,41,28,5,True,0.8311577052855167
"(4,1)",0.7,0.02,42,17,5,True,0.8753947058912221
"(4,1)",0.7,0.02,43,29,5,True,0.8091274175037599
"(4,1)",0.7,0.02,44,14,5,True,0.8730849924742291
"(4,1)",0.7,0.02,45,70,2,False,0.40163154279300367
"(4,1)",0.7,0.02,46,21,5,True,0.8755457870000679
"(4,1)",0.7,0.02,47,69,5,True,0.7591463414634146
"(4,1)",0.7,0.02,48,21,5,True,0.8517241379310344
"(4,1)",0.7,0.02,49,22,5,True,0.8344150224991347
"(4,1)",0.7,0.02,50,12,5,True,0.8644489790680066
"(4,1)",0.7,0.02,51,22,5,True,0.813953488372093
"(4,1)",0.7,0.02,52,19,5,True,0.8596532333645736
"(4,1)",0.7,0.02,53,37,5,True,0.8802816901408451
"(4,1)",0.7,0.02,54,12,5,True,0.8834718049819684
"(4,1)",0.7,0.02,55,70,2,False,0.44754260738579876
"(4,1)",0.7,0.02,56,12,5,True,0.888276648299449
"(4,1)",0.7,0.02,57,14,5,True,0.8482758620689655
"(4,1)",0.7,0.02,58,70,4,False,0.5243517140665579
"(4,1)",0.7,0.02,59,19,5,True,0.8786239212513485
"(4,1)",0.7,0.02,60,47,5,True,0.8027920400322693
"(4,1)",0.7,0.02,61,13,5,True,0.8723404255319149
"(4,1)",0.7,0.02,62,39,5,True,0.8613637143281865
"(4,1)",0.7,0.02,63,70,4,False,0.568630185356939
"(4,1)",0.7,0.02,64,21,5,True,0.8557850088238026
"(4,1)",0.7,0.02,65,25,5,True,0.8191856920262856
"(4,1)",0.7,0.02,66,22,5,True,0.8285436893203884
"(4,1)",0.7,0.02,67,70,1,False,0.32394101340849907
"(4,1)",0.7,0.02,68,23,5,True,0.8358716304019453
"(4,1)",0.7,0.02,69,24,5,True,0.7985511976424736
"(4,1)",0.7,0.02,70,25,5,True,0.8615916955017301
"(4,1)",0.7,0.02,71,15,5,True,0.8387854352920614
"(4,1)",0.7,0.02,72,15,5,True,0.888888888888889
"(4,1)",0.7,0.02,73,20,5,True,0.8869257950530035
"(4,1)",0.7,0.02,74,17,5,True,0.8339244221597163
"(4,1)",0.7,0.02,75,28,5,True,0.8237212217386144
"(4,1)",0.7,0.02,76,18,5,True,0.8300000000000001
"(4,1)",0.7,0.02,77,23,5,True,0.8548123980424145
"(4,1)",0.7,0.02,78,24,5,True,0.8288590604026844
"(4,1)",0.7,0.02,79,70,1,False,0.37642336509419017
"(4,1)",0.7,0.02,80,70,1,False,0.3685748678484992
"(4,1)",0.7,0.02,81,50,5,True,0.7865664712352213
"(4,1)",0.7,0.02,82,28,5,True,0.8702622892000594
"(4,1)",0.7,0.02,83,70,2,False,0.4102260883428418
"(4,1)",0.7,0.02,84,51,5,True,0.8452990038270696
"(4,1)",0.7,0.02,85,13,5,True,0.884342530683994
"(4,1)",0.7,0.02,86,51,5,True,0.771735039075258
"(4,1)",0.7,0.02,87,34,5,True,0.8333333333333334
"(4,1)",0.7,0.02,88,54,5,True,0.7797461789065919
"(4,1)",0.7,0.02,89,38,5,True,0.8796599084368869
"(4,1)",0.7,0.02,90,20,5,True,0.8663384579150609
"(4,1)",0.7,0.02,91,14,5,True,0.875
"(4,1)",0.7,0.02,92,33,5,True,0.8063036663858767
"(4,1)",0.7,0.02,93,35,5,True,0.880964183913744
"(4,1)",0.7,0.02,94,22,5,True,0.8569752955939441
"(4,1)",0.7,0.02,95,67,5,True,0.7109826589595376
"(4,1)",0.7,0.02,96,35,5,True,0.8272490806350346
"(4,1)",0.7,0.02,97,19,5,True,0.8400095116208034
"(4,1)",0.7,0.02,98,41,5,True,0.8305226043719925
"(4,1)",0.7,0.02,99,23,5,True,0.8500454072935395
"(4,1)",0.7,0.02,100,22,5,True,0.825200780775531
"(4,1)",0.8,0.02,1,14,5,True,0.884090616552967
"(4,1)",0.8,0.02,2,41,5,True,0.7796626830166884
"(4,1)",0.8,0.02,3,28,5,True,0.852499238866873
"(4,1)",0.8,0.02,4,24,5,True,0.822956512021655
"(4,1)",0.8,0.02,5,70,2,False,0.3450120632203956
"(4,1)",0.8,0.02,6,52,5,True,0.6939392178433719
"(4,1)",0.8,0.02,7,18,5,True,0.8913043478260869
"(4,1)",0.8,0.02,8,30,5,True,0.8154963902229562
"(4,1)",0.8,0.02,9,40,5,True,0.7995089162395261
"(4,1)",0.8,0.02,10,50,5,True,0.8586206896551724
"(4,1)",0.8,0.02,11,21,5,True,0.8888461538461538
"(4,1)",0.8,0.02,12,31,5,True,0.8527397260273972
"(4,1)",0.8,0.02,13,38,5,True,0.8295543393275996
"(4,1)",0.8,0.02,14,15,5,True,0.8595890410958904
"(4,1)",0.8,0.02,15,35,5,True,0.7961551782412302
"(4,1)",0.8,0.02,16,20,5,True,0.8869257950530035
"(4,1)",0.8,0.02,17,41,5,True,0.7865333120544649
"(4,1)",0.8,0.02,18,51,5,True,0.7868761498700464
"(4,1)",0.8,0.02,19,29,5,True,0.8467741935483871
"(4,1)",0.8,0.02,20,15,5,True,0.8928571428571429
"(4,1)",0.8,0.02,21,17,5,True,0.8546103226829462
"(4,1)",0.8,0.02,22,20,5,True,0.8785478547854786
"(4,1)",0.8,0.02,23,29,5,True,0.8172982606750072
"(4,1)",0.8,0.02,24,70,3,False,0.45826497860126186
"(4,1)",0.8,0.02,25,24,5,True,0.8482222147589341
"(4,1)",0.8,0.02,26,22,5,True,0.8279942868802285
"(4,1)",0.8,0.02,27,27,5,True,0.8417833068152402
"(4,1)",0.8,0.02,28,25,5,True,0.8507152047258832
"(4,1)",0.8,0.02,29,70,0,False,0.26834021855529017
"(4,1)",0.8,0.02,30,70,0,False,0.29015077816695434
"(4,1)",0.8,0.02,31,70,0,False,0.29129038736918766
"(4,1)",0.8,0.02,32,70,0,False,0.2811847212341169
"(4,1)",0.8,0.02,33,15,5,True,0.8367346938775511
"(4,1)",0.8,0.02,34,24,5,True,0.8842105263157896
"(4,1)",0.8,0.02,35,24,5,True,0.8378378378378378
"(4,1)",0.8,0.02,36,36,5,True,0.819078947368421
"(4,1)",0.8,0.02,37,20,5,True,0.8650375363873142
"(4,1)",0.8,0.02,38,23,5,True,0.8710433914864079
"(4,1)",0.8,0.02,39,30,5,True,0.8249158249158249
"(4,1)",0.8,0.02,40,33,5,True,0.8223684210526315
"(4,1)",0.8,0.02,41,32,5,True,0.8352374655702786
"(4,1)",0.8,0.02,42,51,5,True,0.7880947051655102
"(4,1)",0.8,0.02,43,12,5,True,0.8784817300728366
"(4,1)",0.8,0.02,44,29,5,True,0.7858456316784189
"(4,1)",0.8,0.02,45,26,5,True,0.8367346938775511
"(4,1)",0.8,0.02,46,17,5,True,0.8548916611950099
"(4,1)",0.8,0.02,47,12,5,True,0.8879893386640014
"(4,1)",0.8,0.02,48,10,5,True,0.8754936369292811
"(4,1)",0.8,0.02,49,70,4,False,0.6165866809186396
"(4,1)",0.8,0.02,50,70,3,False,0.6419001486126954
"(4,1)",0.8,0.02,51,70,1,False,0.3594849100967068
"(4,1)",0.8,0.02,52,70,0,False,0.28903544100549156
"(4,1)",0.8,0.02,53,70,1,False,0.3648246378030714
"(4,1)",0.8,0.02,54,16,5,True,0.8487972508591065
"(4,1)",0.8,0.02,55,70,1,False,0.3493848938421733
"(4,1)",0.8,0.02,56,70,0,False,0.30135108794372006
"(4,1)",0.8,0.02,57,31,5,True,0.824140194386701
"(4,1)",0.8,0.02,58,22,5,True,0.8257417102966841
"(4,1)",0.8,0.02,59,21,5,True,0.8721788024496061
"(4,1)",0.8,0.02,60,37,5,True,0.8401360544217688
"(4,1)",0.8,0.02,61,29,5,True,0.8088744890538397
"(4,1)",0.8,0.02,62,23,5,True,0.8520506027363062
"(4,1)",0.8,0.02,63,22,5,True,0.8813529401380479
"(4,1)",0.8,0.02,64,44,5,True,0.8556701030927835
"(4,1)",0.8,0.02,65,26,5,True,0.8258970495097075
"(4,1)",0.8,0.02,66,18,5,True,0.8333333333333334
"(4,1)",0.8,0.02,67,14,5,True,0.8857142857142858
"(4,1)",0.8,0.02,68,69,5,True,0.7603550295857988
"(4,1)",0.8,0.02,69,15,5,True,0.888888888888889
"(4,1)",0.8,0.02,70,32,5,True,0.8732394366197184
"(4,1)",0.8,0.02,71,13,5,True,0.8712959408685715
"(4,1)",0.8,0.02,72,14,5,True,0.8920863309352518
"(4,1)",0.8,0.02,73,26,5,True,0.8415382726902636
"(4,1)",0.8,0.02,74,20,5,True,0.8384064155186194
"(4,1)",0.8,0.02,75,41,5,True,0.8378272422354838
"(4,1)",0.8,0.02,76,70,4,False,0.7407407407407407
"(4,1)",0.8,0.02,77,70,4,False,0.6735280767672498
"(4,1)",0.8,0.02,78,23,5,True,0.8327759197324416
"(4,1)",0.8,0.02,79,22,5,True,0.8586206896551724
"(4,1)",0.8,0.02,80,19,5,True,0.8641201855211352
"(4,1)",0.8,0.02,81,33,5,True,0.8821428571428571
"(4,1)",0.8,0.02,82,37,5,True,0.8561643835616438
"(4,1)",0.8,0.02,83,19,5,True,0.8651848684340484
"(4,1)",0.8,0.02,84,29,5,True,0.8829787234042553
"(4,1)",0.8,0.02,85,52,5,True,0.8394648829431438
"(4,1)",0.8,0.02,86,16,5,True,0.8692854482674535
"(4,1)",0.8,0.02,87,25,5,True,0.8333333333333334
"(4,1)",0.8,0.02,88,21,5,True,0.8916967509025271
"(4,1)",0.8,0.02,89,20,5,True,0.8344150224991347
"(4,1)",0.8,0.02,90,48,5,True,0.8289473684210527
"(4,1)",0.8,0.02,91,22,5,True,0.8366666666666666
"(4,1)",0.8,0.02,92,70,1,False,0.33534861209393435
"(4,1)",0.8,0.02,93,24,5,True,0.8380889965871732
"(4,1)",0.8,0.02,94,31,5,True,0.8487469931626511
"(4,1)",0.8,0.02,95,29,5,True,0.8553086192677734
"(4,1)",0.8,0.02,96,70,1,False,0.34413547409390627
"(4,1)",0.8,0.02,97,19,5,True,0.8728557607472742
"(4,1)",0.8,0.02,98,70,0,False,0.31274747982758805
"(4,1)",0.8,0.02,99,22,5,True,0.88339222614841
"(4,1)",0.8,0.02,100,16,5,True,0.8635647184918984
"(4,1)",0.9,0.02,1,19,5,True,0.8612516609068157
"(4,1)",0.9,0.02,2,20,5,True,0.8614713066938176
"(4,1)",0.9,0.02,3,32,5,True,0.8650375363873142
"(4,1)",0.9,0.02,4,70,1,False,0.38741971938950515
"(4,1)",0.9,0.02,5,70,0,False,0.28061025023771996
"(4,1)",0.9,0.02,6,46,5,True,0.7821637094040571
"(4,1)",0.9,0.02,7,39,5,True,0.8132349340866928
"(4,1)",0.9,0.02,8,58,5,True,0.8140183193946634
"(4,1)",0.9,0.02,9,27,5,True,0.8440246619523818
"(4,1)",0.9,0.02,10,37,5,True,0.7909967845659164
"(4,1)",0.9,0.02,11,33,5,True,0.8593271547986576
"(4,1)",0.9,0.02,12,70,4,False,0.5701151875630027
"(4,1)",0.9,0.02,13,70,3,False,0.6961659307584375
"(4,1)",0.9,0.02,14,23,5,True,0.8332264390320824
"(4,1)",0.9,0.02,15,29,5,True,0.8553351563536208
"(4,1)",0.9,0.02,16,28,5,True,0.8590256530948457
"(4,1)",0.9,0.02,17,21,5,True,0.8579112240676163
"(4,1)",0.9,0.02,18,35,5,True,0.8416178317287568
"(4,1)",0.9,0.02,19,26,5,True,0.7923618383608195
"(4,1)",0.9,0.02,20,55,5,True,0.7584097859327217
"(4,1)",0.9,0.02,21,31,5,True,0.8620689655172413
"(4,1)",0.9,0.02,22,37,5,True,0.7287314878812602
"(4,1)",0.9,0.02,23,31,5,True,0.81395578088971
"(4,1)",0.9,0.02,24,28,5,True,0.8440677966101695
"(4,1)",0.9,0.02,25,70,2,False,0.45008113125535665
"(4,1)",0.9,0.02,26,36,5,True,0.778125
"(4,1)",0.9,0.02,27,33,5,True,0.8346406837219983
"(4,1)",0.9,0.02,28,70,2,False,0.4617826409706813
"(4,1)",0.9,0.02,29,16,5,True,0.869275142312795
"(4,1)",0.9,0.02,30,32,5,True,0.7590125237882053
"(4,1)",0.9,0.02,31,29,5,True,0.8355749785417813
"(4,1)",0.9,0.02,32,33,5,True,0.8544353703839233
"(4,1)",0.9,0.02,33,17,5,True,0.8795406496252163
"(4,1)",0.9,0.02,34,34,5,True,0.8150593424545939
"(4,1)",0.9,0.02,35,27,5,True,0.8595890410958904
"(4,1)",0.9,0.02,36,12,5,True,0.8913043478260869
"(4,1)",0.9,0.02,37,39,5,True,0.8526082639578401
"(4,1)",0.9,0.02,38,70,0,False,0.2898892910215656
"(4,1)",0.9,0.02,39,17,5,True,0.856883647085507
"(4,1)",0.9,0.02,40,24,5,True,0.8300000000000001
"(4,1)",0.9,0.02,41,30,5,True,0.8215321152925195
"(4,1)",0.9,0.02,42,49,5,True,0.8606271777003484
"(4,1)",0.9,0.02,43,22,5,True,0.8884892086330936
"(4,1)",0.9,0.02,44,17,5,True,0.8943661971830986
"(4,1)",0.9,0.02,45,25,5,True,0.8378378378378378
"(4,1)",0.9,0.02,46,26,5,True,0.8509933774834437
"(4,1)",0.9,0.02,47,14,5,True,0.8799439824057416
"(4,1)",0.9,0.02,48,21,5,True,0.8220441774935631
"(4,1)",0.9,0.02,49,40,5,True,0.8620689655172413
"(4,1)",0.9,0.02,50,28,5,True,0.7977000349817818
"(4,1)",0.9,0.02,51,23,5,True,0.880701754385965
"(4,1)",0.9,0.02,52,33,5,True,0.7863060694318795
"(4,1)",0.9,0.02,53,70,0,False,0.29840013989851805
"(4,1)",0.9,0.02,54,44,5,True,0.7947226045201611
"(4,1)",0.9,0.02,55,31,5,True,0.8304425208053835
"(4,1)",0.9,0.02,56,19,5,True,0.835884610213916
"(4,1)",0.9,0.02,57,39,5,True,0.7908268412729018
"(4,1)",0.9,0.02,58,66,5,True,0.80761586897175
"(4,1)",0.9,0.02,59,51,5,True,0.7375023393285386
"(4,1)",0.9,0.02,60,11,5,True,0.8916967509025271
"(4,1)",0.9,0.02,61,20,5,True,0.837203967268134
"(4,1)",0.9,0.02,62,38,5,True,0.8437708194536976
"(4,1)",0.9,0.02,63,21,5,True,0.8238742067147695
"(4,1)",0.9,0.02,64,52,5,True,0.8881492425841437
"(4,1)",0.9,0.02,65,24,5,True,0.8794326241134752
"(4,1)",0.9,0.02,66,41,5,True,0.7943348226632784
"(4,1)",0.9,0.02,67,30,5,True,0.8576271186440678
"(4,1)",0.9,0.02,68,17,5,True,0.8821428571428571
"(4,1)",0.9,0.02,69,21,5,True,0.8329984051796542
"(4,1)",0.9,0.02,70,15,5,True,0.8873239436619719
"(4,1)",0.9,0.02,71,32,5,True,0.826086956521739
"(4,1)",0.9,0.02,72,21,5,True,0.8842105263157896
"(4,1)",0.9,0.02,73,39,5,True,0.8456375838926175
"(4,1)",0.9,0.02,74,22,5,True,0.8512555514781708
"(4,1)",0.9,0.02,75,23,5,True,0.8363391535628039
"(4,1)",0.9,0.02,76,70,2,False,0.5001254282057284
"(4,1)",0.9,0.02,77,70,0,False,0.2950218000640503
"(4,1)",0.9,0.02,78,29,5,True,0.8051948051948052
"(4,1)",0.9,0.02,79,37,5,True,0.8124456907912709
"(4,1)",0.9,0.02,80,23,5,True,0.8129204513746576
"(4,1)",0.9,0.02,81,36,5,True,0.8564102564102564
"(4,1)",0.9,0.02,82,62,5,True,0.7368421052631579
"(4,1)",0.9,0.02,83,29,5,True,0.8422175151559418
"(4,1)",0.9,0.02,84,22,5,True,0.8373460246360582
"(4,1)",0.9,0.02,85,35,5,True,0.8591065292096219
"(4,1)",0.9,0.02,86,35,5,True,0.8706293706293705
"(4,1)",0.9,0.02,87,17,5,True,0.8811188811188811
"(4,1)",0.9,0.02,88,21,5,True,0.8413537651259194
"(4,1)",0.9,0.02,89,16,5,True,0.823853609276411
"(4,1)",0.9,0.02,90,26,5,True,0.7850162866449512
"(4,1)",0.9,0.02,91,67,5,True,0.8311258278145696
"(4,1)",0.9,0.02,92,70,0,False,0.2935038068508004
"(4,1)",0.9,0.02,93,53,5,True,0.8476433900295831
"(4,1)",0.9,0.02,94,70,3,False,0.7211483231971246
"(4,1)",0.9,0.02,95,24,5,True,0.865194758571172
"(4,1)",0.9,0.02,96,21,5,True,0.8857142857142858
"(4,1)",0.9,0.02,97,11,5,True,0.8829787234042553
"(4,1)",0.9,0.02,98,42,5,True,0.764995207189718
"(4,1)",0.9,0.02,99,40,5,True,0.8408075025590526
"(4,1)",0.9,0.02,100,28,5,True,0.8261603807379356
"(5,1)",0.1,0.02,1,11,5,True,0.8913999993596051
"(5,1)",0.1,0.02,2,14,5,True,0.8894932046917557
"(5,1)",0.1,0.02,3,14,5,True,0.8982211243479922
"(5,1)",0.1,0.02,4,11,5,True,0.8977635782747604
"(5,1)",0.1,0.02,5,7,5,True,0.9022801302931596
"(5,1)",0.1,0.02,6,18,5,True,0.8940178460490764
"(5,1)",0.1,0.02,7,19,5,True,0.9025974025974026
"(5,1)",0.1,0.02,8,12,5,True,0.8996763754045307
"(5,1)",0.1,0.02,9,13,5,True,0.9025974025974026
"(5,1)",0.1,0.02,10,15,5,True,0.9035369774919614
"(5,1)",0.1,0.02,11,14,5,True,0.8962402435554349
"(5,1)",0.1,0.02,12,13,5,True,0.8986928104575164
"(5,1)",0.1,0.02,13,18,5,True,0.8697047014057341
"(5,1)",0.1,0.02,14,19,5,True,0.895988505029856
"(5,1)",0.1,0.02,15,13,5,True,0.9025974025974026
"(5,1)",0.1,0.02,16,11,5,True,0.9006410256410257
"(5,1)",0.1,0.02,17,11,5,True,0.9032258064516129
"(5,1)",0.1,0.02,18,16,5,True,0.9025974025974026
"(5,1)",0.1,0.02,19,18,5,True,0.9022801302931596
"(5,1)",0.1,0.02,20,19,5,True,0.895798795034572
"(5,1)",0.1,0.02,21,13,5,True,0.8945665816162217
"(5,1)",0.1,0.02,22,11,5,True,0.9035369774919614
"(5,1)",0.1,0.02,23,14,5,True,0.8993506493506493
"(5,1)",0.1,0.02,24,16,5,True,0.8993506493506493
"(5,1)",0.1,0.02,25,11,5,True,0.8958990536277602
"(5,1)",0.1,0.02,26,12,5,True,0.8835877862595419
"(5,1)",0.1,0.02,27,11,5,True,0.8976339650492068
"(5,1)",0.1,0.02,28,11,5,True,0.9025974025974026
"(5,1)",0.1,0.02,29,11,5,True,0.8945969633369681
"(5,1)",0.1,0.02,30,17,5,True,0.9
"(5,1)",0.1,0.02,31,12,5,True,0.8964401294498382
"(5,1)",0.1,0.02,32,14,5,True,0.8913738019169329
"(5,1)",0.1,0.02,33,17,5,True,0.9035369774919614
"(5,1)",0.1,0.02,34,16,5,True,0.891399999359605
"(5,1)",0.1,0.02,35,19,5,True,0.8458183345660288
"(5,1)",0.1,0.02,36,19,5,True,0.8840125391849529
"(5,1)",0.1,0.02,37,13,5,True,0.8969899571657746
"(5,1)",0.1,0.02,38,15,5,True,0.9025974025974026
"(5,1)",0.1,0.02,39,11,5,True,0.8998609179415855
"(5,1)",0.1,0.02,40,13,5,True,0.8942307692307693
"(5,1)",0.1,0.02,41,9,5,True,0.9032258064516129
"(5,1)",0.1,0.02,42,12,5,True,0.9022801302931596
"(5,1)",0.1,0.02,43,16,5,True,0.8971061093247589
"(5,1)",0.1,0.02,44,11,5,True,0.8935483870967742
"(5,1)",0.1,0.02,45,24,5,True,0.8797468354430379
"(5,1)",0.1,0.02,46,18,5,True,0.9038461538461539
"(5,1)",0.1,0.02,47,9,5,True,0.8994647428438446
"(5,1)",0.1,0.02,48,11,5,True,0.8910256410256411
"(5,1)",0.1,0.02,49,11,5,True,0.8882556428845976
"(5,1)",0.1,0.02,50,13,5,True,0.9035369774919614
"(5,1)",0.1,0.02,51,17,5,True,0.8761904761904761
"(5,1)",0.1,0.02,52,70,3,False,0.15094339622641512
"(5,1)",0.1,0.02,53,15,5,True,0.8974358974358975
"(5,1)",0.1,0.02,54,12,5,True,0.8999372647427855
"(5,1)",0.1,0.02,55,12,5,True,0.9038461538461539
"(5,1)",0.1,0.02,56,15,5,True,0.8999372647427853
"(5,1)",0.1,0.02,57,18,5,True,0.9
"(5,1)",0.1,0.02,58,12,5,True,0.8985954818512565
"(5,1)",0.1,0.02,59,14,5,True,0.8923704874840243
"(5,1)",0.1,0.02,60,11,5,True,0.8919459141681364
"(5,1)",0.1,0.02,61,9,5,True,0.9035369774919614
"(5,1)",0.1,0.02,62,16,5,True,0.8510625577444018
"(5,1)",0.1,0.02,63,11,5,True,0.895988505029856
"(5,1)",0.1,0.02,64,18,5,True,0.8576507595450604
"(5,1)",0.1,0.02,65,14,5,True,0.8994647428438446
"(5,1)",0.1,0.02,66,14,5,True,0.9022801302931596
"(5,1)",0.1,0.02,67,15,5,True,0.9
"(5,1)",0.1,0.02,68,12,5,True,0.8967741935483872
"(5,1)",0.1,0.02,69,10,5,True,0.9025974025974026
"(5,1)",0.1,0.02,70,15,5,True,0.865625
"(5,1)",0.1,0.02,71,11,5,True,0.8993506062336489
"(5,1)",0.1,0.02,72,16,5,True,0.8821420569123907
"(5,1)",0.1,0.02,73,18,5,True,0.8913738019169329
"(5,1)",0.1,0.02,74,70,3,False,0.13114754098360656
"(5,1)",0.1,0.02,75,10,5,True,0.8971061093247589
"(5,1)",0.1,0.02,76,15,5,True,0.8927444794952681
"(5,1)",0.1,0.02,77,14,5,True,0.888031280423572
"(5,1)",0.1,0.02,78,12,5,True,0.8944803865367292
"(5,1)",0.1,0.02,79,30,5,True,0.90625
"(5,1)",0.1,0.02,80,14,5,True,0.8974358974358975
"(5,1)",0.1,0.02,81,14,5,True,0.9089754712947518
"(5,1)",0.1,0.02,82,10,5,True,0.8938906752411576
"(5,1)",0.1,0.02,83,10,5,True,0.9022801302931596
"(5,1)",0.1,0.02,84,20,5,True,0.8937038318084382
"(5,1)",0.1,0.02,85,16,5,True,0.8829113924050632
"(5,1)",0.1,0.02,86,70,3,False,0.12499999999999997
"(5,1)",0.1,0.02,87,19,5,True,0.8606811145510836
"(5,1)",0.1,0.02,88,11,5,True,0.9035369774919614
"(5,1)",0.1,0.02,89,10,5,True,0.9025974025974026
"(5,1)",0.1,0.02,90,12,5,True,0.8929937408412761
"(5,1)",0.1,0.02,91,12,5,True,0.8993506062336489
"(5,1)",0.1,0.02,92,16,5,True,0.8881789137380193
"(5,1)",0.1,0.02,93,17,5,True,0.8967680220807192
"(5,1)",0.1,0.02,94,13,5,True,0.9006410256410257
"(5,1)",0.1,0.02,95,11,5,True,0.9029126213592233
"(5,1)",0.1,0.02,96,10,5,True,0.9022801302931596
"(5,1)",0.1,0.02,97,15,5,True,0.8898245788446253
"(5,1)",0.1,0.02,98,11,5,True,0.8906752411575563
"(5,1)",0.1,0.02,99,11,5,True,0.8977039945373848
"(5,1)",0.1,0.02,100,20,5,True,0.8793913479557631
"(5,1)",0.2,0.02,1,17,5,True,0.8955696202531646
"(5,1)",0.2,0.02,2,14,5,True,0.8735676390040819
"(5,1)",0.2,0.02,3,12,5,True,0.8873267670760555
"(5,1)",0.2,0.02,4,20,5,True,0.8860672287386602
"(5,1)",0.2,0.02,5,16,5,True,0.8615226098726555
"(5,1)",0.2,0.02,6,18,5,True,0.8761609907120742
"(5,1)",0.2,0.02,7,12,5,True,0.8936047153932636
"(5,1)",0.2,0.02,8,18,5,True,0.8561615634927333
"(5,1)",0.2,0.02,9,12,5,True,0.8853503184713376
"(5,1)",0.2,0.02,10,11,5,True,0.8987827612676829
"(5,1)",0.2,0.02,11,14,5,True,0.8878205128205129
"(5,1)",0.2,0.02,12,13,5,True,0.8962726245811601
"(5,1)",0.2,0.02,13,15,5,True,0.8967741935483872
"(5,1)",0.2,0.02,14,16,5,True,0.8824092634007751
"(5,1)",0.2,0.02,15,21,5,True,0.8414634146341463
"(5,1)",0.2,0.02,16,13,5,True,0.8996763754045307
"(5,1)",0.2,0.02,17,24,5,True,0.8633035363684661
"(5,1)",0.2,0.02,18,18,5,True,0.8664596273291926
"(5,1)",0.2,0.02,19,12,5,True,0.8814102564102565
"(5,1)",0.2,0.02,20,11,5,True,0.8938906752411576
"(5,1)",0.2,0.02,21,23,5,True,0.8822415095274061
"(5,1)",0.2,0.02,22,15,5,True,0.8433566433566435
"(5,1)",0.2,0.02,23,14,5,True,0.8997592847317744
"(5,1)",0.2,0.02,24,16,5,True,0.8749133920661482
"(5,1)",0.2,0.02,25,31,5,True,0.8875000000000001
"(5,1)",0.2,0.02,26,16,5,True,0.8729118444018604
"(5,1)",0.2,0.02,27,18,5,True,0.8998609179415855
"(5,1)",0.2,0.02,28,22,5,True,0.8272937603736169
"(5,1)",0.2,0.02,29,16,5,True,0.8856000919567208
"(5,1)",0.2,0.02,30,15,5,True,0.9009584664536742
"(5,1)",0.2,0.02,31,13,5,True,0.9032258064516129
"(5,1)",0.2,0.02,32,12,5,True,0.8935483870967742
"(5,1)",0.2,0.02,33,14,5,True,0.8726297596864916
"(5,1)",0.2,0.02,34,26,5,True,0.8819060773480663
"(5,1)",0.2,0.02,35,12,5,True,0.8769185158720534
"(5,1)",0.2,0.02,36,23,5,True,0.9003215434083601
"(5,1)",0.2,0.02,37,34,5,True,0.8605898132095384
"(5,1)",0.2,0.02,38,26,5,True,0.8527654583440237
"(5,1)",0.2,0.02,39,16,5,True,0.9006410256410257
"(5,1)",0.2,0.02,40,15,5,True,0.8989385817532068
"(5,1)",0.2,0.02,41,16,5,True,0.857018760933824
"(5,1)",0.2,0.02,42,12,5,True,0.8974358974358975
"(5,1)",0.2,0.02,43,32,5,True,0.8337656643335114
"(5,1)",0.2,0.02,44,13,5,True,0.8853503184713375
"(5,1)",0.2,0.02,45,10,5,True,0.9025974025974026
"(5,1)",0.2,0.02,46,18,5,True,0.8972523468644177
"(5,1)",0.2,0.02,47,14,5,True,0.8702070316125208
"(5,1)",0.2,0.02,48,16,5,True,0.840128342462247
"(5,1)",0.2,0.02,49,13,5,True,0.8891760825148316
"(5,1)",0.2,0.02,50,21,5,True,0.8630424988737048
"(5,1)",0.2,0.02,51,17,5,True,0.9019607843137255
"(5,1)",0.2,0.02,52,10,5,True,0.8910256410256411
"(5,1)",0.2,0.02,53,10,5,True,0.8986928104575164
"(5,1)",0.2,0.02,54,10,5,True,0.8932038834951457
"(5,1)",0.2,0.02,55,17,5,True,0.8801261829652997
"(5,1)",0.2,0.02,56,47,5,True,0.8832020636190369
"(5,1)",0.2,0.02,57,18,5,True,0.864774233798643
"(5,1)",0.2,0.02,58,29,5,True,0.8424242424242424
"(5,1)",0.2,0.02,59,17,5,True,0.8487654320987653
"(5,1)",0.2,0.02,60,22,5,True,0.8588337504441595
"(5,1)",0.2,0.02,61,17,5,True,0.875796178343949
"(5,1)",0.2,0.02,62,10,5,True,0.8906752411575563
"(5,1)",0.2,0.02,63,30,5,True,0.8745492758871357
"(5,1)",0.2,0.02,64,9,5,True,0.9022801302931596
"(5,1)",0.2,0.02,65,14,5,True,0.880503144654088
"(5,1)",0.2,0.02,66,22,5,True,0.8588074161946888
"(5,1)",0.2,0.02,67,21,5,True,0.8456948231112345
"(5,1)",0.2,0.02,68,18,5,True,0.8941914307624858
"(5,1)",0.2,0.02,69,12,5,True,0.9022801302931596
"(5,1)",0.2,0.02,70,23,5,True,0.875796178343949
"(5,1)",0.2,0.02,71,12,5,True,0.9019607843137255
"(5,1)",0.2,0.02,72,12,5,True,0.898353614889048
"(5,1)",0.2,0.02,73,13,5,True,0.8874736644860973
"(5,1)",0.2,0.02,74,15,5,True,0.8903486530147062
"(5,1)",0.2,0.02,75,13,5,True,0.8924050632911393
"(5,1)",0.2,0.02,76,19,5,True,0.8898245788446253
"(5,1)",0.2,0.02,77,28,5,True,0.816676509836842
"(5,1)",0.2,0.02,78,16,5,True,0.8798122736980667
"(5,1)",0.2,0.02,79,17,5,True,0.8887593564880268
"(5,1)",0.2,0.02,80,25,5,True,0.8996763754045307
"(5,1)",0.2,0.02,81,70,1,False,0.365828140934176
"(5,1)",0.2,0.02,82,18,5,True,0.8817891373801916
"(5,1)",0.2,0.02,83,23,5,True,0.8519313510599024
"(5,1)",0.2,0.02,84,12,5,True,0.8967680220807192
"(5,1)",0.2,0.02,85,70,1,False,0.31046408149599924
"(5,1)",0.2,0.02,86,17,5,True,0.8949044585987261
"(5,1)",0.2,0.02,87,28,5,True,0.8555184837069089
"(5,1)",0.2,0.02,88,10,5,True,0.8970914468819324
"(5,1)",0.2,0.02,89,12,5,True,0.8800028817545006
"(5,1)",0.2,0.02,90,10,5,True,0.9025974025974026
"(5,1)",0.2,0.02,91,26,5,True,0.8653176378995044
"(5,1)",0.2,0.02,92,23,5,True,0.8598130841121495
"(5,1)",0.2,0.02,93,62,5,True,0.8603633180126942
"(5,1)",0.2,0.02,94,50,5,True,0.8947368421052632
"(5,1)",0.2,0.02,95,16,5,True,0.8820413511472537
"(5,1)",0.2,0.02,96,23,5,True,0.8691588785046729
"(5,1)",0.2,0.02,97,13,5,True,0.886435331230284
"(5,1)",0.2,0.02,98,14,5,True,0.8967741935483872
"(5,1)",0.2,0.02,99,24,5,True,0.8204435216591862
"(5,1)",0.2,0.02,100,12,5,True,0.8940178460490764
"(5,1)",0.3,0.02,1,13,5,True,0.8944803865367292
"(5,1)",0.3,0.02,2,13,5,True,0.889589905362776
"(5,1)",0.3,0.02,3,15,5,True,0.8802677157935024
"(5,1)",0.3,0.02,4,25,5,True,0.8387980652999956
"(5,1)",0.3,0.02,5,19,5,True,0.8885350318471338
"(5,1)",0.3,0.02,6,51,5,True,0.8691588785046729
"(5,1)",0.3,0.02,7,25,5,True,0.8758248350329935
"(5,1)",0.3,0.02,8,19,5,True,0.838145626006478
"(5,1)",0.3,0.02,9,21,5,True,0.9003634395298484
"(5,1)",0.3,0.02,10,15,5,True,0.8935483870967742
"(5,1)",0.3,0.02,11,12,5,True,0.8945969633369681
"(5,1)",0.3,0.02,12,19,5,True,0.8801791904900113
"(5,1)",0.3,0.02,13,20,5,True,0.8515151515151516
"(5,1)",0.3,0.02,14,20,5,True,0.8903225806451613
"(5,1)",0.3,0.02,15,18,5,True,0.8376452269732901
"(5,1)",0.3,0.02,16,18,5,True,0.8993506493506493
"(5,1)",0.3,0.02,17,14,5,True,0.8923704874840243
"(5,1)",0.3,0.02,18,18,5,True,0.8890769750766931
"(5,1)",0.3,0.02,19,18,5,True,0.8493522297999645
"(5,1)",0.3,0.02,20,15,5,True,0.9032258064516129
"(5,1)",0.3,0.02,21,26,5,True,0.8671807396346047
"(5,1)",0.3,0.02,22,24,5,True,0.8913738019169329
"(5,1)",0.3,0.02,23,9,5,True,0.8995528685685497
"(5,1)",0.3,0.02,24,17,5,True,0.8660436137071651
"(5,1)",0.3,0.02,25,21,5,True,0.8703793605659199
"(5,1)",0.3,0.02,26,20,5,True,0.8824166283040688
"(5,1)",0.3,0.02,27,33,5,True,0.8563691757596944
"(5,1)",0.3,0.02,28,16,5,True,0.8987341772151899
"(5,1)",0.3,0.02,29,22,5,True,0.8765822784810126
"(5,1)",0.3,0.02,30,15,5,True,0.8718752407369929
"(5,1)",0.3,0.02,31,17,5,True,0.891399999359605
"(5,1)",0.3,0.02,32,20,5,True,0.8719348365813012
"(5,1)",0.3,0.02,33,17,5,True,0.8850291012683689
"(5,1)",0.3,0.02,34,20,5,True,0.8726003490401397
"(5,1)",0.3,0.02,35,12,5,True,0.8878205128205129
"(5,1)",0.3,0.02,36,19,5,True,0.8922935966608979
"(5,1)",0.3,0.02,37,18,5,True,0.8541642039940704
"(5,1)",0.3,0.02,38,24,5,True,0.8527607361963191
"(5,1)",0.3,0.02,39,23,5,True,0.8971061093247589
"(5,1)",0.3,0.02,40,12,5,True,0.8842443729903537
"(5,1)",0.3,0.02,41,9,5,True,0.8883227499144454
"(5,1)",0.3,0.02,42,42,5,True,0.8574989714175076
"(5,1)",0.3,0.02,43,33,5,True,0.893243695991187
"(5,1)",0.3,0.02,44,15,5,True,0.8709152210247249
"(5,1)",0.3,0.02,45,22,5,True,0.857350326878146
"(5,1)",0.3,0.02,46,14,5,True,0.8929844312894233
"(5,1)",0.3,0.02,47,70,1,False,0.3538010815467389
"(5,1)",0.3,0.02,48,17,5,True,0.887459807073955
"(5,1)",0.3,0.02,49,18,5,True,0.8696610899571149
"(5,1)",0.3,0.02,50,13,5,True,0.8693235751330977
"(5,1)",0.3,0.02,51,26,5,True,0.8761609907120742
"(5,1)",0.3,0.02,52,21,5,True,0.870253164556962
"(5,1)",0.3,0.02,53,25,5,True,0.8339175257731959
"(5,1)",0.3,0.02,54,20,5,True,0.8664596273291926
"(5,1)",0.3,0.02,55,18,5,True,0.8707742649909247
"(5,1)",0.3,0.02,56,20,5,True,0.8809513514471095
"(5,1)",0.3,0.02,57,31,5,True,0.8669398136464627
"(5,1)",0.3,0.02,58,24,5,True,0.864774233798643
"(5,1)",0.3,0.02,59,14,5,True,0.9016393442622951
"(5,1)",0.3,0.02,60,27,5,True,0.8480469554242547
"(5,1)",0.3,0.02,61,10,5,True,0.9025974025974026
"(5,1)",0.3,0.02,62,16,5,True,0.8927544663638091
"(5,1)",0.3,0.02,63,21,5,True,0.8999372647427853
"(5,1)",0.3,0.02,64,10,5,True,0.9019607843137255
"(5,1)",0.3,0.02,65,20,5,True,0.8720794392523366
"(5,1)",0.3,0.02,66,14,5,True,0.8472104574225504
"(5,1)",0.3,0.02,67,13,5,True,0.8887454827052143
"(5,1)",0.3,0.02,68,17,5,True,0.8743558743466616
"(5,1)",0.3,0.02,69,48,5,True,0.8506097560975611
"(5,1)",0.3,0.02,70,23,5,True,0.8518441808482922
"(5,1)",0.3,0.02,71,17,5,True,0.8872384078785391
"(5,1)",0.3,0.02,72,25,5,True,0.8769716088328076
"(5,1)",0.3,0.02,73,24,5,True,0.8455886506929424
"(5,1)",0.3,0.02,74,12,5,True,0.891927683073625
"(5,1)",0.3,0.02,75,21,5,True,0.8686279687599204
"(5,1)",0.3,0.02,76,11,5,True,0.8885599163285824
"(5,1)",0.3,0.02,77,19,5,True,0.8731304430922189
"(5,1)",0.3,0.02,78,15,5,True,0.871069182389937
"(5,1)",0.3,0.02,79,18,5,True,0.8906752411575563
"(5,1)",0.3,0.02,80,18,5,True,0.8826768216741899
"(5,1)",0.3,0.02,81,22,5,True,0.8455880439201189
"(5,1)",0.3,0.02,82,18,5,True,0.9016393442622951
"(5,1)",0.3,0.02,83,27,5,True,0.8545527497508685
"(5,1)",0.3,0.02,84,23,5,True,0.8947627907271926
"(5,1)",0.3,0.02,85,31,5,True,0.8266296896653117
"(5,1)",0.3,0.02,86,25,5,True,0.8613876434379513
"(5,1)",0.3,0.02,87,19,5,True,0.8550180028445243
"(5,1)",0.3,0.02,88,16,5,True,0.8848494624654634
"(5,1)",0.3,0.02,89,19,5,True,0.875538329026701
"(5,1)",0.3,0.02,90,70,0,False,0.2884608288242952
"(5,1)",0.3,0.02,91,22,5,True,0.868081494057725
"(5,1)",0.3,0.02,92,19,5,True,0.8927444794952681
"(5,1)",0.3,0.02,93,31,5,True,0.8611111111111112
"(5,1)",0.3,0.02,94,29,5,True,0.8776662484316187
"(5,1)",0.3,0.02,95,20,5,True,0.8664596273291926
"(5,1)",0.3,0.02,96,30,5,True,0.8375681154411858
"(5,1)",0.3,0.02,97,15,5,True,0.8845753070441238
"(5,1)",0.3,0.02,98,16,5,True,0.8743653759201808
"(5,1)",0.3,0.02,99,31,5,True,0.8575757575757575
"(5,1)",0.3,0.02,100,13,5,True,0.8989385817532068
"(5,1)",0.4,0.02,1,25,5,True,0.8549382716049383
"(5,1)",0.4,0.02,2,30,5,True,0.871875
"(5,1)",0.4,0.02,3,10,5,True,0.8878205128205129
"(5,1)",0.4,0.02,4,18,5,True,0.8424242424242424
"(5,1)",0.4,0.02,5,21,5,True,0.8833923219831035
"(5,1)",0.4,0.02,6,18,5,True,0.8941914307624858
"(5,1)",0.4,0.02,7,17,5,True,0.8734177215189873
"(5,1)",0.4,0.02,8,22,5,True,0.8513124803929556
"(5,1)",0.4,0.02,9,22,5,True,0.8913738019169329
"(5,1)",0.4,0.02,10,23,5,True,0.9029126213592233
"(5,1)",0.4,0.02,11,17,5,True,0.8999372647427855
"(5,1)",0.4,0.02,12,25,5,True,0.8319957269047373
"(5,1)",0.4,0.02,13,28,5,True,0.8224560396895951
"(5,1)",0.4,0.02,14,28,5,True,0.8527607361963191
"(5,1)",0.4,0.02,15,11,5,True,0.9019607843137255
"(5,1)",0.4,0.02,16,25,5,True,0.8878205128205129
"(5,1)",0.4,0.02,17,70,0,False,0.2744015002604098
"(5,1)",0.4,0.02,18,23,5,True,0.8354909654056624
"(5,1)",0.4,0.02,19,30,5,True,0.8360223905169575
"(5,1)",0.4,0.02,20,24,5,True,0.8289918474041664
"(5,1)",0.4,0.02,21,45,5,True,0.863711786281523
"(5,1)",0.4,0.02,22,26,5,True,0.8785046728971962
"(5,1)",0.4,0.02,23,10,5,True,0.8998609179415855
"(5,1)",0.4,0.02,24,10,5,True,0.9022801302931596
"(5,1)",0.4,0.02,25,18,5,True,0.875
"(5,1)",0.4,0.02,26,24,5,True,0.8241416727557116
"(5,1)",0.4,0.02,27,21,5,True,0.9019607843137255
"(5,1)",0.4,0.02,28,16,5,True,0.9006410256410257
"(5,1)",0.4,0.02,29,17,5,True,0.870478944127647
"(5,1)",0.4,0.02,30,26,5,True,0.877569348697775
"(5,1)",0.4,0.02,31,20,5,True,0.8697901947672393
"(5,1)",0.4,0.02,32,21,5,True,0.8795225763695373
"(5,1)",0.4,0.02,33,70,0,False,0.34406029533336024
"(5,1)",0.4,0.02,34,24,5,True,0.8780769404482769
"(5,1)",0.4,0.02,35,17,5,True,0.8698909708525093
"(5,1)",0.4,0.02,36,21,5,True,0.8623853211009175
"(5,1)",0.4,0.02,37,12,5,True,0.8709780677807432
"(5,1)",0.4,0.02,38,22,5,True,0.8646571213262999
"(5,1)",0.4,0.02,39,14,5,True,0.888888888888889
"(5,1)",0.4,0.02,40,70,0,False,0.3105862302165685
"(5,1)",0.4,0.02,41,23,5,True,0.8971583016246905
"(5,1)",0.4,0.02,42,33,5,True,0.8313609467455622
"(5,1)",0.4,0.02,43,24,5,True,0.8537052555967916
"(5,1)",0.4,0.02,44,17,5,True,0.8528424168736906
"(5,1)",0.4,0.02,45,36,5,True,0.8607372732592159
"(5,1)",0.4,0.02,46,17,5,True,0.8833116036505867
"(5,1)",0.4,0.02,47,12,5,True,0.887459807073955
"(5,1)",0.4,0.02,48,8,5,True,0.9022801302931596
"(5,1)",0.4,0.02,49,62,5,True,0.7405789867605205
"(5,1)",0.4,0.02,50,19,5,True,0.8707742649909247
"(5,1)",0.4,0.02,51,19,5,True,0.8962402435554349
"(5,1)",0.4,0.02,52,17,5,True,0.8780769404482771
"(5,1)",0.4,0.02,53,28,5,True,0.8631493764763937
"(5,1)",0.4,0.02,54,17,5,True,0.8862757999504488
"(5,1)",0.4,0.02,55,22,5,True,0.8885717602631741
"(5,1)",0.4,0.02,56,70,1,False,0.38177550274169886
"(5,1)",0.4,0.02,57,18,5,True,0.8766962159680982
"(5,1)",0.4,0.02,58,17,5,True,0.8849840255591054
"(5,1)",0.4,0.02,59,19,5,True,0.8935483870967742
"(5,1)",0.4,0.02,60,25,5,True,0.860248447204969
"(5,1)",0.4,0.02,61,39,5,True,0.8302903322358575
"(5,1)",0.4,0.02,62,19,5,True,0.858433734939759
"(5,1)",0.4,0.02,63,17,5,True,0.8584621159982481
"(5,1)",0.4,0.02,64,29,5,True,0.8302012199352877
"(5,1)",0.4,0.02,65,32,5,True,0.8820226571265057
"(5,1)",0.4,0.02,66,70,4,False,0.8131147540983606
"(5,1)",0.4,0.02,67,21,5,True,0.8739629087359687
"(5,1)",0.4,0.02,68,11,5,True,0.8994647428438446
"(5,1)",0.4,0.02,69,15,5,True,0.8569135109236009
"(5,1)",0.4,0.02,70,13,5,True,0.8769716088328076
"(5,1)",0.4,0.02,71,19,5,True,0.8584615384615385
"(5,1)",0.4,0.02,72,27,5,True,0.8676183835299307
"(5,1)",0.4,0.02,73,16,5,True,0.9022801302931596
"(5,1)",0.4,0.02,74,17,5,True,0.8962726245811601
"(5,1)",0.4,0.02,75,21,5,True,0.8808079694064603
"(5,1)",0.4,0.02,76,12,5,True,0.8782011242973142
"(5,1)",0.4,0.02,77,9,5,True,0.8935483870967742
"(5,1)",0.4,0.02,78,8,5,True,0.9029126213592233
"(5,1)",0.4,0.02,79,22,5,True,0.8660436137071651
"(5,1)",0.4,0.02,80,28,5,True,0.8066283005701423
"(5,1)",0.4,0.02,81,28,5,True,0.8456948231112346
"(5,1)",0.4,0.02,82,15,5,True,0.8897580434404896
"(5,1)",0.4,0.02,83,20,5,True,0.9032258064516129
"(5,1)",0.4,0.02,84,36,5,True,0.8108741633302249
"(5,1)",0.4,0.02,85,14,5,True,0.8899371069182389
"(5,1)",0.4,0.02,86,26,5,True,0.8454235757561425
"(5,1)",0.4,0.02,87,36,5,True,0.8915079490004721
"(5,1)",0.4,0.02,88,14,5,True,0.8906752411575561
"(5,1)",0.4,0.02,89,70,0,False,0.3168461597611614
"(5,1)",0.4,0.02,90,26,5,True,0.8388318633610095
"(5,1)",0.4,0.02,91,11,5,True,0.8798874972071444
"(5,1)",0.4,0.02,92,22,5,True,0.836858006042296
"(5,1)",0.4,0.02,93,14,5,True,0.8954799046402363
"(5,1)",0.4,0.02,94,31,5,True,0.7890228305936885
"(5,1)",0.4,0.02,95,70,2,False,0.41269957657373774
"(5,1)",0.4,0.02,96,28,5,True,0.8584968340259705
"(5,1)",0.4,0.02,97,30,5,True,0.8383631395926479
"(5,1)",0.4,0.02,98,20,5,True,0.8633540372670807
"(5,1)",0.4,0.02,99,70,0,False,0.33109747858625266
"(5,1)",0.4,0.02,100,10,5,True,0.8964401294498382
"(5,1)",0.5,0.02,1,20,5,True,0.8500493305144468
"(5,1)",0.5,0.02,2,32,5,True,0.8562691131498471
"(5,1)",0.5,0.02,3,21,5,True,0.8956861894822652
"(5,1)",0.5,0.02,4,56,5,True,0.8562200135294564
"(5,1)",0.5,0.02,5,27,5,True,0.8902821316614421
"(5,1)",0.5,0.02,6,70,2,False,0.4432463332420981
"(5,1)",0.5,0.02,7,24,5,True,0.8301404624497735
"(5,1)",0.5,0.02,8,70,2,False,0.4638501535714941
"(5,1)",0.5,0.02,9,19,5,True,0.8852561693598897
"(5,1)",0.5,0.02,10,21,5,True,0.887459807073955
"(5,1)",0.5,0.02,11,16,5,True,0.8775497028352468
"(5,1)",0.5,0.02,12,13,5,True,0.8990228013029316
"(5,1)",0.5,0.02,13,19,5,True,0.8994647428438446
"(5,1)",0.5,0.02,14,12,5,True,0.8989385817532068
"(5,1)",0.5,0.02,15,18,5,True,0.8780434664197396
"(5,1)",0.5,0.02,16,24,5,True,0.8856257283566696
"(5,1)",0.5,0.02,17,24,5,True,0.8793913479557632
"(5,1)",0.5,0.02,18,14,5,True,0.8918264350832799
"(5,1)",0.5,0.02,19,19,5,True,0.8377317663219785
"(5,1)",0.5,0.02,20,22,5,True,0.8234554501457683
"(5,1)",0.5,0.02,21,18,5,True,0.8891907187323146
"(5,1)",0.5,0.02,22,70,1,False,0.38517955039469765
"(5,1)",0.5,0.02,23,31,5,True,0.8140447687213841
"(5,1)",0.5,0.02,24,23,5,True,0.8451521664276108
"(5,1)",0.5,0.02,25,29,5,True,0.8661234163326214
"(5,1)",0.5,0.02,26,23,5,True,0.831907175544342
"(5,1)",0.5,0.02,27,20,5,True,0.869969040247678
"(5,1)",0.5,0.02,28,26,5,True,0.8677818883705968
"(5,1)",0.5,0.02,29,22,5,True,0.8508062215885684
"(5,1)",0.5,0.02,30,14,5,True,0.8595952547103978
"(5,1)",0.5,0.02,31,16,5,True,0.8910256410256411
"(5,1)",0.5,0.02,32,24,5,True,0.8564584391400033
"(5,1)",0.5,0.02,33,29,5,True,0.8555555555555555
"(5,1)",0.5,0.02,34,70,3,False,0.5105990996590374
"(5,1)",0.5,0.02,35,17,5,True,0.8633540372670807
"(5,1)",0.5,0.02,36,26,5,True,0.8829113924050632
"(5,1)",0.5,0.02,37,70,0,False,0.31005146800135386
"(5,1)",0.5,0.02,38,29,5,True,0.8595952547103978
"(5,1)",0.5,0.02,39,16,5,True,0.8993506062336489
"(5,1)",0.5,0.02,40,33,5,True,0.8253522684835286
"(5,1)",0.5,0.02,41,32,5,True,0.8589947376412251
"(5,1)",0.5,0.02,42,42,5,True,0.8459214501510575
"(5,1)",0.5,0.02,43,12,5,True,0.8883330291714883
"(5,1)",0.5,0.02,44,28,5,True,0.851063829787234
"(5,1)",0.5,0.02,45,21,5,True,0.8705882352941177
"(5,1)",0.5,0.02,46,6,5,True,0.9022801302931596
"(5,1)",0.5,0.02,47,13,5,True,0.8929937408412761
"(5,1)",0.5,0.02,48,21,5,True,0.8795225763695373
"(5,1)",0.5,0.02,49,20,5,True,0.8785046728971962
"(5,1)",0.5,0.02,50,15,5,True,0.8776837693083909
"(5,1)",0.5,0.02,51,22,5,True,0.8424242424242424
"(5,1)",0.5,0.02,52,21,5,True,0.889240506329114
"(5,1)",0.5,0.02,53,25,5,True,0.8989385817532068
"(5,1)",0.5,0.02,54,42,5,True,0.7802781088273227
"(5,1)",0.5,0.02,55,31,5,True,0.8571006709632921
"(5,1)",0.5,0.02,56,32,5,True,0.8424242424242424
"(5,1)",0.5,0.02,57,14,5,True,0.8954683546171925
"(5,1)",0.5,0.02,58,8,5,True,0.8989385817532068
"(5,1)",0.5,0.02,59,68,5,True,0.8685858379898086
"(5,1)",0.5,0.02,60,23,5,True,0.8785942492012779
"(5,1)",0.5,0.02,61,23,5,True,0.8714774822228074
"(5,1)",0.5,0.02,62,35,5,True,0.8498498498498499
"(5,1)",0.5,0.02,63,17,5,True,0.8796844181459565
"(5,1)",0.5,0.02,64,32,5,True,0.8606060606060606
"(5,1)",0.5,0.02,65,17,5,True,0.8664509222338443
"(5,1)",0.5,0.02,66,70,2,False,0.45360393057335663
"(5,1)",0.5,0.02,67,32,5,True,0.7956561777059048
"(5,1)",0.5,0.02,68,47,5,True,0.7636993199497396
"(5,1)",0.5,0.02,69,21,5,True,0.8932038834951457
"(5,1)",0.5,0.02,70,70,4,False,0.5205092330931022
"(5,1)",0.5,0.02,71,13,5,True,0.8906752411575563
"(5,1)",0.5,0.02,72,21,5,True,0.8450740262788143
"(5,1)",0.5,0.02,73,31,5,True,0.8354964258300687
"(5,1)",0.5,0.02,74,41,5,True,0.8453951797495624
"(5,1)",0.5,0.02,75,12,5,True,0.8999372647427853
"(5,1)",0.5,0.02,76,23,5,True,0.8628048780487805
"(5,1)",0.5,0.02,77,17,5,True,0.8924191389871283
"(5,1)",0.5,0.02,78,19,5,True,0.8818592640413169
"(5,1)",0.5,0.02,79,13,5,True,0.8898245788446253
"(5,1)",0.5,0.02,80,25,5,True,0.8859641502331104
"(5,1)",0.5,0.02,81,12,5,True,0.9
"(5,1)",0.5,0.02,82,25,5,True,0.8873267670760555
"(5,1)",0.5,0.02,83,18,5,True,0.8554465949842097
"(5,1)",0.5,0.02,84,26,5,True,0.88125
"(5,1)",0.5,0.02,85,18,5,True,0.8616965190942887
"(5,1)",0.5,0.02,86,29,5,True,0.8408408408408408
"(5,1)",0.5,0.02,87,13,5,True,0.8989385817532068
"(5,1)",0.5,0.02,88,70,3,False,0.4654113320044664
"(5,1)",0.5,0.02,89,12,5,True,0.8999372647427855
"(5,1)",0.5,0.02,90,18,5,True,0.8454786912954244
"(5,1)",0.5,0.02,91,24,5,True,0.8511763579602465
"(5,1)",0.5,0.02,92,58,5,True,0.7624309392265193
"(5,1)",0.5,0.02,93,13,5,True,0.8666269870793343
"(5,1)",0.5,0.02,94,70,3,False,0.5869275233437083
"(5,1)",0.5,0.02,95,39,5,True,0.8333928402927829
"(5,1)",0.5,0.02,96,18,5,True,0.8897804963924053
"(5,1)",0.5,0.02,97,32,5,True,0.8720837259773266
"(5,1)",0.5,0.02,98,44,5,True,0.7843478671048205
"(5,1)",0.5,0.02,99,40,5,True,0.8465185977789831
"(5,1)",0.5,0.02,100,19,5,True,0.8550148957298908
"(5,1)",0.6,0.02,1,20,5,True,0.8763908222772678
"(5,1)",0.6,0.02,2,20,5,True,0.9016393442622951
"(5,1)",0.6,0.02,3,22,5,True,0.8620289855072463
"(5,1)",0.6,0.02,4,28,5,True,0.849426881995609
"(5,1)",0.6,0.02,5,16,5,True,0.8989385817532068
"(5,1)",0.6,0.02,6,35,5,True,0.8450836494048896
"(5,1)",0.6,0.02,7,14,5,True,0.8615384615384616
"(5,1)",0.6,0.02,8,35,5,True,0.8397691526574967
"(5,1)",0.6,0.02,9,28,5,True,0.864862071002422
"(5,1)",0.6,0.02,10,35,5,True,0.8458763823613656
"(5,1)",0.6,0.02,11,20,5,True,0.8971583016246905
"(5,1)",0.6,0.02,12,34,5,True,0.8363340632475039
"(5,1)",0.6,0.02,13,20,5,True,0.8712143322821275
"(5,1)",0.6,0.02,14,27,5,True,0.8325809406194523
"(5,1)",0.6,0.02,15,70,4,False,0.6618513277293406
"(5,1)",0.6,0.02,16,12,5,True,0.8974627680841915
"(5,1)",0.6,0.02,17,11,5,True,0.889511793696278
"(5,1)",0.6,0.02,18,49,5,True,0.8773584905660377
"(5,1)",0.6,0.02,19,24,5,True,0.8714733542319749
"(5,1)",0.6,0.02,20,70,1,False,0.47013379401922306
"(5,1)",0.6,0.02,21,22,5,True,0.8854747495013658
"(5,1)",0.6,0.02,22,21,5,True,0.8499235945139014
"(5,1)",0.6,0.02,23,45,5,True,0.8177912074145927
"(5,1)",0.6,0.02,24,26,5,True,0.8462824640960487
"(5,1)",0.6,0.02,25,23,5,True,0.8686683954565977
"(5,1)",0.6,0.02,26,17,5,True,0.8719153849442506
"(5,1)",0.6,0.02,27,21,5,True,0.8952380952380953
"(5,1)",0.6,0.02,28,25,5,True,0.8885350318471338
"(5,1)",0.6,0.02,29,18,5,True,0.8464938642624594
"(5,1)",0.6,0.02,30,18,5,True,0.8962706494103818
"(5,1)",0.6,0.02,31,30,5,True,0.8106456148983318
"(5,1)",0.6,0.02,32,35,5,True,0.871875
"(5,1)",0.6,0.02,33,17,5,True,0.890211998213437
"(5,1)",0.6,0.02,34,24,5,True,0.8113230350858142
"(5,1)",0.6,0.02,35,31,5,True,0.8513174673898014
"(5,1)",0.6,0.02,36,70,1,False,0.3926057573191567
"(5,1)",0.6,0.02,37,25,5,True,0.8494060606060606
"(5,1)",0.6,0.02,38,14,5,True,0.8875
"(5,1)",0.6,0.02,39,17,5,True,0.8962726245811601
"(5,1)",0.6,0.02,40,70,1,False,0.39577742599994775
"(5,1)",0.6,0.02,41,38,5,True,0.7942188150264634
"(5,1)",0.6,0.02,42,11,5,True,0.9016393442622951
"(5,1)",0.6,0.02,43,14,5,True,0.8781249999999999
"(5,1)",0.6,0.02,44,23,5,True,0.8868565140372539
"(5,1)",0.6,0.02,45,25,5,True,0.8597560975609756
"(5,1)",0.6,0.02,46,19,5,True,0.8600168951848722
"(5,1)",0.6,0.02,47,52,5,True,0.8333148324933952
"(5,1)",0.6,0.02,48,61,5,True,0.8881987577639752
"(5,1)",0.6,0.02,49,23,5,True,0.861508873486597
"(5,1)",0.6,0.02,50,35,5,True,0.8341322031244258
"(5,1)",0.6,0.02,51,12,5,True,0.8897073211640063
"(5,1)",0.6,0.02,52,19,5,True,0.8726651239469425
"(5,1)",0.6,0.02,53,15,5,True,0.8912436853388052
"(5,1)",0.6,0.02,54,60,5,True,0.8413491567770144
"(5,1)",0.6,0.02,55,35,5,True,0.8284889211250118
"(5,1)",0.6,0.02,56,19,5,True,0.8924050632911393
"(5,1)",0.6,0.02,57,30,5,True,0.8397025612778849
"(5,1)",0.6,0.02,58,18,5,True,0.86875
"(5,1)",0.6,0.02,59,25,5,True,0.8552783873495576
"(5,1)",0.6,0.02,60,24,5,True,0.841103710751665
"(5,1)",0.6,0.02,61,23,5,True,0.8769827091060494
"(5,1)",0.6,0.02,62,24,5,True,0.8624952883528082
"(5,1)",0.6,0.02,63,70,0,False,0.3643222427631534
"(5,1)",0.6,0.02,64,23,5,True,0.888888888888889
"(5,1)",0.6,0.02,65,21,5,True,0.8568557673901268
"(5,1)",0.6,0.02,66,14,5,True,0.889511793696278
"(5,1)",0.6,0.02,67,23,5,True,0.8637770897832817
"(5,1)",0.6,0.02,68,29,5,True,0.8424242424242424
"(5,1)",0.6,0.02,69,49,5,True,0.8318318318318317
"(5,1)",0.6,0.02,70,13,5,True,0.8711656441717791
"(5,1)",0.6,0.02,71,25,5,True,0.836308034473172
"(5,1)",0.6,0.02,72,15,5,True,0.8730393192106446
"(5,1)",0.6,0.02,73,14,5,True,0.877569348697775
"(5,1)",0.6,0.02,74,24,5,True,0.8518286311389759
"(5,1)",0.6,0.02,75,29,5,True,0.8429566505892788
"(5,1)",0.6,0.02,76,14,5,True,0.8954799046402363
"(5,1)",0.6,0.02,77,20,5,True,0.8826170622193713
"(5,1)",0.6,0.02,78,19,5,True,0.888723237830262
"(5,1)",0.6,0.02,79,32,5,True,0.8355674427147821
"(5,1)",0.6,0.02,80,19,5,True,0.8746081504702194
"(5,1)",0.6,0.02,81,20,5,True,0.8770788480139787
"(5,1)",0.6,0.02,82,15,5,True,0.8775882226655383
"(5,1)",0.6,0.02,83,21,5,True,0.8500486854917234
"(5,1)",0.6,0.02,84,22,5,True,0.8955696202531646
"(5,1)",0.6,0.02,85,33,5,True,0.8224150347294817
"(5,1)",0.6,0.02,86,28,5,True,0.8769461129397187
"(5,1)",0.6,0.02,87,13,5,True,0.8885350318471337
"(5,1)",0.6,0.02,88,31,5,True,0.782581753162861
"(5,1)",0.6,0.02,89,14,5,True,0.8825396825396825
"(5,1)",0.6,0.02,90,56,5,True,0.8168604651162791
"(5,1)",0.6,0.02,91,19,5,True,0.8767024059999534
"(5,1)",0.6,0.02,92,70,1,False,0.4004817044438635
"(5,1)",0.6,0.02,93,25,5,True,0.873756356400619
"(5,1)",0.6,0.02,94,31,5,True,0.8390493339817695
"(5,1)",0.6,0.02,95,31,5,True,0.8864354512834066
"(5,1)",0.6,0.02,96,45,5,True,0.7849952500314841
"(5,1)",0.6,0.02,97,26,5,True,0.8573230571288015
"(5,1)",0.6,0.02,98,37,5,True,0.7793467159752907
"(5,1)",0.6,0.02,99,41,5,True,0.8454545454545453
"(5,1)",0.6,0.02,100,28,5,True,0.8452420026762947
"(5,1)",0.7,0.02,1,38,5,True,0.8443441354172668
"(5,1)",0.7,0.02,2,27,5,True,0.8425739541330518
"(5,1)",0.7,0.02,3,70,0,False,0.3464542742519088
"(5,1)",0.7,0.02,4,27,5,True,0.8809737291005223
"(5,1)",0.7,0.02,5,19,5,True,0.8598130841121495
"(5,1)",0.7,0.02,6,25,5,True,0.8338996023768184
"(5,1)",0.7,0.02,7,20,5,True,0.8574440901047977
"(5,1)",0.7,0.02,8,44,5,True,0.8260941043743378
"(5,1)",0.7,0.02,9,24,5,True,0.8899371069182389
"(5,1)",0.7,0.02,10,11,5,True,0.8930997054101268
"(5,1)",0.7,0.02,11,41,5,True,0.8486646884272998
"(5,1)",0.7,0.02,12,18,5,True,0.8862319281462148
"(5,1)",0.7,0.02,13,23,5,True,0.8441702804058431
"(5,1)",0.7,0.02,14,12,5,True,0.8996763754045307
"(5,1)",0.7,0.02,15,13,5,True,0.8993506493506493
"(5,1)",0.7,0.02,16,30,5,True,0.8114639297370636
"(5,1)",0.7,0.02,17,29,5,True,0.8065943124270158
"(5,1)",0.7,0.02,18,26,5,True,0.8882556428845976
"(5,1)",0.7,0.02,19,31,5,True,0.8960514233241507
"(5,1)",0.7,0.02,20,33,5,True,0.8459422283356258
"(5,1)",0.7,0.02,21,8,5,True,0.8994647428438446
"(5,1)",0.7,0.02,22,44,5,True,0.805232558139535
"(5,1)",0.7,0.02,23,13,5,True,0.9016393442622951
"(5,1)",0.7,0.02,24,32,5,True,0.8311648558605256
"(5,1)",0.7,0.02,25,38,5,True,0.8906579093226915
"(5,1)",0.7,0.02,26,70,5,True,0.8007770284487918
"(5,1)",0.7,0.02,27,28,5,True,0.8373493975903614
"(5,1)",0.7,0.02,28,26,5,True,0.8636710091124665
"(5,1)",0.7,0.02,29,47,5,True,0.8258142056526558
"(5,1)",0.7,0.02,30,16,5,True,0.8935483870967742
"(5,1)",0.7,0.02,31,24,5,True,0.8913738019169329
"(5,1)",0.7,0.02,32,24,5,True,0.8635166537567777
"(5,1)",0.7,0.02,33,28,5,True,0.8463855421686748
"(5,1)",0.7,0.02,34,11,5,True,0.8885731546327166
"(5,1)",0.7,0.02,35,26,5,True,0.8412509457332498
"(5,1)",0.7,0.02,36,25,5,True,0.8726708074534161
"(5,1)",0.7,0.02,37,70,2,False,0.44096089662196797
"(5,1)",0.7,0.02,38,13,5,True,0.86875
"(5,1)",0.7,0.02,39,35,5,True,0.8380579932410558
"(5,1)",0.7,0.02,40,29,5,True,0.7983827485646876
"(5,1)",0.7,0.02,41,28,5,True,0.8065815487970927
"(5,1)",0.7,0.02,42,29,5,True,0.8171181534609695
"(5,1)",0.7,0.02,43,43,5,True,0.8249258160237388
"(5,1)",0.7,0.02,44,17,5,True,0.8850119869443401
"(5,1)",0.7,0.02,45,22,5,True,0.8700787401574803
"(5,1)",0.7,0.02,46,19,5,True,0.8600168951848722
"(5,1)",0.7,0.02,47,25,5,True,0.8636470865770229
"(5,1)",0.7,0.02,48,70,1,False,0.36525537838536615
"(5,1)",0.7,0.02,49,40,5,True,0.8622903599213934
"(5,1)",0.7,0.02,50,17,5,True,0.8424242424242425
"(5,1)",0.7,0.02,51,19,5,True,0.8807817589576546
"(5,1)",0.7,0.02,52,14,5,True,0.8920074846297782
"(5,1)",0.7,0.02,53,59,5,True,0.7633338418875137
"(5,1)",0.7,0.02,54,56,5,True,0.8459586873074184
"(5,1)",0.7,0.02,55,29,5,True,0.8249380741326303
"(5,1)",0.7,0.02,56,28,5,True,0.8339067924823412
"(5,1)",0.7,0.02,57,16,5,True,0.8962402435554349
"(5,1)",0.7,0.02,58,31,5,True,0.8558282208588958
"(5,1)",0.7,0.02,59,18,5,True,0.8772301804830119
"(5,1)",0.7,0.02,60,29,5,True,0.8614457831325302
"(5,1)",0.7,0.02,61,37,5,True,0.8588351101990424
"(5,1)",0.7,0.02,62,29,5,True,0.815601301199866
"(5,1)",0.7,0.02,63,35,5,True,0.8465772882751885
"(5,1)",0.7,0.02,64,70,2,False,0.4953773368058488
"(5,1)",0.7,0.02,65,29,5,True,0.8261536712889294
"(5,1)",0.7,0.02,66,23,5,True,0.8742138364779873
"(5,1)",0.7,0.02,67,38,5,True,0.8234326144607049
"(5,1)",0.7,0.02,68,70,3,False,0.657444459988194
"(5,1)",0.7,0.02,69,10,5,True,0.8990228013029316
"(5,1)",0.7,0.02,70,27,5,True,0.8863289778851223
"(5,1)",0.7,0.02,71,11,5,True,0.9019607843137255
"(5,1)",0.7,0.02,72,35,5,True,0.8210751431342785
"(5,1)",0.7,0.02,73,43,5,True,0.8489032578122017
"(5,1)",0.7,0.02,74,18,5,True,0.8990228013029316
"(5,1)",0.7,0.02,75,60,5,True,0.804650752955774
"(5,1)",0.7,0.02,76,24,5,True,0.8333928402927829
"(5,1)",0.7,0.02,77,16,5,True,0.8832807570977919
"(5,1)",0.7,0.02,78,21,5,True,0.8661234163326214
"(5,1)",0.7,0.02,79,70,0,False,0.33225821130186367
"(5,1)",0.7,0.02,80,22,5,True,0.8566646378575776
"(5,1)",0.7,0.02,81,70,4,False,0.449976535904022
"(5,1)",0.7,0.02,82,70,0,False,0.3243020634558088
"(5,1)",0.7,0.02,83,25,5,True,0.8560802833530107
"(5,1)",0.7,0.02,84,11,5,True,0.8940178460490764
"(5,1)",0.7,0.02,85,13,5,True,0.8930115896903651
"(5,1)",0.7,0.02,86,36,5,True,0.8165382452735426
"(5,1)",0.7,0.02,87,24,5,True,0.8906752411575563
"(5,1)",0.7,0.02,88,21,5,True,0.8846870701955089
"(5,1)",0.7,0.02,89,11,5,True,0.888888888888889
"(5,1)",0.7,0.02,90,29,5,True,0.8918573914464777
"(5,1)",0.7,0.02,91,21,5,True,0.8914109111120382
"(5,1)",0.7,0.02,92,70,0,False,0.33360307359989927
"(5,1)",0.7,0.02,93,24,5,True,0.8857760412336853
"(5,1)",0.7,0.02,94,70,1,False,0.3873813118407746
"(5,1)",0.7,0.02,95,70,1,False,0.3879443754042955
"(5,1)",0.7,0.02,96,26,5,True,0.871875
"(5,1)",0.7,0.02,97,44,5,True,0.8337482688291138
"(5,1)",0.7,0.02,98,12,5,True,0.8993506493506493
"(5,1)",0.7,0.02,99,30,5,True,0.8525757027385692
"(5,1)",0.7,0.02,100,33,5,True,0.8558282208588958
"(5,1)",0.8,0.02,1,18,5,True,0.8573283136440347
"(5,1)",0.8,0.02,2,70,1,False,0.4058249971198
"(5,1)",0.8,0.02,3,55,5,True,0.836858006042296
"(5,1)",0.8,0.02,4,11,5,True,0.9016393442622951
"(5,1)",0.8,0.02,5,38,5,True,0.7719743729400654
"(5,1)",0.8,0.02,6,20,5,True,0.8464938642624594
"(5,1)",0.8,0.02,7,21,5,True,0.8709204406146759
"(5,1)",0.8,0.02,8,25,5,True,0.8147451169191142
"(5,1)",0.8,0.02,9,19,5,True,0.8992082992082991
"(5,1)",0.8,0.02,10,54,5,True,0.8753894080996885
"(5,1)",0.8,0.02,11,19,5,True,0.8810963549025149
"(5,1)",0.8,0.02,12,19,5,True,0.859090909090909
"(5,1)",0.8,0.02,13,27,5,True,0.8641975308641975
"(5,1)",0.8,0.02,14,50,5,True,0.8781941053165379
"(5,1)",0.8,0.02,15,26,5,True,0.8734567901234568
"(5,1)",0.8,0.02,16,22,5,True,0.8375836671802773
"(5,1)",0.8,0.02,17,27,5,True,0.8550185873605948
"(5,1)",0.8,0.02,18,22,5,True,0.8673160545062846
"(5,1)",0.8,0.02,19,70,2,False,0.4643230426549702
"(5,1)",0.8,0.02,20,23,5,True,0.8700787401574803
"(5,1)",0.8,0.02,21,37,5,True,0.8282254128315103
"(5,1)",0.8,0.02,22,45,5,True,0.869969040247678
"(5,1)",0.8,0.02,23,70,2,False,0.42560176939114586
"(5,1)",0.8,0.02,24,32,5,True,0.8489425981873112
"(5,1)",0.8,0.02,25,22,5,True,0.8864353312302838
"(5,1)",0.8,0.02,26,13,5,True,0.8456226993163682
"(5,1)",0.8,0.02,27,27,5,True,0.8550180028445243
"(5,1)",0.8,0.02,28,70,2,False,0.4537918477392525
"(5,1)",0.8,0.02,29,70,1,False,0.3635923472339309
"(5,1)",0.8,0.02,30,25,5,True,0.8553846153846154
"(5,1)",0.8,0.02,31,24,5,True,0.8482212666145426
"(5,1)",0.8,0.02,32,31,5,True,0.8519043029372967
"(5,1)",0.8,0.02,33,19,5,True,0.8725133520846478
"(5,1)",0.8,0.02,34,19,5,True,0.8901540384746811
"(5,1)",0.8,0.02,35,70,1,False,0.38887993062865805
"(5,1)",0.8,0.02,36,28,5,True,0.8994647428438446
"(5,1)",0.8,0.02,37,51,5,True,0.7128779947087435
"(5,1)",0.8,0.02,38,30,5,True,0.8108018927908734
"(5,1)",0.8,0.02,39,13,5,True,0.8967680220807192
"(5,1)",0.8,0.02,40,12,5,True,0.8684186381807457
"(5,1)",0.8,0.02,41,65,5,True,0.8886769550893012
"(5,1)",0.8,0.02,42,32,5,True,0.8328358208955223
"(5,1)",0.8,0.02,43,70,4,False,0.14285714285714288
"(5,1)",0.8,0.02,44,25,5,True,0.8558282208588958
"(5,1)",0.8,0.02,45,15,5,True,0.8895964650074729
"(5,1)",0.8,0.02,46,23,5,True,0.8383631395926479
"(5,1)",0.8,0.02,47,23,5,True,0.8753090443853525
"(5,1)",0.8,0.02,48,70,1,False,0.37668191708957577
"(5,1)",0.8,0.02,49,70,2,False,0.42858062600999297
"(5,1)",0.8,0.02,50,19,5,True,0.8978328173374613
"(5,1)",0.8,0.02,51,52,5,True,0.8593272171253823
"(5,1)",0.8,0.02,52,21,5,True,0.8580246913580247
"(5,1)",0.8,0.02,53,6,5,True,0.9019607843137255
"(5,1)",0.8,0.02,54,16,5,True,0.8965150933214059
"(5,1)",0.8,0.02,55,70,3,False,0.5143783106056367
"(5,1)",0.8,0.02,56,25,5,True,0.8875478583393156
"(5,1)",0.8,0.02,57,26,5,True,0.8544366899302094
"(5,1)",0.8,0.02,58,35,5,True,0.8348348348348348
"(5,1)",0.8,0.02,59,12,5,True,0.8851462078148206
"(5,1)",0.8,0.02,60,23,5,True,0.8540090631799386
"(5,1)",0.8,0.02,61,19,5,True,0.8956861894822652
"(5,1)",0.8,0.02,62,21,5,True,0.8636363636363636
"(5,1)",0.8,0.02,63,70,1,False,0.40926913308937163
"(5,1)",0.8,0.02,64,30,5,True,0.8857142857142858
"(5,1)",0.8,0.02,65,18,5,True,0.8579469311176628
"(5,1)",0.8,0.02,66,31,5,True,0.7806562853873067
"(5,1)",0.8,0.02,67,25,5,True,0.85731749912679
"(5,1)",0.8,0.02,68,38,5,True,0.84876649851427
"(5,1)",0.8,0.02,69,29,5,True,0.8610236314114954
"(5,1)",0.8,0.02,70,70,0,False,0.34906244214774795
"(5,1)",0.8,0.02,71,61,5,True,0.812527166673125
"(5,1)",0.8,0.02,72,52,5,True,0.8343373493975903
"(5,1)",0.8,0.02,73,28,5,True,0.8727272727272727
"(5,1)",0.8,0.02,74,26,5,True,0.8521283342011404
"(5,1)",0.8,0.02,75,31,5,True,0.8463719088232187
"(5,1)",0.8,0.02,76,43,5,True,0.7888468082528414
"(5,1)",0.8,0.02,77,20,5,True,0.8892405063291138
"(5,1)",0.8,0.02,78,48,5,True,0.8616850600821407
"(5,1)",0.8,0.02,79,42,5,True,0.7754520557050855
"(5,1)",0.8,0.02,80,42,5,True,0.8471694999174781
"(5,1)",0.8,0.02,81,44,5,True,0.8374727825818691
"(5,1)",0.8,0.02,82,20,5,True,0.8912296733350122
"(5,1)",0.8,0.02,83,18,5,True,0.8905183188543857
"(5,1)",0.8,0.02,84,26,5,True,0.865495700742265
"(5,1)",0.8,0.02,85,21,5,True,0.8889345706042521
"(5,1)",0.8,0.02,86,22,5,True,0.8429003021148036
"(5,1)",0.8,0.02,87,40,5,True,0.8233532934131736
"(5,1)",0.8,0.02,88,33,5,True,0.8355628167220218
"(5,1)",0.8,0.02,89,40,5,True,0.800056942859714
"(5,1)",0.8,0.02,90,22,5,True,0.8825396825396826
"(5,1)",0.8,0.02,91,22,5,True,0.8851126919183999
"(5,1)",0.8,0.02,92,44,5,True,0.8292503335255257
"(5,1)",0.8,0.02,93,13,5,True,0.8899676375404532
"(5,1)",0.8,0.02,94,27,5,True,0.8452653772114768
"(5,1)",0.8,0.02,95,33,5,True,0.8401961483160836
"(5,1)",0.8,0.02,96,25,5,True,0.8338162103644612
"(5,1)",0.8,0.02,97,35,5,True,0.7957553085756983
"(5,1)",0.8,0.02,98,29,5,True,0.9019607843137255
"(5,1)",0.8,0.02,99,29,5,True,0.8323353293413174
"(5,1)",0.8,0.02,100,27,5,True,0.8458689334391438
"(5,1)",0.9,0.02,1,38,5,True,0.8414634146341463
"(5,1)",0.9,0.02,2,40,5,True,0.8726830083592287
"(5,1)",0.9,0.02,3,50,5,True,0.8230088495575222
"(5,1)",0.9,0.02,4,32,5,True,0.891304347826087
"(5,1)",0.9,0.02,5,48,5,True,0.8781249999999999
"(5,1)",0.9,0.02,6,16,5,True,0.8874041311164441
"(5,1)",0.9,0.02,7,22,5,True,0.8874041311164443
"(5,1)",0.9,0.02,8,70,3,False,0.7361963190184049
"(5,1)",0.9,0.02,9,25,5,True,0.9029126213592233
"(5,1)",0.9,0.02,10,26,5,True,0.8831770859627031
"(5,1)",0.9,0.02,11,70,1,False,0.38114268554715025
"(5,1)",0.9,0.02,12,16,5,True,0.855322402612961
"(5,1)",0.9,0.02,13,14,5,True,0.8906752411575563
"(5,1)",0.9,0.02,14,20,5,True,0.8951139645050256
"(5,1)",0.9,0.02,15,36,5,True,0.833830754396437
"(5,1)",0.9,0.02,16,27,5,True,0.8603920624618724
"(5,1)",0.9,0.02,17,19,5,True,0.8960514233241506
"(5,1)",0.9,0.02,18,13,5,True,0.9029126213592233
"(5,1)",0.9,0.02,19,18,5,True,0.9
"(5,1)",0.9,0.02,20,24,5,True,0.836858006042296
"(5,1)",0.9,0.02,21,70,4,False,0.572945412906999
"(5,1)",0.9,0.02,22,45,5,True,0.9034267912772586
"(5,1)",0.9,0.02,23,70,1,False,0.44281573058000856
"(5,1)",0.9,0.02,24,21,5,True,0.880503144654088
"(5,1)",0.9,0.02,25,33,5,True,0.8444288717589349
"(5,1)",0.9,0.02,26,31,5,True,0.8993506493506493
"(5,1)",0.9,0.02,27,24,5,True,0.8860883550110491
"(5,1)",0.9,0.02,28,23,5,True,0.8938906752411576
"(5,1)",0.9,0.02,29,10,5,True,0.8870967741935484
"(5,1)",0.9,0.02,30,23,5,True,0.8549382716049383
"(5,1)",0.9,0.02,31,20,5,True,0.8824536228626753
"(5,1)",0.9,0.02,32,20,5,True,0.8745562721863906
"(5,1)",0.9,0.02,33,25,5,True,0.8536374731165859
"(5,1)",0.9,0.02,34,24,5,True,0.8892405063291138
"(5,1)",0.9,0.02,35,17,5,True,0.8876071405555198
"(5,1)",0.9,0.02,36,31,5,True,0.8438269433696799
"(5,1)",0.9,0.02,37,24,5,True,0.8454545454545456
"(5,1)",0.9,0.02,38,25,5,True,0.8314373053145567
"(5,1)",0.9,0.02,39,32,5,True,0.8182397177756153
"(5,1)",0.9,0.02,40,39,5,True,0.8388995871111269
"(5,1)",0.9,0.02,41,19,5,True,0.8584615384615385
"(5,1)",0.9,0.02,42,17,5,True,0.8967680220807192
"(5,1)",0.9,0.02,43,70,3,False,0.5308735562385698
"(5,1)",0.9,0.02,44,70,0,False,0.3018854429933347
"(5,1)",0.9,0.02,45,15,5,True,0.8824205451283061
"(5,1)",0.9,0.02,46,44,5,True,0.854251217790149
"(5,1)",0.9,0.02,47,70,3,False,0.7547169811320755
"(5,1)",0.9,0.02,48,35,5,True,0.8343216787640148
"(5,1)",0.9,0.02,49,23,5,True,0.8856257283566696
"(5,1)",0.9,0.02,50,62,5,True,0.7910863509749304
"(5,1)",0.9,0.02,51,28,5,True,0.8659501418122107
"(5,1)",0.9,0.02,52,25,5,True,0.8441390211918605
"(5,1)",0.9,0.02,53,46,5,True,0.8398752729863244
"(5,1)",0.9,0.02,54,30,5,True,0.8671374958014899
"(5,1)",0.9,0.02,55,22,5,True,0.8496932515337423
"(5,1)",0.9,0.02,56,11,5,True,0.8996763754045307
"(5,1)",0.9,0.02,57,34,5,True,0.8328261178082264
"(5,1)",0.9,0.02,58,32,5,True,0.8429003021148036
"(5,1)",0.9,0.02,59,44,5,True,0.86875
"(5,1)",0.9,0.02,60,30,5,True,0.8994647428438446
"(5,1)",0.9,0.02,61,40,5,True,0.7863538681948424
"(5,1)",0.9,0.02,62,14,5,True,0.8995528685685495
"(5,1)",0.9,0.02,63,70,3,False,0.5145397770059856
"(5,1)",0.9,0.02,64,33,5,True,0.8513971271893422
"(5,1)",0.9,0.02,65,21,5,True,0.8724798805276696
"(5,1)",0.9,0.02,66,42,5,True,0.8125798546383762
"(5,1)",0.9,0.02,67,70,0,False,0.33296983633299565
"(5,1)",0.9,0.02,68,27,5,True,0.8891644030992999
"(5,1)",0.9,0.02,69,26,5,True,0.8821420569123908
"(5,1)",0.9,0.02,70,20,5,True,0.9019607843137255
"(5,1)",0.9,0.02,71,54,5,True,0.8229145286614866
"(5,1)",0.9,0.02,72,37,5,True,0.8325167325386877
"(5,1)",0.9,0.02,73,27,5,True,0.8873267670760555
"(5,1)",0.9,0.02,74,70,0,False,0.34337465281501073
"(5,1)",0.9,0.02,75,29,5,True,0.8536585365853658
"(5,1)",0.9,0.02,76,52,5,True,0.8073431353718826
"(5,1)",0.9,0.02,77,37,5,True,0.8866302788172074
"(5,1)",0.9,0.02,78,18,5,True,0.8619808773082257
"(5,1)",0.9,0.02,79,15,5,True,0.8769716088328076
"(5,1)",0.9,0.02,80,36,5,True,0.8381713184640576
"(5,1)",0.9,0.02,81,18,5,True,0.888723237830262
"(5,1)",0.9,0.02,82,32,5,True,0.886435331230284
"(5,1)",0.9,0.02,83,39,5,True,0.7627233337399992
"(5,1)",0.9,0.02,84,70,0,False,0.3293749569777136
"(5,1)",0.9,0.02,85,33,5,True,0.8119013806247573
"(5,1)",0.9,0.02,86,25,5,True,0.8562601626016261
"(5,1)",0.9,0.02,87,32,5,True,0.8136596495759612
"(5,1)",0.9,0.02,88,55,5,True,0.8971061093247589
"(5,1)",0.9,0.02,89,26,5,True,0.8890469914336122
"(5,1)",0.9,0.02,90,24,5,True,0.8696969696969696
"(5,1)",0.9,0.02,91,23,5,True,0.8798874972071444
"(5,1)",0.9,0.02,92,39,5,True,0.8316827084378566
"(5,1)",0.9,0.02,93,31,5,True,0.8337752926972677
"(5,1)",0.9,0.02,94,36,5,True,0.8573283136440347
"(5,1)",0.9,0.02,95,34,5,True,0.8243542675906415
"(5,1)",0.9,0.02,96,70,0,False,0.3222951688647944
"(5,1)",0.9,0.02,97,33,5,True,0.818917608581092
"(5,1)",0.9,0.02,98,21,5,True,0.8295061164492019
"(5,1)",0.9,0.02,99,15,5,True,0.8700268742133007
"(5,1)",0.9,0.02,100,15,5,True,0.8699287773228292
"(6,1)",0.1,0.02,1,12,5,True,0.9117647058823529
"(6,1)",0.1,0.02,2,26,5,True,0.8935251709444059
"(6,1)",0.1,0.02,3,11,5,True,0.9109792284866469
"(6,1)",0.1,0.02,4,11,5,True,0.9109792284866469
"(6,1)",0.1,0.02,5,18,5,True,0.8829018622715656
"(6,1)",0.1,0.02,6,13,5,True,0.9016838319437632
"(6,1)",0.1,0.02,7,13,5,True,0.9085196535053269
"(6,1)",0.1,0.02,8,12,5,True,0.9058823529411765
"(6,1)",0.1,0.02,9,16,5,True,0.9088235294117647
"(6,1)",0.1,0.02,10,10,5,True,0.911504424778761
"(6,1)",0.1,0.02,11,11,5,True,0.9117647058823529
"(6,1)",0.1,0.02,12,12,5,True,0.906158357771261
"(6,1)",0.1,0.02,13,9,5,True,0.9112426035502958
"(6,1)",0.1,0.02,14,19,5,True,0.9005118555460094
"(6,1)",0.1,0.02,15,14,5,True,0.9035087719298246
"(6,1)",0.1,0.02,16,13,5,True,0.9109792284866469
"(6,1)",0.1,0.02,17,14,5,True,0.9090909090909091
"(6,1)",0.1,0.02,18,10,5,True,0.9117647058823529
"(6,1)",0.1,0.02,19,70,3,False,0.125
"(6,1)",0.1,0.02,20,13,5,True,0.9109792284866469
"(6,1)",0.1,0.02,21,21,5,True,0.9058823529411765
"(6,1)",0.1,0.02,22,8,5,True,0.9112426035502958
"(6,1)",0.1,0.02,23,20,5,True,0.9011627906976745
"(6,1)",0.1,0.02,24,21,5,True,0.8850195657451377
"(6,1)",0.1,0.02,25,13,5,True,0.9069767441860466
"(6,1)",0.1,0.02,26,21,5,True,0.9035087719298246
"(6,1)",0.1,0.02,27,15,5,True,0.9009797670804982
"(6,1)",0.1,0.02,28,14,5,True,0.9112426035502958
"(6,1)",0.1,0.02,29,20,5,True,0.9003581566711699
"(6,1)",0.1,0.02,30,70,2,False,0.11764705882352941
"(6,1)",0.1,0.02,31,11,5,True,0.9080118694362018
"(6,1)",0.1,0.02,32,9,5,True,0.9109792284866469
"(6,1)",0.1,0.02,33,18,5,True,0.9120234604105572
"(6,1)",0.1,0.02,34,18,5,True,0.9048991354466859
"(6,1)",0.1,0.02,35,70,0,False,0.24559038607693576
"(6,1)",0.1,0.02,36,15,5,True,0.911504424778761
"(6,1)",0.1,0.02,37,11,5,True,0.9085545722713865
"(6,1)",0.1,0.02,38,13,5,True,0.9090909090909091
"(6,1)",0.1,0.02,39,13,5,True,0.9061183719642814
"(6,1)",0.1,0.02,40,11,5,True,0.9096209912536444
"(6,1)",0.1,0.02,41,11,5,True,0.9065275963167404
"(6,1)",0.1,0.02,42,14,5,True,0.9065391258256136
"(6,1)",0.1,0.02,43,8,5,True,0.911504424778761
"(6,1)",0.1,0.02,44,12,5,True,0.9117647058823529
"(6,1)",0.1,0.02,45,70,3,False,0.13636363636363644
"(6,1)",0.1,0.02,46,11,5,True,0.9041371522711958
"(6,1)",0.1,0.02,47,15,5,True,0.9080391439546369
"(6,1)",0.1,0.02,48,10,5,True,0.9085196535053269
"(6,1)",0.1,0.02,49,19,5,True,0.9013572384875059
"(6,1)",0.1,0.02,50,10,5,True,0.9043478260869565
"(6,1)",0.1,0.02,51,14,5,True,0.911504424778761
"(6,1)",0.1,0.02,52,12,5,True,0.9107142857142857
"(6,1)",0.1,0.02,53,15,5,True,0.9112426035502958
"(6,1)",0.1,0.02,54,13,5,True,0.9075039914848324
"(6,1)",0.1,0.02,55,14,5,True,0.9109792284866469
"(6,1)",0.1,0.02,56,13,5,True,0.9098837209302326
"(6,1)",0.1,0.02,57,11,5,True,0.9037900874635569
"(6,1)",0.1,0.02,58,17,5,True,0.9088235294117647
"(6,1)",0.1,0.02,59,14,5,True,0.9088594480204568
"(6,1)",0.1,0.02,60,10,5,True,0.9109792284866469
"(6,1)",0.1,0.02,61,16,5,True,0.9090909090909091
"(6,1)",0.1,0.02,62,26,5,True,0.9022988505747127
"(6,1)",0.1,0.02,63,24,5,True,0.9085545722713865
"(6,1)",0.1,0.02,64,70,3,False,0.13235294117647053
"(6,1)",0.1,0.02,65,10,5,True,0.9107142857142857
"(6,1)",0.1,0.02,66,9,5,True,0.9112426035502958
"(6,1)",0.1,0.02,67,9,5,True,0.9112426035502958
"(6,1)",0.1,0.02,68,12,5,True,0.8982558139534884
"(6,1)",0.1,0.02,69,17,5,True,0.8982558139534883
"(6,1)",0.1,0.02,70,70,3,False,0.1304347826086956
"(6,1)",0.1,0.02,71,13,5,True,0.9080391439546369
"(6,1)",0.1,0.02,72,70,3,False,0.12500000000000006
"(6,1)",0.1,0.02,73,11,5,True,0.9089506172839505
"(6,1)",0.1,0.02,74,31,5,True,0.8945267958950969
"(6,1)",0.1,0.02,75,12,5,True,0.9120234604105572
"(6,1)",0.1,0.02,76,15,5,True,0.908284023668639
"(6,1)",0.1,0.02,77,8,5,True,0.9120234604105572
"(6,1)",0.1,0.02,78,12,5,True,0.9031307260322096
"(6,1)",0.1,0.02,79,10,5,True,0.911504424778761
"(6,1)",0.1,0.02,80,16,5,True,0.894283864250512
"(6,1)",0.1,0.02,81,11,5,True,0.9053003609028979
"(6,1)",0.1,0.02,82,12,5,True,0.9112426035502958
"(6,1)",0.1,0.02,83,13,5,True,0.9050860857343641
"(6,1)",0.1,0.02,84,11,5,True,0.9086215797625193
"(6,1)",0.1,0.02,85,17,5,True,0.8974358974358975
"(6,1)",0.1,0.02,86,10,5,True,0.9076824201804118
"(6,1)",0.1,0.02,87,11,5,True,0.9112426035502958
"(6,1)",0.1,0.02,88,70,3,False,0.1451612903225807
"(6,1)",0.1,0.02,89,14,5,True,0.9010263581306586
"(6,1)",0.1,0.02,90,13,5,True,0.8965517241379309
"(6,1)",0.1,0.02,91,13,5,True,0.9037900874635569
"(6,1)",0.1,0.02,92,20,5,True,0.9109792284866469
"(6,1)",0.1,0.02,93,14,5,True,0.9016055423447434
"(6,1)",0.1,0.02,94,15,5,True,0.898743369537762
"(6,1)",0.1,0.02,95,8,5,True,0.9112426035502958
"(6,1)",0.1,0.02,96,13,5,True,0.9037900874635569
"(6,1)",0.1,0.02,97,24,5,True,0.9031307260322096
"(6,1)",0.1,0.02,98,11,5,True,0.8982558139534884
"(6,1)",0.1,0.02,99,12,5,True,0.9016838319437632
"(6,1)",0.1,0.02,100,12,5,True,0.9080391439546369
"(6,1)",0.2,0.02,1,25,5,True,0.9053254437869822
"(6,1)",0.2,0.02,2,20,5,True,0.8920537819409927
"(6,1)",0.2,0.02,3,19,5,True,0.8594684267310364
"(6,1)",0.2,0.02,4,15,5,True,0.9055080721747388
"(6,1)",0.2,0.02,5,20,5,True,0.9009797465108669
"(6,1)",0.2,0.02,6,24,5,True,0.8796283059328092
"(6,1)",0.2,0.02,7,11,5,True,0.911504424778761
"(6,1)",0.2,0.02,8,15,5,True,0.8827683472985578
"(6,1)",0.2,0.02,9,19,5,True,0.8815157137080154
"(6,1)",0.2,0.02,10,18,5,True,0.8991769138526617
"(6,1)",0.2,0.02,11,14,5,True,0.9005309036954606
"(6,1)",0.2,0.02,12,16,5,True,0.889855072463768
"(6,1)",0.2,0.02,13,12,5,True,0.9
"(6,1)",0.2,0.02,14,20,5,True,0.87682791341203
"(6,1)",0.2,0.02,15,19,5,True,0.8633994657334935
"(6,1)",0.2,0.02,16,19,5,True,0.8694444444444445
"(6,1)",0.2,0.02,17,18,5,True,0.8939877627028465
"(6,1)",0.2,0.02,18,20,5,True,0.8921173145322889
"(6,1)",0.2,0.02,19,22,5,True,0.8698060941828255
"(6,1)",0.2,0.02,20,70,0,False,0.24464795169012601
"(6,1)",0.2,0.02,21,70,3,False,0.12499999999999997
"(6,1)",0.2,0.02,22,13,5,True,0.908284023668639
"(6,1)",0.2,0.02,23,15,5,True,0.9056047197640118
"(6,1)",0.2,0.02,24,16,5,True,0.8987206823027719
"(6,1)",0.2,0.02,25,11,5,True,0.8953488372093023
"(6,1)",0.2,0.02,26,17,5,True,0.8959537572254336
"(6,1)",0.2,0.02,27,22,5,True,0.8748107016658253
"(6,1)",0.2,0.02,28,11,5,True,0.9056047197640118
"(6,1)",0.2,0.02,29,22,5,True,0.8796296296296297
"(6,1)",0.2,0.02,30,22,5,True,0.8762433196769789
"(6,1)",0.2,0.02,31,27,5,True,0.8677276484353925
"(6,1)",0.2,0.02,32,8,5,True,0.908284023668639
"(6,1)",0.2,0.02,33,14,5,True,0.903225806451613
"(6,1)",0.2,0.02,34,11,5,True,0.9107142857142857
"(6,1)",0.2,0.02,35,24,5,True,0.8985507246376813
"(6,1)",0.2,0.02,36,13,5,True,0.9104477611940298
"(6,1)",0.2,0.02,37,13,5,True,0.8979591836734695
"(6,1)",0.2,0.02,38,13,5,True,0.9056893466802068
"(6,1)",0.2,0.02,39,12,5,True,0.903225806451613
"(6,1)",0.2,0.02,40,13,5,True,0.8950506213713354
"(6,1)",0.2,0.02,41,20,5,True,0.8978123184390313
"(6,1)",0.2,0.02,42,14,5,True,0.9109792284866469
"(6,1)",0.2,0.02,43,16,5,True,0.9080118694362018
"(6,1)",0.2,0.02,44,15,5,True,0.9053254437869822
"(6,1)",0.2,0.02,45,19,5,True,0.8804628355127323
"(6,1)",0.2,0.02,46,21,5,True,0.899135446685879
"(6,1)",0.2,0.02,47,16,5,True,0.8953488372093023
"(6,1)",0.2,0.02,48,24,5,True,0.8717776117625898
"(6,1)",0.2,0.02,49,17,5,True,0.9109792284866469
"(6,1)",0.2,0.02,50,23,5,True,0.9026950264492911
"(6,1)",0.2,0.02,51,11,5,True,0.9000139799778057
"(6,1)",0.2,0.02,52,17,5,True,0.8931778581959524
"(6,1)",0.2,0.02,53,45,5,True,0.8994373396263359
"(6,1)",0.2,0.02,54,14,5,True,0.9040145406076963
"(6,1)",0.2,0.02,55,15,5,True,0.9089506172839505
"(6,1)",0.2,0.02,56,14,5,True,0.9059029767873624
"(6,1)",0.2,0.02,57,9,5,True,0.9080118694362018
"(6,1)",0.2,0.02,58,12,5,True,0.9101796407185628
"(6,1)",0.2,0.02,59,26,5,True,0.8364464756561982
"(6,1)",0.2,0.02,60,14,5,True,0.8945853900372901
"(6,1)",0.2,0.02,61,11,5,True,0.9026548672566372
"(6,1)",0.2,0.02,62,11,5,True,0.911504424778761
"(6,1)",0.2,0.02,63,9,5,True,0.9166666666666666
"(6,1)",0.2,0.02,64,22,5,True,0.8537932065743012
"(6,1)",0.2,0.02,65,11,5,True,0.9
"(6,1)",0.2,0.02,66,16,5,True,0.8930635838150288
"(6,1)",0.2,0.02,67,14,5,True,0.9109792284866469
"(6,1)",0.2,0.02,68,16,5,True,0.9109792284866469
"(6,1)",0.2,0.02,69,25,5,True,0.8898897194233378
"(6,1)",0.2,0.02,70,10,5,True,0.9090198123044838
"(6,1)",0.2,0.02,71,22,5,True,0.8955102259587531
"(6,1)",0.2,0.02,72,19,5,True,0.8771428571428571
"(6,1)",0.2,0.02,73,21,5,True,0.8870105476058601
"(6,1)",0.2,0.02,74,20,5,True,0.8977202711028958
"(6,1)",0.2,0.02,75,21,5,True,0.9088594480204568
"(6,1)",0.2,0.02,76,14,5,True,0.891595786684739
"(6,1)",0.2,0.02,77,11,5,True,0.8975925429731569
"(6,1)",0.2,0.02,78,12,5,True,0.9038010323791646
"(6,1)",0.2,0.02,79,12,5,True,0.8987156193027864
"(6,1)",0.2,0.02,80,13,5,True,0.9059029767873624
"(6,1)",0.2,0.02,81,15,5,True,0.9058823529411765
"(6,1)",0.2,0.02,82,22,5,True,0.9001599152286954
"(6,1)",0.2,0.02,83,19,5,True,0.889855072463768
"(6,1)",0.2,0.02,84,23,5,True,0.9010275770278922
"(6,1)",0.2,0.02,85,9,5,True,0.9078324063443941
"(6,1)",0.2,0.02,86,21,5,True,0.8966130337452797
"(6,1)",0.2,0.02,87,12,5,True,0.9109792284866469
"(6,1)",0.2,0.02,88,16,5,True,0.8961253894080997
"(6,1)",0.2,0.02,89,21,5,True,0.8725212464589235
"(6,1)",0.2,0.02,90,20,5,True,0.8864840231491794
"(6,1)",0.2,0.02,91,64,5,True,0.8370654427323437
"(6,1)",0.2,0.02,92,23,5,True,0.9063427223009087
"(6,1)",0.2,0.02,93,21,5,True,0.8471847631730146
"(6,1)",0.2,0.02,94,24,5,True,0.9002932551319648
"(6,1)",0.2,0.02,95,12,5,True,0.9020457358785589
"(6,1)",0.2,0.02,96,15,5,True,0.8860758874734005
"(6,1)",0.2,0.02,97,10,5,True,0.9052041471074939
"(6,1)",0.2,0.02,98,70,1,False,0.22580645161290328
"(6,1)",0.2,0.02,99,21,5,True,0.911504424778761
"(6,1)",0.2,0.02,100,13,5,True,0.9065275963167404
"(6,1)",0.3,0.02,1,32,5,True,0.849732611033014
"(6,1)",0.3,0.02,2,18,5,True,0.8645516474186843
"(6,1)",0.3,0.02,3,15,5,True,0.8966112403877271
"(6,1)",0.3,0.02,4,19,5,True,0.8745799194167059
"(6,1)",0.3,0.02,5,28,5,True,0.8747275404464626
"(6,1)",0.3,0.02,6,13,5,True,0.9059306455355072
"(6,1)",0.3,0.02,7,10,5,True,0.9059029767873624
"(6,1)",0.3,0.02,8,29,5,True,0.8543914139609255
"(6,1)",0.3,0.02,9,16,5,True,0.9075039914848324
"(6,1)",0.3,0.02,10,12,5,True,0.9077380952380952
"(6,1)",0.3,0.02,11,15,5,True,0.9008746355685132
"(6,1)",0.3,0.02,12,17,5,True,0.8506811213938255
"(6,1)",0.3,0.02,13,17,5,True,0.8541079812206572
"(6,1)",0.3,0.02,14,11,5,True,0.886736860926631
"(6,1)",0.3,0.02,15,12,5,True,0.8953488372093023
"(6,1)",0.3,0.02,16,57,5,True,0.8757636270483617
"(6,1)",0.3,0.02,17,19,5,True,0.8803418803418803
"(6,1)",0.3,0.02,18,10,5,True,0.9090909090909091
"(6,1)",0.3,0.02,19,45,5,True,0.8559004710713854
"(6,1)",0.3,0.02,20,28,5,True,0.8539707894706023
"(6,1)",0.3,0.02,21,27,5,True,0.899979831749991
"(6,1)",0.3,0.02,22,13,5,True,0.9029411764705882
"(6,1)",0.3,0.02,23,14,5,True,0.905086085734364
"(6,1)",0.3,0.02,24,15,5,True,0.903225806451613
"(6,1)",0.3,0.02,25,30,5,True,0.8687558889246215
"(6,1)",0.3,0.02,26,24,5,True,0.889855072463768
"(6,1)",0.3,0.02,27,20,5,True,0.853795597330476
"(6,1)",0.3,0.02,28,22,5,True,0.8575070920446888
"(6,1)",0.3,0.02,29,46,5,True,0.8921282798833818
"(6,1)",0.3,0.02,30,12,5,True,0.9000139799778057
"(6,1)",0.3,0.02,31,10,5,True,0.9047974166732788
"(6,1)",0.3,0.02,32,20,5,True,0.8985581347786072
"(6,1)",0.3,0.02,33,16,5,True,0.9055005386329033
"(6,1)",0.3,0.02,34,20,5,True,0.9011627906976745
"(6,1)",0.3,0.02,35,17,5,True,0.8976608187134504
"(6,1)",0.3,0.02,36,25,5,True,0.8622966132717335
"(6,1)",0.3,0.02,37,33,5,True,0.8583333333333334
"(6,1)",0.3,0.02,38,11,5,True,0.9031307260322096
"(6,1)",0.3,0.02,39,15,5,True,0.8641001812090686
"(6,1)",0.3,0.02,40,27,5,True,0.8293333333333334
"(6,1)",0.3,0.02,41,28,5,True,0.8938424124917996
"(6,1)",0.3,0.02,42,24,5,True,0.8880692058152109
"(6,1)",0.3,0.02,43,21,5,True,0.8682634730538923
"(6,1)",0.3,0.02,44,19,5,True,0.8953545598493602
"(6,1)",0.3,0.02,45,21,5,True,0.8658170041839928
"(6,1)",0.3,0.02,46,14,5,True,0.8774550419530639
"(6,1)",0.3,0.02,47,20,5,True,0.8937529121634675
"(6,1)",0.3,0.02,48,22,5,True,0.8871208057691162
"(6,1)",0.3,0.02,49,21,5,True,0.8476353736008874
"(6,1)",0.3,0.02,50,26,5,True,0.8895348837209301
"(6,1)",0.3,0.02,51,41,5,True,0.8853868194842407
"(6,1)",0.3,0.02,52,19,5,True,0.9120234604105572
"(6,1)",0.3,0.02,53,10,5,True,0.9090198123044838
"(6,1)",0.3,0.02,54,25,5,True,0.8478914366991431
"(6,1)",0.3,0.02,55,20,5,True,0.8969157524322087
"(6,1)",0.3,0.02,56,14,5,True,0.9009797670804982
"(6,1)",0.3,0.02,57,22,5,True,0.8533841222650624
"(6,1)",0.3,0.02,58,21,5,True,0.8987542223513004
"(6,1)",0.3,0.02,59,22,5,True,0.8675671433896377
"(6,1)",0.3,0.02,60,24,5,True,0.8796561604584527
"(6,1)",0.3,0.02,61,13,5,True,0.904247150569886
"(6,1)",0.3,0.02,62,24,5,True,0.8886077243565166
"(6,1)",0.3,0.02,63,19,5,True,0.9059306455355072
"(6,1)",0.3,0.02,64,17,5,True,0.8987542223513004
"(6,1)",0.3,0.02,65,17,5,True,0.9080118694362018
"(6,1)",0.3,0.02,66,38,5,True,0.8855382689942386
"(6,1)",0.3,0.02,67,19,5,True,0.9018464943333766
"(6,1)",0.3,0.02,68,28,5,True,0.9026548672566372
"(6,1)",0.3,0.02,69,19,5,True,0.9080118694362018
"(6,1)",0.3,0.02,70,28,5,True,0.8903630877593504
"(6,1)",0.3,0.02,71,18,5,True,0.8970169232185036
"(6,1)",0.3,0.02,72,29,5,True,0.8482985827993781
"(6,1)",0.3,0.02,73,16,5,True,0.8833312090010709
"(6,1)",0.3,0.02,74,10,5,True,0.8994495593298643
"(6,1)",0.3,0.02,75,11,5,True,0.8899758000256944
"(6,1)",0.3,0.02,76,24,5,True,0.8527777777777777
"(6,1)",0.3,0.02,77,21,5,True,0.8959368912782283
"(6,1)",0.3,0.02,78,23,5,True,0.8619718309859156
"(6,1)",0.3,0.02,79,19,5,True,0.8920537819409927
"(6,1)",0.3,0.02,80,39,5,True,0.9064327485380117
"(6,1)",0.3,0.02,81,12,5,True,0.9080118694362018
"(6,1)",0.3,0.02,82,25,5,True,0.8647887323943663
"(6,1)",0.3,0.02,83,9,5,True,0.9109792284866469
"(6,1)",0.3,0.02,84,18,5,True,0.9081773158327227
"(6,1)",0.3,0.02,85,17,5,True,0.8978390528330441
"(6,1)",0.3,0.02,86,30,5,True,0.8540209790209791
"(6,1)",0.3,0.02,87,28,5,True,0.8945868945868946
"(6,1)",0.3,0.02,88,30,5,True,0.8589226444566509
"(6,1)",0.3,0.02,89,18,5,True,0.89816916959925
"(6,1)",0.3,0.02,90,15,5,True,0.8973607038123166
"(6,1)",0.3,0.02,91,27,5,True,0.8622122188035006
"(6,1)",0.3,0.02,92,21,5,True,0.8869565217391304
"(6,1)",0.3,0.02,93,24,5,True,0.8627920839294231
"(6,1)",0.3,0.02,94,25,5,True,0.9093567251461988
"(6,1)",0.3,0.02,95,12,5,True,0.9058823529411765
"(6,1)",0.3,0.02,96,15,5,True,0.8965087281795512
"(6,1)",0.3,0.02,97,23,5,True,0.8611111111111112
"(6,1)",0.3,0.02,98,47,5,True,0.8803418803418803
"(6,1)",0.3,0.02,99,21,5,True,0.8857998387654037
"(6,1)",0.3,0.02,100,12,5,True,0.8972343464412253
"(6,1)",0.4,0.02,1,70,1,False,0.45200648861452714
"(6,1)",0.4,0.02,2,11,5,True,0.9026548672566372
"(6,1)",0.4,0.02,3,16,5,True,0.8847094543307751
"(6,1)",0.4,0.02,4,33,5,True,0.8746438746438746
"(6,1)",0.4,0.02,5,24,5,True,0.8939308843783731
"(6,1)",0.4,0.02,6,13,5,True,0.9026251367879943
"(6,1)",0.4,0.02,7,62,5,True,0.8711593002026774
"(6,1)",0.4,0.02,8,10,5,True,0.9063427223009087
"(6,1)",0.4,0.02,9,14,5,True,0.8893357014846384
"(6,1)",0.4,0.02,10,14,5,True,0.9040145406076963
"(6,1)",0.4,0.02,11,34,5,True,0.8795518207282913
"(6,1)",0.4,0.02,12,25,5,True,0.8753541076487252
"(6,1)",0.4,0.02,13,18,5,True,0.899135446685879
"(6,1)",0.4,0.02,14,22,5,True,0.8853868194842407
"(6,1)",0.4,0.02,15,12,5,True,0.9025134570372134
"(6,1)",0.4,0.02,16,12,5,True,0.8983124188662917
"(6,1)",0.4,0.02,17,14,5,True,0.8743382755319139
"(6,1)",0.4,0.02,18,29,5,True,0.8516499893549074
"(6,1)",0.4,0.02,19,16,5,True,0.8904899135446686
"(6,1)",0.4,0.02,20,32,5,True,0.8711484593837535
"(6,1)",0.4,0.02,21,30,5,True,0.8542318617820559
"(6,1)",0.4,0.02,22,43,5,True,0.886685552407932
"(6,1)",0.4,0.02,23,11,5,True,0.9104477611940298
"(6,1)",0.4,0.02,24,19,5,True,0.8497800350513252
"(6,1)",0.4,0.02,25,19,5,True,0.8587384491573332
"(6,1)",0.4,0.02,26,26,5,True,0.889855072463768
"(6,1)",0.4,0.02,27,23,5,True,0.8511008224423217
"(6,1)",0.4,0.02,28,31,5,True,0.8200401872953019
"(6,1)",0.4,0.02,29,33,5,True,0.8647887323943663
"(6,1)",0.4,0.02,30,10,5,True,0.9059306455355072
"(6,1)",0.4,0.02,31,23,5,True,0.8517721340913416
"(6,1)",0.4,0.02,32,21,5,True,0.9032085012423644
"(6,1)",0.4,0.02,33,12,5,True,0.8994833255049318
"(6,1)",0.4,0.02,34,18,5,True,0.8828597146663169
"(6,1)",0.4,0.02,35,31,5,True,0.8033404231828756
"(6,1)",0.4,0.02,36,17,5,True,0.9096209912536444
"(6,1)",0.4,0.02,37,61,5,True,0.8461538461538461
"(6,1)",0.4,0.02,38,16,5,True,0.9090198123044838
"(6,1)",0.4,0.02,39,31,5,True,0.8419618528610354
"(6,1)",0.4,0.02,40,14,5,True,0.8945853900372901
"(6,1)",0.4,0.02,41,19,5,True,0.8924957453658985
"(6,1)",0.4,0.02,42,33,5,True,0.8718559920010069
"(6,1)",0.4,0.02,43,15,5,True,0.9013231666292891
"(6,1)",0.4,0.02,44,13,5,True,0.9027224353918637
"(6,1)",0.4,0.02,45,20,5,True,0.857790221164436
"(6,1)",0.4,0.02,46,18,5,True,0.9009455200360199
"(6,1)",0.4,0.02,47,12,5,True,0.9109792284866469
"(6,1)",0.4,0.02,48,18,5,True,0.8700779369159831
"(6,1)",0.4,0.02,49,19,5,True,0.8943654643370629
"(6,1)",0.4,0.02,50,26,5,True,0.8459541248845813
"(6,1)",0.4,0.02,51,16,5,True,0.8527777777777777
"(6,1)",0.4,0.02,52,11,5,True,0.9058823529411765
"(6,1)",0.4,0.02,53,23,5,True,0.8651685393258427
"(6,1)",0.4,0.02,54,19,5,True,0.8699480047854147
"(6,1)",0.4,0.02,55,14,5,True,0.9018134911601791
"(6,1)",0.4,0.02,56,19,5,True,0.875
"(6,1)",0.4,0.02,57,19,5,True,0.8665793709688504
"(6,1)",0.4,0.02,58,21,5,True,0.8891155201186723
"(6,1)",0.4,0.02,59,14,5,True,0.8961261369352523
"(6,1)",0.4,0.02,60,32,5,True,0.8731675822703344
"(6,1)",0.4,0.02,61,34,5,True,0.8558101995232464
"(6,1)",0.4,0.02,62,14,5,True,0.8871307761273596
"(6,1)",0.4,0.02,63,15,5,True,0.8657184820283292
"(6,1)",0.4,0.02,64,41,5,True,0.8272445371934525
"(6,1)",0.4,0.02,65,20,5,True,0.899135446685879
"(6,1)",0.4,0.02,66,40,5,True,0.8584470299447442
"(6,1)",0.4,0.02,67,19,5,True,0.9063427223009087
"(6,1)",0.4,0.02,68,13,5,True,0.9029411764705882
"(6,1)",0.4,0.02,69,10,5,True,0.9085545722713865
"(6,1)",0.4,0.02,70,16,5,True,0.8928259886306392
"(6,1)",0.4,0.02,71,47,5,True,0.8529427487036938
"(6,1)",0.4,0.02,72,18,5,True,0.9005118555460094
"(6,1)",0.4,0.02,73,18,5,True,0.8955067920585162
"(6,1)",0.4,0.02,74,17,5,True,0.8773410299634352
"(6,1)",0.4,0.02,75,17,5,True,0.8988439306358382
"(6,1)",0.4,0.02,76,32,5,True,0.8486561233860209
"(6,1)",0.4,0.02,77,70,0,False,0.40676796407223836
"(6,1)",0.4,0.02,78,16,5,True,0.911504424778761
"(6,1)",0.4,0.02,79,26,5,True,0.9096045197740112
"(6,1)",0.4,0.02,80,25,5,True,0.8590253913612761
"(6,1)",0.4,0.02,81,30,5,True,0.8893542642230939
"(6,1)",0.4,0.02,82,30,5,True,0.8399812567562472
"(6,1)",0.4,0.02,83,19,5,True,0.9093567251461988
"(6,1)",0.4,0.02,84,19,5,True,0.8803282875185735
"(6,1)",0.4,0.02,85,43,5,True,0.8544030035975391
"(6,1)",0.4,0.02,86,17,5,True,0.9112426035502958
"(6,1)",0.4,0.02,87,11,5,True,0.9056893466802068
"(6,1)",0.4,0.02,88,28,5,True,0.8611259254548828
"(6,1)",0.4,0.02,89,8,5,True,0.908284023668639
"(6,1)",0.4,0.02,90,23,5,True,0.856266149870801
"(6,1)",0.4,0.02,91,18,5,True,0.8638888888888889
"(6,1)",0.4,0.02,92,28,5,True,0.8627450980392157
"(6,1)",0.4,0.02,93,11,5,True,0.9063427223009087
"(6,1)",0.4,0.02,94,35,5,True,0.8667432484134066
"(6,1)",0.4,0.02,95,14,5,True,0.8904899135446686
"(6,1)",0.4,0.02,96,16,5,True,0.8922976365862263
"(6,1)",0.4,0.02,97,18,5,True,0.9048410061699099
"(6,1)",0.4,0.02,98,31,5,True,0.860336953302903
"(6,1)",0.4,0.02,99,16,5,True,0.9052467500283674
"(6,1)",0.4,0.02,100,21,5,True,0.8726173902581554
"(6,1)",0.5,0.02,1,34,5,True,0.8738425925925926
"(6,1)",0.5,0.02,2,22,5,True,0.8833277007515226
"(6,1)",0.5,0.02,3,19,5,True,0.8908045977011494
"(6,1)",0.5,0.02,4,16,5,True,0.8574558255508337
"(6,1)",0.5,0.02,5,21,5,True,0.9054370418991357
"(6,1)",0.5,0.02,6,22,5,True,0.8443678079681967
"(6,1)",0.5,0.02,7,25,5,True,0.8714918965169416
"(6,1)",0.5,0.02,8,24,5,True,0.8895348837209301
"(6,1)",0.5,0.02,9,21,5,True,0.886736860926631
"(6,1)",0.5,0.02,10,63,5,True,0.8505872712373668
"(6,1)",0.5,0.02,11,32,5,True,0.8358448554177901
"(6,1)",0.5,0.02,12,24,5,True,0.8416849080044962
"(6,1)",0.5,0.02,13,31,5,True,0.8723127722126834
"(6,1)",0.5,0.02,14,27,5,True,0.8882521489971347
"(6,1)",0.5,0.02,15,13,5,True,0.9021254723602491
"(6,1)",0.5,0.02,16,22,5,True,0.8829422643796196
"(6,1)",0.5,0.02,17,15,5,True,0.8960984769455457
"(6,1)",0.5,0.02,18,29,5,True,0.8926123026782872
"(6,1)",0.5,0.02,19,8,5,True,0.9112426035502958
"(6,1)",0.5,0.02,20,23,5,True,0.8658156169978737
"(6,1)",0.5,0.02,21,28,5,True,0.8416027227787403
"(6,1)",0.5,0.02,22,41,5,True,0.8823254364089775
"(6,1)",0.5,0.02,23,17,5,True,0.9112426035502958
"(6,1)",0.5,0.02,24,19,5,True,0.8473189805088753
"(6,1)",0.5,0.02,25,18,5,True,0.8929577464788732
"(6,1)",0.5,0.02,26,19,5,True,0.8823254364089775
"(6,1)",0.5,0.02,27,19,5,True,0.8644430322075156
"(6,1)",0.5,0.02,28,19,5,True,0.898550724637681
"(6,1)",0.5,0.02,29,15,5,True,0.852367688022284
"(6,1)",0.5,0.02,30,37,5,True,0.8184893958574467
"(6,1)",0.5,0.02,31,23,5,True,0.8791271892047086
"(6,1)",0.5,0.02,32,33,5,True,0.8263826269802275
"(6,1)",0.5,0.02,33,25,5,True,0.861878453038674
"(6,1)",0.5,0.02,34,35,5,True,0.8555555555555556
"(6,1)",0.5,0.02,35,16,5,True,0.8823254364089775
"(6,1)",0.5,0.02,36,33,5,True,0.8371575704323261
"(6,1)",0.5,0.02,37,70,2,False,0.46617746851186037
"(6,1)",0.5,0.02,38,70,2,False,0.4767121572253273
"(6,1)",0.5,0.02,39,70,1,False,0.43016762202717423
"(6,1)",0.5,0.02,40,14,5,True,0.8976438133840301
"(6,1)",0.5,0.02,41,70,3,False,0.13846153846153847
"(6,1)",0.5,0.02,42,15,5,True,0.886039886039886
"(6,1)",0.5,0.02,43,16,5,True,0.8555555555555555
"(6,1)",0.5,0.02,44,22,5,True,0.8858447488584474
"(6,1)",0.5,0.02,45,30,5,True,0.8872832369942196
"(6,1)",0.5,0.02,46,38,5,True,0.8704976472766704
"(6,1)",0.5,0.02,47,24,5,True,0.8655296685154863
"(6,1)",0.5,0.02,48,29,5,True,0.8604633289415898
"(6,1)",0.5,0.02,49,31,5,True,0.8746438746438746
"(6,1)",0.5,0.02,50,33,5,True,0.8474991970568484
"(6,1)",0.5,0.02,51,22,5,True,0.8831908831908831
"(6,1)",0.5,0.02,52,19,5,True,0.8926203263301935
"(6,1)",0.5,0.02,53,12,5,True,0.9104477611940298
"(6,1)",0.5,0.02,54,17,5,True,0.9064327485380117
"(6,1)",0.5,0.02,55,21,5,True,0.9112426035502958
"(6,1)",0.5,0.02,56,16,5,True,0.8955067920585162
"(6,1)",0.5,0.02,57,18,5,True,0.9109792284866469
"(6,1)",0.5,0.02,58,29,5,True,0.8602613254048979
"(6,1)",0.5,0.02,59,47,5,True,0.8288770053475937
"(6,1)",0.5,0.02,60,13,5,True,0.898865230707827
"(6,1)",0.5,0.02,61,15,5,True,0.9052563822293473
"(6,1)",0.5,0.02,62,20,5,True,0.841567877466929
"(6,1)",0.5,0.02,63,35,5,True,0.8345483845879073
"(6,1)",0.5,0.02,64,30,5,True,0.8542143745136749
"(6,1)",0.5,0.02,65,19,5,True,0.8662952646239555
"(6,1)",0.5,0.02,66,21,5,True,0.8640328393263011
"(6,1)",0.5,0.02,67,25,5,True,0.8674885723863368
"(6,1)",0.5,0.02,68,15,5,True,0.8828309092386446
"(6,1)",0.5,0.02,69,15,5,True,0.8773765044349681
"(6,1)",0.5,0.02,70,14,5,True,0.8753541076487252
"(6,1)",0.5,0.02,71,31,5,True,0.9016838319437632
"(6,1)",0.5,0.02,72,13,5,True,0.9022738683456285
"(6,1)",0.5,0.02,73,16,5,True,0.8978078338853581
"(6,1)",0.5,0.02,74,18,5,True,0.890331071839205
"(6,1)",0.5,0.02,75,24,5,True,0.9090909090909091
"(6,1)",0.5,0.02,76,22,5,True,0.8692209939245394
"(6,1)",0.5,0.02,77,16,5,True,0.8982688015669863
"(6,1)",0.5,0.02,78,31,5,True,0.886039886039886
"(6,1)",0.5,0.02,79,14,5,True,0.8871615720524016
"(6,1)",0.5,0.02,80,27,5,True,0.8716192465400874
"(6,1)",0.5,0.02,81,19,5,True,0.884229274611399
"(6,1)",0.5,0.02,82,27,5,True,0.8658156169978737
"(6,1)",0.5,0.02,83,27,5,True,0.8742718764317037
"(6,1)",0.5,0.02,84,19,5,True,0.8851193704203503
"(6,1)",0.5,0.02,85,18,5,True,0.8897944399166893
"(6,1)",0.5,0.02,86,28,5,True,0.8423194046551169
"(6,1)",0.5,0.02,87,30,5,True,0.8666666666666667
"(6,1)",0.5,0.02,88,36,5,True,0.8539877983917908
"(6,1)",0.5,0.02,89,11,5,True,0.9026363954181833
"(6,1)",0.5,0.02,90,33,5,True,0.85614115018282
"(6,1)",0.5,0.02,91,19,5,True,0.9070844170455374
"(6,1)",0.5,0.02,92,21,5,True,0.8548661800486618
"(6,1)",0.5,0.02,93,46,5,True,0.8368794326241135
"(6,1)",0.5,0.02,94,70,2,False,0.631640818347502
"(6,1)",0.5,0.02,95,36,5,True,0.8231803792570223
"(6,1)",0.5,0.02,96,21,5,True,0.8859070111577668
"(6,1)",0.5,0.02,97,32,5,True,0.8499391057638845
"(6,1)",0.5,0.02,98,31,5,True,0.8583333333333334
"(6,1)",0.5,0.02,99,15,5,True,0.8584757834757833
"(6,1)",0.5,0.02,100,14,5,True,0.8882167943970631
"(6,1)",0.6,0.02,1,20,5,True,0.8623653011730218
"(6,1)",0.6,0.02,2,21,5,True,0.8943881269462666
"(6,1)",0.6,0.02,3,53,5,True,0.7948261272677468
"(6,1)",0.6,0.02,4,21,5,True,0.8972020725388602
"(6,1)",0.6,0.02,5,34,5,True,0.8414467503096154
"(6,1)",0.6,0.02,6,41,5,True,0.776203951678204
"(6,1)",0.6,0.02,7,44,5,True,0.8483316481294236
"(6,1)",0.6,0.02,8,42,5,True,0.8575873576756968
"(6,1)",0.6,0.02,9,17,5,True,0.8756383110149375
"(6,1)",0.6,0.02,10,29,5,True,0.857276643566211
"(6,1)",0.6,0.02,11,14,5,True,0.9021254723602491
"(6,1)",0.6,0.02,12,34,5,True,0.823396843750946
"(6,1)",0.6,0.02,13,16,5,True,0.8672316384180792
"(6,1)",0.6,0.02,14,23,5,True,0.9020172910662825
"(6,1)",0.6,0.02,15,16,5,True,0.9086215797625193
"(6,1)",0.6,0.02,16,18,5,True,0.9065275963167403
"(6,1)",0.6,0.02,17,18,5,True,0.8967499055891239
"(6,1)",0.6,0.02,18,19,5,True,0.8661971830985915
"(6,1)",0.6,0.02,19,29,5,True,0.8791716618531129
"(6,1)",0.6,0.02,20,19,5,True,0.9088235294117647
"(6,1)",0.6,0.02,21,32,5,True,0.8683473389355743
"(6,1)",0.6,0.02,22,12,5,True,0.9047325148235502
"(6,1)",0.6,0.02,23,42,5,True,0.8105263157894737
"(6,1)",0.6,0.02,24,33,5,True,0.8809348305509042
"(6,1)",0.6,0.02,25,25,5,True,0.870230607966457
"(6,1)",0.6,0.02,26,30,5,True,0.8725212464589235
"(6,1)",0.6,0.02,27,22,5,True,0.8867259607316663
"(6,1)",0.6,0.02,28,14,5,True,0.8954956123784207
"(6,1)",0.6,0.02,29,19,5,True,0.8726173902581554
"(6,1)",0.6,0.02,30,32,5,True,0.8442406419777699
"(6,1)",0.6,0.02,31,19,5,True,0.9008746355685132
"(6,1)",0.6,0.02,32,18,5,True,0.8914285714285713
"(6,1)",0.6,0.02,33,17,5,True,0.897634379861919
"(6,1)",0.6,0.02,34,27,5,True,0.8810198300283286
"(6,1)",0.6,0.02,35,70,0,False,0.4070923259153477
"(6,1)",0.6,0.02,36,31,5,True,0.836263017067895
"(6,1)",0.6,0.02,37,28,5,True,0.8696024446393739
"(6,1)",0.6,0.02,38,17,5,True,0.8711181425757513
"(6,1)",0.6,0.02,39,23,5,True,0.889196675900277
"(6,1)",0.6,0.02,40,40,5,True,0.8159181663060495
"(6,1)",0.6,0.02,41,15,5,True,0.9088594480204568
"(6,1)",0.6,0.02,42,32,5,True,0.8638888888888889
"(6,1)",0.6,0.02,43,12,5,True,0.9104477611940298
"(6,1)",0.6,0.02,44,25,5,True,0.906158357771261
"(6,1)",0.6,0.02,45,27,5,True,0.9016173590180807
"(6,1)",0.6,0.02,46,27,5,True,0.8674005251464351
"(6,1)",0.6,0.02,47,23,5,True,0.8709190860570205
"(6,1)",0.6,0.02,48,22,5,True,0.8816901408450704
"(6,1)",0.6,0.02,49,24,5,True,0.862068934866294
"(6,1)",0.6,0.02,50,27,5,True,0.8691105239982386
"(6,1)",0.6,0.02,51,15,5,True,0.9086215797625193
"(6,1)",0.6,0.02,52,22,5,True,0.864373897707231
"(6,1)",0.6,0.02,53,46,5,True,0.8129163678400932
"(6,1)",0.6,0.02,54,24,5,True,0.8583333333333334
"(6,1)",0.6,0.02,55,38,5,True,0.8210239101888113
"(6,1)",0.6,0.02,56,25,5,True,0.9014492753623189
"(6,1)",0.6,0.02,57,16,5,True,0.889855072463768
"(6,1)",0.6,0.02,58,15,5,True,0.8666666666666667
"(6,1)",0.6,0.02,59,19,5,True,0.9058823529411765
"(6,1)",0.6,0.02,60,70,3,False,0.7759221334424427
"(6,1)",0.6,0.02,61,26,5,True,0.8586919616614896
"(6,1)",0.6,0.02,62,15,5,True,0.8678756618031586
"(6,1)",0.6,0.02,63,22,5,True,0.8527777777777777
"(6,1)",0.6,0.02,64,19,5,True,0.9080118694362018
"(6,1)",0.6,0.02,65,70,1,False,0.4643344945176862
"(6,1)",0.6,0.02,66,11,5,True,0.9085196535053269
"(6,1)",0.6,0.02,67,20,5,True,0.9037325102044961
"(6,1)",0.6,0.02,68,22,5,True,0.900922536918796
"(6,1)",0.6,0.02,69,16,5,True,0.8736803060549443
"(6,1)",0.6,0.02,70,9,5,True,0.9070844170455374
"(6,1)",0.6,0.02,71,16,5,True,0.8771428571428571
"(6,1)",0.6,0.02,72,23,5,True,0.888191695260255
"(6,1)",0.6,0.02,73,45,5,True,0.8335927193260206
"(6,1)",0.6,0.02,74,56,5,True,0.8687814356740506
"(6,1)",0.6,0.02,75,24,5,True,0.8525241001805077
"(6,1)",0.6,0.02,76,26,5,True,0.8705540851770324
"(6,1)",0.6,0.02,77,26,5,True,0.875
"(6,1)",0.6,0.02,78,59,5,True,0.7657587264090802
"(6,1)",0.6,0.02,79,24,5,True,0.8932584269662921
"(6,1)",0.6,0.02,80,30,5,True,0.8861065730824308
"(6,1)",0.6,0.02,81,24,5,True,0.8707537825082059
"(6,1)",0.6,0.02,82,70,1,False,0.3953932132398493
"(6,1)",0.6,0.02,83,29,5,True,0.8881536569091785
"(6,1)",0.6,0.02,84,21,5,True,0.9109792284866469
"(6,1)",0.6,0.02,85,19,5,True,0.8693334184604685
"(6,1)",0.6,0.02,86,27,5,True,0.8805555555555555
"(6,1)",0.6,0.02,87,33,5,True,0.8353568562093737
"(6,1)",0.6,0.02,88,18,5,True,0.8911174785100286
"(6,1)",0.6,0.02,89,30,5,True,0.8527777777777777
"(6,1)",0.6,0.02,90,19,5,True,0.8810198300283286
"(6,1)",0.6,0.02,91,18,5,True,0.9047974166732788
"(6,1)",0.6,0.02,92,24,5,True,0.8853989813242784
"(6,1)",0.6,0.02,93,27,5,True,0.8771600260430564
"(6,1)",0.6,0.02,94,32,5,True,0.9054441260744986
"(6,1)",0.6,0.02,95,16,5,True,0.9090909090909091
"(6,1)",0.6,0.02,96,19,5,True,0.9043762998362759
"(6,1)",0.6,0.02,97,21,5,True,0.888769412730278
"(6,1)",0.6,0.02,98,18,5,True,0.8919981269494159
"(6,1)",0.6,0.02,99,36,5,True,0.8710134656272147
"(6,1)",0.6,0.02,100,31,5,True,0.8384731052312238
"(6,1)",0.7,0.02,1,32,5,True,0.8470430107526882
"(6,1)",0.7,0.02,2,25,5,True,0.8545950327069656
"(6,1)",0.7,0.02,3,40,5,True,0.8541079812206572
"(6,1)",0.7,0.02,4,30,5,True,0.8709877241849264
"(6,1)",0.7,0.02,5,30,5,True,0.8000768802614082
"(6,1)",0.7,0.02,6,33,5,True,0.8415683798436047
"(6,1)",0.7,0.02,7,20,5,True,0.8901734104046243
"(6,1)",0.7,0.02,8,36,5,True,0.8371803923850424
"(6,1)",0.7,0.02,9,17,5,True,0.8909457478005866
"(6,1)",0.7,0.02,10,13,5,True,0.8950437317784256
"(6,1)",0.7,0.02,11,18,5,True,0.8878124529541455
"(6,1)",0.7,0.02,12,32,5,True,0.8226170042165641
"(6,1)",0.7,0.02,13,41,5,True,0.861878453038674
"(6,1)",0.7,0.02,14,46,5,True,0.8616279316064075
"(6,1)",0.7,0.02,15,30,5,True,0.8850574712643677
"(6,1)",0.7,0.02,16,26,5,True,0.8698900020697865
"(6,1)",0.7,0.02,17,26,5,True,0.8290253529831891
"(6,1)",0.7,0.02,18,23,5,True,0.9026363954181833
"(6,1)",0.7,0.02,19,28,5,True,0.8793103448275862
"(6,1)",0.7,0.02,20,27,5,True,0.851394004482417
"(6,1)",0.7,0.02,21,16,5,True,0.8987542223513004
"(6,1)",0.7,0.02,22,63,5,True,0.8204027731924728
"(6,1)",0.7,0.02,23,20,5,True,0.9107142857142857
"(6,1)",0.7,0.02,24,26,5,True,0.8170809194543076
"(6,1)",0.7,0.02,25,21,5,True,0.8771428571428571
"(6,1)",0.7,0.02,26,54,5,True,0.9058823529411765
"(6,1)",0.7,0.02,27,27,5,True,0.884229274611399
"(6,1)",0.7,0.02,28,29,5,True,0.9086032814472024
"(6,1)",0.7,0.02,29,26,5,True,0.8785310734463276
"(6,1)",0.7,0.02,30,23,5,True,0.895891952729319
"(6,1)",0.7,0.02,31,23,5,True,0.8599204206024667
"(6,1)",0.7,0.02,32,48,5,True,0.80377368447511
"(6,1)",0.7,0.02,33,22,5,True,0.8469030560883383
"(6,1)",0.7,0.02,34,17,5,True,0.8968913339221909
"(6,1)",0.7,0.02,35,16,5,True,0.9085196535053269
"(6,1)",0.7,0.02,36,40,5,True,0.8397510522073968
"(6,1)",0.7,0.02,37,57,5,True,0.8698895095608773
"(6,1)",0.7,0.02,38,19,5,True,0.8935574229691876
"(6,1)",0.7,0.02,39,19,5,True,0.9089506172839505
"(6,1)",0.7,0.02,40,22,5,True,0.8687084408402217
"(6,1)",0.7,0.02,41,32,5,True,0.8847262247838616
"(6,1)",0.7,0.02,42,41,5,True,0.8381927943206609
"(6,1)",0.7,0.02,43,40,5,True,0.8585470085470086
"(6,1)",0.7,0.02,44,42,5,True,0.8579982199207055
"(6,1)",0.7,0.02,45,29,5,True,0.8619642147061993
"(6,1)",0.7,0.02,46,47,5,True,0.8474330282383975
"(6,1)",0.7,0.02,47,17,5,True,0.9011627906976745
"(6,1)",0.7,0.02,48,22,5,True,0.8583333333333334
"(6,1)",0.7,0.02,49,34,5,True,0.8799645390070922
"(6,1)",0.7,0.02,50,30,5,True,0.8959071980963712
"(6,1)",0.7,0.02,51,20,5,True,0.9044162562100994
"(6,1)",0.7,0.02,52,19,5,True,0.8683473389355743
"(6,1)",0.7,0.02,53,23,5,True,0.8604629485848988
"(6,1)",0.7,0.02,54,39,5,True,0.8312534659517129
"(6,1)",0.7,0.02,55,29,5,True,0.8699915032340559
"(6,1)",0.7,0.02,56,18,5,True,0.9088235294117647
"(6,1)",0.7,0.02,57,23,5,True,0.8815125131234199
"(6,1)",0.7,0.02,58,52,5,True,0.8972222222222223
"(6,1)",0.7,0.02,59,31,5,True,0.8575873576756968
"(6,1)",0.7,0.02,60,26,5,True,0.8813559322033898
"(6,1)",0.7,0.02,61,33,5,True,0.8756038647342995
"(6,1)",0.7,0.02,62,21,5,True,0.8850574712643677
"(6,1)",0.7,0.02,63,54,5,True,0.7880318194209194
"(6,1)",0.7,0.02,64,38,5,True,0.8286430106318208
"(6,1)",0.7,0.02,65,40,5,True,0.8493241562318601
"(6,1)",0.7,0.02,66,18,5,True,0.8927536231884059
"(6,1)",0.7,0.02,67,37,5,True,0.8071355379196729
"(6,1)",0.7,0.02,68,29,5,True,0.876526169615784
"(6,1)",0.7,0.02,69,24,5,True,0.8611501409542789
"(6,1)",0.7,0.02,70,23,5,True,0.8779521152952116
"(6,1)",0.7,0.02,71,18,5,True,0.8611111111111112
"(6,1)",0.7,0.02,72,12,5,True,0.8940513704265206
"(6,1)",0.7,0.02,73,28,5,True,0.8774928774928775
"(6,1)",0.7,0.02,74,31,5,True,0.8796441127710387
"(6,1)",0.7,0.02,75,29,5,True,0.8925461260899101
"(6,1)",0.7,0.02,76,36,5,True,0.8516460905349795
"(6,1)",0.7,0.02,77,14,5,True,0.9059306455355072
"(6,1)",0.7,0.02,78,16,5,True,0.9038010323791646
"(6,1)",0.7,0.02,79,34,5,True,0.8707138842046094
"(6,1)",0.7,0.02,80,22,5,True,0.85949711846599
"(6,1)",0.7,0.02,81,12,5,True,0.9058823529411765
"(6,1)",0.7,0.02,82,23,5,True,0.8558101995232464
"(6,1)",0.7,0.02,83,23,5,True,0.8932449476331946
"(6,1)",0.7,0.02,84,39,5,True,0.8214487840397737
"(6,1)",0.7,0.02,85,7,5,True,0.9086215797625193
"(6,1)",0.7,0.02,86,18,5,True,0.8983328604669577
"(6,1)",0.7,0.02,87,70,0,False,0.3963859828022525
"(6,1)",0.7,0.02,88,29,5,True,0.886039886039886
"(6,1)",0.7,0.02,89,31,5,True,0.8803418803418803
"(6,1)",0.7,0.02,90,27,5,True,0.8604607062299139
"(6,1)",0.7,0.02,91,27,5,True,0.8664385552961948
"(6,1)",0.7,0.02,92,14,5,True,0.8893636363636364
"(6,1)",0.7,0.02,93,15,5,True,0.8827737108071004
"(6,1)",0.7,0.02,94,30,5,True,0.8702053570797701
"(6,1)",0.7,0.02,95,25,5,True,0.9080118694362018
"(6,1)",0.7,0.02,96,22,5,True,0.8908045977011494
"(6,1)",0.7,0.02,97,46,5,True,0.8255927449420951
"(6,1)",0.7,0.02,98,29,5,True,0.8373056994818653
"(6,1)",0.7,0.02,99,8,5,True,0.9053254437869822
"(6,1)",0.7,0.02,100,24,5,True,0.9059306455355072
"(6,1)",0.8,0.02,1,44,5,True,0.8725212464589235
"(6,1)",0.8,0.02,2,48,5,True,0.8388137173981668
"(6,1)",0.8,0.02,3,17,5,True,0.8794858631745139
"(6,1)",0.8,0.02,4,26,5,True,0.8153380807410922
"(6,1)",0.8,0.02,5,38,5,True,0.8498639809803197
"(6,1)",0.8,0.02,6,25,5,True,0.8662051014675328
"(6,1)",0.8,0.02,7,25,5,True,0.876056338028169
"(6,1)",0.8,0.02,8,19,5,True,0.8725991899307523
"(6,1)",0.8,0.02,9,22,5,True,0.8328386941525627
"(6,1)",0.8,0.02,10,70,4,False,0.7978723404255319
"(6,1)",0.8,0.02,11,29,5,True,0.887608069164265
"(6,1)",0.8,0.02,12,20,5,True,0.8561533568843849
"(6,1)",0.8,0.02,13,37,5,True,0.8811881188118811
"(6,1)",0.8,0.02,14,22,5,True,0.8821494347609309
"(6,1)",0.8,0.02,15,24,5,True,0.8962238981515926
"(6,1)",0.8,0.02,16,20,5,True,0.884229274611399
"(6,1)",0.8,0.02,17,35,5,True,0.8487812629883785
"(6,1)",0.8,0.02,18,70,4,False,0.7731958762886598
"(6,1)",0.8,0.02,19,23,5,True,0.8946126212282831
"(6,1)",0.8,0.02,20,26,5,True,0.8882521489971347
"(6,1)",0.8,0.02,21,29,5,True,0.8796033994334278
"(6,1)",0.8,0.02,22,28,5,True,0.887517258724468
"(6,1)",0.8,0.02,23,35,5,True,0.8694444444444445
"(6,1)",0.8,0.02,24,16,5,True,0.9021520746275538
"(6,1)",0.8,0.02,25,27,5,True,0.911504424778761
"(6,1)",0.8,0.02,26,22,5,True,0.8926288078224897
"(6,1)",0.8,0.02,27,25,5,True,0.8081248217943222
"(6,1)",0.8,0.02,28,42,5,True,0.8256231036898556
"(6,1)",0.8,0.02,29,20,5,True,0.8833277007515226
"(6,1)",0.8,0.02,30,14,5,True,0.8927096048342081
"(6,1)",0.8,0.02,31,60,5,True,0.8985507246376813
"(6,1)",0.8,0.02,32,70,4,False,0.7861064132650771
"(6,1)",0.8,0.02,33,29,5,True,0.8674321503131524
"(6,1)",0.8,0.02,34,24,5,True,0.9032324062605681
"(6,1)",0.8,0.02,35,19,5,True,0.9052563822293473
"(6,1)",0.8,0.02,36,35,5,True,0.9040697674418605
"(6,1)",0.8,0.02,37,13,5,True,0.8961266447701924
"(6,1)",0.8,0.02,38,24,5,True,0.8524006073860367
"(6,1)",0.8,0.02,39,20,5,True,0.8932852491568235
"(6,1)",0.8,0.02,40,28,5,True,0.8487847222222222
"(6,1)",0.8,0.02,41,38,5,True,0.8448132483637341
"(6,1)",0.8,0.02,42,26,5,True,0.8354532908884525
"(6,1)",0.8,0.02,43,35,5,True,0.8722222222222222
"(6,1)",0.8,0.02,44,19,5,True,0.8402661439846679
"(6,1)",0.8,0.02,45,30,5,True,0.869284158265363
"(6,1)",0.8,0.02,46,40,5,True,0.8804347826086956
"(6,1)",0.8,0.02,47,19,5,True,0.8864840231491794
"(6,1)",0.8,0.02,48,12,5,True,0.8994283071759159
"(6,1)",0.8,0.02,49,20,5,True,0.8838427947598253
"(6,1)",0.8,0.02,50,12,5,True,0.9085196535053269
"(6,1)",0.8,0.02,51,32,5,True,0.8862870619946092
"(6,1)",0.8,0.02,52,28,5,True,0.8571112563121189
"(6,1)",0.8,0.02,53,17,5,True,0.9035087719298246
"(6,1)",0.8,0.02,54,65,5,True,0.8602859471071931
"(6,1)",0.8,0.02,55,35,5,True,0.8749097012202098
"(6,1)",0.8,0.02,56,17,5,True,0.9107142857142857
"(6,1)",0.8,0.02,57,22,5,True,0.9040697674418605
"(6,1)",0.8,0.02,58,33,5,True,0.8300906042354628
"(6,1)",0.8,0.02,59,70,1,False,0.4079058592223928
"(6,1)",0.8,0.02,60,15,5,True,0.9117647058823529
"(6,1)",0.8,0.02,61,70,1,False,0.427142162876125
"(6,1)",0.8,0.02,62,26,5,True,0.8831908831908831
"(6,1)",0.8,0.02,63,22,5,True,0.8929040200137115
"(6,1)",0.8,0.02,64,35,5,True,0.8726940084029827
"(6,1)",0.8,0.02,65,17,5,True,0.9030983060978709
"(6,1)",0.8,0.02,66,32,5,True,0.8725212464589235
"(6,1)",0.8,0.02,67,30,5,True,0.8939828080229225
"(6,1)",0.8,0.02,68,11,5,True,0.9036128743965884
"(6,1)",0.8,0.02,69,42,5,True,0.8022325028028138
"(6,1)",0.8,0.02,70,26,5,True,0.8493150684931506
"(6,1)",0.8,0.02,71,46,5,True,0.8122594107538952
"(6,1)",0.8,0.02,72,21,5,True,0.8756467686375686
"(6,1)",0.8,0.02,73,69,5,True,0.7575945707430637
"(6,1)",0.8,0.02,74,13,5,True,0.9107142857142857
"(6,1)",0.8,0.02,75,32,5,True,0.8524590163934426
"(6,1)",0.8,0.02,76,34,5,True,0.8283143327536672
"(6,1)",0.8,0.02,77,70,3,False,0.570711520991121
"(6,1)",0.8,0.02,78,21,5,True,0.9001599152286954
"(6,1)",0.8,0.02,79,22,5,True,0.8798369774742524
"(6,1)",0.8,0.02,80,19,5,True,0.8893636363636364
"(6,1)",0.8,0.02,81,70,2,False,0.5527377726713142
"(6,1)",0.8,0.02,82,51,5,True,0.8638888624523109
"(6,1)",0.8,0.02,83,70,1,False,0.45079109307882437
"(6,1)",0.8,0.02,84,21,5,True,0.9089506172839505
"(6,1)",0.8,0.02,85,15,5,True,0.8916881847163173
"(6,1)",0.8,0.02,86,33,5,True,0.8410526852233303
"(6,1)",0.8,0.02,87,70,1,False,0.5228884388568764
"(6,1)",0.8,0.02,88,30,5,True,0.9009797465108669
"(6,1)",0.8,0.02,89,21,5,True,0.8855396466549442
"(6,1)",0.8,0.02,90,33,5,True,0.89416545915595
"(6,1)",0.8,0.02,91,70,0,False,0.39706399278631016
"(6,1)",0.8,0.02,92,17,5,True,0.8924418604651162
"(6,1)",0.8,0.02,93,19,5,True,0.8771931404917881
"(6,1)",0.8,0.02,94,25,5,True,0.8795973947682163
"(6,1)",0.8,0.02,95,51,5,True,0.8305350050474782
"(6,1)",0.8,0.02,96,24,5,True,0.859431770173215
"(6,1)",0.8,0.02,97,24,5,True,0.8708123029679359
"(6,1)",0.8,0.02,98,17,5,True,0.8758222816719576
"(6,1)",0.8,0.02,99,10,5,True,0.9038010323791646
"(6,1)",0.8,0.02,100,13,5,True,0.890221901497384
"(6,1)",0.9,0.02,1,39,5,True,0.8638888888888889
"(6,1)",0.9,0.02,2,25,5,True,0.8908045977011494
"(6,1)",0.9,0.02,3,18,5,True,0.8931574349424831
"(6,1)",0.9,0.02,4,30,5,True,0.8748107016658253
"(6,1)",0.9,0.02,5,26,5,True,0.9087443844443437
"(6,1)",0.9,0.02,6,70,4,False,0.7753302445800638
"(6,1)",0.9,0.02,7,34,5,True,0.8447949297005901
"(6,1)",0.9,0.02,8,29,5,True,0.8835227272727273
"(6,1)",0.9,0.02,9,40,5,True,0.8527777777777777
"(6,1)",0.9,0.02,10,70,1,False,0.4547810367813628
"(6,1)",0.9,0.02,11,66,5,True,0.8746438746438746
"(6,1)",0.9,0.02,12,35,5,True,0.8770760140530183
"(6,1)",0.9,0.02,13,17,5,True,0.8987630543376355
"(6,1)",0.9,0.02,14,34,5,True,0.8686727113947796
"(6,1)",0.9,0.02,15,39,5,True,0.8540264358746014
"(6,1)",0.9,0.02,16,22,5,True,0.8771647762468918
"(6,1)",0.9,0.02,17,18,5,True,0.9014384138537002
"(6,1)",0.9,0.02,18,37,5,True,0.8927536231884057
"(6,1)",0.9,0.02,19,27,5,True,0.8642481892505206
"(6,1)",0.9,0.02,20,30,5,True,0.8134930086951601
"(6,1)",0.9,0.02,21,29,5,True,0.8549933337565869
"(6,1)",0.9,0.02,22,40,5,True,0.8661140643301198
"(6,1)",0.9,0.02,23,23,5,True,0.9029411764705882
"(6,1)",0.9,0.02,24,27,5,True,0.8583333333333333
"(6,1)",0.9,0.02,25,29,5,True,0.9022738683456285
"(6,1)",0.9,0.02,26,21,5,True,0.8983318925547699
"(6,1)",0.9,0.02,27,24,5,True,0.8583333333333333
"(6,1)",0.9,0.02,28,31,5,True,0.8486317707879931
"(6,1)",0.9,0.02,29,18,5,True,0.8809912637323992
"(6,1)",0.9,0.02,30,41,5,True,0.7862597969413715
"(6,1)",0.9,0.02,31,15,5,True,0.9107142857142857
"(6,1)",0.9,0.02,32,50,5,True,0.8297246650839568
"(6,1)",0.9,0.02,33,32,5,True,0.859672619047619
"(6,1)",0.9,0.02,34,17,5,True,0.8939877627028465
"(6,1)",0.9,0.02,35,49,5,True,0.8464627571790075
"(6,1)",0.9,0.02,36,38,5,True,0.8927536231884059
"(6,1)",0.9,0.02,37,24,5,True,0.8755633894191135
"(6,1)",0.9,0.02,38,45,5,True,0.838265099310904
"(6,1)",0.9,0.02,39,70,1,False,0.4832567853907531
"(6,1)",0.9,0.02,40,29,5,True,0.8771428571428571
"(6,1)",0.9,0.02,41,21,5,True,0.9037900874635569
"(6,1)",0.9,0.02,42,19,5,True,0.9078733479397838
"(6,1)",0.9,0.02,43,47,5,True,0.9109792284866469
"(6,1)",0.9,0.02,44,15,5,True,0.8777723192613209
"(6,1)",0.9,0.02,45,32,5,True,0.8469030560883383
"(6,1)",0.9,0.02,46,35,5,True,0.8802130539444201
"(6,1)",0.9,0.02,47,38,5,True,0.8333333333333334
"(6,1)",0.9,0.02,48,25,5,True,0.8576029396577196
"(6,1)",0.9,0.02,49,28,5,True,0.8962536023054756
"(6,1)",0.9,0.02,50,33,5,True,0.8627450980392157
"(6,1)",0.9,0.02,51,30,5,True,0.8738425925925926
"(6,1)",0.9,0.02,52,33,5,True,0.891660271169097
"(6,1)",0.9,0.02,53,17,5,True,0.8924418604651162
"(6,1)",0.9,0.02,54,43,5,True,0.8869565217391304
"(6,1)",0.9,0.02,55,32,5,True,0.8729210112156331
"(6,1)",0.9,0.02,56,36,5,True,0.8833112140552627
"(6,1)",0.9,0.02,57,33,5,True,0.8429388075893907
"(6,1)",0.9,0.02,58,26,5,True,0.8944444444444444
"(6,1)",0.9,0.02,59,43,5,True,0.8700564971751412
"(6,1)",0.9,0.02,60,28,5,True,0.8796561604584527
"(6,1)",0.9,0.02,61,28,5,True,0.8956521739130435
"(6,1)",0.9,0.02,62,24,5,True,0.9072463768115943
"(6,1)",0.9,0.02,63,16,5,True,0.8583333333333333
"(6,1)",0.9,0.02,64,18,5,True,0.8924957453658985
"(6,1)",0.9,0.02,65,32,5,True,0.8498849433740919
"(6,1)",0.9,0.02,66,18,5,True,0.8771875699917941
"(6,1)",0.9,0.02,67,17,5,True,0.8914154598664504
"(6,1)",0.9,0.02,68,40,5,True,0.8953488372093023
"(6,1)",0.9,0.02,69,22,5,True,0.9007702825843794
"(6,1)",0.9,0.02,70,42,5,True,0.8707865168539326
"(6,1)",0.9,0.02,71,26,5,True,0.8452871249391517
"(6,1)",0.9,0.02,72,32,5,True,0.85
"(6,1)",0.9,0.02,73,29,5,True,0.8694444444444445
"(6,1)",0.9,0.02,74,17,5,True,0.9107142857142857
"(6,1)",0.9,0.02,75,29,5,True,0.8534389425896093
"(6,1)",0.9,0.02,76,44,5,True,0.8704225352112677
"(6,1)",0.9,0.02,77,52,5,True,0.8064492380181109
"(6,1)",0.9,0.02,78,33,5,True,0.876981610653139
"(6,1)",0.9,0.02,79,34,5,True,0.8828571428571428
"(6,1)",0.9,0.02,80,26,5,True,0.8871615720524018
"(6,1)",0.9,0.02,81,26,5,True,0.8175545674203871
"(6,1)",0.9,0.02,82,42,5,True,0.8115887363981766
"(6,1)",0.9,0.02,83,35,5,True,0.8805555555555555
"(6,1)",0.9,0.02,84,14,5,True,0.8980222710078806
"(6,1)",0.9,0.02,85,70,1,False,0.4748389457220049
"(6,1)",0.9,0.02,86,33,5,True,0.874493175562393
"(6,1)",0.9,0.02,87,26,5,True,0.8591160220994476
"(6,1)",0.9,0.02,88,70,0,False,0.3735976257126516
"(6,1)",0.9,0.02,89,23,5,True,0.8899591952982655
"(6,1)",0.9,0.02,90,15,5,True,0.8948926104142099
"(6,1)",0.9,0.02,91,31,5,True,0.8267813530463627
"(6,1)",0.9,0.02,92,70,4,False,0.7885780688262356
"(6,1)",0.9,0.02,93,22,5,True,0.9056047197640118
"(6,1)",0.9,0.02,94,26,5,True,0.8725651255573809
"(6,1)",0.9,0.02,95,20,5,True,0.908284023668639
"(6,1)",0.9,0.02,96,15,5,True,0.8986850614356543
"(6,1)",0.9,0.02,97,50,5,True,0.8448155709810287
"(6,1)",0.9,0.02,98,70,1,False,0.4170993172399336
"(6,1)",0.9,0.02,99,31,5,True,0.8482143119147988
"(6,1)",0.9,0.02,100,57,5,True,0.8418230563002681
"(9,1)",0.1,0.02,1,13,5,True,0.922401579074181
"(9,1)",0.1,0.02,2,13,5,True,0.9299065420560748
"(9,1)",0.1,0.02,3,10,5,True,0.9282407407407407
"(9,1)",0.1,0.02,4,9,5,True,0.9299065420560748
"(9,1)",0.1,0.02,5,16,5,True,0.9242559523809524
"(9,1)",0.1,0.02,6,19,5,True,0.9333333333333333
"(9,1)",0.1,0.02,7,13,5,True,0.9254079254079254
"(9,1)",0.1,0.02,8,13,5,True,0.9280742459396751
"(9,1)",0.1,0.02,9,10,5,True,0.9282407407407407
"(9,1)",0.1,0.02,10,70,3,False,0.15584415584415587
"(9,1)",0.1,0.02,11,10,5,True,0.9294117647058824
"(9,1)",0.1,0.02,12,14,5,True,0.9277389277389277
"(9,1)",0.1,0.02,13,10,5,True,0.9294117647058824
"(9,1)",0.1,0.02,14,16,5,True,0.925774472195577
"(9,1)",0.1,0.02,15,14,5,True,0.9216589861751152
"(9,1)",0.1,0.02,16,11,5,True,0.9236698734148101
"(9,1)",0.1,0.02,17,11,5,True,0.9269095692308488
"(9,1)",0.1,0.02,18,11,5,True,0.9284064665127021
"(9,1)",0.1,0.02,19,12,5,True,0.9284064665127021
"(9,1)",0.1,0.02,20,10,5,True,0.9295774647887324
"(9,1)",0.1,0.02,21,11,5,True,0.9294117647058824
"(9,1)",0.1,0.02,22,8,5,True,0.9282407407407407
"(9,1)",0.1,0.02,23,70,3,False,0.1599999999999999
"(9,1)",0.1,0.02,24,9,5,True,0.9232558139534884
"(9,1)",0.1,0.02,25,12,5,True,0.9299065420560748
"(9,1)",0.1,0.02,26,14,5,True,0.9300699300699301
"(9,1)",0.1,0.02,27,18,5,True,0.925754060324826
"(9,1)",0.1,0.02,28,70,3,False,0.15999999999999998
"(9,1)",0.1,0.02,29,11,5,True,0.9232641643103022
"(9,1)",0.1,0.02,30,11,5,True,0.9299065420560748
"(9,1)",0.1,0.02,31,11,5,True,0.9294117647058824
"(9,1)",0.1,0.02,32,15,5,True,0.925774472195577
"(9,1)",0.1,0.02,33,37,5,True,0.9285714285714286
"(9,1)",0.1,0.02,34,18,5,True,0.9237875288683604
"(9,1)",0.1,0.02,35,19,5,True,0.9228884865267867
"(9,1)",0.1,0.02,36,11,5,True,0.9284505680444767
"(9,1)",0.1,0.02,37,9,5,True,0.9297423887587822
"(9,1)",0.1,0.02,38,15,5,True,0.9281719593444537
"(9,1)",0.1,0.02,39,10,5,True,0.9279722302574487
"(9,1)",0.1,0.02,40,12,5,True,0.927570093457944
"(9,1)",0.1,0.02,41,11,5,True,0.9277389277389277
"(9,1)",0.1,0.02,42,12,5,True,0.9271551876784788
"(9,1)",0.1,0.02,43,13,5,True,0.9267703504808749
"(9,1)",0.1,0.02,44,11,5,True,0.9297423887587822
"(9,1)",0.1,0.02,45,14,5,True,0.9228510411105179
"(9,1)",0.1,0.02,46,70,3,False,0.16666666666666674
"(9,1)",0.1,0.02,47,21,5,True,0.928245323421276
"(9,1)",0.1,0.02,48,12,5,True,0.9171557087321994
"(9,1)",0.1,0.02,49,13,5,True,0.924670707458113
"(9,1)",0.1,0.02,50,13,5,True,0.9277432610929016
"(9,1)",0.1,0.02,51,9,5,True,0.9302325581395349
"(9,1)",0.1,0.02,52,10,5,True,0.9302325581395349
"(9,1)",0.1,0.02,53,18,5,True,0.9255813953488372
"(9,1)",0.1,0.02,54,14,5,True,0.9249651324965132
"(9,1)",0.1,0.02,55,12,5,True,0.9302325581395349
"(9,1)",0.1,0.02,56,9,5,True,0.9284064665127021
"(9,1)",0.1,0.02,57,9,5,True,0.9295774647887324
"(9,1)",0.1,0.02,58,11,5,True,0.9257699060691229
"(9,1)",0.1,0.02,59,12,5,True,0.9297423887587822
"(9,1)",0.1,0.02,60,12,5,True,0.9264367816091954
"(9,1)",0.1,0.02,61,10,5,True,0.923963133640553
"(9,1)",0.1,0.02,62,70,3,False,0.16901408450704233
"(9,1)",0.1,0.02,63,12,5,True,0.925859918610728
"(9,1)",0.1,0.02,64,10,5,True,0.9299065420560748
"(9,1)",0.1,0.02,65,10,5,True,0.9299065420560748
"(9,1)",0.1,0.02,66,12,5,True,0.9241379310344828
"(9,1)",0.1,0.02,67,12,5,True,0.9333333333333333
"(9,1)",0.1,0.02,68,19,5,True,0.9287356321839081
"(9,1)",0.1,0.02,69,15,5,True,0.9299065420560748
"(9,1)",0.1,0.02,70,14,5,True,0.928245323421276
"(9,1)",0.1,0.02,71,70,3,False,0.1621621621621621
"(9,1)",0.1,0.02,72,13,5,True,0.9195402298850575
"(9,1)",0.1,0.02,73,10,5,True,0.9302325581395349
"(9,1)",0.1,0.02,74,13,5,True,0.9297423887587822
"(9,1)",0.1,0.02,75,20,5,True,0.9218390804597701
"(9,1)",0.1,0.02,76,10,5,True,0.9300699300699301
"(9,1)",0.1,0.02,77,14,5,True,0.9283844065166795
"(9,1)",0.1,0.02,78,9,5,True,0.9300699300699301
"(9,1)",0.1,0.02,79,16,5,True,0.9299065420560748
"(9,1)",0.1,0.02,80,9,5,True,0.9333333333333333
"(9,1)",0.1,0.02,81,18,5,True,0.9282407407407407
"(9,1)",0.1,0.02,82,9,5,True,0.928501628664495
"(9,1)",0.1,0.02,83,20,5,True,0.9254079254079254
"(9,1)",0.1,0.02,84,12,5,True,0.9220926926357692
"(9,1)",0.1,0.02,85,13,5,True,0.9277423099245502
"(9,1)",0.1,0.02,86,13,5,True,0.9170506912442397
"(9,1)",0.1,0.02,87,15,5,True,0.9333333333333333
"(9,1)",0.1,0.02,88,70,3,False,0.1739130434782608
"(9,1)",0.1,0.02,89,11,5,True,0.9236111111111112
"(9,1)",0.1,0.02,90,10,5,True,0.9295774647887324
"(9,1)",0.1,0.02,91,12,5,True,0.9276370881580087
"(9,1)",0.1,0.02,92,19,5,True,0.9226681740265923
"(9,1)",0.1,0.02,93,12,5,True,0.9297423887587822
"(9,1)",0.1,0.02,94,8,5,True,0.9251665812403896
"(9,1)",0.1,0.02,95,10,5,True,0.9277389277389277
"(9,1)",0.1,0.02,96,16,5,True,0.9214780600461894
"(9,1)",0.1,0.02,97,10,5,True,0.9283844065166795
"(9,1)",0.1,0.02,98,11,5,True,0.927400468384075
"(9,1)",0.1,0.02,99,10,5,True,0.9295774647887324
"(9,1)",0.1,0.02,100,14,5,True,0.9249651324965132
"(9,1)",0.2,0.02,1,17,5,True,0.9260700037914978
"(9,1)",0.2,0.02,2,16,5,True,0.9140478424015009
"(9,1)",0.2,0.02,3,15,5,True,0.9228884865267867
"(9,1)",0.2,0.02,4,14,5,True,0.9294117647058824
"(9,1)",0.2,0.02,5,15,5,True,0.9231848584025765
"(9,1)",0.2,0.02,6,11,5,True,0.9252576080111686
"(9,1)",0.2,0.02,7,13,5,True,0.9100634246743275
"(9,1)",0.2,0.02,8,22,5,True,0.9253292417849379
"(9,1)",0.2,0.02,9,28,5,True,0.9243119266055047
"(9,1)",0.2,0.02,10,11,5,True,0.926512556742322
"(9,1)",0.2,0.02,11,24,5,True,0.8781863794169401
"(9,1)",0.2,0.02,12,13,5,True,0.9277389277389277
"(9,1)",0.2,0.02,13,16,5,True,0.923963133640553
"(9,1)",0.2,0.02,14,35,5,True,0.8970917225950783
"(9,1)",0.2,0.02,15,23,5,True,0.9288888888888889
"(9,1)",0.2,0.02,16,19,5,True,0.9182864301513611
"(9,1)",0.2,0.02,17,14,5,True,0.9283031193859219
"(9,1)",0.2,0.02,18,18,5,True,0.9190864817246481
"(9,1)",0.2,0.02,19,10,5,True,0.928501628664495
"(9,1)",0.2,0.02,20,17,5,True,0.9294117647058824
"(9,1)",0.2,0.02,21,20,5,True,0.9157175398633258
"(9,1)",0.2,0.02,22,10,5,True,0.9232641643103022
"(9,1)",0.2,0.02,23,15,5,True,0.924670707458113
"(9,1)",0.2,0.02,24,15,5,True,0.9259259259259259
"(9,1)",0.2,0.02,25,15,5,True,0.9255312816461916
"(9,1)",0.2,0.02,26,24,5,True,0.925754060324826
"(9,1)",0.2,0.02,27,17,5,True,0.9232641643103022
"(9,1)",0.2,0.02,28,17,5,True,0.9063926940639269
"(9,1)",0.2,0.02,29,19,5,True,0.9177228247539875
"(9,1)",0.2,0.02,30,27,5,True,0.8933333333333333
"(9,1)",0.2,0.02,31,70,3,False,0.1578947368421053
"(9,1)",0.2,0.02,32,10,5,True,0.927400468384075
"(9,1)",0.2,0.02,33,34,5,True,0.8725274725274725
"(9,1)",0.2,0.02,34,17,5,True,0.9212962962962963
"(9,1)",0.2,0.02,35,22,5,True,0.9243540555343379
"(9,1)",0.2,0.02,36,15,5,True,0.9108287472195918
"(9,1)",0.2,0.02,37,14,5,True,0.9278599804248949
"(9,1)",0.2,0.02,38,10,5,True,0.9295774647887324
"(9,1)",0.2,0.02,39,27,5,True,0.8844444444444444
"(9,1)",0.2,0.02,40,14,5,True,0.9194875262364591
"(9,1)",0.2,0.02,41,10,5,True,0.9300699300699301
"(9,1)",0.2,0.02,42,21,5,True,0.9054366413803826
"(9,1)",0.2,0.02,43,15,5,True,0.9299065420560748
"(9,1)",0.2,0.02,44,12,5,True,0.927570093457944
"(9,1)",0.2,0.02,45,16,5,True,0.9254079254079254
"(9,1)",0.2,0.02,46,18,5,True,0.88
"(9,1)",0.2,0.02,47,16,5,True,0.9128440366972477
"(9,1)",0.2,0.02,48,25,5,True,0.9101954885594556
"(9,1)",0.2,0.02,49,22,5,True,0.8971055024532499
"(9,1)",0.2,0.02,50,70,3,False,0.16
"(9,1)",0.2,0.02,51,13,5,True,0.9154388652018852
"(9,1)",0.2,0.02,52,9,5,True,0.9294117647058824
"(9,1)",0.2,0.02,53,13,5,True,0.9279582479758072
"(9,1)",0.2,0.02,54,14,5,True,0.9243579330501083
"(9,1)",0.2,0.02,55,24,5,True,0.9082271734126527
"(9,1)",0.2,0.02,56,14,5,True,0.9139637274113717
"(9,1)",0.2,0.02,57,8,5,True,0.928501628664495
"(9,1)",0.2,0.02,58,11,5,True,0.9223952738990333
"(9,1)",0.2,0.02,59,13,5,True,0.923098872834584
"(9,1)",0.2,0.02,60,12,5,True,0.9219008336226162
"(9,1)",0.2,0.02,61,14,5,True,0.9212962962962963
"(9,1)",0.2,0.02,62,14,5,True,0.9228884865267867
"(9,1)",0.2,0.02,63,20,5,True,0.9197212021733547
"(9,1)",0.2,0.02,64,18,5,True,0.9250585480093677
"(9,1)",0.2,0.02,65,14,5,True,0.9299065420560748
"(9,1)",0.2,0.02,66,9,5,True,0.9333333333333333
"(9,1)",0.2,0.02,67,9,5,True,0.928501628664495
"(9,1)",0.2,0.02,68,22,5,True,0.9228943348440332
"(9,1)",0.2,0.02,69,25,5,True,0.8804888613136976
"(9,1)",0.2,0.02,70,11,5,True,0.9295774647887324
"(9,1)",0.2,0.02,71,20,5,True,0.9174311926605504
"(9,1)",0.2,0.02,72,18,5,True,0.9089774820272117
"(9,1)",0.2,0.02,73,18,5,True,0.9241379310344828
"(9,1)",0.2,0.02,74,20,5,True,0.8933333333333333
"(9,1)",0.2,0.02,75,17,5,True,0.9274403384148775
"(9,1)",0.2,0.02,76,19,5,True,0.9108213096559378
"(9,1)",0.2,0.02,77,12,5,True,0.922623828647925
"(9,1)",0.2,0.02,78,20,5,True,0.9111617312072893
"(9,1)",0.2,0.02,79,20,5,True,0.9126436781609195
"(9,1)",0.2,0.02,80,22,5,True,0.9126436781609195
"(9,1)",0.2,0.02,81,24,5,True,0.9281719593444537
"(9,1)",0.2,0.02,82,16,5,True,0.906926932358527
"(9,1)",0.2,0.02,83,24,5,True,0.9020559191373854
"(9,1)",0.2,0.02,84,16,5,True,0.9125445632798573
"(9,1)",0.2,0.02,85,13,5,True,0.9131203530652211
"(9,1)",0.2,0.02,86,21,5,True,0.919908466819222
"(9,1)",0.2,0.02,87,10,5,True,0.9277432610929016
"(9,1)",0.2,0.02,88,19,5,True,0.8844444444444445
"(9,1)",0.2,0.02,89,19,5,True,0.9173972454474119
"(9,1)",0.2,0.02,90,14,5,True,0.928245323421276
"(9,1)",0.2,0.02,91,12,5,True,0.9315068493150684
"(9,1)",0.2,0.02,92,13,5,True,0.9126569455336024
"(9,1)",0.2,0.02,93,13,5,True,0.9284505680444767
"(9,1)",0.2,0.02,94,12,5,True,0.9259259259259259
"(9,1)",0.2,0.02,95,20,5,True,0.8662659081165988
"(9,1)",0.2,0.02,96,18,5,True,0.9196909829126285
"(9,1)",0.2,0.02,97,23,5,True,0.8970917225950783
"(9,1)",0.2,0.02,98,12,5,True,0.9300699300699301
"(9,1)",0.2,0.02,99,20,5,True,0.9305555555555556
"(9,1)",0.2,0.02,100,18,5,True,0.9139596532487426
"(9,1)",0.3,0.02,1,10,5,True,0.928245323421276
"(9,1)",0.3,0.02,2,14,5,True,0.9259259259259259
"(9,1)",0.3,0.02,3,11,5,True,0.9244975153897501
"(9,1)",0.3,0.02,4,13,5,True,0.9179290931046115
"(9,1)",0.3,0.02,5,24,5,True,0.9136363636363636
"(9,1)",0.3,0.02,6,18,5,True,0.8844444444444445
"(9,1)",0.3,0.02,7,16,5,True,0.9193548387096775
"(9,1)",0.3,0.02,8,38,5,True,0.8774617067833698
"(9,1)",0.3,0.02,9,22,5,True,0.928501628664495
"(9,1)",0.3,0.02,10,9,5,True,0.9297423887587822
"(9,1)",0.3,0.02,11,16,5,True,0.893889643285859
"(9,1)",0.3,0.02,12,31,5,True,0.8980385991116702
"(9,1)",0.3,0.02,13,26,5,True,0.9068181818181817
"(9,1)",0.3,0.02,14,15,5,True,0.9231848584025765
"(9,1)",0.3,0.02,15,22,5,True,0.9041095890410958
"(9,1)",0.3,0.02,16,24,5,True,0.9012359092087529
"(9,1)",0.3,0.02,17,24,5,True,0.9
"(9,1)",0.3,0.02,18,25,5,True,0.9127585058320946
"(9,1)",0.3,0.02,19,12,5,True,0.9221706792143927
"(9,1)",0.3,0.02,20,20,5,True,0.9117647058823529
"(9,1)",0.3,0.02,21,16,5,True,0.9104685201911514
"(9,1)",0.3,0.02,22,22,5,True,0.8977777777777778
"(9,1)",0.3,0.02,23,10,5,True,0.9295774647887324
"(9,1)",0.3,0.02,24,23,5,True,0.8970917225950783
"(9,1)",0.3,0.02,25,15,5,True,0.9267703504808749
"(9,1)",0.3,0.02,26,16,5,True,0.916676116781738
"(9,1)",0.3,0.02,27,24,5,True,0.9255813953488372
"(9,1)",0.3,0.02,28,18,5,True,0.9295774647887324
"(9,1)",0.3,0.02,29,25,5,True,0.8970917225950783
"(9,1)",0.3,0.02,30,29,5,True,0.8973214285714286
"(9,1)",0.3,0.02,31,16,5,True,0.9223688774991827
"(9,1)",0.3,0.02,32,25,5,True,0.9190655569780947
"(9,1)",0.3,0.02,33,12,5,True,0.9252849831485991
"(9,1)",0.3,0.02,34,27,5,True,0.8844444444444444
"(9,1)",0.3,0.02,35,15,5,True,0.9022222222222223
"(9,1)",0.3,0.02,36,17,5,True,0.908382820544604
"(9,1)",0.3,0.02,37,14,5,True,0.9234530173102911
"(9,1)",0.3,0.02,38,26,5,True,0.9186875198317945
"(9,1)",0.3,0.02,39,13,5,True,0.9260700037914978
"(9,1)",0.3,0.02,40,20,5,True,0.9147465437788019
"(9,1)",0.3,0.02,41,16,5,True,0.9209302325581395
"(9,1)",0.3,0.02,42,54,5,True,0.9193548387096775
"(9,1)",0.3,0.02,43,34,5,True,0.8736051521583219
"(9,1)",0.3,0.02,44,16,5,True,0.9141847199919725
"(9,1)",0.3,0.02,45,20,5,True,0.927570093457944
"(9,1)",0.3,0.02,46,24,5,True,0.9160281440162271
"(9,1)",0.3,0.02,47,15,5,True,0.9014946628516181
"(9,1)",0.3,0.02,48,12,5,True,0.9295774647887324
"(9,1)",0.3,0.02,49,27,5,True,0.9080851063829787
"(9,1)",0.3,0.02,50,26,5,True,0.9014946628516181
"(9,1)",0.3,0.02,51,30,5,True,0.9147465437788019
"(9,1)",0.3,0.02,52,16,5,True,0.9182863942879809
"(9,1)",0.3,0.02,53,25,5,True,0.8853044112826134
"(9,1)",0.3,0.02,54,16,5,True,0.9225112515663211
"(9,1)",0.3,0.02,55,17,5,True,0.9
"(9,1)",0.3,0.02,56,30,5,True,0.8950054095863851
"(9,1)",0.3,0.02,57,28,5,True,0.9078803316010338
"(9,1)",0.3,0.02,58,17,5,True,0.9231075591429254
"(9,1)",0.3,0.02,59,16,5,True,0.927570093457944
"(9,1)",0.3,0.02,60,21,5,True,0.8963963963963965
"(9,1)",0.3,0.02,61,16,5,True,0.9108992375658007
"(9,1)",0.3,0.02,62,9,5,True,0.9122240130986516
"(9,1)",0.3,0.02,63,18,5,True,0.8933333333333333
"(9,1)",0.3,0.02,64,16,5,True,0.9208666115854218
"(9,1)",0.3,0.02,65,18,5,True,0.9243517165814463
"(9,1)",0.3,0.02,66,34,5,True,0.878569329480335
"(9,1)",0.3,0.02,67,17,5,True,0.9113636363636364
"(9,1)",0.3,0.02,68,29,5,True,0.882363315696649
"(9,1)",0.3,0.02,69,15,5,True,0.9295774647887324
"(9,1)",0.3,0.02,70,17,5,True,0.9166666666666667
"(9,1)",0.3,0.02,71,25,5,True,0.9232558139534884
"(9,1)",0.3,0.02,72,25,5,True,0.9074492099322798
"(9,1)",0.3,0.02,73,14,5,True,0.9240154608399751
"(9,1)",0.3,0.02,74,24,5,True,0.8889903482465004
"(9,1)",0.3,0.02,75,20,5,True,0.9234338747099768
"(9,1)",0.3,0.02,76,21,5,True,0.898876404494382
"(9,1)",0.3,0.02,77,12,5,True,0.9251665812403896
"(9,1)",0.3,0.02,78,27,5,True,0.9029345372460497
"(9,1)",0.3,0.02,79,14,5,True,0.9205738015045256
"(9,1)",0.3,0.02,80,28,5,True,0.8599137931034483
"(9,1)",0.3,0.02,81,14,5,True,0.91324200913242
"(9,1)",0.3,0.02,82,15,5,True,0.8817411924119242
"(9,1)",0.3,0.02,83,10,5,True,0.9284505680444767
"(9,1)",0.3,0.02,84,16,5,True,0.8866666666666667
"(9,1)",0.3,0.02,85,15,5,True,0.9084668192219679
"(9,1)",0.3,0.02,86,24,5,True,0.8822222222222221
"(9,1)",0.3,0.02,87,17,5,True,0.9176743307824748
"(9,1)",0.3,0.02,88,15,5,True,0.9051918735891648
"(9,1)",0.3,0.02,89,19,5,True,0.9126617546495016
"(9,1)",0.3,0.02,90,36,5,True,0.8971648608856506
"(9,1)",0.3,0.02,91,13,5,True,0.9198898494437169
"(9,1)",0.3,0.02,92,21,5,True,0.9033707865168539
"(9,1)",0.3,0.02,93,20,5,True,0.9088671648123997
"(9,1)",0.3,0.02,94,16,5,True,0.9271551876784788
"(9,1)",0.3,0.02,95,22,5,True,0.9197212021733547
"(9,1)",0.3,0.02,96,26,5,True,0.8952637437710393
"(9,1)",0.3,0.02,97,18,5,True,0.9033707865168539
"(9,1)",0.3,0.02,98,20,5,True,0.9232305950302296
"(9,1)",0.3,0.02,99,16,5,True,0.9092426555131575
"(9,1)",0.3,0.02,100,30,5,True,0.908681787023515
"(9,1)",0.4,0.02,1,15,5,True,0.9282407407407407
"(9,1)",0.4,0.02,2,16,5,True,0.892917211736124
"(9,1)",0.4,0.02,3,12,5,True,0.9237875288683604
"(9,1)",0.4,0.02,4,27,5,True,0.9070294784580498
"(9,1)",0.4,0.02,5,28,5,True,0.9178082191780821
"(9,1)",0.4,0.02,6,28,5,True,0.9127161993394449
"(9,1)",0.4,0.02,7,14,5,True,0.9219008336226162
"(9,1)",0.4,0.02,8,19,5,True,0.9135031372661376
"(9,1)",0.4,0.02,9,17,5,True,0.8845676909217575
"(9,1)",0.4,0.02,10,21,5,True,0.8933333333333333
"(9,1)",0.4,0.02,11,19,5,True,0.8998862343572241
"(9,1)",0.4,0.02,12,22,5,True,0.8855887458278955
"(9,1)",0.4,0.02,13,9,5,True,0.9198898494437169
"(9,1)",0.4,0.02,14,17,5,True,0.9128440366972477
"(9,1)",0.4,0.02,15,11,5,True,0.926512556742322
"(9,1)",0.4,0.02,16,17,5,True,0.9183535312945363
"(9,1)",0.4,0.02,17,18,5,True,0.9257699060691229
"(9,1)",0.4,0.02,18,17,5,True,0.9098942644514215
"(9,1)",0.4,0.02,19,38,5,True,0.8848943710354168
"(9,1)",0.4,0.02,20,25,5,True,0.8977777777777778
"(9,1)",0.4,0.02,21,15,5,True,0.9276370881580087
"(9,1)",0.4,0.02,22,26,5,True,0.9069839699567022
"(9,1)",0.4,0.02,23,9,5,True,0.9295774647887324
"(9,1)",0.4,0.02,24,20,5,True,0.8866666666666667
"(9,1)",0.4,0.02,25,45,5,True,0.8866666666666667
"(9,1)",0.4,0.02,26,35,5,True,0.9174311926605504
"(9,1)",0.4,0.02,27,35,5,True,0.8898876404494382
"(9,1)",0.4,0.02,28,24,5,True,0.8828612058561436
"(9,1)",0.4,0.02,29,36,5,True,0.8834372049102927
"(9,1)",0.4,0.02,30,30,5,True,0.8822222222222221
"(9,1)",0.4,0.02,31,20,5,True,0.898098465167355
"(9,1)",0.4,0.02,32,25,5,True,0.8832587234921401
"(9,1)",0.4,0.02,33,16,5,True,0.917995444191344
"(9,1)",0.4,0.02,34,20,5,True,0.9077502034174125
"(9,1)",0.4,0.02,35,15,5,True,0.9228614823786221
"(9,1)",0.4,0.02,36,25,5,True,0.9011848985008952
"(9,1)",0.4,0.02,37,17,5,True,0.928245323421276
"(9,1)",0.4,0.02,38,26,5,True,0.890625
"(9,1)",0.4,0.02,39,24,5,True,0.930715935334873
"(9,1)",0.4,0.02,40,25,5,True,0.9223744292237444
"(9,1)",0.4,0.02,41,17,5,True,0.9110193674098616
"(9,1)",0.4,0.02,42,11,5,True,0.9305555555555556
"(9,1)",0.4,0.02,43,19,5,True,0.88
"(9,1)",0.4,0.02,44,14,5,True,0.9239982452468389
"(9,1)",0.4,0.02,45,18,5,True,0.9303944315545244
"(9,1)",0.4,0.02,46,17,5,True,0.8977777777777778
"(9,1)",0.4,0.02,47,16,5,True,0.9161815142140605
"(9,1)",0.4,0.02,48,9,5,True,0.9247325686299781
"(9,1)",0.4,0.02,49,12,5,True,0.9255576979727377
"(9,1)",0.4,0.02,50,17,5,True,0.9191307500169875
"(9,1)",0.4,0.02,51,17,5,True,0.9182863942879809
"(9,1)",0.4,0.02,52,19,5,True,0.9146284649429304
"(9,1)",0.4,0.02,53,14,5,True,0.928245323421276
"(9,1)",0.4,0.02,54,19,5,True,0.9133112883356027
"(9,1)",0.4,0.02,55,20,5,True,0.8883928571428572
"(9,1)",0.4,0.02,56,21,5,True,0.9093616229294621
"(9,1)",0.4,0.02,57,17,5,True,0.909100020044097
"(9,1)",0.4,0.02,58,25,5,True,0.888888888888889
"(9,1)",0.4,0.02,59,28,5,True,0.8986663689260148
"(9,1)",0.4,0.02,60,17,5,True,0.9050390833778728
"(9,1)",0.4,0.02,61,28,5,True,0.9245018243053607
"(9,1)",0.4,0.02,62,21,5,True,0.891638608305275
"(9,1)",0.4,0.02,63,21,5,True,0.8933333333333333
"(9,1)",0.4,0.02,64,18,5,True,0.9209302325581395
"(9,1)",0.4,0.02,65,17,5,True,0.913233413326819
"(9,1)",0.4,0.02,66,25,5,True,0.9005021988996254
"(9,1)",0.4,0.02,67,16,5,True,0.9074492099322798
"(9,1)",0.4,0.02,68,35,5,True,0.9229339483013802
"(9,1)",0.4,0.02,69,28,5,True,0.9172413793103449
"(9,1)",0.4,0.02,70,23,5,True,0.9116288627512378
"(9,1)",0.4,0.02,71,33,5,True,0.9169179229480736
"(9,1)",0.4,0.02,72,23,5,True,0.9079796286418248
"(9,1)",0.4,0.02,73,29,5,True,0.8918813427010148
"(9,1)",0.4,0.02,74,25,5,True,0.9276370881580087
"(9,1)",0.4,0.02,75,29,5,True,0.898681014100866
"(9,1)",0.4,0.02,76,20,5,True,0.8955555555555555
"(9,1)",0.4,0.02,77,23,5,True,0.9088888888888889
"(9,1)",0.4,0.02,78,14,5,True,0.9138321995464852
"(9,1)",0.4,0.02,79,19,5,True,0.8848560141675328
"(9,1)",0.4,0.02,80,30,5,True,0.888888888888889
"(9,1)",0.4,0.02,81,20,5,True,0.9155555555555555
"(9,1)",0.4,0.02,82,40,5,True,0.8920546452155944
"(9,1)",0.4,0.02,83,26,5,True,0.9074674445415929
"(9,1)",0.4,0.02,84,20,5,True,0.884078431372549
"(9,1)",0.4,0.02,85,18,5,True,0.9260342448515565
"(9,1)",0.4,0.02,86,15,5,True,0.9050290082212873
"(9,1)",0.4,0.02,87,29,5,True,0.9188177594217862
"(9,1)",0.4,0.02,88,26,5,True,0.9136865760006642
"(9,1)",0.4,0.02,89,31,5,True,0.8900159255175794
"(9,1)",0.4,0.02,90,18,5,True,0.9202733485193623
"(9,1)",0.4,0.02,91,17,5,True,0.9143518518518519
"(9,1)",0.4,0.02,92,13,5,True,0.9247341913822048
"(9,1)",0.4,0.02,93,24,5,True,0.8847706422018349
"(9,1)",0.4,0.02,94,20,5,True,0.9115248782062597
"(9,1)",0.4,0.02,95,28,5,True,0.923963133640553
"(9,1)",0.4,0.02,96,33,5,True,0.8771749817616908
"(9,1)",0.4,0.02,97,17,5,True,0.9220183486238532
"(9,1)",0.4,0.02,98,19,5,True,0.9169179229480736
"(9,1)",0.4,0.02,99,23,5,True,0.888888888888889
"(9,1)",0.4,0.02,100,22,5,True,0.8900738765761262
"(9,1)",0.5,0.02,1,17,5,True,0.9212962962962963
"(9,1)",0.5,0.02,2,33,5,True,0.876008025205223
"(9,1)",0.5,0.02,3,24,5,True,0.9202374806401652
"(9,1)",0.5,0.02,4,52,5,True,0.9013452914798207
"(9,1)",0.5,0.02,5,24,5,True,0.897235489940657
"(9,1)",0.5,0.02,6,22,5,True,0.916912755331165
"(9,1)",0.5,0.02,7,16,5,True,0.9227946320801385
"(9,1)",0.5,0.02,8,30,5,True,0.8936957492786691
"(9,1)",0.5,0.02,9,22,5,True,0.930715935334873
"(9,1)",0.5,0.02,10,21,5,True,0.9173972454474119
"(9,1)",0.5,0.02,11,21,5,True,0.8847706422018349
"(9,1)",0.5,0.02,12,18,5,True,0.9159090909090909
"(9,1)",0.5,0.02,13,26,5,True,0.8933333333333333
"(9,1)",0.5,0.02,14,28,5,True,0.8810224089685772
"(9,1)",0.5,0.02,15,28,5,True,0.9285714285714286
"(9,1)",0.5,0.02,16,12,5,True,0.9295774647887324
"(9,1)",0.5,0.02,17,34,5,True,0.8899673854286999
"(9,1)",0.5,0.02,18,24,5,True,0.8754297246050784
"(9,1)",0.5,0.02,19,62,5,True,0.8862144420131292
"(9,1)",0.5,0.02,20,23,5,True,0.9176201372997711
"(9,1)",0.5,0.02,21,16,5,True,0.9093254666081755
"(9,1)",0.5,0.02,22,27,5,True,0.91324200913242
"(9,1)",0.5,0.02,23,17,5,True,0.926512556742322
"(9,1)",0.5,0.02,24,26,5,True,0.8935669617980311
"(9,1)",0.5,0.02,25,13,5,True,0.9259259259259259
"(9,1)",0.5,0.02,26,40,5,True,0.8425531914893617
"(9,1)",0.5,0.02,27,23,5,True,0.91324200913242
"(9,1)",0.5,0.02,28,14,5,True,0.9277389277389277
"(9,1)",0.5,0.02,29,36,5,True,0.875
"(9,1)",0.5,0.02,30,15,5,True,0.9279582479758072
"(9,1)",0.5,0.02,31,14,5,True,0.9220039783331073
"(9,1)",0.5,0.02,32,11,5,True,0.9022727272727272
"(9,1)",0.5,0.02,33,18,5,True,0.9157175398633258
"(9,1)",0.5,0.02,34,20,5,True,0.9074674445415929
"(9,1)",0.5,0.02,35,18,5,True,0.9176201372997711
"(9,1)",0.5,0.02,36,25,5,True,0.9191685912240185
"(9,1)",0.5,0.02,37,15,5,True,0.9234530173102911
"(9,1)",0.5,0.02,38,16,5,True,0.910086741016109
"(9,1)",0.5,0.02,39,26,5,True,0.9117656919476722
"(9,1)",0.5,0.02,40,24,5,True,0.9007686072431463
"(9,1)",0.5,0.02,41,29,5,True,0.8688870830622959
"(9,1)",0.5,0.02,42,13,5,True,0.9244975153897501
"(9,1)",0.5,0.02,43,21,5,True,0.8938431973495616
"(9,1)",0.5,0.02,44,47,5,True,0.8432203389830508
"(9,1)",0.5,0.02,45,19,5,True,0.9058778423545566
"(9,1)",0.5,0.02,46,32,5,True,0.9134396355353075
"(9,1)",0.5,0.02,47,34,5,True,0.8981900452488688
"(9,1)",0.5,0.02,48,11,5,True,0.9276370881580087
"(9,1)",0.5,0.02,49,16,5,True,0.908883826879271
"(9,1)",0.5,0.02,50,30,5,True,0.893569844789357
"(9,1)",0.5,0.02,51,22,5,True,0.9217600935691711
"(9,1)",0.5,0.02,52,25,5,True,0.878463394295446
"(9,1)",0.5,0.02,53,29,5,True,0.8540772532188841
"(9,1)",0.5,0.02,54,26,5,True,0.9082240207715557
"(9,1)",0.5,0.02,55,27,5,True,0.9008373187456105
"(9,1)",0.5,0.02,56,25,5,True,0.923963133640553
"(9,1)",0.5,0.02,57,28,5,True,0.9103208585823698
"(9,1)",0.5,0.02,58,17,5,True,0.9189814814814815
"(9,1)",0.5,0.02,59,21,5,True,0.928501628664495
"(9,1)",0.5,0.02,60,15,5,True,0.9232254627900174
"(9,1)",0.5,0.02,61,30,5,True,0.8593273962971643
"(9,1)",0.5,0.02,62,23,5,True,0.893569844789357
"(9,1)",0.5,0.02,63,31,5,True,0.8963963963963965
"(9,1)",0.5,0.02,64,29,5,True,0.88470066518847
"(9,1)",0.5,0.02,65,31,5,True,0.9007207207207207
"(9,1)",0.5,0.02,66,17,5,True,0.9126328217237308
"(9,1)",0.5,0.02,67,27,5,True,0.8760729649485817
"(9,1)",0.5,0.02,68,13,5,True,0.9205936707537566
"(9,1)",0.5,0.02,69,12,5,True,0.9093254666081755
"(9,1)",0.5,0.02,70,28,5,True,0.9267703504808749
"(9,1)",0.5,0.02,71,14,5,True,0.9255567402009138
"(9,1)",0.5,0.02,72,20,5,True,0.9297423887587822
"(9,1)",0.5,0.02,73,21,5,True,0.9193772772441207
"(9,1)",0.5,0.02,74,33,5,True,0.8916478555304741
"(9,1)",0.5,0.02,75,14,5,True,0.9244810992357068
"(9,1)",0.5,0.02,76,37,5,True,0.9044444444444444
"(9,1)",0.5,0.02,77,14,5,True,0.9028706057446171
"(9,1)",0.5,0.02,78,18,5,True,0.8968618887863772
"(9,1)",0.5,0.02,79,21,5,True,0.9194209582372533
"(9,1)",0.5,0.02,80,18,5,True,0.9066059225512528
"(9,1)",0.5,0.02,81,18,5,True,0.9283031193859219
"(9,1)",0.5,0.02,82,15,5,True,0.9153318077803204
"(9,1)",0.5,0.02,83,32,5,True,0.8582043640738376
"(9,1)",0.5,0.02,84,24,5,True,0.924670707458113
"(9,1)",0.5,0.02,85,31,5,True,0.8866666666666667
"(9,1)",0.5,0.02,86,25,5,True,0.8772746985424434
"(9,1)",0.5,0.02,87,16,5,True,0.9297423887587822
"(9,1)",0.5,0.02,88,17,5,True,0.9270436566070905
"(9,1)",0.5,0.02,89,19,5,True,0.9176201372997712
"(9,1)",0.5,0.02,90,30,5,True,0.9228884865267867
"(9,1)",0.5,0.02,91,17,5,True,0.9106219139906326
"(9,1)",0.5,0.02,92,18,5,True,0.9181818181818181
"(9,1)",0.5,0.02,93,19,5,True,0.8809135926893077
"(9,1)",0.5,0.02,94,38,5,True,0.8847961712674131
"(9,1)",0.5,0.02,95,11,5,True,0.9232460827925884
"(9,1)",0.5,0.02,96,25,5,True,0.9299065420560748
"(9,1)",0.5,0.02,97,19,5,True,0.9178369864811655
"(9,1)",0.5,0.02,98,24,5,True,0.8866666666666667
"(9,1)",0.5,0.02,99,16,5,True,0.9214780600461894
"(9,1)",0.5,0.02,100,33,5,True,0.889593691068061
"(9,1)",0.6,0.02,1,41,5,True,0.8886829960951367
"(9,1)",0.6,0.02,2,24,5,True,0.8911111111111112
"(9,1)",0.6,0.02,3,17,5,True,0.9189196661731427
"(9,1)",0.6,0.02,4,24,5,True,0.9117965976960047
"(9,1)",0.6,0.02,5,19,5,True,0.9160192378838328
"(9,1)",0.6,0.02,6,27,5,True,0.9186805223041216
"(9,1)",0.6,0.02,7,33,5,True,0.8889963610612439
"(9,1)",0.6,0.02,8,18,5,True,0.9237265871298758
"(9,1)",0.6,0.02,9,22,5,True,0.9030960293860416
"(9,1)",0.6,0.02,10,34,5,True,0.8968609865470852
"(9,1)",0.6,0.02,11,26,5,True,0.925754060324826
"(9,1)",0.6,0.02,12,17,5,True,0.9014552527997096
"(9,1)",0.6,0.02,13,19,5,True,0.9223300970873787
"(9,1)",0.6,0.02,14,32,5,True,0.893999671630104
"(9,1)",0.6,0.02,15,14,5,True,0.9212962962962963
"(9,1)",0.6,0.02,16,25,5,True,0.9159090909090909
"(9,1)",0.6,0.02,17,20,5,True,0.8977777777777778
"(9,1)",0.6,0.02,18,35,5,True,0.8933333333333333
"(9,1)",0.6,0.02,19,24,5,True,0.9279069767441861
"(9,1)",0.6,0.02,20,38,5,True,0.910958904109589
"(9,1)",0.6,0.02,21,20,5,True,0.9220044083509691
"(9,1)",0.6,0.02,22,30,5,True,0.8955555555555555
"(9,1)",0.6,0.02,23,30,5,True,0.910958904109589
"(9,1)",0.6,0.02,24,12,5,True,0.9299065420560748
"(9,1)",0.6,0.02,25,26,5,True,0.8994662029402913
"(9,1)",0.6,0.02,26,28,5,True,0.9252336448598131
"(9,1)",0.6,0.02,27,30,5,True,0.8802660753880266
"(9,1)",0.6,0.02,28,22,5,True,0.9180502954097864
"(9,1)",0.6,0.02,29,18,5,True,0.909297052154195
"(9,1)",0.6,0.02,30,25,5,True,0.9218390804597701
"(9,1)",0.6,0.02,31,15,5,True,0.926605504587156
"(9,1)",0.6,0.02,32,29,5,True,0.8833239962651727
"(9,1)",0.6,0.02,33,22,5,True,0.9302325581395349
"(9,1)",0.6,0.02,34,11,5,True,0.9279582479758072
"(9,1)",0.6,0.02,35,21,5,True,0.9
"(9,1)",0.6,0.02,36,20,5,True,0.9201681619660167
"(9,1)",0.6,0.02,37,27,5,True,0.9098879292573945
"(9,1)",0.6,0.02,38,26,5,True,0.9
"(9,1)",0.6,0.02,39,15,5,True,0.925194660734149
"(9,1)",0.6,0.02,40,21,5,True,0.9179954441913439
"(9,1)",0.6,0.02,41,36,5,True,0.9043769186153433
"(9,1)",0.6,0.02,42,20,5,True,0.9256076568202163
"(9,1)",0.6,0.02,43,19,5,True,0.9300699300699301
"(9,1)",0.6,0.02,44,13,5,True,0.9255576979727377
"(9,1)",0.6,0.02,45,11,5,True,0.9252576080111686
"(9,1)",0.6,0.02,46,28,5,True,0.91324200913242
"(9,1)",0.6,0.02,47,24,5,True,0.9099099099099098
"(9,1)",0.6,0.02,48,21,5,True,0.9053127912714513
"(9,1)",0.6,0.02,49,15,5,True,0.8863252243187271
"(9,1)",0.6,0.02,50,37,5,True,0.9128440366972477
"(9,1)",0.6,0.02,51,23,5,True,0.9310344827586207
"(9,1)",0.6,0.02,52,22,5,True,0.9267734553775744
"(9,1)",0.6,0.02,53,37,5,True,0.9179954441913439
"(9,1)",0.6,0.02,54,37,5,True,0.8975844300186919
"(9,1)",0.6,0.02,55,15,5,True,0.9191685912240185
"(9,1)",0.6,0.02,56,25,5,True,0.8872573810229671
"(9,1)",0.6,0.02,57,32,5,True,0.8825785242898986
"(9,1)",0.6,0.02,58,70,4,False,0.3249999999999999
"(9,1)",0.6,0.02,59,39,5,True,0.9173972454474119
"(9,1)",0.6,0.02,60,17,5,True,0.907780082987552
"(9,1)",0.6,0.02,61,25,5,True,0.9098531877960516
"(9,1)",0.6,0.02,62,37,5,True,0.8708971553610503
"(9,1)",0.6,0.02,63,27,5,True,0.9157160963244614
"(9,1)",0.6,0.02,64,30,5,True,0.9159090909090909
"(9,1)",0.6,0.02,65,21,5,True,0.9157175398633257
"(9,1)",0.6,0.02,66,23,5,True,0.9201096030355937
"(9,1)",0.6,0.02,67,44,5,True,0.8963963963963965
"(9,1)",0.6,0.02,68,14,5,True,0.927400468384075
"(9,1)",0.6,0.02,69,15,5,True,0.9206578985009165
"(9,1)",0.6,0.02,70,30,5,True,0.8750187960761786
"(9,1)",0.6,0.02,71,17,5,True,0.8955555555555555
"(9,1)",0.6,0.02,72,20,5,True,0.9004524886877828
"(9,1)",0.6,0.02,73,19,5,True,0.9252336448598131
"(9,1)",0.6,0.02,74,34,5,True,0.9026861787274474
"(9,1)",0.6,0.02,75,24,5,True,0.8986486486486487
"(9,1)",0.6,0.02,76,10,5,True,0.9295774647887324
"(9,1)",0.6,0.02,77,19,5,True,0.9300699300699301
"(9,1)",0.6,0.02,78,21,5,True,0.9240154608399751
"(9,1)",0.6,0.02,79,15,5,True,0.8911111111111112
"(9,1)",0.6,0.02,80,18,5,True,0.9209302325581395
"(9,1)",0.6,0.02,81,22,5,True,0.9249651324965132
"(9,1)",0.6,0.02,82,24,5,True,0.9050290082212873
"(9,1)",0.6,0.02,83,17,5,True,0.9026087335887442
"(9,1)",0.6,0.02,84,26,5,True,0.9077097861322135
"(9,1)",0.6,0.02,85,34,5,True,0.886994428056375
"(9,1)",0.6,0.02,86,33,5,True,0.8918518518518519
"(9,1)",0.6,0.02,87,14,5,True,0.9263412172730598
"(9,1)",0.6,0.02,88,23,5,True,0.9201069257403646
"(9,1)",0.6,0.02,89,11,5,True,0.9263412172730598
"(9,1)",0.6,0.02,90,25,5,True,0.8998862343572241
"(9,1)",0.6,0.02,91,39,5,True,0.9083316147659312
"(9,1)",0.6,0.02,92,22,5,True,0.9195402298850575
"(9,1)",0.6,0.02,93,31,5,True,0.9275109170305678
"(9,1)",0.6,0.02,94,41,5,True,0.9060321266670364
"(9,1)",0.6,0.02,95,34,5,True,0.908883826879271
"(9,1)",0.6,0.02,96,24,5,True,0.9077792686500409
"(9,1)",0.6,0.02,97,15,5,True,0.9260969976905312
"(9,1)",0.6,0.02,98,24,5,True,0.8961625282167043
"(9,1)",0.6,0.02,99,16,5,True,0.9255738454863545
"(9,1)",0.6,0.02,100,32,5,True,0.8854866701554405
"(9,1)",0.7,0.02,1,28,5,True,0.9170506912442395
"(9,1)",0.7,0.02,2,24,5,True,0.9214780600461894
"(9,1)",0.7,0.02,3,36,5,True,0.8708791208791209
"(9,1)",0.7,0.02,4,36,5,True,0.9146995924625752
"(9,1)",0.7,0.02,5,24,5,True,0.9035874439461883
"(9,1)",0.7,0.02,6,44,5,True,0.8954326140272484
"(9,1)",0.7,0.02,7,31,5,True,0.8791567994603164
"(9,1)",0.7,0.02,8,61,5,True,0.8912838615266426
"(9,1)",0.7,0.02,9,22,5,True,0.9197212021733547
"(9,1)",0.7,0.02,10,32,5,True,0.8920037500158362
"(9,1)",0.7,0.02,11,17,5,True,0.9214780600461894
"(9,1)",0.7,0.02,12,26,5,True,0.904366671277724
"(9,1)",0.7,0.02,13,14,5,True,0.8827534165779981
"(9,1)",0.7,0.02,14,18,5,True,0.9178082191780821
"(9,1)",0.7,0.02,15,25,5,True,0.8942557516297096
"(9,1)",0.7,0.02,16,43,5,True,0.8822222222222221
"(9,1)",0.7,0.02,17,35,5,True,0.8801392673327278
"(9,1)",0.7,0.02,18,18,5,True,0.9239982452468389
"(9,1)",0.7,0.02,19,42,5,True,0.8860280879421008
"(9,1)",0.7,0.02,20,24,5,True,0.8884217003384268
"(9,1)",0.7,0.02,21,27,5,True,0.8939042783174764
"(9,1)",0.7,0.02,22,70,3,False,0.17647058823529405
"(9,1)",0.7,0.02,23,31,5,True,0.8904133446499601
"(9,1)",0.7,0.02,24,27,5,True,0.885591242858615
"(9,1)",0.7,0.02,25,36,5,True,0.8926174496644296
"(9,1)",0.7,0.02,26,22,5,True,0.8933333333333333
"(9,1)",0.7,0.02,27,32,5,True,0.8829909979207481
"(9,1)",0.7,0.02,28,26,5,True,0.8966231075072958
"(9,1)",0.7,0.02,29,22,5,True,0.9127305183671915
"(9,1)",0.7,0.02,30,15,5,True,0.9295774647887324
"(9,1)",0.7,0.02,31,22,5,True,0.9186805223041216
"(9,1)",0.7,0.02,32,23,5,True,0.9189814814814815
"(9,1)",0.7,0.02,33,24,5,True,0.8968609865470852
"(9,1)",0.7,0.02,34,36,5,True,0.8686336018564145
"(9,1)",0.7,0.02,35,26,5,True,0.9303944315545244
"(9,1)",0.7,0.02,36,15,5,True,0.9255576979727377
"(9,1)",0.7,0.02,37,34,5,True,0.8914403044117093
"(9,1)",0.7,0.02,38,18,5,True,0.9247375425107202
"(9,1)",0.7,0.02,39,70,0,False,0.48743831298468554
"(9,1)",0.7,0.02,40,21,5,True,0.9046715791700455
"(9,1)",0.7,0.02,41,22,5,True,0.9302325581395349
"(9,1)",0.7,0.02,42,25,5,True,0.9260639770865298
"(9,1)",0.7,0.02,43,13,5,True,0.9279069767441861
"(9,1)",0.7,0.02,44,14,5,True,0.9278599804248949
"(9,1)",0.7,0.02,45,28,5,True,0.9031531531531531
"(9,1)",0.7,0.02,46,21,5,True,0.9217652608407002
"(9,1)",0.7,0.02,47,32,5,True,0.8900296651650755
"(9,1)",0.7,0.02,48,28,5,True,0.9119638826185101
"(9,1)",0.7,0.02,49,28,5,True,0.9011235955056179
"(9,1)",0.7,0.02,50,9,5,True,0.925859918610728
"(9,1)",0.7,0.02,51,23,5,True,0.9281719593444537
"(9,1)",0.7,0.02,52,22,5,True,0.9216589861751152
"(9,1)",0.7,0.02,53,16,5,True,0.9244851258581236
"(9,1)",0.7,0.02,54,26,5,True,0.8708971553610503
"(9,1)",0.7,0.02,55,14,5,True,0.911975779322718
"(9,1)",0.7,0.02,56,15,5,True,0.9232254627900174
"(9,1)",0.7,0.02,57,35,5,True,0.8911111111111112
"(9,1)",0.7,0.02,58,27,5,True,0.8895408422716141
"(9,1)",0.7,0.02,59,30,5,True,0.9070294784580498
"(9,1)",0.7,0.02,60,19,5,True,0.9066362998295446
"(9,1)",0.7,0.02,61,17,5,True,0.9108492574457485
"(9,1)",0.7,0.02,62,29,5,True,0.891832229580574
"(9,1)",0.7,0.02,63,31,5,True,0.8805309734513274
"(9,1)",0.7,0.02,64,21,5,True,0.8866666666666666
"(9,1)",0.7,0.02,65,54,5,True,0.8617130475234844
"(9,1)",0.7,0.02,66,26,5,True,0.9189814814814815
"(9,1)",0.7,0.02,67,25,5,True,0.9129541173867459
"(9,1)",0.7,0.02,68,27,5,True,0.8957735338976802
"(9,1)",0.7,0.02,69,26,5,True,0.9121817337330574
"(9,1)",0.7,0.02,70,17,5,True,0.9246575342465754
"(9,1)",0.7,0.02,71,23,5,True,0.8984548544199572
"(9,1)",0.7,0.02,72,17,5,True,0.9277389277389277
"(9,1)",0.7,0.02,73,36,5,True,0.9115128449096099
"(9,1)",0.7,0.02,74,32,5,True,0.9049773755656109
"(9,1)",0.7,0.02,75,30,5,True,0.9217574635637047
"(9,1)",0.7,0.02,76,29,5,True,0.891052875123567
"(9,1)",0.7,0.02,77,32,5,True,0.8758071001158912
"(9,1)",0.7,0.02,78,25,5,True,0.8871681415929203
"(9,1)",0.7,0.02,79,32,5,True,0.9009009009009009
"(9,1)",0.7,0.02,80,38,5,True,0.8976140350877192
"(9,1)",0.7,0.02,81,28,5,True,0.908883826879271
"(9,1)",0.7,0.02,82,14,5,True,0.9252268450271789
"(9,1)",0.7,0.02,83,34,5,True,0.9149425287356321
"(9,1)",0.7,0.02,84,32,5,True,0.91324200913242
"(9,1)",0.7,0.02,85,25,5,True,0.9044117380872307
"(9,1)",0.7,0.02,86,21,5,True,0.9174311926605504
"(9,1)",0.7,0.02,87,37,5,True,0.8940397350993378
"(9,1)",0.7,0.02,88,31,5,True,0.888456464017882
"(9,1)",0.7,0.02,89,27,5,True,0.8980044345898005
"(9,1)",0.7,0.02,90,35,5,True,0.8933333333333333
"(9,1)",0.7,0.02,91,27,5,True,0.9041095890410958
"(9,1)",0.7,0.02,92,18,5,True,0.9279069767441861
"(9,1)",0.7,0.02,93,13,5,True,0.9111085947231344
"(9,1)",0.7,0.02,94,14,5,True,0.9217574635637047
"(9,1)",0.7,0.02,95,28,5,True,0.9070294784580498
"(9,1)",0.7,0.02,96,43,5,True,0.87527352297593
"(9,1)",0.7,0.02,97,30,5,True,0.9086049141564717
"(9,1)",0.7,0.02,98,25,5,True,0.9175338994013329
"(9,1)",0.7,0.02,99,22,5,True,0.9186875198317945
"(9,1)",0.7,0.02,100,70,3,False,0.7798847352631412
"(9,1)",0.8,0.02,1,21,5,True,0.898098465167355
"(9,1)",0.8,0.02,2,20,5,True,0.8844444444444444
"(9,1)",0.8,0.02,3,19,5,True,0.9253137210872422
"(9,1)",0.8,0.02,4,19,5,True,0.9114984190637774
"(9,1)",0.8,0.02,5,32,5,True,0.8780487804878049
"(9,1)",0.8,0.02,6,22,5,True,0.9013461266746304
"(9,1)",0.8,0.02,7,20,5,True,0.9295774647887324
"(9,1)",0.8,0.02,8,31,5,True,0.9153382382996117
"(9,1)",0.8,0.02,9,7,5,True,0.9253877708871425
"(9,1)",0.8,0.02,10,27,5,True,0.925194660734149
"(9,1)",0.8,0.02,11,26,5,True,0.8946932583089722
"(9,1)",0.8,0.02,12,24,5,True,0.9214826228907943
"(9,1)",0.8,0.02,13,28,5,True,0.9080566759747648
"(9,1)",0.8,0.02,14,17,5,True,0.9006772009029346
"(9,1)",0.8,0.02,15,18,5,True,0.9255813953488372
"(9,1)",0.8,0.02,16,20,5,True,0.8822222222222221
"(9,1)",0.8,0.02,17,19,5,True,0.9295774647887324
"(9,1)",0.8,0.02,18,51,5,True,0.9
"(9,1)",0.8,0.02,19,21,5,True,0.922401579074181
"(9,1)",0.8,0.02,20,32,5,True,0.9136069566673878
"(9,1)",0.8,0.02,21,15,5,True,0.9195402298850575
"(9,1)",0.8,0.02,22,24,5,True,0.8986663689260148
"(9,1)",0.8,0.02,23,30,5,True,0.9055981600424724
"(9,1)",0.8,0.02,24,34,5,True,0.9236111111111112
"(9,1)",0.8,0.02,25,34,5,True,0.8863344407530455
"(9,1)",0.8,0.02,26,20,5,True,0.88
"(9,1)",0.8,0.02,27,28,5,True,0.9218390804597701
"(9,1)",0.8,0.02,28,41,5,True,0.8950892857142857
"(9,1)",0.8,0.02,29,36,5,True,0.8810572687224669
"(9,1)",0.8,0.02,30,23,5,True,0.9192423717917017
"(9,1)",0.8,0.02,31,19,5,True,0.9145496535796767
"(9,1)",0.8,0.02,32,14,5,True,0.9259115291922568
"(9,1)",0.8,0.02,33,33,5,True,0.8984198645598194
"(9,1)",0.8,0.02,34,22,5,True,0.8822222222222221
"(9,1)",0.8,0.02,35,31,5,True,0.879443004659532
"(9,1)",0.8,0.02,36,20,5,True,0.9260700037914978
"(9,1)",0.8,0.02,37,21,5,True,0.8990931372549019
"(9,1)",0.8,0.02,38,52,5,True,0.8809080456291051
"(9,1)",0.8,0.02,39,33,5,True,0.9066666666666666
"(9,1)",0.8,0.02,40,35,5,True,0.8968888888888888
"(9,1)",0.8,0.02,41,26,5,True,0.925
"(9,1)",0.8,0.02,42,9,5,True,0.928501628664495
"(9,1)",0.8,0.02,43,28,5,True,0.8840628821475403
"(9,1)",0.8,0.02,44,28,5,True,0.8865884980457844
"(9,1)",0.8,0.02,45,21,5,True,0.9040986083917002
"(9,1)",0.8,0.02,46,36,5,True,0.8731894015054527
"(9,1)",0.8,0.02,47,21,5,True,0.9256182056674434
"(9,1)",0.8,0.02,48,24,5,True,0.9228884865267867
"(9,1)",0.8,0.02,49,20,5,True,0.925859918610728
"(9,1)",0.8,0.02,50,14,5,True,0.9236111111111112
"(9,1)",0.8,0.02,51,27,5,True,0.9195402298850575
"(9,1)",0.8,0.02,52,14,5,True,0.9185843504959138
"(9,1)",0.8,0.02,53,13,5,True,0.925754060324826
"(9,1)",0.8,0.02,54,24,5,True,0.8844444444444444
"(9,1)",0.8,0.02,55,15,5,True,0.9255813953488372
"(9,1)",0.8,0.02,56,34,5,True,0.8701665649172251
"(9,1)",0.8,0.02,57,18,5,True,0.9081297989736467
"(9,1)",0.8,0.02,58,28,5,True,0.884078431372549
"(9,1)",0.8,0.02,59,24,5,True,0.9246575342465754
"(9,1)",0.8,0.02,60,27,5,True,0.8916478555304741
"(9,1)",0.8,0.02,61,30,5,True,0.9212962962962963
"(9,1)",0.8,0.02,62,16,5,True,0.9216589861751152
"(9,1)",0.8,0.02,63,25,5,True,0.8844444444444445
"(9,1)",0.8,0.02,64,19,5,True,0.8984832584927762
"(9,1)",0.8,0.02,65,17,5,True,0.9140478424015009
"(9,1)",0.8,0.02,66,43,5,True,0.9234338747099768
"(9,1)",0.8,0.02,67,19,5,True,0.8988955677402526
"(9,1)",0.8,0.02,68,29,5,True,0.915137614678899
"(9,1)",0.8,0.02,69,24,5,True,0.889637037037037
"(9,1)",0.8,0.02,70,19,5,True,0.8952664348056822
"(9,1)",0.8,0.02,71,40,5,True,0.8673020835382849
"(9,1)",0.8,0.02,72,42,5,True,0.8500980465911433
"(9,1)",0.8,0.02,73,18,5,True,0.9193277136007433
"(9,1)",0.8,0.02,74,24,5,True,0.9172283829818076
"(9,1)",0.8,0.02,75,34,5,True,0.9049138091885356
"(9,1)",0.8,0.02,76,15,5,True,0.930715935334873
"(9,1)",0.8,0.02,77,34,5,True,0.901293843746422
"(9,1)",0.8,0.02,78,21,5,True,0.8878050443081117
"(9,1)",0.8,0.02,79,30,5,True,0.8660573375398367
"(9,1)",0.8,0.02,80,17,5,True,0.926605504587156
"(9,1)",0.8,0.02,81,25,5,True,0.9015055370521882
"(9,1)",0.8,0.02,82,21,5,True,0.9191685912240184
"(9,1)",0.8,0.02,83,39,5,True,0.8648677975910587
"(9,1)",0.8,0.02,84,22,5,True,0.8991553083362686
"(9,1)",0.8,0.02,85,49,5,True,0.8986486486486487
"(9,1)",0.8,0.02,86,41,5,True,0.8911111111111112
"(9,1)",0.8,0.02,87,24,5,True,0.8844444444444444
"(9,1)",0.8,0.02,88,28,5,True,0.9218390804597701
"(9,1)",0.8,0.02,89,38,5,True,0.9031531531531531
"(9,1)",0.8,0.02,90,20,5,True,0.9194243145639822
"(9,1)",0.8,0.02,91,51,5,True,0.8903508771929824
"(9,1)",0.8,0.02,92,32,5,True,0.9249651324965132
"(9,1)",0.8,0.02,93,35,5,True,0.9246575342465754
"(9,1)",0.8,0.02,94,18,5,True,0.9212962962962963
"(9,1)",0.8,0.02,95,38,5,True,0.9126569455336024
"(9,1)",0.8,0.02,96,23,5,True,0.9283016708628976
"(9,1)",0.8,0.02,97,70,3,False,0.19047619047619047
"(9,1)",0.8,0.02,98,16,5,True,0.9153318077803203
"(9,1)",0.8,0.02,99,12,5,True,0.9294117647058824
"(9,1)",0.8,0.02,100,39,5,True,0.8945155382622934
"(9,1)",0.9,0.02,1,39,5,True,0.8933333333333333
"(9,1)",0.9,0.02,2,22,5,True,0.9284505680444767
"(9,1)",0.9,0.02,3,36,5,True,0.9024536683370705
"(9,1)",0.9,0.02,4,34,5,True,0.88641425389755
"(9,1)",0.9,0.02,5,38,5,True,0.9147982062780269
"(9,1)",0.9,0.02,6,46,5,True,0.9136363636363636
"(9,1)",0.9,0.02,7,31,5,True,0.8921870602359863
"(9,1)",0.9,0.02,8,29,5,True,0.9055880153751152
"(9,1)",0.9,0.02,9,18,5,True,0.9297423887587822
"(9,1)",0.9,0.02,10,46,5,True,0.8626457766364948
"(9,1)",0.9,0.02,11,25,5,True,0.8977272727272727
"(9,1)",0.9,0.02,12,48,5,True,0.8791208791208791
"(9,1)",0.9,0.02,13,19,5,True,0.925774472195577
"(9,1)",0.9,0.02,14,19,5,True,0.9191011235955057
"(9,1)",0.9,0.02,15,17,5,True,0.9295774647887324
"(9,1)",0.9,0.02,16,31,5,True,0.9178082191780821
"(9,1)",0.9,0.02,17,13,5,True,0.9153318077803203
"(9,1)",0.9,0.02,18,28,5,True,0.8881939393939394
"(9,1)",0.9,0.02,19,29,5,True,0.888888888888889
"(9,1)",0.9,0.02,20,23,5,True,0.8933933933933934
"(9,1)",0.9,0.02,21,27,5,True,0.8948545861297539
"(9,1)",0.9,0.02,22,27,5,True,0.9105082573569273
"(9,1)",0.9,0.02,23,33,5,True,0.8889463700638042
"(9,1)",0.9,0.02,24,23,5,True,0.8856502242152466
"(9,1)",0.9,0.02,25,10,5,True,0.9284505680444767
"(9,1)",0.9,0.02,26,19,5,True,0.9197311967642494
"(9,1)",0.9,0.02,27,45,5,True,0.901565995525727
"(9,1)",0.9,0.02,28,20,5,True,0.9275109170305678
"(9,1)",0.9,0.02,29,22,5,True,0.8922432427996893
"(9,1)",0.9,0.02,30,20,5,True,0.9189814814814815
"(9,1)",0.9,0.02,31,21,5,True,0.8792471304452525
"(9,1)",0.9,0.02,32,39,5,True,0.9013229053997837
"(9,1)",0.9,0.02,33,22,5,True,0.9212962962962963
"(9,1)",0.9,0.02,34,28,5,True,0.8881939393939394
"(9,1)",0.9,0.02,35,35,5,True,0.9035874439461883
"(9,1)",0.9,0.02,36,32,5,True,0.9305555555555556
"(9,1)",0.9,0.02,37,38,5,True,0.88
"(9,1)",0.9,0.02,38,22,5,True,0.9284064665127021
"(9,1)",0.9,0.02,39,45,5,True,0.9158996063400568
"(9,1)",0.9,0.02,40,50,5,True,0.8504697590381959
"(9,1)",0.9,0.02,41,13,5,True,0.928245323421276
"(9,1)",0.9,0.02,42,26,5,True,0.884396643867013
"(9,1)",0.9,0.02,43,12,5,True,0.9294117647058824
"(9,1)",0.9,0.02,44,37,5,True,0.8776627643064119
"(9,1)",0.9,0.02,45,23,5,True,0.8961861391774585
"(9,1)",0.9,0.02,46,34,5,True,0.9101123595505618
"(9,1)",0.9,0.02,47,25,5,True,0.9175094344429232
"(9,1)",0.9,0.02,48,29,5,True,0.8838501436864117
"(9,1)",0.9,0.02,49,21,5,True,0.9157175398633257
"(9,1)",0.9,0.02,50,30,5,True,0.9024631250694137
"(9,1)",0.9,0.02,51,26,5,True,0.9090993933737751
"(9,1)",0.9,0.02,52,44,5,True,0.8922432427996893
"(9,1)",0.9,0.02,53,23,5,True,0.8846774816166322
"(9,1)",0.9,0.02,54,21,5,True,0.9074674445415929
"(9,1)",0.9,0.02,55,36,5,True,0.888888888888889
"(9,1)",0.9,0.02,56,25,5,True,0.8871681415929203
"(9,1)",0.9,0.02,57,15,5,True,0.9253137210872422
"(9,1)",0.9,0.02,58,29,5,True,0.902586575299842
"(9,1)",0.9,0.02,59,15,5,True,0.9190725729233482
"(9,1)",0.9,0.02,60,27,5,True,0.9177228247539875
"(9,1)",0.9,0.02,61,26,5,True,0.9255813953488372
"(9,1)",0.9,0.02,62,30,5,True,0.8707466450448134
"(9,1)",0.9,0.02,63,38,5,True,0.8767820773930753
"(9,1)",0.9,0.02,64,21,5,True,0.9222150788413057
"(9,1)",0.9,0.02,65,16,5,True,0.9231179542296493
"(9,1)",0.9,0.02,66,27,5,True,0.901565995525727
"(9,1)",0.9,0.02,67,33,5,True,0.8744493392070485
"(9,1)",0.9,0.02,68,27,5,True,0.9030124369980432
"(9,1)",0.9,0.02,69,41,5,True,0.8968609865470852
"(9,1)",0.9,0.02,70,27,5,True,0.9255813953488372
"(9,1)",0.9,0.02,71,21,5,True,0.9049773755656109
"(9,1)",0.9,0.02,72,26,5,True,0.9277389277389277
"(9,1)",0.9,0.02,73,55,5,True,0.8562563140424303
"(9,1)",0.9,0.02,74,24,5,True,0.9241379310344828
"(9,1)",0.9,0.02,75,41,5,True,0.9066158977978364
"(9,1)",0.9,0.02,76,35,5,True,0.8832599118942731
"(9,1)",0.9,0.02,77,26,5,True,0.9022222222222223
"(9,1)",0.9,0.02,78,25,5,True,0.8894776402842004
"(9,1)",0.9,0.02,79,30,5,True,0.8966292134831461
"(9,1)",0.9,0.02,80,36,5,True,0.8717622331333124
"(9,1)",0.9,0.02,81,29,5,True,0.8984198645598194
"(9,1)",0.9,0.02,82,44,5,True,0.9244851258581236
"(9,1)",0.9,0.02,83,29,5,True,0.8799653369859951
"(9,1)",0.9,0.02,84,28,5,True,0.8869179600886917
"(9,1)",0.9,0.02,85,21,5,True,0.9221967963386728
"(9,1)",0.9,0.02,86,20,5,True,0.9130434782608695
"(9,1)",0.9,0.02,87,26,5,True,0.9225512528473805
"(9,1)",0.9,0.02,88,49,5,True,0.8672578789913379
"(9,1)",0.9,0.02,89,37,5,True,0.8897583582708902
"(9,1)",0.9,0.02,90,27,5,True,0.8866666666666666
"(9,1)",0.9,0.02,91,27,5,True,0.8878050443081118
"(9,1)",0.9,0.02,92,16,5,True,0.9259259259259259
"(9,1)",0.9,0.02,93,17,5,True,0.921796291990901
"(9,1)",0.9,0.02,94,18,5,True,0.9094001672672071
"(9,1)",0.9,0.02,95,32,5,True,0.8911111111111112
"(9,1)",0.9,0.02,96,14,5,True,0.9207048806110439
"(9,1)",0.9,0.02,97,21,5,True,0.8891352549889135
"(9,1)",0.9,0.02,98,43,5,True,0.8953229398663697
"(9,1)",0.9,0.02,99,42,5,True,0.8874172185430464
"(9,1)",0.9,0.02,100,32,5,True,0.9046456731851407
"(15,1)",0.1,0.02,1,10,5,True,0.9506578947368421
"(15,1)",0.1,0.02,2,15,5,True,0.9512987012987013
"(15,1)",0.1,0.02,3,16,5,True,0.9371980676328502
"(15,1)",0.1,0.02,4,10,5,True,0.9463414634146341
"(15,1)",0.1,0.02,5,18,5,True,0.9477124183006536
"(15,1)",0.1,0.02,6,70,3,False,0.21686746987951822
"(15,1)",0.1,0.02,7,12,5,True,0.9505766062602965
"(15,1)",0.1,0.02,8,10,5,True,0.9504950495049505
"(15,1)",0.1,0.02,9,20,5,True,0.9513776337115073
"(15,1)",0.1,0.02,10,11,5,True,0.939519271114308
"(15,1)",0.1,0.02,11,17,5,True,0.9481263665837292
"(15,1)",0.1,0.02,12,16,5,True,0.9389658848614073
"(15,1)",0.1,0.02,13,13,5,True,0.9498533676825613
"(15,1)",0.1,0.02,14,9,5,True,0.9504950495049505
"(15,1)",0.1,0.02,15,14,5,True,0.9523809523809523
"(15,1)",0.1,0.02,16,70,3,False,0.21686746987951797
"(15,1)",0.1,0.02,17,12,5,True,0.9505766062602965
"(15,1)",0.1,0.02,18,15,5,True,0.9507389162561576
"(15,1)",0.1,0.02,19,70,1,False,0.5285567271150935
"(15,1)",0.1,0.02,20,17,5,True,0.9238095238095237
"(15,1)",0.1,0.02,21,8,5,True,0.9523809523809523
"(15,1)",0.1,0.02,22,23,5,True,0.946078431372549
"(15,1)",0.1,0.02,23,12,5,True,0.9495114006514658
"(15,1)",0.1,0.02,24,10,5,True,0.9499217527386541
"(15,1)",0.1,0.02,25,13,5,True,0.9476268412438625
"(15,1)",0.1,0.02,26,13,5,True,0.9503311258278145
"(15,1)",0.1,0.02,27,16,5,True,0.9523809523809523
"(15,1)",0.1,0.02,28,15,5,True,0.9473684210526316
"(15,1)",0.1,0.02,29,8,5,True,0.9507389162561576
"(15,1)",0.1,0.02,30,11,5,True,0.9513776337115073
"(15,1)",0.1,0.02,31,12,5,True,0.9475409836065574
"(15,1)",0.1,0.02,32,9,5,True,0.946078431372549
"(15,1)",0.1,0.02,33,12,5,True,0.9504950495049505
"(15,1)",0.1,0.02,34,8,5,True,0.9505766062602965
"(15,1)",0.1,0.02,35,10,5,True,0.9497781832182337
"(15,1)",0.1,0.02,36,10,5,True,0.9523809523809523
"(15,1)",0.1,0.02,37,8,5,True,0.9505766062602965
"(15,1)",0.1,0.02,38,11,5,True,0.9523809523809523
"(15,1)",0.1,0.02,39,17,5,True,0.9523809523809523
"(15,1)",0.1,0.02,40,12,5,True,0.9498837000013846
"(15,1)",0.1,0.02,41,10,5,True,0.9523809523809523
"(15,1)",0.1,0.02,42,13,5,True,0.9498837000013846
"(15,1)",0.1,0.02,43,70,3,False,0.2168674698795181
"(15,1)",0.1,0.02,44,9,5,True,0.9523809523809523
"(15,1)",0.1,0.02,45,11,5,True,0.9476081326800324
"(15,1)",0.1,0.02,46,12,5,True,0.9496722211794476
"(15,1)",0.1,0.02,47,10,5,True,0.9504950495049505
"(15,1)",0.1,0.02,48,14,5,True,0.9432739059967584
"(15,1)",0.1,0.02,49,9,5,True,0.9504950495049505
"(15,1)",0.1,0.02,50,9,5,True,0.9489291598023063
"(15,1)",0.1,0.02,51,12,5,True,0.948051948051948
"(15,1)",0.1,0.02,52,70,3,False,0.21686746987951805
"(15,1)",0.1,0.02,53,13,5,True,0.9498837000013846
"(15,1)",0.1,0.02,54,9,5,True,0.9508196721311475
"(15,1)",0.1,0.02,55,11,5,True,0.9504950495049505
"(15,1)",0.1,0.02,56,23,5,True,0.9491803278688524
"(15,1)",0.1,0.02,57,10,5,True,0.9504950495049505
"(15,1)",0.1,0.02,58,15,5,True,0.9504950495049505
"(15,1)",0.1,0.02,59,15,5,True,0.9479674796747968
"(15,1)",0.1,0.02,60,8,5,True,0.9505766062602965
"(15,1)",0.1,0.02,61,14,5,True,0.9476268412438625
"(15,1)",0.1,0.02,62,10,5,True,0.9493464052287581
"(15,1)",0.1,0.02,63,11,5,True,0.9456427330631152
"(15,1)",0.1,0.02,64,14,5,True,0.9497267759562842
"(15,1)",0.1,0.02,65,17,5,True,0.9494290375203914
"(15,1)",0.1,0.02,66,10,5,True,0.9496166484118291
"(15,1)",0.1,0.02,67,11,5,True,0.9497781832182337
"(15,1)",0.1,0.02,68,17,5,True,0.9523680747743173
"(15,1)",0.1,0.02,69,15,5,True,0.9523809523809523
"(15,1)",0.1,0.02,70,11,5,True,0.9493214087332703
"(15,1)",0.1,0.02,71,13,5,True,0.9509001636661211
"(15,1)",0.1,0.02,72,10,5,True,0.9497781832182337
"(15,1)",0.1,0.02,73,15,5,True,0.9476268412438625
"(15,1)",0.1,0.02,74,14,5,True,0.9505766062602965
"(15,1)",0.1,0.02,75,12,5,True,0.9468162196699341
"(15,1)",0.1,0.02,76,11,5,True,0.9506578947368421
"(15,1)",0.1,0.02,77,12,5,True,0.9504950495049505
"(15,1)",0.1,0.02,78,17,5,True,0.9523809523809523
"(15,1)",0.1,0.02,79,14,5,True,0.9508196721311475
"(15,1)",0.1,0.02,80,15,5,True,0.9478782903518608
"(15,1)",0.1,0.02,81,10,5,True,0.9498200679519913
"(15,1)",0.1,0.02,82,12,5,True,0.9479674796747968
"(15,1)",0.1,0.02,83,9,5,True,0.9504132231404959
"(15,1)",0.1,0.02,84,14,5,True,0.9490968801313628
"(15,1)",0.1,0.02,85,13,5,True,0.9523644335439956
"(15,1)",0.1,0.02,86,13,5,True,0.9499217527386541
"(15,1)",0.1,0.02,87,11,5,True,0.9506578947368421
"(15,1)",0.1,0.02,88,8,5,True,0.9504132231404959
"(15,1)",0.1,0.02,89,12,5,True,0.9491803278688524
"(15,1)",0.1,0.02,90,11,5,True,0.9476268412438625
"(15,1)",0.1,0.02,91,19,5,True,0.9493464052287581
"(15,1)",0.1,0.02,92,10,5,True,0.9497267759562842
"(15,1)",0.1,0.02,93,14,5,True,0.9450673520094185
"(15,1)",0.1,0.02,94,13,5,True,0.9510603588907015
"(15,1)",0.1,0.02,95,13,5,True,0.9491803278688524
"(15,1)",0.1,0.02,96,15,5,True,0.946078431372549
"(15,1)",0.1,0.02,97,15,5,True,0.9445350734094616
"(15,1)",0.1,0.02,98,15,5,True,0.9490968801313628
"(15,1)",0.1,0.02,99,13,5,True,0.9504950495049505
"(15,1)",0.1,0.02,100,12,5,True,0.9506578947368421
"(15,1)",0.2,0.02,1,33,5,True,0.940032414910859
"(15,1)",0.2,0.02,2,19,5,True,0.9355877616747182
"(15,1)",0.2,0.02,3,22,5,True,0.9403044412333617
"(15,1)",0.2,0.02,4,18,5,True,0.9436349370491994
"(15,1)",0.2,0.02,5,10,5,True,0.9497781832182337
"(15,1)",0.2,0.02,6,18,5,True,0.9406909296886625
"(15,1)",0.2,0.02,7,13,5,True,0.9353796445880453
"(15,1)",0.2,0.02,8,17,5,True,0.9238313114656366
"(15,1)",0.2,0.02,9,9,5,True,0.9508196721311475
"(15,1)",0.2,0.02,10,21,5,True,0.9263999999999999
"(15,1)",0.2,0.02,11,24,5,True,0.9309791332263242
"(15,1)",0.2,0.02,12,15,5,True,0.9495501357445759
"(15,1)",0.2,0.02,13,19,5,True,0.932267287402272
"(15,1)",0.2,0.02,14,12,5,True,0.9481264661018726
"(15,1)",0.2,0.02,15,10,5,True,0.9505766062602965
"(15,1)",0.2,0.02,16,12,5,True,0.9443535188216039
"(15,1)",0.2,0.02,17,12,5,True,0.9489291598023063
"(15,1)",0.2,0.02,18,15,5,True,0.9309791332263242
"(15,1)",0.2,0.02,19,10,5,True,0.9505766062602965
"(15,1)",0.2,0.02,20,18,5,True,0.9506578947368421
"(15,1)",0.2,0.02,21,70,3,False,0.21951219512195125
"(15,1)",0.2,0.02,22,17,5,True,0.9476024605350922
"(15,1)",0.2,0.02,23,25,5,True,0.917329093799682
"(15,1)",0.2,0.02,24,10,5,True,0.9436436024162548
"(15,1)",0.2,0.02,25,9,5,True,0.9508196721311475
"(15,1)",0.2,0.02,26,8,5,True,0.9455283963153696
"(15,1)",0.2,0.02,27,15,5,True,0.9477977161500816
"(15,1)",0.2,0.02,28,21,5,True,0.9427357347413596
"(15,1)",0.2,0.02,29,16,5,True,0.9341388296612178
"(15,1)",0.2,0.02,30,14,5,True,0.9489291598023063
"(15,1)",0.2,0.02,31,12,5,True,0.9403225806451613
"(15,1)",0.2,0.02,32,17,5,True,0.9445026766745781
"(15,1)",0.2,0.02,33,18,5,True,0.945158919244862
"(15,1)",0.2,0.02,34,13,5,True,0.9440229588290202
"(15,1)",0.2,0.02,35,19,5,True,0.9477124183006536
"(15,1)",0.2,0.02,36,11,5,True,0.9507389162561576
"(15,1)",0.2,0.02,37,15,5,True,0.940661044048203
"(15,1)",0.2,0.02,38,16,5,True,0.9489311918069304
"(15,1)",0.2,0.02,39,8,5,True,0.9505766062602965
"(15,1)",0.2,0.02,40,13,5,True,0.9498837000013846
"(15,1)",0.2,0.02,41,14,5,True,0.9499217527386541
"(15,1)",0.2,0.02,42,29,5,True,0.9429037520391517
"(15,1)",0.2,0.02,43,13,5,True,0.9505766062602965
"(15,1)",0.2,0.02,44,26,5,True,0.938610662358643
"(15,1)",0.2,0.02,45,11,5,True,0.9475168146354588
"(15,1)",0.2,0.02,46,22,5,True,0.9325842696629214
"(15,1)",0.2,0.02,47,11,5,True,0.9480949019177679
"(15,1)",0.2,0.02,48,17,5,True,0.9482709945635
"(15,1)",0.2,0.02,49,22,5,True,0.9433656957928802
"(15,1)",0.2,0.02,50,7,5,True,0.9505766062602965
"(15,1)",0.2,0.02,51,12,5,True,0.9506578947368421
"(15,1)",0.2,0.02,52,13,5,True,0.9371849948901719
"(15,1)",0.2,0.02,53,22,5,True,0.9488342586648474
"(15,1)",0.2,0.02,54,12,5,True,0.9457565908270134
"(15,1)",0.2,0.02,55,9,5,True,0.9459901800327332
"(15,1)",0.2,0.02,56,17,5,True,0.9385113268608415
"(15,1)",0.2,0.02,57,9,5,True,0.9499217527386541
"(15,1)",0.2,0.02,58,12,5,True,0.9505766062602965
"(15,1)",0.2,0.02,59,25,5,True,0.9298671849692258
"(15,1)",0.2,0.02,60,13,5,True,0.9505766062602965
"(15,1)",0.2,0.02,61,8,5,True,0.9506578947368421
"(15,1)",0.2,0.02,62,15,5,True,0.9504950495049505
"(15,1)",0.2,0.02,63,70,3,False,0.21686746987951822
"(15,1)",0.2,0.02,64,20,5,True,0.9428142178862783
"(15,1)",0.2,0.02,65,24,5,True,0.9417195233511415
"(15,1)",0.2,0.02,66,20,5,True,0.9396825396825397
"(15,1)",0.2,0.02,67,11,5,True,0.9506578947368421
"(15,1)",0.2,0.02,68,15,5,True,0.9471243736444543
"(15,1)",0.2,0.02,69,17,5,True,0.947772498219403
"(15,1)",0.2,0.02,70,11,5,True,0.9479836547651955
"(15,1)",0.2,0.02,71,19,5,True,0.930966946946781
"(15,1)",0.2,0.02,72,17,5,True,0.9351575195261309
"(15,1)",0.2,0.02,73,16,5,True,0.9447154471544715
"(15,1)",0.2,0.02,74,12,5,True,0.9474406905382313
"(15,1)",0.2,0.02,75,19,5,True,0.9523809523809523
"(15,1)",0.2,0.02,76,25,5,True,0.9470682207694515
"(15,1)",0.2,0.02,77,11,5,True,0.9523809523809523
"(15,1)",0.2,0.02,78,8,5,True,0.9523809523809523
"(15,1)",0.2,0.02,79,13,5,True,0.9459016393442622
"(15,1)",0.2,0.02,80,17,5,True,0.9425220539524937
"(15,1)",0.2,0.02,81,14,5,True,0.9492635024549917
"(15,1)",0.2,0.02,82,28,5,True,0.9458090480155426
"(15,1)",0.2,0.02,83,12,5,True,0.9505766062602965
"(15,1)",0.2,0.02,84,19,5,True,0.9477124183006536
"(15,1)",0.2,0.02,85,9,5,True,0.9506578947368421
"(15,1)",0.2,0.02,86,12,5,True,0.9505766062602965
"(15,1)",0.2,0.02,87,10,5,True,0.9426286900014867
"(15,1)",0.2,0.02,88,13,5,True,0.9498200679519913
"(15,1)",0.2,0.02,89,21,5,True,0.9311227255129695
"(15,1)",0.2,0.02,90,70,3,False,0.21428571428571425
"(15,1)",0.2,0.02,91,11,5,True,0.9497781832182337
"(15,1)",0.2,0.02,92,20,5,True,0.9356399583766909
"(15,1)",0.2,0.02,93,16,5,True,0.9232207403714321
"(15,1)",0.2,0.02,94,19,5,True,0.9476268412438625
"(15,1)",0.2,0.02,95,21,5,True,0.9341836337421732
"(15,1)",0.2,0.02,96,22,5,True,0.9368932038834951
"(15,1)",0.2,0.02,97,15,5,True,0.9506578947368421
"(15,1)",0.2,0.02,98,12,5,True,0.9477977161500816
"(15,1)",0.2,0.02,99,14,5,True,0.9440079332043343
"(15,1)",0.2,0.02,100,16,5,True,0.9451917233610506
"(15,1)",0.3,0.02,1,10,5,True,0.9456653154114216
"(15,1)",0.3,0.02,2,18,5,True,0.9404815117979946
"(15,1)",0.3,0.02,3,10,5,True,0.9505766062602965
"(15,1)",0.3,0.02,4,12,5,True,0.9491339607078225
"(15,1)",0.3,0.02,5,27,5,True,0.9253968253968254
"(15,1)",0.3,0.02,6,10,5,True,0.9477621735135845
"(15,1)",0.3,0.02,7,25,5,True,0.9262820512820512
"(15,1)",0.3,0.02,8,22,5,True,0.9281150159744409
"(15,1)",0.3,0.02,9,20,5,True,0.9384730626872686
"(15,1)",0.3,0.02,10,20,5,True,0.9365079365079365
"(15,1)",0.3,0.02,11,29,5,True,0.9380952380952381
"(15,1)",0.3,0.02,12,19,5,True,0.9405144694533761
"(15,1)",0.3,0.02,13,19,5,True,0.9097308805848121
"(15,1)",0.3,0.02,14,23,5,True,0.9475418478977198
"(15,1)",0.3,0.02,15,18,5,True,0.9418148131809961
"(15,1)",0.3,0.02,16,29,5,True,0.9178794069883179
"(15,1)",0.3,0.02,17,20,5,True,0.9418974296138974
"(15,1)",0.3,0.02,18,29,5,True,0.9190476190476191
"(15,1)",0.3,0.02,19,13,5,True,0.9499217527386541
"(15,1)",0.3,0.02,20,16,5,True,0.9446254071661238
"(15,1)",0.3,0.02,21,16,5,True,0.9258358662613981
"(15,1)",0.3,0.02,22,17,5,True,0.9458699726106385
"(15,1)",0.3,0.02,23,19,5,True,0.9476045048993997
"(15,1)",0.3,0.02,24,17,5,True,0.935017860895146
"(15,1)",0.3,0.02,25,27,5,True,0.9461663947797715
"(15,1)",0.3,0.02,26,14,5,True,0.9419933362472821
"(15,1)",0.3,0.02,27,13,5,True,0.9498200679519913
"(15,1)",0.3,0.02,28,24,5,True,0.9437793167207247
"(15,1)",0.3,0.02,29,10,5,True,0.9459459459459459
"(15,1)",0.3,0.02,30,17,5,True,0.949059241553879
"(15,1)",0.3,0.02,31,23,5,True,0.9206349206349206
"(15,1)",0.3,0.02,32,25,5,True,0.9149788230580884
"(15,1)",0.3,0.02,33,18,5,True,0.9373418273845885
"(15,1)",0.3,0.02,34,13,5,True,0.9443535188216039
"(15,1)",0.3,0.02,35,27,5,True,0.9174603174603174
"(15,1)",0.3,0.02,36,9,5,True,0.9507389162561576
"(15,1)",0.3,0.02,37,19,5,True,0.9184894053315106
"(15,1)",0.3,0.02,38,24,5,True,0.9236952270306475
"(15,1)",0.3,0.02,39,21,5,True,0.9317460317460318
"(15,1)",0.3,0.02,40,25,5,True,0.9206349206349206
"(15,1)",0.3,0.02,41,21,5,True,0.9331366217570426
"(15,1)",0.3,0.02,42,16,5,True,0.9457565908270134
"(15,1)",0.3,0.02,43,20,5,True,0.9488
"(15,1)",0.3,0.02,44,15,5,True,0.9206349206349206
"(15,1)",0.3,0.02,45,20,5,True,0.9446254071661238
"(15,1)",0.3,0.02,46,17,5,True,0.9126984126984128
"(15,1)",0.3,0.02,47,14,5,True,0.9317962850933208
"(15,1)",0.3,0.02,48,14,5,True,0.9459901800327332
"(15,1)",0.3,0.02,49,24,5,True,0.9276527331189711
"(15,1)",0.3,0.02,50,23,5,True,0.9472076095123674
"(15,1)",0.3,0.02,51,23,5,True,0.9225825333870034
"(15,1)",0.3,0.02,52,21,5,True,0.9333333333333333
"(15,1)",0.3,0.02,53,12,5,True,0.9506578947368421
"(15,1)",0.3,0.02,54,21,5,True,0.9427168576104745
"(15,1)",0.3,0.02,55,13,5,True,0.9458699726106385
"(15,1)",0.3,0.02,56,9,5,True,0.9497781832182337
"(15,1)",0.3,0.02,57,21,5,True,0.9254768392370573
"(15,1)",0.3,0.02,58,22,5,True,0.9305331179321487
"(15,1)",0.3,0.02,59,12,5,True,0.9446254071661238
"(15,1)",0.3,0.02,60,15,5,True,0.9499217527386541
"(15,1)",0.3,0.02,61,16,5,True,0.9456344942143836
"(15,1)",0.3,0.02,62,17,5,True,0.9449718220688107
"(15,1)",0.3,0.02,63,19,5,True,0.9341388296612178
"(15,1)",0.3,0.02,64,20,5,True,0.915873015873016
"(15,1)",0.3,0.02,65,16,5,True,0.9253968253968254
"(15,1)",0.3,0.02,66,18,5,True,0.9418416801292407
"(15,1)",0.3,0.02,67,12,5,True,0.9423894394803813
"(15,1)",0.3,0.02,68,22,5,True,0.9238095238095237
"(15,1)",0.3,0.02,69,24,5,True,0.942916182358259
"(15,1)",0.3,0.02,70,18,5,True,0.9496647675759171
"(15,1)",0.3,0.02,71,14,5,True,0.9446254071661238
"(15,1)",0.3,0.02,72,16,5,True,0.9432739059967584
"(15,1)",0.3,0.02,73,31,5,True,0.9339482296935436
"(15,1)",0.3,0.02,74,13,5,True,0.9509001636661211
"(15,1)",0.3,0.02,75,30,5,True,0.9262297547155223
"(15,1)",0.3,0.02,76,19,5,True,0.9418641381689814
"(15,1)",0.3,0.02,77,16,5,True,0.9477124183006536
"(15,1)",0.3,0.02,78,24,5,True,0.9438121632941628
"(15,1)",0.3,0.02,79,32,5,True,0.9128367670364501
"(15,1)",0.3,0.02,80,21,5,True,0.9315709537768777
"(15,1)",0.3,0.02,81,19,5,True,0.9291273389634046
"(15,1)",0.3,0.02,82,17,5,True,0.9185789450413405
"(15,1)",0.3,0.02,83,23,5,True,0.9241518829754124
"(15,1)",0.3,0.02,84,11,5,True,0.9499217527386541
"(15,1)",0.3,0.02,85,19,5,True,0.9492635024549917
"(15,1)",0.3,0.02,86,9,5,True,0.9505766062602965
"(15,1)",0.3,0.02,87,10,5,True,0.9458364970893445
"(15,1)",0.3,0.02,88,20,5,True,0.9408030670853283
"(15,1)",0.3,0.02,89,18,5,True,0.941887437431327
"(15,1)",0.3,0.02,90,17,5,True,0.9404718788855646
"(15,1)",0.3,0.02,91,16,5,True,0.9458699726106385
"(15,1)",0.3,0.02,92,27,5,True,0.9135892405121409
"(15,1)",0.3,0.02,93,21,5,True,0.9489684367994653
"(15,1)",0.3,0.02,94,24,5,True,0.9391183154543239
"(15,1)",0.3,0.02,95,20,5,True,0.9379483190735459
"(15,1)",0.3,0.02,96,17,5,True,0.9390519638184504
"(15,1)",0.3,0.02,97,23,5,True,0.928343949044586
"(15,1)",0.3,0.02,98,22,5,True,0.9331210191082802
"(15,1)",0.3,0.02,99,31,5,True,0.9478716437459069
"(15,1)",0.3,0.02,100,25,5,True,0.9437820287902546
"(15,1)",0.4,0.02,1,18,5,True,0.925241852164929
"(15,1)",0.4,0.02,2,14,5,True,0.9477124183006536
"(15,1)",0.4,0.02,3,24,5,True,0.9475409836065574
"(15,1)",0.4,0.02,4,9,5,True,0.94995148771022
"(15,1)",0.4,0.02,5,18,5,True,0.9448051948051949
"(15,1)",0.4,0.02,6,23,5,True,0.9471487262234684
"(15,1)",0.4,0.02,7,19,5,True,0.941747572815534
"(15,1)",0.4,0.02,8,9,5,True,0.9459901800327332
"(15,1)",0.4,0.02,9,12,5,True,0.9508196721311475
"(15,1)",0.4,0.02,10,14,5,True,0.9429967426710097
"(15,1)",0.4,0.02,11,21,5,True,0.929103472076815
"(15,1)",0.4,0.02,12,12,5,True,0.9416547613351288
"(15,1)",0.4,0.02,13,24,5,True,0.9414634146341464
"(15,1)",0.4,0.02,14,19,5,True,0.9486964084057249
"(15,1)",0.4,0.02,15,25,5,True,0.9356913183279744
"(15,1)",0.4,0.02,16,35,5,True,0.9105180533751963
"(15,1)",0.4,0.02,17,30,5,True,0.9285714285714286
"(15,1)",0.4,0.02,18,16,5,True,0.9373418273845885
"(15,1)",0.4,0.02,19,15,5,True,0.9488749425991122
"(15,1)",0.4,0.02,20,24,5,True,0.9400818532987536
"(15,1)",0.4,0.02,21,11,5,True,0.9497267759562842
"(15,1)",0.4,0.02,22,27,5,True,0.9143749124983128
"(15,1)",0.4,0.02,23,24,5,True,0.9396675436498445
"(15,1)",0.4,0.02,24,19,5,True,0.9464285714285714
"(15,1)",0.4,0.02,25,33,5,True,0.9148438508194606
"(15,1)",0.4,0.02,26,29,5,True,0.9492635024549917
"(15,1)",0.4,0.02,27,27,5,True,0.9360142660682171
"(15,1)",0.4,0.02,28,27,5,True,0.9292604501607716
"(15,1)",0.4,0.02,29,25,5,True,0.9207485611642655
"(15,1)",0.4,0.02,30,17,5,True,0.9459016393442622
"(15,1)",0.4,0.02,31,25,5,True,0.9252782193958664
"(15,1)",0.4,0.02,32,32,5,True,0.9384116693679093
"(15,1)",0.4,0.02,33,12,5,True,0.9506578947368421
"(15,1)",0.4,0.02,34,16,5,True,0.9307910153970638
"(15,1)",0.4,0.02,35,18,5,True,0.9301587301587301
"(15,1)",0.4,0.02,36,22,5,True,0.9426798940886605
"(15,1)",0.4,0.02,37,26,5,True,0.9337669627539177
"(15,1)",0.4,0.02,38,20,5,True,0.9301587301587301
"(15,1)",0.4,0.02,39,23,5,True,0.9444274910288962
"(15,1)",0.4,0.02,40,34,5,True,0.9195097387923146
"(15,1)",0.4,0.02,41,15,5,True,0.9497781832182337
"(15,1)",0.4,0.02,42,20,5,True,0.9253968253968254
"(15,1)",0.4,0.02,43,25,5,True,0.9304807847898949
"(15,1)",0.4,0.02,44,30,5,True,0.928706600239447
"(15,1)",0.4,0.02,45,10,5,True,0.9507389162561576
"(15,1)",0.4,0.02,46,14,5,True,0.9355877616747182
"(15,1)",0.4,0.02,47,14,5,True,0.944004354952368
"(15,1)",0.4,0.02,48,26,5,True,0.9185789450413405
"(15,1)",0.4,0.02,49,16,5,True,0.9475769193900321
"(15,1)",0.4,0.02,50,14,5,True,0.9498200679519913
"(15,1)",0.4,0.02,51,20,5,True,0.9481236476256634
"(15,1)",0.4,0.02,52,17,5,True,0.935483870967742
"(15,1)",0.4,0.02,53,23,5,True,0.9491803278688524
"(15,1)",0.4,0.02,54,24,5,True,0.9088050314465409
"(15,1)",0.4,0.02,55,26,5,True,0.926129056660867
"(15,1)",0.4,0.02,56,22,5,True,0.9430894308943089
"(15,1)",0.4,0.02,57,20,5,True,0.9320388349514563
"(15,1)",0.4,0.02,58,20,5,True,0.9408842213490985
"(15,1)",0.4,0.02,59,16,5,True,0.9384212478384653
"(15,1)",0.4,0.02,60,27,5,True,0.9344504318299255
"(15,1)",0.4,0.02,61,21,5,True,0.9416203684139842
"(15,1)",0.4,0.02,62,41,5,True,0.9188169440617592
"(15,1)",0.4,0.02,63,20,5,True,0.9425449377784606
"(15,1)",0.4,0.02,64,32,5,True,0.9251592356687898
"(15,1)",0.4,0.02,65,14,5,True,0.932403686112126
"(15,1)",0.4,0.02,66,23,5,True,0.939302317323217
"(15,1)",0.4,0.02,67,20,5,True,0.9508196721311475
"(15,1)",0.4,0.02,68,29,5,True,0.9459459459459459
"(15,1)",0.4,0.02,69,27,5,True,0.9472817133443163
"(15,1)",0.4,0.02,70,21,5,True,0.9365079365079365
"(15,1)",0.4,0.02,71,20,5,True,0.9308681672025724
"(15,1)",0.4,0.02,72,26,5,True,0.9391220549629482
"(15,1)",0.4,0.02,73,22,5,True,0.9493513071258814
"(15,1)",0.4,0.02,74,26,5,True,0.9285714285714286
"(15,1)",0.4,0.02,75,26,5,True,0.9422926665922536
"(15,1)",0.4,0.02,76,26,5,True,0.9331210191082802
"(15,1)",0.4,0.02,77,24,5,True,0.948438194523381
"(15,1)",0.4,0.02,78,20,5,True,0.9438785973067195
"(15,1)",0.4,0.02,79,18,5,True,0.9472037796436629
"(15,1)",0.4,0.02,80,25,5,True,0.9445026766745781
"(15,1)",0.4,0.02,81,18,5,True,0.9404548029304645
"(15,1)",0.4,0.02,82,15,5,True,0.9486804858003836
"(15,1)",0.4,0.02,83,12,5,True,0.9505766062602965
"(15,1)",0.4,0.02,84,36,5,True,0.916101736616696
"(15,1)",0.4,0.02,85,11,5,True,0.9441707717569787
"(15,1)",0.4,0.02,86,25,5,True,0.9289756417616666
"(15,1)",0.4,0.02,87,21,5,True,0.9437613453436997
"(15,1)",0.4,0.02,88,18,5,True,0.948699373076525
"(15,1)",0.4,0.02,89,23,5,True,0.915873015873016
"(15,1)",0.4,0.02,90,27,5,True,0.9158559986199692
"(15,1)",0.4,0.02,91,23,5,True,0.9362064513979694
"(15,1)",0.4,0.02,92,22,5,True,0.9381107491856678
"(15,1)",0.4,0.02,93,21,5,True,0.9441355730637728
"(15,1)",0.4,0.02,94,36,5,True,0.9423291488719847
"(15,1)",0.4,0.02,95,27,5,True,0.9505766062602965
"(15,1)",0.4,0.02,96,28,5,True,0.929086693288677
"(15,1)",0.4,0.02,97,19,5,True,0.9399350649350648
"(15,1)",0.4,0.02,98,23,5,True,0.9402534343912837
"(15,1)",0.4,0.02,99,10,5,True,0.9484046916162666
"(15,1)",0.4,0.02,100,36,5,True,0.9428142178862783
"(15,1)",0.5,0.02,1,16,5,True,0.9459901800327332
"(15,1)",0.5,0.02,2,19,5,True,0.9491803278688524
"(15,1)",0.5,0.02,3,22,5,True,0.9432739059967584
"(15,1)",0.5,0.02,4,14,5,True,0.9496166484118291
"(15,1)",0.5,0.02,5,14,5,True,0.949059241553879
"(15,1)",0.5,0.02,6,30,5,True,0.9304560948151854
"(15,1)",0.5,0.02,7,21,5,True,0.9442622950819672
"(15,1)",0.5,0.02,8,14,5,True,0.9459016393442622
"(15,1)",0.5,0.02,9,29,5,True,0.9244299041202384
"(15,1)",0.5,0.02,10,20,5,True,0.9476133074829988
"(15,1)",0.5,0.02,11,27,5,True,0.9508196721311475
"(15,1)",0.5,0.02,12,34,5,True,0.9190476190476191
"(15,1)",0.5,0.02,13,41,5,True,0.9399183255207303
"(15,1)",0.5,0.02,14,14,5,True,0.9461400105919943
"(15,1)",0.5,0.02,15,25,5,True,0.9281150159744409
"(15,1)",0.5,0.02,16,17,5,True,0.9511400651465798
"(15,1)",0.5,0.02,17,17,5,True,0.9461663947797715
"(15,1)",0.5,0.02,18,19,5,True,0.9482755833609398
"(15,1)",0.5,0.02,19,22,5,True,0.9422926665922536
"(15,1)",0.5,0.02,20,27,5,True,0.9472447114129015
"(15,1)",0.5,0.02,21,15,5,True,0.9432877255601825
"(15,1)",0.5,0.02,22,21,5,True,0.9198162298117765
"(15,1)",0.5,0.02,23,22,5,True,0.9275629539795851
"(15,1)",0.5,0.02,24,16,5,True,0.9279385048433539
"(15,1)",0.5,0.02,25,28,5,True,0.9135892405121409
"(15,1)",0.5,0.02,26,20,5,True,0.9451917233610506
"(15,1)",0.5,0.02,27,21,5,True,0.9498200679519913
"(15,1)",0.5,0.02,28,13,5,True,0.9386163351855571
"(15,1)",0.5,0.02,29,20,5,True,0.9437613453436997
"(15,1)",0.5,0.02,30,26,5,True,0.9325842696629214
"(15,1)",0.5,0.02,31,14,5,True,0.9495501357445759
"(15,1)",0.5,0.02,32,26,5,True,0.9448051948051949
"(15,1)",0.5,0.02,33,19,5,True,0.9184075166312324
"(15,1)",0.5,0.02,34,27,5,True,0.9222222222222223
"(15,1)",0.5,0.02,35,18,5,True,0.9425449377784606
"(15,1)",0.5,0.02,36,30,5,True,0.9493464052287581
"(15,1)",0.5,0.02,37,28,5,True,0.9200765556960248
"(15,1)",0.5,0.02,38,21,5,True,0.935483870967742
"(15,1)",0.5,0.02,39,24,5,True,0.9477621735135845
"(15,1)",0.5,0.02,40,14,5,True,0.9419354838709678
"(15,1)",0.5,0.02,41,23,5,True,0.9397394136807817
"(15,1)",0.5,0.02,42,17,5,True,0.9492635024549917
"(15,1)",0.5,0.02,43,26,5,True,0.9485898863889507
"(15,1)",0.5,0.02,44,20,5,True,0.90975870411162
"(15,1)",0.5,0.02,45,17,5,True,0.9497267759562842
"(15,1)",0.5,0.02,46,39,5,True,0.93354943273906
"(15,1)",0.5,0.02,47,31,5,True,0.9490968801313628
"(15,1)",0.5,0.02,48,36,5,True,0.9201277955271565
"(15,1)",0.5,0.02,49,34,5,True,0.9135892405121409
"(15,1)",0.5,0.02,50,22,5,True,0.9391181462911959
"(15,1)",0.5,0.02,51,17,5,True,0.9367909238249594
"(15,1)",0.5,0.02,52,21,5,True,0.9246771138946098
"(15,1)",0.5,0.02,53,31,5,True,0.9253882684539754
"(15,1)",0.5,0.02,54,18,5,True,0.9429037520391517
"(15,1)",0.5,0.02,55,30,5,True,0.9298372697408135
"(15,1)",0.5,0.02,56,22,5,True,0.9369951534733441
"(15,1)",0.5,0.02,57,33,5,True,0.9269841269841269
"(15,1)",0.5,0.02,58,32,5,True,0.9161392405063291
"(15,1)",0.5,0.02,59,43,5,True,0.9138734708338254
"(15,1)",0.5,0.02,60,27,5,True,0.9465415972648374
"(15,1)",0.5,0.02,61,27,5,True,0.9285610822985547
"(15,1)",0.5,0.02,62,33,5,True,0.9209387468598127
"(15,1)",0.5,0.02,63,18,5,True,0.9157370028140649
"(15,1)",0.5,0.02,64,18,5,True,0.9494713930348259
"(15,1)",0.5,0.02,65,24,5,True,0.9445350734094616
"(15,1)",0.5,0.02,66,26,5,True,0.9146064236720877
"(15,1)",0.5,0.02,67,28,5,True,0.9351701782820098
"(15,1)",0.5,0.02,68,20,5,True,0.9384200129293092
"(15,1)",0.5,0.02,69,19,5,True,0.9241518829754124
"(15,1)",0.5,0.02,70,19,5,True,0.94995148771022
"(15,1)",0.5,0.02,71,32,5,True,0.9113722281230113
"(15,1)",0.5,0.02,72,24,5,True,0.9450673520094185
"(15,1)",0.5,0.02,73,21,5,True,0.9269841269841269
"(15,1)",0.5,0.02,74,21,5,True,0.9489291598023063
"(15,1)",0.5,0.02,75,22,5,True,0.9190476190476191
"(15,1)",0.5,0.02,76,25,5,True,0.9378624438400028
"(15,1)",0.5,0.02,77,28,5,True,0.9479524659155334
"(15,1)",0.5,0.02,78,21,5,True,0.9281610909018625
"(15,1)",0.5,0.02,79,32,5,True,0.9191759112519811
"(15,1)",0.5,0.02,80,15,5,True,0.9292604501607716
"(15,1)",0.5,0.02,81,25,5,True,0.9376249095546568
"(15,1)",0.5,0.02,82,20,5,True,0.9269484572855359
"(15,1)",0.5,0.02,83,27,5,True,0.9424335695481695
"(15,1)",0.5,0.02,84,10,5,True,0.9498200679519913
"(15,1)",0.5,0.02,85,27,5,True,0.9134220243133502
"(15,1)",0.5,0.02,86,27,5,True,0.936768149882904
"(15,1)",0.5,0.02,87,10,5,True,0.9489311918069304
"(15,1)",0.5,0.02,88,24,5,True,0.9478716437459069
"(15,1)",0.5,0.02,89,27,5,True,0.9269841269841269
"(15,1)",0.5,0.02,90,19,5,True,0.9503311258278145
"(15,1)",0.5,0.02,91,32,5,True,0.9445350734094616
"(15,1)",0.5,0.02,92,29,5,True,0.9339774557165861
"(15,1)",0.5,0.02,93,31,5,True,0.9415584415584416
"(15,1)",0.5,0.02,94,30,5,True,0.9291396369738969
"(15,1)",0.5,0.02,95,25,5,True,0.9381903939877417
"(15,1)",0.5,0.02,96,25,5,True,0.9413680781758959
"(15,1)",0.5,0.02,97,15,5,True,0.9408030670853283
"(15,1)",0.5,0.02,98,13,5,True,0.949230649066625
"(15,1)",0.5,0.02,99,28,5,True,0.9464285714285714
"(15,1)",0.5,0.02,100,47,5,True,0.9282296650717703
"(15,1)",0.6,0.02,1,28,5,True,0.9323022274744309
"(15,1)",0.6,0.02,2,22,5,True,0.9475769193900321
"(15,1)",0.6,0.02,3,29,5,True,0.9189646330884436
"(15,1)",0.6,0.02,4,29,5,True,0.9249350316930194
"(15,1)",0.6,0.02,5,13,5,True,0.9498200679519913
"(15,1)",0.6,0.02,6,15,5,True,0.9475168146354588
"(15,1)",0.6,0.02,7,22,5,True,0.9450726978998385
"(15,1)",0.6,0.02,8,34,5,True,0.9191759112519811
"(15,1)",0.6,0.02,9,23,5,True,0.946078431372549
"(15,1)",0.6,0.02,10,21,5,True,0.9475769193900321
"(15,1)",0.6,0.02,11,27,5,True,0.946078431372549
"(15,1)",0.6,0.02,12,40,5,True,0.9305267112753243
"(15,1)",0.6,0.02,13,15,5,True,0.9490968801313628
"(15,1)",0.6,0.02,14,32,5,True,0.9249392417617075
"(15,1)",0.6,0.02,15,22,5,True,0.9184551239850779
"(15,1)",0.6,0.02,16,23,5,True,0.9353714219110675
"(15,1)",0.6,0.02,17,30,5,True,0.9184551239850779
"(15,1)",0.6,0.02,18,31,5,True,0.9258243386243385
"(15,1)",0.6,0.02,19,35,5,True,0.9475168146354588
"(15,1)",0.6,0.02,20,24,5,True,0.9222222222222223
"(15,1)",0.6,0.02,21,17,5,True,0.9473684210526316
"(15,1)",0.6,0.02,22,16,5,True,0.9355877616747182
"(15,1)",0.6,0.02,23,38,5,True,0.911999276937966
"(15,1)",0.6,0.02,24,24,5,True,0.9445350734094616
"(15,1)",0.6,0.02,25,21,5,True,0.9474837511606313
"(15,1)",0.6,0.02,26,13,5,True,0.948438194523381
"(15,1)",0.6,0.02,27,11,5,True,0.940163997241168
"(15,1)",0.6,0.02,28,25,5,True,0.9461663947797715
"(15,1)",0.6,0.02,29,22,5,True,0.9446254071661238
"(15,1)",0.6,0.02,30,23,5,True,0.9485480218958603
"(15,1)",0.6,0.02,31,26,5,True,0.949059241553879
"(15,1)",0.6,0.02,32,22,5,True,0.9471312561748476
"(15,1)",0.6,0.02,33,26,5,True,0.9479674796747968
"(15,1)",0.6,0.02,34,24,5,True,0.9126984126984128
"(15,1)",0.6,0.02,35,16,5,True,0.9446153207380061
"(15,1)",0.6,0.02,36,35,5,True,0.9446254071661238
"(15,1)",0.6,0.02,37,18,5,True,0.9214822482938425
"(15,1)",0.6,0.02,38,36,5,True,0.9447745864787853
"(15,1)",0.6,0.02,39,21,5,True,0.9459901800327332
"(15,1)",0.6,0.02,40,22,5,True,0.948592056096727
"(15,1)",0.6,0.02,41,14,5,True,0.9444444444444444
"(15,1)",0.6,0.02,42,22,5,True,0.940032414910859
"(15,1)",0.6,0.02,43,24,5,True,0.9328991606517292
"(15,1)",0.6,0.02,44,15,5,True,0.9506578947368421
"(15,1)",0.6,0.02,45,25,5,True,0.9304531912463916
"(15,1)",0.6,0.02,46,34,5,True,0.9190476190476191
"(15,1)",0.6,0.02,47,34,5,True,0.9238095238095237
"(15,1)",0.6,0.02,48,24,5,True,0.9205254515599344
"(15,1)",0.6,0.02,49,16,5,True,0.9379326125507693
"(15,1)",0.6,0.02,50,17,5,True,0.9414634146341464
"(15,1)",0.6,0.02,51,28,5,True,0.9471875257364043
"(15,1)",0.6,0.02,52,26,5,True,0.932677394338891
"(15,1)",0.6,0.02,53,22,5,True,0.9170102551105561
"(15,1)",0.6,0.02,54,19,5,True,0.9354551926642117
"(15,1)",0.6,0.02,55,33,5,True,0.9329297559077249
"(15,1)",0.6,0.02,56,23,5,True,0.9444444444444444
"(15,1)",0.6,0.02,57,23,5,True,0.9403225806451613
"(15,1)",0.6,0.02,58,33,5,True,0.9415584415584416
"(15,1)",0.6,0.02,59,32,5,True,0.9113286603313389
"(15,1)",0.6,0.02,60,27,5,True,0.9317460317460318
"(15,1)",0.6,0.02,61,16,5,True,0.949919224555735
"(15,1)",0.6,0.02,62,30,5,True,0.9370967741935483
"(15,1)",0.6,0.02,63,12,5,True,0.9481244703511208
"(15,1)",0.6,0.02,64,25,5,True,0.9417763483255286
"(15,1)",0.6,0.02,65,13,5,True,0.9469425194432677
"(15,1)",0.6,0.02,66,16,5,True,0.9504950495049505
"(15,1)",0.6,0.02,67,30,5,True,0.9171727778067252
"(15,1)",0.6,0.02,68,35,5,True,0.9364230947122932
"(15,1)",0.6,0.02,69,70,4,False,0.26027397260273966
"(15,1)",0.6,0.02,70,27,5,True,0.9280600297481326
"(15,1)",0.6,0.02,71,25,5,True,0.9210696248564068
"(15,1)",0.6,0.02,72,22,5,True,0.9199999999999999
"(15,1)",0.6,0.02,73,19,5,True,0.9431818181818181
"(15,1)",0.6,0.02,74,29,5,True,0.9380378728945429
"(15,1)",0.6,0.02,75,23,5,True,0.9422926665922536
"(15,1)",0.6,0.02,76,24,5,True,0.9308681672025724
"(15,1)",0.6,0.02,77,16,5,True,0.9323512109798391
"(15,1)",0.6,0.02,78,14,5,True,0.9496166484118291
"(15,1)",0.6,0.02,79,12,5,True,0.9477621735135845
"(15,1)",0.6,0.02,80,20,5,True,0.9226919045017644
"(15,1)",0.6,0.02,81,24,5,True,0.9481361426256077
"(15,1)",0.6,0.02,82,21,5,True,0.9507389162561576
"(15,1)",0.6,0.02,83,41,5,True,0.9217252396166135
"(15,1)",0.6,0.02,84,24,5,True,0.9482849339781013
"(15,1)",0.6,0.02,85,24,5,True,0.9222222222222223
"(15,1)",0.6,0.02,86,29,5,True,0.9201277955271565
"(15,1)",0.6,0.02,87,32,5,True,0.9415015678058795
"(15,1)",0.6,0.02,88,6,5,True,0.9505766062602965
"(15,1)",0.6,0.02,89,30,5,True,0.9336657771345003
"(15,1)",0.6,0.02,90,32,5,True,0.9478716437459069
"(15,1)",0.6,0.02,91,40,5,True,0.9233365850637185
"(15,1)",0.6,0.02,92,23,5,True,0.9191623312733516
"(15,1)",0.6,0.02,93,26,5,True,0.9504950495049505
"(15,1)",0.6,0.02,94,18,5,True,0.9233226837060702
"(15,1)",0.6,0.02,95,27,5,True,0.9414133706388572
"(15,1)",0.6,0.02,96,9,5,True,0.9505766062602965
"(15,1)",0.6,0.02,97,25,5,True,0.9190476190476191
"(15,1)",0.6,0.02,98,18,5,True,0.9478025989348892
"(15,1)",0.6,0.02,99,23,5,True,0.946515397082658
"(15,1)",0.6,0.02,100,18,5,True,0.9479012710611884
"(15,1)",0.7,0.02,1,9,5,True,0.9497781832182337
"(15,1)",0.7,0.02,2,20,5,True,0.9475409836065574
"(15,1)",0.7,0.02,3,44,5,True,0.9180128417624106
"(15,1)",0.7,0.02,4,18,5,True,0.9424
"(15,1)",0.7,0.02,5,14,5,True,0.9446084318896423
"(15,1)",0.7,0.02,6,32,5,True,0.9370910906501995
"(15,1)",0.7,0.02,7,21,5,True,0.9485480218958603
"(15,1)",0.7,0.02,8,33,5,True,0.946031746031746
"(15,1)",0.7,0.02,9,25,5,True,0.9475850230704151
"(15,1)",0.7,0.02,10,27,5,True,0.9429027750049911
"(15,1)",0.7,0.02,11,33,5,True,0.9507389162561576
"(15,1)",0.7,0.02,12,15,5,True,0.938886416853285
"(15,1)",0.7,0.02,13,19,5,True,0.9336569579288025
"(15,1)",0.7,0.02,14,32,5,True,0.9393939393939394
"(15,1)",0.7,0.02,15,25,5,True,0.9494290375203914
"(15,1)",0.7,0.02,16,20,5,True,0.9317460317460318
"(15,1)",0.7,0.02,17,17,5,True,0.9412653446647781
"(15,1)",0.7,0.02,18,30,5,True,0.945859872611465
"(15,1)",0.7,0.02,19,30,5,True,0.9248
"(15,1)",0.7,0.02,20,28,5,True,0.9426798940886605
"(15,1)",0.7,0.02,21,19,5,True,0.9420368592176459
"(15,1)",0.7,0.02,22,13,5,True,0.9434746201718719
"(15,1)",0.7,0.02,23,14,5,True,0.9498364231188658
"(15,1)",0.7,0.02,24,42,5,True,0.9196579415376943
"(15,1)",0.7,0.02,25,32,5,True,0.9132947976878613
"(15,1)",0.7,0.02,26,24,5,True,0.9473915040160767
"(15,1)",0.7,0.02,27,19,5,True,0.9150956458044247
"(15,1)",0.7,0.02,28,52,5,True,0.9362333284884414
"(15,1)",0.7,0.02,29,29,5,True,0.938610662358643
"(15,1)",0.7,0.02,30,23,5,True,0.9246861308999192
"(15,1)",0.7,0.02,31,24,5,True,0.9424335695481695
"(15,1)",0.7,0.02,32,19,5,True,0.9383093948669649
"(15,1)",0.7,0.02,33,19,5,True,0.9442453641792665
"(15,1)",0.7,0.02,34,17,5,True,0.9466882067851372
"(15,1)",0.7,0.02,35,18,5,True,0.9468700811236227
"(15,1)",0.7,0.02,36,13,5,True,0.9477124183006536
"(15,1)",0.7,0.02,37,27,5,True,0.9426749866944537
"(15,1)",0.7,0.02,38,28,5,True,0.9418416801292407
"(15,1)",0.7,0.02,39,17,5,True,0.9433518118815051
"(15,1)",0.7,0.02,40,31,5,True,0.9100946372239749
"(15,1)",0.7,0.02,41,38,5,True,0.9261637239165328
"(15,1)",0.7,0.02,42,56,5,True,0.9200318281281082
"(15,1)",0.7,0.02,43,25,5,True,0.9492030859944199
"(15,1)",0.7,0.02,44,21,5,True,0.932403686112126
"(15,1)",0.7,0.02,45,28,5,True,0.944929544929545
"(15,1)",0.7,0.02,46,35,5,True,0.9190476190476191
"(15,1)",0.7,0.02,47,16,5,True,0.9477908488738119
"(15,1)",0.7,0.02,48,16,5,True,0.9434746201718719
"(15,1)",0.7,0.02,49,26,5,True,0.9271387595967229
"(15,1)",0.7,0.02,50,16,5,True,0.9476312172493773
"(15,1)",0.7,0.02,51,24,5,True,0.9190476190476191
"(15,1)",0.7,0.02,52,23,5,True,0.9468599033816425
"(15,1)",0.7,0.02,53,22,5,True,0.9354670422829121
"(15,1)",0.7,0.02,54,22,5,True,0.9463414634146341
"(15,1)",0.7,0.02,55,18,5,True,0.9481398691744496
"(15,1)",0.7,0.02,56,23,5,True,0.9505766062602965
"(15,1)",0.7,0.02,57,34,5,True,0.9231999999999999
"(15,1)",0.7,0.02,58,22,5,True,0.9468599033816425
"(15,1)",0.7,0.02,59,24,5,True,0.923752915987601
"(15,1)",0.7,0.02,60,16,5,True,0.949319298561962
"(15,1)",0.7,0.02,61,24,5,True,0.9301768249238941
"(15,1)",0.7,0.02,62,27,5,True,0.9407508547496108
"(15,1)",0.7,0.02,63,27,5,True,0.9320020577093954
"(15,1)",0.7,0.02,64,27,5,True,0.921354478890572
"(15,1)",0.7,0.02,65,28,5,True,0.9190476190476191
"(15,1)",0.7,0.02,66,27,5,True,0.9246899664586689
"(15,1)",0.7,0.02,67,26,5,True,0.9174603174603174
"(15,1)",0.7,0.02,68,18,5,True,0.9481244703511208
"(15,1)",0.7,0.02,69,24,5,True,0.9194312796208531
"(15,1)",0.7,0.02,70,13,5,True,0.9506578947368421
"(15,1)",0.7,0.02,71,16,5,True,0.9190476190476191
"(15,1)",0.7,0.02,72,16,5,True,0.9478716437459069
"(15,1)",0.7,0.02,73,29,5,True,0.9300476947535771
"(15,1)",0.7,0.02,74,17,5,True,0.9117498233097038
"(15,1)",0.7,0.02,75,58,5,True,0.9217252396166135
"(15,1)",0.7,0.02,76,23,5,True,0.9372990353697749
"(15,1)",0.7,0.02,77,24,5,True,0.9404387333315706
"(15,1)",0.7,0.02,78,27,5,True,0.9474548440065682
"(15,1)",0.7,0.02,79,17,5,True,0.9456344942143836
"(15,1)",0.7,0.02,80,19,5,True,0.932403686112126
"(15,1)",0.7,0.02,81,30,5,True,0.9420289855072465
"(15,1)",0.7,0.02,82,30,5,True,0.9253968253968254
"(15,1)",0.7,0.02,83,21,5,True,0.9431818181818181
"(15,1)",0.7,0.02,84,11,5,True,0.9400237612374508
"(15,1)",0.7,0.02,85,32,5,True,0.9418416801292407
"(15,1)",0.7,0.02,86,38,5,True,0.9212106762207931
"(15,1)",0.7,0.02,87,17,5,True,0.948745365533911
"(15,1)",0.7,0.02,88,21,5,True,0.9404593788160788
"(15,1)",0.7,0.02,89,34,5,True,0.9142857142857143
"(15,1)",0.7,0.02,90,16,5,True,0.9451917233610506
"(15,1)",0.7,0.02,91,37,5,True,0.9144215530903328
"(15,1)",0.7,0.02,92,32,5,True,0.9166857448107448
"(15,1)",0.7,0.02,93,33,5,True,0.9456653154114216
"(15,1)",0.7,0.02,94,28,5,True,0.9444274910288962
"(15,1)",0.7,0.02,95,39,5,True,0.9462676298589611
"(15,1)",0.7,0.02,96,20,5,True,0.9349561368674013
"(15,1)",0.7,0.02,97,31,5,True,0.9317460317460318
"(15,1)",0.7,0.02,98,28,5,True,0.9286676774386464
"(15,1)",0.7,0.02,99,23,5,True,0.9341894060995184
"(15,1)",0.7,0.02,100,20,5,True,0.9448051948051949
"(15,1)",0.8,0.02,1,20,5,True,0.9461546742996949
"(15,1)",0.8,0.02,2,34,5,True,0.9156877141458638
"(15,1)",0.8,0.02,3,24,5,True,0.9483870967741935
"(15,1)",0.8,0.02,4,37,5,True,0.9435968971389526
"(15,1)",0.8,0.02,5,14,5,True,0.9506578947368421
"(15,1)",0.8,0.02,6,17,5,True,0.9492596392087034
"(15,1)",0.8,0.02,7,27,5,True,0.9523608719006891
"(15,1)",0.8,0.02,8,33,5,True,0.9289670913019227
"(15,1)",0.8,0.02,9,35,5,True,0.9197691197691198
"(15,1)",0.8,0.02,10,26,5,True,0.9474548440065682
"(15,1)",0.8,0.02,11,28,5,True,0.9453184368493546
"(15,1)",0.8,0.02,12,39,5,True,0.9319664479289664
"(15,1)",0.8,0.02,13,17,5,True,0.9369951534733441
"(15,1)",0.8,0.02,14,24,5,True,0.941747572815534
"(15,1)",0.8,0.02,15,18,5,True,0.9504950495049505
"(15,1)",0.8,0.02,16,15,5,True,0.9338196860016922
"(15,1)",0.8,0.02,17,43,5,True,0.927536231884058
"(15,1)",0.8,0.02,18,38,5,True,0.9216504799227581
"(15,1)",0.8,0.02,19,16,5,True,0.9471443679511633
"(15,1)",0.8,0.02,20,23,5,True,0.9380952380952381
"(15,1)",0.8,0.02,21,33,5,True,0.9431818181818181
"(15,1)",0.8,0.02,22,44,5,True,0.917329093799682
"(15,1)",0.8,0.02,23,24,5,True,0.9449803641206945
"(15,1)",0.8,0.02,24,20,5,True,0.940032414910859
"(15,1)",0.8,0.02,25,17,5,True,0.9490968801313628
"(15,1)",0.8,0.02,26,21,5,True,0.9174603174603174
"(15,1)",0.8,0.02,27,31,5,True,0.9276527331189711
"(15,1)",0.8,0.02,28,34,5,True,0.9370967741935483
"(15,1)",0.8,0.02,29,35,5,True,0.9168564061225741
"(15,1)",0.8,0.02,30,33,5,True,0.935275080906149
"(15,1)",0.8,0.02,31,34,5,True,0.9076682316118937
"(15,1)",0.8,0.02,32,30,5,True,0.9384116693679093
"(15,1)",0.8,0.02,33,18,5,True,0.9242563728135614
"(15,1)",0.8,0.02,34,37,5,True,0.9175911251980983
"(15,1)",0.8,0.02,35,34,5,True,0.9406914050111005
"(15,1)",0.8,0.02,36,18,5,True,0.9479365044613681
"(15,1)",0.8,0.02,37,13,5,True,0.9498200679519913
"(15,1)",0.8,0.02,38,34,5,True,0.9190476190476191
"(15,1)",0.8,0.02,39,26,5,True,0.9447154471544715
"(15,1)",0.8,0.02,40,17,5,True,0.9462221708799425
"(15,1)",0.8,0.02,41,46,5,True,0.9169329073482427
"(15,1)",0.8,0.02,42,19,5,True,0.9402529770934963
"(15,1)",0.8,0.02,43,34,5,True,0.8865030674846625
"(15,1)",0.8,0.02,44,30,5,True,0.914315954920745
"(15,1)",0.8,0.02,45,26,5,True,0.9493464052287581
"(15,1)",0.8,0.02,46,30,5,True,0.9387096774193548
"(15,1)",0.8,0.02,47,20,5,True,0.9510603588907015
"(15,1)",0.8,0.02,48,40,5,True,0.9291273389634046
"(15,1)",0.8,0.02,49,19,5,True,0.9421510721792853
"(15,1)",0.8,0.02,50,30,5,True,0.9505766062602965
"(15,1)",0.8,0.02,51,29,5,True,0.9344
"(15,1)",0.8,0.02,52,30,5,True,0.9131471435268904
"(15,1)",0.8,0.02,53,36,5,True,0.9447154471544715
"(15,1)",0.8,0.02,54,20,5,True,0.9490968801313628
"(15,1)",0.8,0.02,55,36,5,True,0.9226496761852416
"(15,1)",0.8,0.02,56,40,5,True,0.9157529093946231
"(15,1)",0.8,0.02,57,31,5,True,0.9197107948405719
"(15,1)",0.8,0.02,58,30,5,True,0.9291438195938991
"(15,1)",0.8,0.02,59,28,5,True,0.9321486268174476
"(15,1)",0.8,0.02,60,26,5,True,0.937941857583917
"(15,1)",0.8,0.02,61,24,5,True,0.9472447114129015
"(15,1)",0.8,0.02,62,29,5,True,0.9474548440065682
"(15,1)",0.8,0.02,63,31,5,True,0.9309791332263242
"(15,1)",0.8,0.02,64,28,5,True,0.9374589373331284
"(15,1)",0.8,0.02,65,41,5,True,0.9451612903225807
"(15,1)",0.8,0.02,66,36,5,True,0.9305127020317584
"(15,1)",0.8,0.02,67,35,5,True,0.9134220243133502
"(15,1)",0.8,0.02,68,20,5,True,0.9349574681449379
"(15,1)",0.8,0.02,69,12,5,True,0.9504132231404959
"(15,1)",0.8,0.02,70,37,5,True,0.9200765556960248
"(15,1)",0.8,0.02,71,43,5,True,0.9231999999999999
"(15,1)",0.8,0.02,72,19,5,True,0.9298245614035087
"(15,1)",0.8,0.02,73,32,5,True,0.9473645026801667
"(15,1)",0.8,0.02,74,18,5,True,0.9479642235902453
"(15,1)",0.8,0.02,75,43,5,True,0.9239302694136291
"(15,1)",0.8,0.02,76,22,5,True,0.9397394136807817
"(15,1)",0.8,0.02,77,34,5,True,0.9190476190476191
"(15,1)",0.8,0.02,78,19,5,True,0.9489311918069304
"(15,1)",0.8,0.02,79,30,5,True,0.9378410654338067
"(15,1)",0.8,0.02,80,24,5,True,0.9433656957928802
"(15,1)",0.8,0.02,81,42,5,True,0.9200318281281082
"(15,1)",0.8,0.02,82,29,5,True,0.9053779759563158
"(15,1)",0.8,0.02,83,31,5,True,0.9222222222222223
"(15,1)",0.8,0.02,84,17,5,True,0.9303476165892273
"(15,1)",0.8,0.02,85,40,5,True,0.9116719242902208
"(15,1)",0.8,0.02,86,37,5,True,0.9195923655844549
"(15,1)",0.8,0.02,87,11,5,True,0.9504132231404959
"(15,1)",0.8,0.02,88,27,5,True,0.9471649497288849
"(15,1)",0.8,0.02,89,28,5,True,0.9324180064772539
"(15,1)",0.8,0.02,90,39,5,True,0.9127546953345893
"(15,1)",0.8,0.02,91,30,5,True,0.9258243386243385
"(15,1)",0.8,0.02,92,18,5,True,0.9434213368259001
"(15,1)",0.8,0.02,93,25,5,True,0.9482755833609398
"(15,1)",0.8,0.02,94,36,5,True,0.8948644513567509
"(15,1)",0.8,0.02,95,25,5,True,0.9349273509087481
"(15,1)",0.8,0.02,96,21,5,True,0.9510603588907015
"(15,1)",0.8,0.02,97,18,5,True,0.9167151316813936
"(15,1)",0.8,0.02,98,30,5,True,0.9148804628667271
"(15,1)",0.8,0.02,99,52,5,True,0.9143822577574718
"(15,1)",0.8,0.02,100,37,5,True,0.9269841269841269
"(15,1)",0.9,0.02,1,23,5,True,0.9301587301587302
"(15,1)",0.9,0.02,2,26,5,True,0.9428104575163399
"(15,1)",0.9,0.02,3,27,5,True,0.9366883116883117
"(15,1)",0.9,0.02,4,40,5,True,0.9142234139729498
"(15,1)",0.9,0.02,5,23,5,True,0.9158024691358024
"(15,1)",0.9,0.02,6,30,5,True,0.948921502430482
"(15,1)",0.9,0.02,7,29,5,True,0.9378561035044967
"(15,1)",0.9,0.02,8,38,5,True,0.9415584415584416
"(15,1)",0.9,0.02,9,32,5,True,0.9269841269841269
"(15,1)",0.9,0.02,10,16,5,True,0.9479898947576331
"(15,1)",0.9,0.02,11,25,5,True,0.9382223993622957
"(15,1)",0.9,0.02,12,30,5,True,0.9324180064772539
"(15,1)",0.9,0.02,13,22,5,True,0.9408842213490985
"(15,1)",0.9,0.02,14,33,5,True,0.9419354838709678
"(15,1)",0.9,0.02,15,28,5,True,0.9297518443997317
"(15,1)",0.9,0.02,16,26,5,True,0.9417763483255286
"(15,1)",0.9,0.02,17,13,5,True,0.9506578947368421
"(15,1)",0.9,0.02,18,24,5,True,0.9400228908536445
"(15,1)",0.9,0.02,19,10,5,True,0.94995148771022
"(15,1)",0.9,0.02,20,20,5,True,0.9489291598023063
"(15,1)",0.9,0.02,21,28,5,True,0.9339774557165861
"(15,1)",0.9,0.02,22,50,5,True,0.9075684586827125
"(15,1)",0.9,0.02,23,42,5,True,0.9213118983587834
"(15,1)",0.9,0.02,24,29,5,True,0.9365079365079365
"(15,1)",0.9,0.02,25,29,5,True,0.9488342586648475
"(15,1)",0.9,0.02,26,28,5,True,0.927536231884058
"(15,1)",0.9,0.02,27,31,5,True,0.9438072136648435
"(15,1)",0.9,0.02,28,20,5,True,0.948058645841008
"(15,1)",0.9,0.02,29,15,5,True,0.9412698412698413
"(15,1)",0.9,0.02,30,33,5,True,0.9342948717948718
"(15,1)",0.9,0.02,31,26,5,True,0.941747572815534
"(15,1)",0.9,0.02,32,30,5,True,0.9206349206349206
"(15,1)",0.9,0.02,33,37,5,True,0.9223099109307792
"(15,1)",0.9,0.02,34,43,5,True,0.9306375715076582
"(15,1)",0.9,0.02,35,27,5,True,0.9475215315843676
"(15,1)",0.9,0.02,36,32,5,True,0.9119155297674528
"(15,1)",0.9,0.02,37,54,5,True,0.9011868854547728
"(15,1)",0.9,0.02,38,38,5,True,0.9344
"(15,1)",0.9,0.02,39,35,5,True,0.9490131578947367
"(15,1)",0.9,0.02,40,29,5,True,0.9505766062602965
"(15,1)",0.9,0.02,41,37,5,True,0.9289756417616666
"(15,1)",0.9,0.02,42,19,5,True,0.9498200679519913
"(15,1)",0.9,0.02,43,40,5,True,0.9463414634146341
"(15,1)",0.9,0.02,44,20,5,True,0.9461663947797715
"(15,1)",0.9,0.02,45,32,5,True,0.9289176090468497
"(15,1)",0.9,0.02,46,32,5,True,0.9273355143584151
"(15,1)",0.9,0.02,47,13,5,True,0.9505766062602965
"(15,1)",0.9,0.02,48,24,5,True,0.9269841269841269
"(15,1)",0.9,0.02,49,32,5,True,0.915248833853485
"(15,1)",0.9,0.02,50,31,5,True,0.9200856246985046
"(15,1)",0.9,0.02,51,36,5,True,0.9117498233097038
"(15,1)",0.9,0.02,52,29,5,True,0.9233226837060702
"(15,1)",0.9,0.02,53,25,5,True,0.9505766062602965
"(15,1)",0.9,0.02,54,42,5,True,0.9482908428844508
"(15,1)",0.9,0.02,55,36,5,True,0.9112715166598966
"(15,1)",0.9,0.02,56,23,5,True,0.9304115952002064
"(15,1)",0.9,0.02,57,20,5,True,0.9491803278688524
"(15,1)",0.9,0.02,58,29,5,True,0.9314765859666131
"(15,1)",0.9,0.02,59,26,5,True,0.9259334933361406
"(15,1)",0.9,0.02,60,23,5,True,0.9509001636661211
"(15,1)",0.9,0.02,61,20,5,True,0.9474202828222079
"(15,1)",0.9,0.02,62,21,5,True,0.9463414634146341
"(15,1)",0.9,0.02,63,15,5,True,0.9332796311213577
"(15,1)",0.9,0.02,64,27,5,True,0.9190476190476191
"(15,1)",0.9,0.02,65,33,5,True,0.9253968253968254
"(15,1)",0.9,0.02,66,9,5,True,0.9365853658536585
"(15,1)",0.9,0.02,67,16,5,True,0.9385211072184259
"(15,1)",0.9,0.02,68,45,5,True,0.9073742813132524
"(15,1)",0.9,0.02,69,33,5,True,0.9388083735909823
"(15,1)",0.9,0.02,70,20,5,True,0.9498200679519913
"(15,1)",0.9,0.02,71,17,5,True,0.9508196721311475
"(15,1)",0.9,0.02,72,39,5,True,0.9087993027158984
"(15,1)",0.9,0.02,73,18,5,True,0.9431599867505797
"(15,1)",0.9,0.02,74,19,5,True,0.9476312172493773
"(15,1)",0.9,0.02,75,32,5,True,0.948051948051948
"(15,1)",0.9,0.02,76,25,5,True,0.938610662358643
"(15,1)",0.9,0.02,77,25,5,True,0.9371980676328502
"(15,1)",0.9,0.02,78,21,5,True,0.9253968253968254
"(15,1)",0.9,0.02,79,32,5,True,0.9311460062130303
"(15,1)",0.9,0.02,80,39,5,True,0.9384116693679093
"(15,1)",0.9,0.02,81,19,5,True,0.9488342586648474
"(15,1)",0.9,0.02,82,35,5,True,0.9450726978998385
"(15,1)",0.9,0.02,83,27,5,True,0.9414366997426
"(15,1)",0.9,0.02,84,27,5,True,0.9231720702465384
"(15,1)",0.9,0.02,85,25,5,True,0.944929544929545
"(15,1)",0.9,0.02,86,25,5,True,0.915873015873016
"(15,1)",0.9,0.02,87,22,5,True,0.9410868777246789
"(15,1)",0.9,0.02,88,25,5,True,0.9366158906021598
"(15,1)",0.9,0.02,89,23,5,True,0.9497781832182337
"(15,1)",0.9,0.02,90,24,5,True,0.9241518829754124
"(15,1)",0.9,0.02,91,23,5,True,0.9399350649350648
"(15,1)",0.9,0.02,92,27,5,True,0.9264616609444196
"(15,1)",0.9,0.02,93,47,5,True,0.9222222222222223
"(15,1)",0.9,0.02,94,29,5,True,0.9402261712439418
"(15,1)",0.9,0.02,95,21,5,True,0.9506578947368421
"(15,1)",0.9,0.02,96,45,5,True,0.9370456390792877
"(15,1)",0.9,0.02,97,43,5,True,0.9253968253968254
"(15,1)",0.9,0.02,98,30,5,True,0.9320080203911323
"(15,1)",0.9,0.02,99,27,5,True,0.9399619183624895
"(15,1)",0.9,0.02,100,38,5,True,0.9429967426710097
"(19,1)",0.1,0.02,1,10,5,True,0.9587912087912088
"(19,1)",0.1,0.02,2,16,5,True,0.9552845528455284
"(19,1)",0.1,0.02,3,16,5,True,0.9587912087912088
"(19,1)",0.1,0.02,4,14,5,True,0.9562243502051984
"(19,1)",0.1,0.02,5,8,5,True,0.96
"(19,1)",0.1,0.02,6,13,5,True,0.9587345254470426
"(19,1)",0.1,0.02,7,9,5,True,0.958904109589041
"(19,1)",0.1,0.02,8,9,5,True,0.9587345254470426
"(19,1)",0.1,0.02,9,11,5,True,0.9582457347142428
"(19,1)",0.1,0.02,10,13,5,True,0.9586776859504132
"(19,1)",0.1,0.02,11,70,3,False,0.25287356321839083
"(19,1)",0.1,0.02,12,17,5,True,0.9574759945130314
"(19,1)",0.1,0.02,13,20,5,True,0.9578231292517007
"(19,1)",0.1,0.02,14,10,5,True,0.9590163934426229
"(19,1)",0.1,0.02,15,11,5,True,0.9578231292517007
"(19,1)",0.1,0.02,16,70,3,False,0.2619047619047619
"(19,1)",0.1,0.02,17,10,5,True,0.9589603283173734
"(19,1)",0.1,0.02,18,9,5,True,0.9574759945130314
"(19,1)",0.1,0.02,19,15,5,True,0.9513944329813747
"(19,1)",0.1,0.02,20,70,3,False,0.2682926829268294
"(19,1)",0.1,0.02,21,17,5,True,0.9577656675749319
"(19,1)",0.1,0.02,22,13,5,True,0.9575342465753424
"(19,1)",0.1,0.02,23,15,5,True,0.9575923392612858
"(19,1)",0.1,0.02,24,8,5,True,0.9587345254470426
"(19,1)",0.1,0.02,25,13,5,True,0.9586776859504132
"(19,1)",0.1,0.02,26,11,5,True,0.9586776859504132
"(19,1)",0.1,0.02,27,11,5,True,0.9587345254470426
"(19,1)",0.1,0.02,28,8,5,True,0.9589603283173734
"(19,1)",0.1,0.02,29,13,5,True,0.9566117171507235
"(19,1)",0.1,0.02,30,15,5,True,0.9577080491132333
"(19,1)",0.1,0.02,31,13,5,True,0.9573590096286106
"(19,1)",0.1,0.02,32,22,5,True,0.96
"(19,1)",0.1,0.02,33,20,5,True,0.9562836997096641
"(19,1)",0.1,0.02,34,11,5,True,0.9587345254470426
"(19,1)",0.1,0.02,35,13,5,True,0.9586776859504132
"(19,1)",0.1,0.02,36,12,5,True,0.9582457347142428
"(19,1)",0.1,0.02,37,7,5,True,0.9587345254470426
"(19,1)",0.1,0.02,38,17,5,True,0.9565807327001357
"(19,1)",0.1,0.02,39,18,5,True,0.9580239939418583
"(19,1)",0.1,0.02,40,11,5,True,0.9588477366255144
"(19,1)",0.1,0.02,41,9,5,True,0.9586776859504132
"(19,1)",0.1,0.02,42,12,5,True,0.9588477366255144
"(19,1)",0.1,0.02,43,10,5,True,0.9587912087912088
"(19,1)",0.1,0.02,44,12,5,True,0.9573590096286106
"(19,1)",0.1,0.02,45,11,5,True,0.9587912087912088
"(19,1)",0.1,0.02,46,70,3,False,0.25581395348837216
"(19,1)",0.1,0.02,47,14,5,True,0.9475155947515596
"(19,1)",0.1,0.02,48,12,5,True,0.96
"(19,1)",0.1,0.02,49,10,5,True,0.9587912087912088
"(19,1)",0.1,0.02,50,10,5,True,0.9587345254470426
"(19,1)",0.1,0.02,51,8,5,True,0.96
"(19,1)",0.1,0.02,52,10,5,True,0.9586776859504132
"(19,1)",0.1,0.02,53,70,3,False,0.25581395348837216
"(19,1)",0.1,0.02,54,12,5,True,0.9575745583563403
"(19,1)",0.1,0.02,55,9,5,True,0.9587345254470426
"(19,1)",0.1,0.02,56,12,5,True,0.9564702298344786
"(19,1)",0.1,0.02,57,12,5,True,0.9587345254470426
"(19,1)",0.1,0.02,58,8,5,True,0.9587345254470426
"(19,1)",0.1,0.02,59,11,5,True,0.9575923392612858
"(19,1)",0.1,0.02,60,13,5,True,0.957503551921899
"(19,1)",0.1,0.02,61,18,5,True,0.9566326530612245
"(19,1)",0.1,0.02,62,10,5,True,0.9587345254470426
"(19,1)",0.1,0.02,63,13,5,True,0.96
"(19,1)",0.1,0.02,64,13,5,True,0.9589603283173734
"(19,1)",0.1,0.02,65,12,5,True,0.9581720818845977
"(19,1)",0.1,0.02,66,14,5,True,0.9580889108770937
"(19,1)",0.1,0.02,67,9,5,True,0.9581720818845977
"(19,1)",0.1,0.02,68,10,5,True,0.9588477366255144
"(19,1)",0.1,0.02,69,15,5,True,0.9577656675749319
"(19,1)",0.1,0.02,70,16,5,True,0.9575923392612858
"(19,1)",0.1,0.02,71,9,5,True,0.9586206896551724
"(19,1)",0.1,0.02,72,11,5,True,0.9579803045315755
"(19,1)",0.1,0.02,73,9,5,True,0.9587345254470426
"(19,1)",0.1,0.02,74,12,5,True,0.9587345254470426
"(19,1)",0.1,0.02,75,9,5,True,0.9587912087912088
"(19,1)",0.1,0.02,76,8,5,True,0.9587345254470426
"(19,1)",0.1,0.02,77,10,5,True,0.9586206896551724
"(19,1)",0.1,0.02,78,16,5,True,0.9564032697547684
"(19,1)",0.1,0.02,79,11,5,True,0.958904109589041
"(19,1)",0.1,0.02,80,12,5,True,0.9582737444266846
"(19,1)",0.1,0.02,81,15,5,True,0.958904109589041
"(19,1)",0.1,0.02,82,13,5,True,0.96
"(19,1)",0.1,0.02,83,13,5,True,0.9596977329974811
"(19,1)",0.1,0.02,84,9,5,True,0.958904109589041
"(19,1)",0.1,0.02,85,13,5,True,0.9575342465753424
"(19,1)",0.1,0.02,86,12,5,True,0.9589603283173734
"(19,1)",0.1,0.02,87,9,5,True,0.9588477366255144
"(19,1)",0.1,0.02,88,10,5,True,0.9587345254470426
"(19,1)",0.1,0.02,89,14,5,True,0.9588477366255144
"(19,1)",0.1,0.02,90,16,5,True,0.9564032697547684
"(19,1)",0.1,0.02,91,10,5,True,0.96
"(19,1)",0.1,0.02,92,11,5,True,0.9587345254470426
"(19,1)",0.1,0.02,93,12,5,True,0.958904109589041
"(19,1)",0.1,0.02,94,13,5,True,0.9588477366255144
"(19,1)",0.1,0.02,95,10,5,True,0.9578231292517007
"(19,1)",0.1,0.02,96,8,5,True,0.9587912087912088
"(19,1)",0.1,0.02,97,24,5,True,0.9550408719346049
"(19,1)",0.1,0.02,98,12,5,True,0.9586776859504132
"(19,1)",0.1,0.02,99,29,5,True,0.96
"(19,1)",0.1,0.02,100,70,3,False,0.2528735632183909
"(19,1)",0.2,0.02,1,27,5,True,0.9599849446679493
"(19,1)",0.2,0.02,2,21,5,True,0.9574330164217805
"(19,1)",0.2,0.02,3,13,5,True,0.9587912087912088
"(19,1)",0.2,0.02,4,12,5,True,0.9562243502051984
"(19,1)",0.2,0.02,5,12,5,True,0.958904109589041
"(19,1)",0.2,0.02,6,16,5,True,0.9549180327868851
"(19,1)",0.2,0.02,7,10,5,True,0.9574759945130314
"(19,1)",0.2,0.02,8,10,5,True,0.9564032697547684
"(19,1)",0.2,0.02,9,13,5,True,0.9552561123052339
"(19,1)",0.2,0.02,10,11,5,True,0.9577186828914148
"(19,1)",0.2,0.02,11,70,3,False,0.2558139534883721
"(19,1)",0.2,0.02,12,10,5,True,0.9561643835616438
"(19,1)",0.2,0.02,13,14,5,True,0.9567527650588714
"(19,1)",0.2,0.02,14,16,5,True,0.9561605183404744
"(19,1)",0.2,0.02,15,15,5,True,0.9525813213259839
"(19,1)",0.2,0.02,16,13,5,True,0.9561643835616438
"(19,1)",0.2,0.02,17,10,5,True,0.9573590096286106
"(19,1)",0.2,0.02,18,11,5,True,0.9587345254470426
"(19,1)",0.2,0.02,19,22,5,True,0.9486486486486487
"(19,1)",0.2,0.02,20,9,5,True,0.958904109589041
"(19,1)",0.2,0.02,21,16,5,True,0.9534246575342465
"(19,1)",0.2,0.02,22,22,5,True,0.9446602844130495
"(19,1)",0.2,0.02,23,30,5,True,0.9513513513513514
"(19,1)",0.2,0.02,24,16,5,True,0.9574215167153061
"(19,1)",0.2,0.02,25,19,5,True,0.9587912087912088
"(19,1)",0.2,0.02,26,13,5,True,0.96
"(19,1)",0.2,0.02,27,19,5,True,0.9587912087912088
"(19,1)",0.2,0.02,28,12,5,True,0.9582028342298563
"(19,1)",0.2,0.02,29,20,5,True,0.9551020408163264
"(19,1)",0.2,0.02,30,22,5,True,0.9574759945130314
"(19,1)",0.2,0.02,31,16,5,True,0.9561042524005487
"(19,1)",0.2,0.02,32,9,5,True,0.9562243502051984
"(19,1)",0.2,0.02,33,26,5,True,0.9493080599034102
"(19,1)",0.2,0.02,34,10,5,True,0.9586776859504132
"(19,1)",0.2,0.02,35,16,5,True,0.9425489078822412
"(19,1)",0.2,0.02,36,14,5,True,0.9562841530054645
"(19,1)",0.2,0.02,37,20,5,True,0.9564032697547684
"(19,1)",0.2,0.02,38,11,5,True,0.9586206896551724
"(19,1)",0.2,0.02,39,12,5,True,0.9582028342298563
"(19,1)",0.2,0.02,40,28,5,True,0.96
"(19,1)",0.2,0.02,41,17,5,True,0.944743935309973
"(19,1)",0.2,0.02,42,16,5,True,0.9523160762942778
"(19,1)",0.2,0.02,43,10,5,True,0.958904109589041
"(19,1)",0.2,0.02,44,24,5,True,0.9410977242302544
"(19,1)",0.2,0.02,45,15,5,True,0.9580574842564185
"(19,1)",0.2,0.02,46,12,5,True,0.9549795361527966
"(19,1)",0.2,0.02,47,14,5,True,0.9574215167153061
"(19,1)",0.2,0.02,48,29,5,True,0.9520000000000001
"(19,1)",0.2,0.02,49,18,5,True,0.9537666629881467
"(19,1)",0.2,0.02,50,14,5,True,0.958210996259502
"(19,1)",0.2,0.02,51,31,5,True,0.94579945799458
"(19,1)",0.2,0.02,52,9,5,True,0.9547945205479451
"(19,1)",0.2,0.02,53,17,5,True,0.9525745257452574
"(19,1)",0.2,0.02,54,16,5,True,0.9487179487179488
"(19,1)",0.2,0.02,55,12,5,True,0.9576502732240436
"(19,1)",0.2,0.02,56,17,5,True,0.9524736671541457
"(19,1)",0.2,0.02,57,12,5,True,0.9574175824175823
"(19,1)",0.2,0.02,58,13,5,True,0.9546011349716257
"(19,1)",0.2,0.02,59,15,5,True,0.9572229083218486
"(19,1)",0.2,0.02,60,23,5,True,0.9484396200814111
"(19,1)",0.2,0.02,61,22,5,True,0.9552238805970149
"(19,1)",0.2,0.02,62,15,5,True,0.9564702298344786
"(19,1)",0.2,0.02,63,28,5,True,0.9463186407288845
"(19,1)",0.2,0.02,64,17,5,True,0.9562034420755202
"(19,1)",0.2,0.02,65,9,5,True,0.9586776859504132
"(19,1)",0.2,0.02,66,13,5,True,0.9588477366255144
"(19,1)",0.2,0.02,67,15,5,True,0.9576981183903309
"(19,1)",0.2,0.02,68,19,5,True,0.9575342465753424
"(19,1)",0.2,0.02,69,21,5,True,0.9586206896551724
"(19,1)",0.2,0.02,70,19,5,True,0.9346666666666666
"(19,1)",0.2,0.02,71,27,5,True,0.9505847678763816
"(19,1)",0.2,0.02,72,27,5,True,0.9582028342298563
"(19,1)",0.2,0.02,73,11,5,True,0.9587912087912088
"(19,1)",0.2,0.02,74,9,5,True,0.9576639268535886
"(19,1)",0.2,0.02,75,23,5,True,0.9587345254470426
"(19,1)",0.2,0.02,76,14,5,True,0.9514644235238926
"(19,1)",0.2,0.02,77,25,5,True,0.9477211796246648
"(19,1)",0.2,0.02,78,18,5,True,0.9488580809172404
"(19,1)",0.2,0.02,79,70,3,False,0.24719101123595497
"(19,1)",0.2,0.02,80,14,5,True,0.9568859639746321
"(19,1)",0.2,0.02,81,15,5,True,0.9589603283173734
"(19,1)",0.2,0.02,82,18,5,True,0.9548563611491108
"(19,1)",0.2,0.02,83,14,5,True,0.957503551921899
"(19,1)",0.2,0.02,84,15,5,True,0.9587345254470426
"(19,1)",0.2,0.02,85,30,5,True,0.9420871853205534
"(19,1)",0.2,0.02,86,17,5,True,0.9549180327868851
"(19,1)",0.2,0.02,87,20,5,True,0.9561042524005487
"(19,1)",0.2,0.02,88,32,5,True,0.9500674763832658
"(19,1)",0.2,0.02,89,12,5,True,0.9573160280035292
"(19,1)",0.2,0.02,90,13,5,True,0.9581720818845977
"(19,1)",0.2,0.02,91,20,5,True,0.9589603283173734
"(19,1)",0.2,0.02,92,27,5,True,0.945872801082544
"(19,1)",0.2,0.02,93,12,5,True,0.9550408719346049
"(19,1)",0.2,0.02,94,15,5,True,0.9536152796725784
"(19,1)",0.2,0.02,95,15,5,True,0.9568494195110059
"(19,1)",0.2,0.02,96,17,5,True,0.9422262624982225
"(19,1)",0.2,0.02,97,20,5,True,0.9393530997304582
"(19,1)",0.2,0.02,98,20,5,True,0.9525745257452574
"(19,1)",0.2,0.02,99,11,5,True,0.9573025147928246
"(19,1)",0.2,0.02,100,16,5,True,0.9574196542522335
"(19,1)",0.3,0.02,1,18,5,True,0.9368279569892474
"(19,1)",0.3,0.02,2,20,5,True,0.9588477366255144
"(19,1)",0.3,0.02,3,17,5,True,0.9531706849446389
"(19,1)",0.3,0.02,4,29,5,True,0.9473684210526315
"(19,1)",0.3,0.02,5,12,5,True,0.9586206896551724
"(19,1)",0.3,0.02,6,21,5,True,0.9548563611491108
"(19,1)",0.3,0.02,7,15,5,True,0.9515689991794234
"(19,1)",0.3,0.02,8,15,5,True,0.9359999999999999
"(19,1)",0.3,0.02,9,26,5,True,0.957322443583121
"(19,1)",0.3,0.02,10,16,5,True,0.9535869317394394
"(19,1)",0.3,0.02,11,19,5,True,0.9467472970046258
"(19,1)",0.3,0.02,12,19,5,True,0.9458113541628242
"(19,1)",0.3,0.02,13,19,5,True,0.9560767478993796
"(19,1)",0.3,0.02,14,20,5,True,0.9406207827260458
"(19,1)",0.3,0.02,15,11,5,True,0.9572229083218486
"(19,1)",0.3,0.02,16,12,5,True,0.9548563611491108
"(19,1)",0.3,0.02,17,13,5,True,0.9575342465753424
"(19,1)",0.3,0.02,18,70,3,False,0.24719101123595505
"(19,1)",0.3,0.02,19,70,3,False,0.26190476190476203
"(19,1)",0.3,0.02,20,18,5,True,0.9321221995926681
"(19,1)",0.3,0.02,21,21,5,True,0.9466666666666668
"(19,1)",0.3,0.02,22,20,5,True,0.9540507534363258
"(19,1)",0.3,0.02,23,20,5,True,0.9471543155390106
"(19,1)",0.3,0.02,24,14,5,True,0.9582457347142428
"(19,1)",0.3,0.02,25,15,5,True,0.958227347238709
"(19,1)",0.3,0.02,26,24,5,True,0.9459459199152519
"(19,1)",0.3,0.02,27,30,5,True,0.9407806191117092
"(19,1)",0.3,0.02,28,21,5,True,0.957782773178354
"(19,1)",0.3,0.02,29,12,5,True,0.9536784741144414
"(19,1)",0.3,0.02,30,17,5,True,0.9434096472282217
"(19,1)",0.3,0.02,31,15,5,True,0.9582028342298563
"(19,1)",0.3,0.02,32,17,5,True,0.9343163538873995
"(19,1)",0.3,0.02,33,7,5,True,0.9587912087912088
"(19,1)",0.3,0.02,34,29,5,True,0.9548563611491108
"(19,1)",0.3,0.02,35,21,5,True,0.9496482253650288
"(19,1)",0.3,0.02,36,26,5,True,0.9295868925754283
"(19,1)",0.3,0.02,37,17,5,True,0.9522510231923601
"(19,1)",0.3,0.02,38,17,5,True,0.9586206896551724
"(19,1)",0.3,0.02,39,15,5,True,0.9562243502051984
"(19,1)",0.3,0.02,40,18,5,True,0.9556831189243674
"(19,1)",0.3,0.02,41,22,5,True,0.9578063946046232
"(19,1)",0.3,0.02,42,25,5,True,0.9391873049344656
"(19,1)",0.3,0.02,43,23,5,True,0.9474869000453126
"(19,1)",0.3,0.02,44,11,5,True,0.9574175824175823
"(19,1)",0.3,0.02,45,21,5,True,0.9544081317750721
"(19,1)",0.3,0.02,46,9,5,True,0.9551505447238705
"(19,1)",0.3,0.02,47,28,5,True,0.9353769684468596
"(19,1)",0.3,0.02,48,17,5,True,0.9537414965986395
"(19,1)",0.3,0.02,49,19,5,True,0.9444351587683092
"(19,1)",0.3,0.02,50,24,5,True,0.9469615655853573
"(19,1)",0.3,0.02,51,24,5,True,0.96
"(19,1)",0.3,0.02,52,20,5,True,0.9386666666666666
"(19,1)",0.3,0.02,53,20,5,True,0.944734482940463
"(19,1)",0.3,0.02,54,24,5,True,0.932
"(19,1)",0.3,0.02,55,24,5,True,0.9324054859868813
"(19,1)",0.3,0.02,56,14,5,True,0.9574175824175823
"(19,1)",0.3,0.02,57,11,5,True,0.9587345254470426
"(19,1)",0.3,0.02,58,17,5,True,0.9413333333333332
"(19,1)",0.3,0.02,59,21,5,True,0.958227347238709
"(19,1)",0.3,0.02,60,18,5,True,0.9556831189243674
"(19,1)",0.3,0.02,61,21,5,True,0.9513855649498962
"(19,1)",0.3,0.02,62,22,5,True,0.9579028402414813
"(19,1)",0.3,0.02,63,17,5,True,0.9536152796725784
"(19,1)",0.3,0.02,64,27,5,True,0.9466666666666668
"(19,1)",0.3,0.02,65,19,5,True,0.9409395973154362
"(19,1)",0.3,0.02,66,18,5,True,0.94
"(19,1)",0.3,0.02,67,27,5,True,0.9511533242876526
"(19,1)",0.3,0.02,68,28,5,True,0.9501347708894878
"(19,1)",0.3,0.02,69,20,5,True,0.9576639268535886
"(19,1)",0.3,0.02,70,12,5,True,0.9549180327868851
"(19,1)",0.3,0.02,71,23,5,True,0.9573127187506089
"(19,1)",0.3,0.02,72,20,5,True,0.9406757209944286
"(19,1)",0.3,0.02,73,16,5,True,0.9359999999999999
"(19,1)",0.3,0.02,74,23,5,True,0.9522510231923601
"(19,1)",0.3,0.02,75,10,5,True,0.9565650486161655
"(19,1)",0.3,0.02,76,18,5,True,0.9575923392612858
"(19,1)",0.3,0.02,77,14,5,True,0.9588477366255144
"(19,1)",0.3,0.02,78,21,5,True,0.9315808597020584
"(19,1)",0.3,0.02,79,18,5,True,0.9533881544706985
"(19,1)",0.3,0.02,80,70,3,False,0.2471910112359551
"(19,1)",0.3,0.02,81,22,5,True,0.9529239745491517
"(19,1)",0.3,0.02,82,15,5,True,0.9571148584278826
"(19,1)",0.3,0.02,83,18,5,True,0.9406207827260458
"(19,1)",0.3,0.02,84,11,5,True,0.9587912087912088
"(19,1)",0.3,0.02,85,19,5,True,0.9386007530669257
"(19,1)",0.3,0.02,86,33,5,True,0.9565790848374213
"(19,1)",0.3,0.02,87,15,5,True,0.9575923392612858
"(19,1)",0.3,0.02,88,15,5,True,0.9563636637359991
"(19,1)",0.3,0.02,89,18,5,True,0.9582737444266846
"(19,1)",0.3,0.02,90,24,5,True,0.9481017770597738
"(19,1)",0.3,0.02,91,20,5,True,0.9590163934426229
"(19,1)",0.3,0.02,92,17,5,True,0.9386207255716988
"(19,1)",0.3,0.02,93,20,5,True,0.9321221995926681
"(19,1)",0.3,0.02,94,19,5,True,0.9571079257735265
"(19,1)",0.3,0.02,95,22,5,True,0.9434096472282217
"(19,1)",0.3,0.02,96,28,5,True,0.9523809523809523
"(19,1)",0.3,0.02,97,15,5,True,0.9473684210526315
"(19,1)",0.3,0.02,98,13,5,True,0.9575342465753424
"(19,1)",0.3,0.02,99,28,5,True,0.9386666666666666
"(19,1)",0.3,0.02,100,23,5,True,0.954177897574124
"(19,1)",0.4,0.02,1,23,5,True,0.9409395973154362
"(19,1)",0.4,0.02,2,17,5,True,0.9541469200503702
"(19,1)",0.4,0.02,3,33,5,True,0.9373333333333334
"(19,1)",0.4,0.02,4,18,5,True,0.9566009310893606
"(19,1)",0.4,0.02,5,13,5,True,0.9397938946563271
"(19,1)",0.4,0.02,6,12,5,True,0.9586776859504132
"(19,1)",0.4,0.02,7,15,5,True,0.9355505959498692
"(19,1)",0.4,0.02,8,25,5,True,0.9566327449884884
"(19,1)",0.4,0.02,9,28,5,True,0.9497282608695652
"(19,1)",0.4,0.02,10,17,5,True,0.9577213731978027
"(19,1)",0.4,0.02,11,34,5,True,0.9534883720930233
"(19,1)",0.4,0.02,12,23,5,True,0.946236559139785
"(19,1)",0.4,0.02,13,14,5,True,0.957503551921899
"(19,1)",0.4,0.02,14,39,5,True,0.9307589880159787
"(19,1)",0.4,0.02,15,15,5,True,0.9533881544706985
"(19,1)",0.4,0.02,16,20,5,True,0.9488843552665985
"(19,1)",0.4,0.02,17,15,5,True,0.9574759945130314
"(19,1)",0.4,0.02,18,11,5,True,0.944949793266391
"(19,1)",0.4,0.02,19,32,5,True,0.9561643835616438
"(19,1)",0.4,0.02,20,17,5,True,0.9566009310893606
"(19,1)",0.4,0.02,21,15,5,True,0.949283898567797
"(19,1)",0.4,0.02,22,26,5,True,0.9346666666666666
"(19,1)",0.4,0.02,23,27,5,True,0.9393464052287581
"(19,1)",0.4,0.02,24,31,5,True,0.9374469735534385
"(19,1)",0.4,0.02,25,10,5,True,0.9566124338433631
"(19,1)",0.4,0.02,26,30,5,True,0.9356532374216945
"(19,1)",0.4,0.02,27,35,5,True,0.9493261455525607
"(19,1)",0.4,0.02,28,9,5,True,0.9535869317394394
"(19,1)",0.4,0.02,29,19,5,True,0.9541004654148612
"(19,1)",0.4,0.02,30,17,5,True,0.9498644986449865
"(19,1)",0.4,0.02,31,21,5,True,0.9579283433841788
"(19,1)",0.4,0.02,32,25,5,True,0.9368823531278804
"(19,1)",0.4,0.02,33,24,5,True,0.9436044657097288
"(19,1)",0.4,0.02,34,26,5,True,0.9433198380566801
"(19,1)",0.4,0.02,35,16,5,True,0.9579283433841788
"(19,1)",0.4,0.02,36,18,5,True,0.9562836997096641
"(19,1)",0.4,0.02,37,16,5,True,0.9550408719346049
"(19,1)",0.4,0.02,38,32,5,True,0.94579945799458
"(19,1)",0.4,0.02,39,25,5,True,0.9420485175202157
"(19,1)",0.4,0.02,40,20,5,True,0.9576502732240436
"(19,1)",0.4,0.02,41,20,5,True,0.950394515933509
"(19,1)",0.4,0.02,42,28,5,True,0.932
"(19,1)",0.4,0.02,43,32,5,True,0.9369132705384895
"(19,1)",0.4,0.02,44,28,5,True,0.9413333333333334
"(19,1)",0.4,0.02,45,21,5,True,0.958904109589041
"(19,1)",0.4,0.02,46,23,5,True,0.9359999999999999
"(19,1)",0.4,0.02,47,16,5,True,0.9556831189243674
"(19,1)",0.4,0.02,48,8,5,True,0.9577702828206379
"(19,1)",0.4,0.02,49,16,5,True,0.946236559139785
"(19,1)",0.4,0.02,50,28,5,True,0.9526387009472259
"(19,1)",0.4,0.02,51,18,5,True,0.9536784741144414
"(19,1)",0.4,0.02,52,18,5,True,0.951417004048583
"(19,1)",0.4,0.02,53,26,5,True,0.9443620732741719
"(19,1)",0.4,0.02,54,38,5,True,0.9386620791283313
"(19,1)",0.4,0.02,55,31,5,True,0.9329378109452736
"(19,1)",0.4,0.02,56,27,5,True,0.9592944369063772
"(19,1)",0.4,0.02,57,13,5,True,0.954696188600556
"(19,1)",0.4,0.02,58,17,5,True,0.9549180327868851
"(19,1)",0.4,0.02,59,24,5,True,0.9535519125683061
"(19,1)",0.4,0.02,60,70,3,False,0.2471910112359551
"(19,1)",0.4,0.02,61,25,5,True,0.9306666666666666
"(19,1)",0.4,0.02,62,15,5,True,0.9551020408163264
"(19,1)",0.4,0.02,63,31,5,True,0.929427430093209
"(19,1)",0.4,0.02,64,22,5,True,0.9536784741144414
"(19,1)",0.4,0.02,65,23,5,True,0.941710896467621
"(19,1)",0.4,0.02,66,26,5,True,0.9544081317750721
"(19,1)",0.4,0.02,67,30,5,True,0.9531459170013387
"(19,1)",0.4,0.02,68,15,5,True,0.9571046659151129
"(19,1)",0.4,0.02,69,29,5,True,0.9426666666666667
"(19,1)",0.4,0.02,70,32,5,True,0.9523160762942778
"(19,1)",0.4,0.02,71,7,5,True,0.9582028342298563
"(19,1)",0.4,0.02,72,24,5,True,0.9554054054054053
"(19,1)",0.4,0.02,73,21,5,True,0.9466666666666668
"(19,1)",0.4,0.02,74,25,5,True,0.9433681414891637
"(19,1)",0.4,0.02,75,19,5,True,0.9349992742634302
"(19,1)",0.4,0.02,76,8,5,True,0.958904109589041
"(19,1)",0.4,0.02,77,27,5,True,0.9562243502051984
"(19,1)",0.4,0.02,78,31,5,True,0.9569936744555961
"(19,1)",0.4,0.02,79,13,5,True,0.9526709749407225
"(19,1)",0.4,0.02,80,33,5,True,0.9528151852185515
"(19,1)",0.4,0.02,81,20,5,True,0.9552845528455284
"(19,1)",0.4,0.02,82,15,5,True,0.9572164949316326
"(19,1)",0.4,0.02,83,29,5,True,0.9539295392953929
"(19,1)",0.4,0.02,84,17,5,True,0.951261610576829
"(19,1)",0.4,0.02,85,17,5,True,0.9373333333333334
"(19,1)",0.4,0.02,86,24,5,True,0.9530886130650854
"(19,1)",0.4,0.02,87,36,5,True,0.9485615365592284
"(19,1)",0.4,0.02,88,12,5,True,0.9587912087912088
"(19,1)",0.4,0.02,89,19,5,True,0.9509984421470047
"(19,1)",0.4,0.02,90,32,5,True,0.9268602539859389
"(19,1)",0.4,0.02,91,18,5,True,0.9561643835616438
"(19,1)",0.4,0.02,92,19,5,True,0.9407202655698246
"(19,1)",0.4,0.02,93,22,5,True,0.9512855209742896
"(19,1)",0.4,0.02,94,17,5,True,0.9578516710774795
"(19,1)",0.4,0.02,95,17,5,True,0.9518392516291191
"(19,1)",0.4,0.02,96,33,5,True,0.9551020408163264
"(19,1)",0.4,0.02,97,29,5,True,0.9491659056316591
"(19,1)",0.4,0.02,98,17,5,True,0.9454766715946725
"(19,1)",0.4,0.02,99,19,5,True,0.9565467139719548
"(19,1)",0.4,0.02,100,28,5,True,0.9483063802397619
"(19,1)",0.5,0.02,1,24,5,True,0.9554976067525605
"(19,1)",0.5,0.02,2,26,5,True,0.9333333333333332
"(19,1)",0.5,0.02,3,15,5,True,0.9587345254470426
"(19,1)",0.5,0.02,4,17,5,True,0.9574175824175823
"(19,1)",0.5,0.02,5,28,5,True,0.9312370650770346
"(19,1)",0.5,0.02,6,15,5,True,0.9527665317139001
"(19,1)",0.5,0.02,7,39,5,True,0.9362549800796812
"(19,1)",0.5,0.02,8,27,5,True,0.9558416958665575
"(19,1)",0.5,0.02,9,23,5,True,0.9306194076743867
"(19,1)",0.5,0.02,10,16,5,True,0.9587345254470426
"(19,1)",0.5,0.02,11,41,5,True,0.9158140635164705
"(19,1)",0.5,0.02,12,13,5,True,0.9528096629519457
"(19,1)",0.5,0.02,13,18,5,True,0.9586776859504132
"(19,1)",0.5,0.02,14,25,5,True,0.96
"(19,1)",0.5,0.02,15,16,5,True,0.9577186828914148
"(19,1)",0.5,0.02,16,28,5,True,0.9488559892328399
"(19,1)",0.5,0.02,17,25,5,True,0.9426666666666667
"(19,1)",0.5,0.02,18,15,5,True,0.9544348262451386
"(19,1)",0.5,0.02,19,18,5,True,0.9582457347142428
"(19,1)",0.5,0.02,20,29,5,True,0.9328859060402684
"(19,1)",0.5,0.02,21,22,5,True,0.9524009912563707
"(19,1)",0.5,0.02,22,26,5,True,0.9500458015267175
"(19,1)",0.5,0.02,23,21,5,True,0.948
"(19,1)",0.5,0.02,24,20,5,True,0.9537414965986395
"(19,1)",0.5,0.02,25,26,5,True,0.9420485175202157
"(19,1)",0.5,0.02,26,31,5,True,0.9575342465753424
"(19,1)",0.5,0.02,27,25,5,True,0.9344042838018741
"(19,1)",0.5,0.02,28,16,5,True,0.9536152796725784
"(19,1)",0.5,0.02,29,28,5,True,0.9562243502051984
"(19,1)",0.5,0.02,30,29,5,True,0.9549180327868851
"(19,1)",0.5,0.02,31,32,5,True,0.9574759945130314
"(19,1)",0.5,0.02,32,20,5,True,0.9359999999999999
"(19,1)",0.5,0.02,33,15,5,True,0.9508871540099361
"(19,1)",0.5,0.02,34,30,5,True,0.9499323410013532
"(19,1)",0.5,0.02,35,25,5,True,0.9435483870967742
"(19,1)",0.5,0.02,36,32,5,True,0.9500458015267175
"(19,1)",0.5,0.02,37,14,5,True,0.958295711060948
"(19,1)",0.5,0.02,38,26,5,True,0.9279999999999999
"(19,1)",0.5,0.02,39,14,5,True,0.9587345254470426
"(19,1)",0.5,0.02,40,15,5,True,0.9589603283173734
"(19,1)",0.5,0.02,41,13,5,True,0.9579283433841788
"(19,1)",0.5,0.02,42,13,5,True,0.9537978243541492
"(19,1)",0.5,0.02,43,16,5,True,0.9512855209742896
"(19,1)",0.5,0.02,44,24,5,True,0.9452759332368699
"(19,1)",0.5,0.02,45,18,5,True,0.951219512195122
"(19,1)",0.5,0.02,46,30,5,True,0.9461641991924631
"(19,1)",0.5,0.02,47,9,5,True,0.9557696021118135
"(19,1)",0.5,0.02,48,17,5,True,0.9534883720930233
"(19,1)",0.5,0.02,49,18,5,True,0.9445800989369573
"(19,1)",0.5,0.02,50,28,5,True,0.9331550802139037
"(19,1)",0.5,0.02,51,23,5,True,0.9327179487179487
"(19,1)",0.5,0.02,52,23,5,True,0.9354403669793304
"(19,1)",0.5,0.02,53,35,5,True,0.9493393220076732
"(19,1)",0.5,0.02,54,21,5,True,0.9551649805827707
"(19,1)",0.5,0.02,55,27,5,True,0.9316353887399464
"(19,1)",0.5,0.02,56,36,5,True,0.9368592186176219
"(19,1)",0.5,0.02,57,27,5,True,0.9413333333333332
"(19,1)",0.5,0.02,58,15,5,True,0.9577213731978027
"(19,1)",0.5,0.02,59,7,5,True,0.9574759945130314
"(19,1)",0.5,0.02,60,28,5,True,0.9343163538873995
"(19,1)",0.5,0.02,61,26,5,True,0.9293333333333333
"(19,1)",0.5,0.02,62,17,5,True,0.9535065892544465
"(19,1)",0.5,0.02,63,30,5,True,0.9317415287628052
"(19,1)",0.5,0.02,64,25,5,True,0.9510204081632654
"(19,1)",0.5,0.02,65,22,5,True,0.9312692870222357
"(19,1)",0.5,0.02,66,28,5,True,0.9434054964389155
"(19,1)",0.5,0.02,67,9,5,True,0.9557584346512875
"(19,1)",0.5,0.02,68,23,5,True,0.9348873704969031
"(19,1)",0.5,0.02,69,41,5,True,0.9317917524702404
"(19,1)",0.5,0.02,70,15,5,True,0.9561042524005487
"(19,1)",0.5,0.02,71,24,5,True,0.945872801082544
"(19,1)",0.5,0.02,72,9,5,True,0.9574175824175823
"(19,1)",0.5,0.02,73,24,5,True,0.9473684210526315
"(19,1)",0.5,0.02,74,32,5,True,0.9293333333333333
"(19,1)",0.5,0.02,75,32,5,True,0.9476702757649227
"(19,1)",0.5,0.02,76,15,5,True,0.9471543155390106
"(19,1)",0.5,0.02,77,28,5,True,0.951219512195122
"(19,1)",0.5,0.02,78,27,5,True,0.9371177642886918
"(19,1)",0.5,0.02,79,23,5,True,0.9533881544706985
"(19,1)",0.5,0.02,80,20,5,True,0.9397515843695533
"(19,1)",0.5,0.02,81,19,5,True,0.9558467373111589
"(19,1)",0.5,0.02,82,22,5,True,0.9592944369063772
"(19,1)",0.5,0.02,83,22,5,True,0.952674393024279
"(19,1)",0.5,0.02,84,29,5,True,0.9460188933873145
"(19,1)",0.5,0.02,85,10,5,True,0.9573590096286106
"(19,1)",0.5,0.02,86,31,5,True,0.9581316826111423
"(19,1)",0.5,0.02,87,40,5,True,0.9441944194419442
"(19,1)",0.5,0.02,88,23,5,True,0.9564032697547684
"(19,1)",0.5,0.02,89,29,5,True,0.9539295392953929
"(19,1)",0.5,0.02,90,25,5,True,0.9581720818845977
"(19,1)",0.5,0.02,91,14,5,True,0.9525813213259839
"(19,1)",0.5,0.02,92,22,5,True,0.9562841530054645
"(19,1)",0.5,0.02,93,35,5,True,0.9280958721704394
"(19,1)",0.5,0.02,94,23,5,True,0.9440000000000001
"(19,1)",0.5,0.02,95,18,5,True,0.9577953483859739
"(19,1)",0.5,0.02,96,36,5,True,0.9309993893751273
"(19,1)",0.5,0.02,97,20,5,True,0.9346666666666666
"(19,1)",0.5,0.02,98,21,5,True,0.9587345254470426
"(19,1)",0.5,0.02,99,26,5,True,0.9426666666666667
"(19,1)",0.5,0.02,100,20,5,True,0.9445196211096075
"(19,1)",0.6,0.02,1,19,5,True,0.9486228155408137
"(19,1)",0.6,0.02,2,16,5,True,0.953574077178586
"(19,1)",0.6,0.02,3,30,5,True,0.9497832217872627
"(19,1)",0.6,0.02,4,37,5,True,0.9539207813032957
"(19,1)",0.6,0.02,5,15,5,True,0.9562243502051984
"(19,1)",0.6,0.02,6,34,5,True,0.9305871741626744
"(19,1)",0.6,0.02,7,18,5,True,0.9396782841823056
"(19,1)",0.6,0.02,8,23,5,True,0.9562243502051984
"(19,1)",0.6,0.02,9,23,5,True,0.9507634640618917
"(19,1)",0.6,0.02,10,29,5,True,0.9495752145061076
"(19,1)",0.6,0.02,11,27,5,True,0.9539918809201624
"(19,1)",0.6,0.02,12,26,5,True,0.9546011349716257
"(19,1)",0.6,0.02,13,15,5,True,0.9512622335774358
"(19,1)",0.6,0.02,14,14,5,True,0.9523105952403094
"(19,1)",0.6,0.02,15,40,5,True,0.9370816599732262
"(19,1)",0.6,0.02,16,28,5,True,0.9471544715447154
"(19,1)",0.6,0.02,17,27,5,True,0.948614026818763
"(19,1)",0.6,0.02,18,30,5,True,0.9440000000000001
"(19,1)",0.6,0.02,19,14,5,True,0.9386666666666666
"(19,1)",0.6,0.02,20,38,5,True,0.9424545454545455
"(19,1)",0.6,0.02,21,17,5,True,0.9440000000000001
"(19,1)",0.6,0.02,22,8,5,True,0.9586776859504132
"(19,1)",0.6,0.02,23,24,5,True,0.9524913274116018
"(19,1)",0.6,0.02,24,39,5,True,0.9448183041722745
"(19,1)",0.6,0.02,25,12,5,True,0.9586776859504132
"(19,1)",0.6,0.02,26,29,5,True,0.9521004541522491
"(19,1)",0.6,0.02,27,26,5,True,0.9407938661304666
"(19,1)",0.6,0.02,28,45,5,True,0.9361702127659574
"(19,1)",0.6,0.02,29,15,5,True,0.9582028342298563
"(19,1)",0.6,0.02,30,28,5,True,0.9592391304347826
"(19,1)",0.6,0.02,31,17,5,True,0.9576502732240436
"(19,1)",0.6,0.02,32,24,5,True,0.9359999999999999
"(19,1)",0.6,0.02,33,26,5,True,0.939863271332527
"(19,1)",0.6,0.02,34,12,5,True,0.9505847678763816
"(19,1)",0.6,0.02,35,20,5,True,0.9556926594771029
"(19,1)",0.6,0.02,36,33,5,True,0.948
"(19,1)",0.6,0.02,37,25,5,True,0.9475367755948267
"(19,1)",0.6,0.02,38,25,5,True,0.949216639654241
"(19,1)",0.6,0.02,39,16,5,True,0.9459920063948841
"(19,1)",0.6,0.02,40,37,5,True,0.938337801608579
"(19,1)",0.6,0.02,41,20,5,True,0.9586776859504132
"(19,1)",0.6,0.02,42,23,5,True,0.9558670908688772
"(19,1)",0.6,0.02,43,70,4,False,0.30666666666666653
"(19,1)",0.6,0.02,44,29,5,True,0.928476821192053
"(19,1)",0.6,0.02,45,29,5,True,0.9374237855946399
"(19,1)",0.6,0.02,46,30,5,True,0.956343792633015
"(19,1)",0.6,0.02,47,22,5,True,0.956343792633015
"(19,1)",0.6,0.02,48,23,5,True,0.9303422763250033
"(19,1)",0.6,0.02,49,11,5,True,0.9579375848032564
"(19,1)",0.6,0.02,50,18,5,True,0.9591836734693877
"(19,1)",0.6,0.02,51,25,5,True,0.9576639268535886
"(19,1)",0.6,0.02,52,21,5,True,0.9424149077394023
"(19,1)",0.6,0.02,53,12,5,True,0.9573393005377703
"(19,1)",0.6,0.02,54,32,5,True,0.9413333333333332
"(19,1)",0.6,0.02,55,22,5,True,0.9500998219392435
"(19,1)",0.6,0.02,56,30,5,True,0.9331304686540086
"(19,1)",0.6,0.02,57,20,5,True,0.9436044657097288
"(19,1)",0.6,0.02,58,17,5,True,0.956343792633015
"(19,1)",0.6,0.02,59,25,5,True,0.9582737444266846
"(19,1)",0.6,0.02,60,29,5,True,0.9501347708894878
"(19,1)",0.6,0.02,61,31,5,True,0.9536152796725784
"(19,1)",0.6,0.02,62,24,5,True,0.9599457395092057
"(19,1)",0.6,0.02,63,22,5,True,0.9539295392953929
"(19,1)",0.6,0.02,64,22,5,True,0.9522802778616731
"(19,1)",0.6,0.02,65,30,5,True,0.928855919474007
"(19,1)",0.6,0.02,66,30,5,True,0.9440937781785391
"(19,1)",0.6,0.02,67,22,5,True,0.9573590096286106
"(19,1)",0.6,0.02,68,28,5,True,0.9258641754473598
"(19,1)",0.6,0.02,69,36,5,True,0.9496145176567351
"(19,1)",0.6,0.02,70,21,5,True,0.9472972972972973
"(19,1)",0.6,0.02,71,19,5,True,0.9550875348825568
"(19,1)",0.6,0.02,72,19,5,True,0.9458441757232512
"(19,1)",0.6,0.02,73,21,5,True,0.9487179487179488
"(19,1)",0.6,0.02,74,19,5,True,0.9577080491132333
"(19,1)",0.6,0.02,75,27,5,True,0.9445196211096075
"(19,1)",0.6,0.02,76,42,5,True,0.9203655352480419
"(19,1)",0.6,0.02,77,37,5,True,0.936298104083339
"(19,1)",0.6,0.02,78,23,5,True,0.947808201568325
"(19,1)",0.6,0.02,79,13,5,True,0.9525813213259839
"(19,1)",0.6,0.02,80,21,5,True,0.9500674763832658
"(19,1)",0.6,0.02,81,28,5,True,0.944743935309973
"(19,1)",0.6,0.02,82,18,5,True,0.9567479015658927
"(19,1)",0.6,0.02,83,11,5,True,0.9578063946046232
"(19,1)",0.6,0.02,84,23,5,True,0.9516129032258065
"(19,1)",0.6,0.02,85,36,5,True,0.9481608841036829
"(19,1)",0.6,0.02,86,25,5,True,0.9523952997890931
"(19,1)",0.6,0.02,87,18,5,True,0.9328859060402684
"(19,1)",0.6,0.02,88,20,5,True,0.9534246575342465
"(19,1)",0.6,0.02,89,20,5,True,0.9586776859504132
"(19,1)",0.6,0.02,90,11,5,True,0.9590163934426229
"(19,1)",0.6,0.02,91,32,5,True,0.9576502732240436
"(19,1)",0.6,0.02,92,34,5,True,0.9149214659685864
"(19,1)",0.6,0.02,93,23,5,True,0.9445800989369573
"(19,1)",0.6,0.02,94,27,5,True,0.9399524542022094
"(19,1)",0.6,0.02,95,20,5,True,0.9555905565732482
"(19,1)",0.6,0.02,96,14,5,True,0.9562243502051984
"(19,1)",0.6,0.02,97,28,5,True,0.9538043478260869
"(19,1)",0.6,0.02,98,19,5,True,0.9561643835616438
"(19,1)",0.6,0.02,99,22,5,True,0.9537414965986395
"(19,1)",0.6,0.02,100,15,5,True,0.95038847081988
"(19,1)",0.7,0.02,1,27,5,True,0.9539149355196473
"(19,1)",0.7,0.02,2,39,5,True,0.9489008765266455
"(19,1)",0.7,0.02,3,24,5,True,0.9513855649498962
"(19,1)",0.7,0.02,4,20,5,True,0.957322443583121
"(19,1)",0.7,0.02,5,32,5,True,0.9399283917948511
"(19,1)",0.7,0.02,6,21,5,True,0.9563636637359991
"(19,1)",0.7,0.02,7,17,5,True,0.9574175824175823
"(19,1)",0.7,0.02,8,11,5,True,0.9588477366255144
"(19,1)",0.7,0.02,9,21,5,True,0.948
"(19,1)",0.7,0.02,10,18,5,True,0.9535519125683061
"(19,1)",0.7,0.02,11,26,5,True,0.9460916442048518
"(19,1)",0.7,0.02,12,38,5,True,0.9369127516778524
"(19,1)",0.7,0.02,13,43,5,True,0.9516129032258065
"(19,1)",0.7,0.02,14,30,5,True,0.9460916442048518
"(19,1)",0.7,0.02,15,17,5,True,0.9444651119533121
"(19,1)",0.7,0.02,16,12,5,True,0.9562841530054645
"(19,1)",0.7,0.02,17,15,5,True,0.9500674763832658
"(19,1)",0.7,0.02,18,36,5,True,0.9275745801065624
"(19,1)",0.7,0.02,19,19,5,True,0.9497964721845319
"(19,1)",0.7,0.02,20,50,5,True,0.9466666666666668
"(19,1)",0.7,0.02,21,33,5,True,0.94
"(19,1)",0.7,0.02,22,15,5,True,0.9581316826111423
"(19,1)",0.7,0.02,23,9,5,True,0.9587912087912088
"(19,1)",0.7,0.02,24,23,5,True,0.9527058919145677
"(19,1)",0.7,0.02,25,14,5,True,0.9575745583563403
"(19,1)",0.7,0.02,26,12,5,True,0.9581720818845977
"(19,1)",0.7,0.02,27,21,5,True,0.9349172932330828
"(19,1)",0.7,0.02,28,21,5,True,0.9549180327868851
"(19,1)",0.7,0.02,29,26,5,True,0.9533333333333333
"(19,1)",0.7,0.02,30,33,5,True,0.9443334384032226
"(19,1)",0.7,0.02,31,26,5,True,0.944760961109735
"(19,1)",0.7,0.02,32,20,5,True,0.9562034420755202
"(19,1)",0.7,0.02,33,31,5,True,0.9320905459387484
"(19,1)",0.7,0.02,34,10,5,True,0.9590163934426229
"(19,1)",0.7,0.02,35,36,5,True,0.9285045662100457
"(19,1)",0.7,0.02,36,16,5,True,0.9574330164217805
"(19,1)",0.7,0.02,37,33,5,True,0.9428009141696293
"(19,1)",0.7,0.02,38,29,5,True,0.9530886130650854
"(19,1)",0.7,0.02,39,27,5,True,0.9536784741144414
"(19,1)",0.7,0.02,40,18,5,True,0.9565217391304348
"(19,1)",0.7,0.02,41,23,5,True,0.9569982586367991
"(19,1)",0.7,0.02,42,30,5,True,0.9561643835616438
"(19,1)",0.7,0.02,43,21,5,True,0.9314694239762292
"(19,1)",0.7,0.02,44,29,5,True,0.9421565285081455
"(19,1)",0.7,0.02,45,18,5,True,0.9545181326387497
"(19,1)",0.7,0.02,46,51,5,True,0.9599492220520057
"(19,1)",0.7,0.02,47,19,5,True,0.9520292489907227
"(19,1)",0.7,0.02,48,12,5,True,0.957322443583121
"(19,1)",0.7,0.02,49,27,5,True,0.9423592493297587
"(19,1)",0.7,0.02,50,30,5,True,0.9346666666666666
"(19,1)",0.7,0.02,51,20,5,True,0.95
"(19,1)",0.7,0.02,52,27,5,True,0.958295711060948
"(19,1)",0.7,0.02,53,21,5,True,0.9573160280035292
"(19,1)",0.7,0.02,54,22,5,True,0.9391225806451612
"(19,1)",0.7,0.02,55,29,5,True,0.9393530997304582
"(19,1)",0.7,0.02,56,21,5,True,0.9549180327868851
"(19,1)",0.7,0.02,57,15,5,True,0.9587912087912088
"(19,1)",0.7,0.02,58,17,5,True,0.9586776859504132
"(19,1)",0.7,0.02,59,57,5,True,0.9281504799507195
"(19,1)",0.7,0.02,60,21,5,True,0.9396575462347365
"(19,1)",0.7,0.02,61,18,5,True,0.9525889075759117
"(19,1)",0.7,0.02,62,27,5,True,0.9549795361527966
"(19,1)",0.7,0.02,63,26,5,True,0.9562243502051984
"(19,1)",0.7,0.02,64,20,5,True,0.9568849738396145
"(19,1)",0.7,0.02,65,24,5,True,0.9574175824175823
"(19,1)",0.7,0.02,66,23,5,True,0.937513134129213
"(19,1)",0.7,0.02,67,24,5,True,0.9409069231943542
"(19,1)",0.7,0.02,68,39,5,True,0.9487613106132866
"(19,1)",0.7,0.02,69,22,5,True,0.9431166864929167
"(19,1)",0.7,0.02,70,13,5,True,0.9566327449884884
"(19,1)",0.7,0.02,71,25,5,True,0.9552580868307953
"(19,1)",0.7,0.02,72,34,5,True,0.9373329168695396
"(19,1)",0.7,0.02,73,20,5,True,0.9574215167153061
"(19,1)",0.7,0.02,74,24,5,True,0.9495912806539509
"(19,1)",0.7,0.02,75,35,5,True,0.9561605183404744
"(19,1)",0.7,0.02,76,28,5,True,0.9509536784741145
"(19,1)",0.7,0.02,77,35,5,True,0.9324823531116483
"(19,1)",0.7,0.02,78,31,5,True,0.9179029638081453
"(19,1)",0.7,0.02,79,17,5,True,0.9575923392612858
"(19,1)",0.7,0.02,80,35,5,True,0.9413333333333332
"(19,1)",0.7,0.02,81,25,5,True,0.9547945205479451
"(19,1)",0.7,0.02,82,19,5,True,0.9513513513513514
"(19,1)",0.7,0.02,83,25,5,True,0.9388444444444444
"(19,1)",0.7,0.02,84,22,5,True,0.9549180327868851
"(19,1)",0.7,0.02,85,22,5,True,0.9359999999999999
"(19,1)",0.7,0.02,86,16,5,True,0.9524736671541457
"(19,1)",0.7,0.02,87,33,5,True,0.9361854124062713
"(19,1)",0.7,0.02,88,26,5,True,0.9368279569892474
"(19,1)",0.7,0.02,89,7,5,True,0.9586776859504132
"(19,1)",0.7,0.02,90,22,5,True,0.9359999999999999
"(19,1)",0.7,0.02,91,20,5,True,0.9493333333333334
"(19,1)",0.7,0.02,92,19,5,True,0.9513944329813747
"(19,1)",0.7,0.02,93,20,5,True,0.9423017832647463
"(19,1)",0.7,0.02,94,26,5,True,0.9282119168450397
"(19,1)",0.7,0.02,95,15,5,True,0.9561643835616438
"(19,1)",0.7,0.02,96,11,5,True,0.9586776859504132
"(19,1)",0.7,0.02,97,12,5,True,0.9561042524005487
"(19,1)",0.7,0.02,98,45,5,True,0.9565650486161655
"(19,1)",0.7,0.02,99,17,5,True,0.9486486486486487
"(19,1)",0.7,0.02,100,7,5,True,0.9575745583563403
"(19,1)",0.8,0.02,1,25,5,True,0.9334221038615179
"(19,1)",0.8,0.02,2,18,5,True,0.9562841530054645
"(19,1)",0.8,0.02,3,20,5,True,0.9589603283173734
"(19,1)",0.8,0.02,4,36,5,True,0.9320374711372157
"(19,1)",0.8,0.02,5,25,5,True,0.9588477366255144
"(19,1)",0.8,0.02,6,22,5,True,0.9539918809201624
"(19,1)",0.8,0.02,7,23,5,True,0.9555276078372683
"(19,1)",0.8,0.02,8,40,5,True,0.927436486572619
"(19,1)",0.8,0.02,9,14,5,True,0.9469187383107599
"(19,1)",0.8,0.02,10,16,5,True,0.9587912087912088
"(19,1)",0.8,0.02,11,21,5,True,0.932
"(19,1)",0.8,0.02,12,19,5,True,0.9544081317750721
"(19,1)",0.8,0.02,13,30,5,True,0.9569982586367991
"(19,1)",0.8,0.02,14,25,5,True,0.9359355704697987
"(19,1)",0.8,0.02,15,15,5,True,0.9557752962236808
"(19,1)",0.8,0.02,16,23,5,True,0.9577656675749319
"(19,1)",0.8,0.02,17,47,5,True,0.9311877502836311
"(19,1)",0.8,0.02,18,28,5,True,0.9402600958247775
"(19,1)",0.8,0.02,19,18,5,True,0.9523103109042926
"(19,1)",0.8,0.02,20,20,5,True,0.9588477366255144
"(19,1)",0.8,0.02,21,25,5,True,0.9565650486161655
"(19,1)",0.8,0.02,22,38,5,True,0.9328859060402684
"(19,1)",0.8,0.02,23,17,5,True,0.9587912087912088
"(19,1)",0.8,0.02,24,30,5,True,0.9454834745201393
"(19,1)",0.8,0.02,25,28,5,True,0.9374011741682975
"(19,1)",0.8,0.02,26,34,5,True,0.9562243502051984
"(19,1)",0.8,0.02,27,24,5,True,0.9568849738396145
"(19,1)",0.8,0.02,28,26,5,True,0.9306666666666666
"(19,1)",0.8,0.02,29,33,5,True,0.9574215167153061
"(19,1)",0.8,0.02,30,29,5,True,0.9373333333333334
"(19,1)",0.8,0.02,31,21,5,True,0.9576502732240436
"(19,1)",0.8,0.02,32,44,5,True,0.9347536617842876
"(19,1)",0.8,0.02,33,20,5,True,0.9293333333333333
"(19,1)",0.8,0.02,34,25,5,True,0.949823654562849
"(19,1)",0.8,0.02,35,29,5,True,0.9288428777355524
"(19,1)",0.8,0.02,36,29,5,True,0.929427430093209
"(19,1)",0.8,0.02,37,27,5,True,0.9386666666666666
"(19,1)",0.8,0.02,38,20,5,True,0.9586776859504132
"(19,1)",0.8,0.02,39,29,5,True,0.9531706849446389
"(19,1)",0.8,0.02,40,21,5,True,0.9582457347142428
"(19,1)",0.8,0.02,41,19,5,True,0.956626548972061
"(19,1)",0.8,0.02,42,15,5,True,0.9569982586367991
"(19,1)",0.8,0.02,43,23,5,True,0.9444390147930086
"(19,1)",0.8,0.02,44,32,5,True,0.9541160593792173
"(19,1)",0.8,0.02,45,33,5,True,0.9471577305990286
"(19,1)",0.8,0.02,46,43,5,True,0.9577080491132333
"(19,1)",0.8,0.02,47,29,5,True,0.9359999999999999
"(19,1)",0.8,0.02,48,28,5,True,0.9396353277122586
"(19,1)",0.8,0.02,49,14,5,True,0.9586206896551724
"(19,1)",0.8,0.02,50,34,5,True,0.9289626686597907
"(19,1)",0.8,0.02,51,40,5,True,0.934745255229385
"(19,1)",0.8,0.02,52,40,5,True,0.944824726432035
"(19,1)",0.8,0.02,53,26,5,True,0.9568765075111058
"(19,1)",0.8,0.02,54,12,5,True,0.9582737444266846
"(19,1)",0.8,0.02,55,31,5,True,0.9422043010752688
"(19,1)",0.8,0.02,56,38,5,True,0.9274291700353824
"(19,1)",0.8,0.02,57,20,5,True,0.953574077178586
"(19,1)",0.8,0.02,58,24,5,True,0.9535519125683061
"(19,1)",0.8,0.02,59,21,5,True,0.9567310057184969
"(19,1)",0.8,0.02,60,13,5,True,0.9573002754820936
"(19,1)",0.8,0.02,61,27,5,True,0.958904109589041
"(19,1)",0.8,0.02,62,37,5,True,0.9291287551948555
"(19,1)",0.8,0.02,63,37,5,True,0.9344300092225029
"(19,1)",0.8,0.02,64,24,5,True,0.9576502732240436
"(19,1)",0.8,0.02,65,28,5,True,0.9522895316463195
"(19,1)",0.8,0.02,66,26,5,True,0.9557886461436611
"(19,1)",0.8,0.02,67,70,4,False,0.46938775510204084
"(19,1)",0.8,0.02,68,32,5,True,0.9382550335570469
"(19,1)",0.8,0.02,69,22,5,True,0.9577080491132333
"(19,1)",0.8,0.02,70,37,5,True,0.9413333333333332
"(19,1)",0.8,0.02,71,17,5,True,0.9531459170013387
"(19,1)",0.8,0.02,72,12,5,True,0.9541766269719013
"(19,1)",0.8,0.02,73,16,5,True,0.9582457347142428
"(19,1)",0.8,0.02,74,45,5,True,0.9460510238086423
"(19,1)",0.8,0.02,75,27,5,True,0.9577080491132333
"(19,1)",0.8,0.02,76,13,5,True,0.9510113968613879
"(19,1)",0.8,0.02,77,30,5,True,0.9317245849963139
"(19,1)",0.8,0.02,78,23,5,True,0.9546170632354186
"(19,1)",0.8,0.02,79,44,5,True,0.9261216292605211
"(19,1)",0.8,0.02,80,28,5,True,0.9406246398352482
"(19,1)",0.8,0.02,81,23,5,True,0.9316353887399464
"(19,1)",0.8,0.02,82,25,5,True,0.9373333333333334
"(19,1)",0.8,0.02,83,42,5,True,0.9292863158037329
"(19,1)",0.8,0.02,84,40,5,True,0.9347550802998935
"(19,1)",0.8,0.02,85,23,5,True,0.956343792633015
"(19,1)",0.8,0.02,86,39,5,True,0.9538043478260869
"(19,1)",0.8,0.02,87,28,5,True,0.9436854964618099
"(19,1)",0.8,0.02,88,22,5,True,0.9533261077671267
"(19,1)",0.8,0.02,89,21,5,True,0.9501639299064669
"(19,1)",0.8,0.02,90,24,5,True,0.9536152796725784
"(19,1)",0.8,0.02,91,26,5,True,0.9529569892473118
"(19,1)",0.8,0.02,92,25,5,True,0.948
"(19,1)",0.8,0.02,93,21,5,True,0.9574215167153061
"(19,1)",0.8,0.02,94,24,5,True,0.9551020408163264
"(19,1)",0.8,0.02,95,33,5,True,0.9257057856087826
"(19,1)",0.8,0.02,96,24,5,True,0.9582737444266846
"(19,1)",0.8,0.02,97,27,5,True,0.9590163934426229
"(19,1)",0.8,0.02,98,30,5,True,0.9519098720600129
"(19,1)",0.8,0.02,99,14,5,True,0.9507634640618917
"(19,1)",0.8,0.02,100,13,5,True,0.9568496401581754
"(19,1)",0.9,0.02,1,25,5,True,0.9473684210526315
"(19,1)",0.9,0.02,2,40,5,True,0.9366516853932585
"(19,1)",0.9,0.02,3,33,5,True,0.9368611898016997
"(19,1)",0.9,0.02,4,32,5,True,0.9505859465827534
"(19,1)",0.9,0.02,5,46,5,True,0.927041052093896
"(19,1)",0.9,0.02,6,21,5,True,0.9333333333333332
"(19,1)",0.9,0.02,7,22,5,True,0.956343792633015
"(19,1)",0.9,0.02,8,20,5,True,0.9576639268535886
"(19,1)",0.9,0.02,9,39,5,True,0.9479384812203678
"(19,1)",0.9,0.02,10,32,5,True,0.9513950569238924
"(19,1)",0.9,0.02,11,31,5,True,0.9549180327868851
"(19,1)",0.9,0.02,12,33,5,True,0.932
"(19,1)",0.9,0.02,13,36,5,True,0.9333333333333332
"(19,1)",0.9,0.02,14,37,5,True,0.9316356747806309
"(19,1)",0.9,0.02,15,24,5,True,0.9576502732240436
"(19,1)",0.9,0.02,16,32,5,True,0.9306666666666666
"(19,1)",0.9,0.02,17,35,5,True,0.9513513513513514
"(19,1)",0.9,0.02,18,47,5,True,0.9307589880159787
"(19,1)",0.9,0.02,19,29,5,True,0.9550408719346049
"(19,1)",0.9,0.02,20,32,5,True,0.9280913694193161
"(19,1)",0.9,0.02,21,32,5,True,0.9476510067114093
"(19,1)",0.9,0.02,22,27,5,True,0.9562841530054645
"(19,1)",0.9,0.02,23,32,5,True,0.9440000000000001
"(19,1)",0.9,0.02,24,16,5,True,0.9578516710774795
"(19,1)",0.9,0.02,25,25,5,True,0.9346666666666666
"(19,1)",0.9,0.02,26,37,5,True,0.9547945205479451
"(19,1)",0.9,0.02,27,14,5,True,0.9347937694704049
"(19,1)",0.9,0.02,28,29,5,True,0.9521857923497268
"(19,1)",0.9,0.02,29,16,5,True,0.956626548972061
"(19,1)",0.9,0.02,30,25,5,True,0.9424364123159303
"(19,1)",0.9,0.02,31,35,5,True,0.9587628865979382
"(19,1)",0.9,0.02,32,30,5,True,0.9513513513513514
"(19,1)",0.9,0.02,33,21,5,True,0.9453333333333334
"(19,1)",0.9,0.02,34,27,5,True,0.9476510067114093
"(19,1)",0.9,0.02,35,37,5,True,0.9369842632331903
"(19,1)",0.9,0.02,36,32,5,True,0.9525745257452574
"(19,1)",0.9,0.02,37,16,5,True,0.9537414965986395
"(19,1)",0.9,0.02,38,33,5,True,0.9387320468534919
"(19,1)",0.9,0.02,39,20,5,True,0.9484396200814111
"(19,1)",0.9,0.02,40,31,5,True,0.9501347708894878
"(19,1)",0.9,0.02,41,24,5,True,0.9525101763907734
"(19,1)",0.9,0.02,42,22,5,True,0.9546011349716257
"(19,1)",0.9,0.02,43,13,5,True,0.9574759945130314
"(19,1)",0.9,0.02,44,36,5,True,0.9522895316463195
"(19,1)",0.9,0.02,45,29,5,True,0.939936188077246
"(19,1)",0.9,0.02,46,26,5,True,0.9500008109730055
"(19,1)",0.9,0.02,47,25,5,True,0.9533924911440994
"(19,1)",0.9,0.02,48,41,5,True,0.9436507836437227
"(19,1)",0.9,0.02,49,22,5,True,0.952846731327744
"(19,1)",0.9,0.02,50,25,5,True,0.9581687358916477
"(19,1)",0.9,0.02,51,27,5,True,0.9317415287628052
"(19,1)",0.9,0.02,52,22,5,True,0.9587912087912088
"(19,1)",0.9,0.02,53,22,5,True,0.9486486486486487
"(19,1)",0.9,0.02,54,31,5,True,0.94
"(19,1)",0.9,0.02,55,39,5,True,0.9306666666666666
"(19,1)",0.9,0.02,56,24,5,True,0.9577080491132333
"(19,1)",0.9,0.02,57,17,5,True,0.9578231292517007
"(19,1)",0.9,0.02,58,35,5,True,0.9386666666666666
"(19,1)",0.9,0.02,59,33,5,True,0.9581720818845977
"(19,1)",0.9,0.02,60,32,5,True,0.9382550335570469
"(19,1)",0.9,0.02,61,39,5,True,0.9526387009472259
"(19,1)",0.9,0.02,62,26,5,True,0.9300948509485094
"(19,1)",0.9,0.02,63,27,5,True,0.9564433357627489
"(19,1)",0.9,0.02,64,35,5,True,0.9471544715447154
"(19,1)",0.9,0.02,65,17,5,True,0.9586776859504132
"(19,1)",0.9,0.02,66,19,5,True,0.9565467139719548
"(19,1)",0.9,0.02,67,38,5,True,0.9367429340511441
"(19,1)",0.9,0.02,68,28,5,True,0.9487613106132866
"(19,1)",0.9,0.02,69,23,5,True,0.9580087806259736
"(19,1)",0.9,0.02,70,17,5,True,0.9582457347142428
"(19,1)",0.9,0.02,71,44,5,True,0.9341678160975352
"(19,1)",0.9,0.02,72,29,5,True,0.9573215576578559
"(19,1)",0.9,0.02,73,18,5,True,0.9571047984836496
"(19,1)",0.9,0.02,74,37,5,True,0.9521004541522491
"(19,1)",0.9,0.02,75,30,5,True,0.9586776859504132
"(19,1)",0.9,0.02,76,32,5,True,0.9268058093006423
"(19,1)",0.9,0.02,77,11,5,True,0.958295711060948
"(19,1)",0.9,0.02,78,19,5,True,0.9576981183903309
"(19,1)",0.9,0.02,79,14,5,True,0.9586776859504132
"(19,1)",0.9,0.02,80,34,5,True,0.9436989100817439
"(19,1)",0.9,0.02,81,29,5,True,0.9587912087912088
"(19,1)",0.9,0.02,82,30,5,True,0.93624640448818
"(19,1)",0.9,0.02,83,24,5,True,0.9509536784741145
"(19,1)",0.9,0.02,84,32,5,True,0.9433962264150944
"(19,1)",0.9,0.02,85,37,5,True,0.929144385026738
"(19,1)",0.9,0.02,86,29,5,True,0.9587345254470426
"(19,1)",0.9,0.02,87,16,5,True,0.9565120569029165
"(19,1)",0.9,0.02,88,46,5,True,0.9485791610284168
"(19,1)",0.9,0.02,89,25,5,True,0.9586776859504132
"(19,1)",0.9,0.02,90,21,5,True,0.9410977242302544
"(19,1)",0.9,0.02,91,25,5,True,0.9436241610738254
"(19,1)",0.9,0.02,92,50,5,True,0.9536784741144414
"(19,1)",0.9,0.02,93,31,5,True,0.9485448294290499
"(19,1)",0.9,0.02,94,40,5,True,0.9468974943052392
"(19,1)",0.9,0.02,95,26,5,True,0.9474415591480271
"(19,1)",0.9,0.02,96,39,5,True,0.9306666666666666
"(19,1)",0.9,0.02,97,41,5,True,0.9324054859868813
"(19,1)",0.9,0.02,98,13,5,True,0.9586206896551724
"(19,1)",0.9,0.02,99,24,5,True,0.9359999999999999
"(19,1)",0.9,0.02,100,34,5,True,0.9587345254470426
