run_id,theta,p_gen,total_nll,num_trials,k,aic
1,"(15,1)",0.1,27.42526253864309,19,1,56.85052507728618
2,"(15,1)",0.1,41.16889993729454,7,1,84.33779987458908
3,"(15,1)",0.1,52.546596482705205,17,1,107.09319296541041
4,"(15,1)",0.1,35.43117600871628,19,1,72.86235201743256
5,"(15,1)",0.1,14.16358652232768,10,1,30.32717304465536
6,"(15,1)",0.1,21.8470827092397,9,1,45.6941654184794
7,"(15,1)",0.1,28.63873327627633,19,1,59.27746655255266
8,"(15,1)",0.1,66.92332218818741,22,1,135.84664437637483
9,"(15,1)",0.1,16.050869312904513,14,1,34.10173862580903
10,"(15,1)",0.1,39.231092985186,10,1,80.462185970372
11,"(15,1)",0.1,18.061119081597376,10,1,38.12223816319475
12,"(15,1)",0.1,42.66565872599044,9,1,87.33131745198088
13,"(15,1)",0.1,18.989276802644625,14,1,39.97855360528925
14,"(15,1)",0.1,43.9006743368515,13,1,89.801348673703
15,"(15,1)",0.1,22.20149080027599,17,1,46.40298160055198
16,"(15,1)",0.1,8.218765455266132,10,1,18.437530910532264
17,"(15,1)",0.1,83.62703252286585,8,1,169.2540650457317
18,"(15,1)",0.1,32.22223302537968,20,1,66.44446605075936
19,"(15,1)",0.1,24.331989359027702,9,1,50.663978718055404
20,"(15,1)",0.1,15.397589955097652,14,1,32.7951799101953
1,"(15,1)",0.2,20.50862634785426,19,2,45.01725269570852
2,"(15,1)",0.2,36.21103270873694,7,2,76.42206541747387
3,"(15,1)",0.2,29.35154222763647,17,2,62.70308445527294
4,"(15,1)",0.2,27.51853469920197,19,2,59.03706939840394
5,"(15,1)",0.2,11.432550499224364,10,2,26.865100998448728
6,"(15,1)",0.2,20.932266748516646,9,2,45.86453349703329
7,"(15,1)",0.2,20.615337566840232,19,2,45.230675133680464
8,"(15,1)",0.2,38.21407723095121,22,2,80.42815446190242
9,"(15,1)",0.2,13.516177991638699,14,2,31.032355983277398
10,"(15,1)",0.2,16.94115268743043,10,2,37.88230537486086
11,"(15,1)",0.2,13.45928797741363,10,2,30.91857595482726
12,"(15,1)",0.2,22.756816040567692,9,2,49.513632081135384
13,"(15,1)",0.2,18.44665635370181,14,2,40.89331270740362
14,"(15,1)",0.2,19.154042528140337,13,2,42.308085056280675
15,"(15,1)",0.2,21.30027915907595,17,2,46.6005583181519
16,"(15,1)",0.2,9.365649439267209,10,2,22.731298878534417
17,"(15,1)",0.2,63.95180468862462,8,2,131.90360937724924
18,"(15,1)",0.2,26.054525410662066,20,2,56.10905082132413
19,"(15,1)",0.2,23.417173398304644,9,2,50.83434679660929
20,"(15,1)",0.2,15.96114324672227,14,2,35.92228649344454
1,"(15,1)",0.3,21.190302421852664,19,2,46.38060484370533
2,"(15,1)",0.3,32.07447253246154,7,2,68.14894506492308
3,"(15,1)",0.3,24.159085193035605,17,2,52.31817038607121
4,"(15,1)",0.3,23.05479393831245,19,2,50.1095878766249
5,"(15,1)",0.3,12.123794412149154,10,2,28.247588824298308
6,"(15,1)",0.3,16.429050739304838,9,2,36.858101478609676
7,"(15,1)",0.3,20.698037861428524,19,2,45.39607572285705
8,"(15,1)",0.3,33.52388371210141,22,2,71.04776742420282
9,"(15,1)",0.3,15.474842076615204,14,2,34.94968415323041
10,"(15,1)",0.3,16.136339318448055,10,2,36.27267863689611
11,"(15,1)",0.3,13.811896943644166,10,2,31.623793887288333
12,"(15,1)",0.3,17.601771000126668,9,2,39.203542000253336
13,"(15,1)",0.3,20.235326617985933,14,2,44.47065323597187
14,"(15,1)",0.3,17.812126845605533,13,2,39.62425369121107
15,"(15,1)",0.3,22.669683021543136,17,2,49.33936604308627
16,"(15,1)",0.3,11.618083889049933,10,2,27.236167778099865
17,"(15,1)",0.3,39.651502555797144,8,2,83.30300511159429
18,"(15,1)",0.3,24.032662851142195,20,2,52.06532570228439
19,"(15,1)",0.3,18.163651794692946,9,2,40.32730358938589
20,"(15,1)",0.3,16.12408134576818,14,2,36.24816269153636
1,"(15,1)",0.4,25.438591837901072,19,2,54.877183675802144
2,"(15,1)",0.4,30.354330833500885,7,2,64.70866166700176
3,"(15,1)",0.4,25.888341236904257,17,2,55.77668247380851
4,"(15,1)",0.4,25.57815252538729,19,2,55.15630505077458
5,"(15,1)",0.4,12.57580610135627,10,2,29.15161220271254
6,"(15,1)",0.4,14.242655750345488,9,2,32.485311500690976
7,"(15,1)",0.4,23.631616391569636,19,2,51.26323278313927
8,"(15,1)",0.4,31.275379730092798,22,2,66.55075946018559
9,"(15,1)",0.4,17.172450429524815,14,2,38.34490085904963
10,"(15,1)",0.4,14.18977916895576,10,2,32.37955833791152
11,"(15,1)",0.4,12.435760027710552,10,2,28.871520055421104
12,"(15,1)",0.4,14.935802930905435,9,2,33.87160586181087
13,"(15,1)",0.4,19.456849316641247,14,2,42.91369863328249
14,"(15,1)",0.4,16.376308523664598,13,2,36.752617047329196
15,"(15,1)",0.4,23.756154171059393,17,2,51.512308342118786
16,"(15,1)",0.4,13.622107743013409,10,2,31.244215486026818
17,"(15,1)",0.4,18.500478781560062,8,2,41.000957563120124
18,"(15,1)",0.4,28.29410012140975,20,2,60.5882002428195
19,"(15,1)",0.4,15.768712053840538,9,2,35.537424107681076
20,"(15,1)",0.4,19.279062915012688,14,2,42.558125830025375
1,"(15,1)",0.5,24.99048020974904,19,2,53.98096041949808
2,"(15,1)",0.5,31.344258838532074,7,2,66.68851767706414
3,"(15,1)",0.5,21.489539362197114,17,2,46.97907872439423
4,"(15,1)",0.5,23.65290639673117,19,2,51.30581279346234
5,"(15,1)",0.5,12.775201193838692,10,2,29.550402387677384
6,"(15,1)",0.5,16.054443042125197,9,2,36.10888608425039
7,"(15,1)",0.5,25.75158615878806,19,2,55.50317231757612
8,"(15,1)",0.5,31.503233592755443,22,2,67.00646718551089
9,"(15,1)",0.5,18.230690061920562,14,2,40.461380123841124
10,"(15,1)",0.5,15.248542174313869,10,2,34.49708434862774
11,"(15,1)",0.5,12.941996680103726,10,2,29.88399336020745
12,"(15,1)",0.5,16.587247572609964,9,2,37.17449514521993
13,"(15,1)",0.5,21.055584297562813,14,2,46.111168595125626
14,"(15,1)",0.5,18.389457457712854,13,2,40.77891491542571
15,"(15,1)",0.5,29.484538014101332,17,2,62.969076028202664
16,"(15,1)",0.5,14.650963771956379,10,2,33.301927543912754
17,"(15,1)",0.5,19.103006685880725,8,2,42.20601337176145
18,"(15,1)",0.5,27.54519469565469,20,2,59.09038939130938
19,"(15,1)",0.5,17.009954487152633,9,2,38.01990897430527
20,"(15,1)",0.5,20.312835434830564,14,2,44.62567086966113
1,"(15,1)",0.6,21.44728784533592,19,2,46.89457569067184
2,"(15,1)",0.6,34.22553184440878,7,2,72.45106368881756
3,"(15,1)",0.6,17.18148019597617,17,2,38.36296039195234
4,"(15,1)",0.6,19.690983972197305,19,2,43.38196794439461
5,"(15,1)",0.6,14.581758254684196,10,2,33.16351650936839
6,"(15,1)",0.6,20.450843280964758,9,2,44.901686561929516
7,"(15,1)",0.6,25.945762478257002,19,2,55.891524956514004
8,"(15,1)",0.6,28.628618445073013,22,2,61.257236890146025
9,"(15,1)",0.6,19.175112637198477,14,2,42.350225274396955
10,"(15,1)",0.6,20.315253626658908,10,2,44.630507253317816
11,"(15,1)",0.6,16.311824154906912,10,2,36.623648309813824
12,"(15,1)",0.6,21.889323395255218,9,2,47.778646790510436
13,"(15,1)",0.6,23.87144238926458,14,2,51.74288477852916
14,"(15,1)",0.6,23.79160862206492,13,2,51.58321724412984
15,"(15,1)",0.6,35.9034922808155,17,2,75.806984561631
16,"(15,1)",0.6,17.549872493817592,10,2,39.099744987635184
17,"(15,1)",0.6,61.734385326363125,8,2,127.46877065272625
18,"(15,1)",0.6,24.041889941899385,20,2,52.08377988379877
19,"(15,1)",0.6,22.242602750192813,9,2,48.485205500385625
20,"(15,1)",0.6,20.506157150528686,14,2,45.01231430105737
1,"(15,1)",0.7,25.464226553003222,19,2,54.928453106006444
2,"(15,1)",0.7,52.261283611574854,7,2,108.52256722314971
3,"(15,1)",0.7,19.242922401998907,17,2,42.485844803997814
4,"(15,1)",0.7,22.542193867627596,19,2,49.08438773525519
5,"(15,1)",0.7,15.707869831399826,10,2,35.41573966279965
6,"(15,1)",0.7,38.48659504813083,9,2,80.97319009626166
7,"(15,1)",0.7,30.53651696937375,19,2,65.0730339387475
8,"(15,1)",0.7,29.78396172033039,22,2,63.56792344066078
9,"(15,1)",0.7,20.568546066591907,14,2,45.13709213318381
10,"(15,1)",0.7,19.995965914501685,10,2,43.99193182900337
11,"(15,1)",0.7,16.349723717572218,10,2,36.699447435144435
12,"(15,1)",0.7,39.684298239443166,9,2,83.36859647888633
13,"(15,1)",0.7,20.634307009459416,14,2,45.26861401891883
14,"(15,1)",0.7,24.069060042601667,13,2,52.13812008520333
15,"(15,1)",0.7,35.549760360277155,17,2,75.09952072055431
16,"(15,1)",0.7,18.243665282014177,10,2,40.487330564028355
17,"(15,1)",0.7,80.32786786676884,8,2,164.65573573353768
18,"(15,1)",0.7,26.427773668055305,20,2,56.85554733611061
19,"(15,1)",0.7,58.986717333763025,9,2,121.97343466752605
20,"(15,1)",0.7,20.095013464316406,14,2,44.19002692863281
1,"(15,1)",0.8,23.850388344622125,19,2,51.70077668924425
2,"(15,1)",0.8,53.91312580285491,7,2,111.82625160570981
3,"(15,1)",0.8,19.384075834441834,17,2,42.76815166888367
4,"(15,1)",0.8,21.771222207912444,19,2,47.54244441582489
5,"(15,1)",0.8,36.178767580515384,10,2,76.35753516103077
6,"(15,1)",0.8,43.09334751844462,9,2,90.18669503688923
7,"(15,1)",0.8,29.751238309799852,19,2,63.502476619599705
8,"(15,1)",0.8,26.056502008907895,22,2,56.11300401781579
9,"(15,1)",0.8,19.264793701324926,14,2,42.52958740264985
10,"(15,1)",0.8,43.68363731356486,10,2,91.36727462712972
11,"(15,1)",0.8,38.110288992118605,10,2,80.22057798423721
12,"(15,1)",0.8,45.0186383802972,9,2,94.0372767605944
13,"(15,1)",0.8,18.896540984539747,14,2,41.793081969079495
14,"(15,1)",0.8,29.035675403330377,13,2,62.07135080666075
15,"(15,1)",0.8,39.61300826026743,17,2,83.22601652053486
16,"(15,1)",0.8,37.7927221790183,10,2,79.5854443580366
17,"(15,1)",0.8,81.5033249242632,8,2,167.0066498485264
18,"(15,1)",0.8,23.660884300318568,20,2,51.321768600637135
19,"(15,1)",0.8,63.123466174831094,9,2,130.2469323496622
20,"(15,1)",0.8,18.666207372810277,14,2,41.332414745620554
1,"(15,1)",0.9,24.594070367478146,19,2,53.18814073495629
2,"(15,1)",0.9,35.83705987870786,7,2,75.67411975741572
3,"(15,1)",0.9,21.567613557722566,17,2,47.13522711544513
4,"(15,1)",0.9,23.44591662263703,19,2,50.89183324527406
5,"(15,1)",0.9,17.974199612148823,10,2,39.948399224297646
6,"(15,1)",0.9,22.637735460167406,9,2,49.27547092033481
7,"(15,1)",0.9,31.079916287131823,19,2,66.15983257426365
8,"(15,1)",0.9,28.23285911833361,22,2,60.46571823666722
9,"(15,1)",0.9,20.207181733291844,14,2,44.41436346658369
10,"(15,1)",0.9,23.217553955420343,10,2,50.435107910840685
11,"(15,1)",0.9,19.73998359497362,10,2,43.47996718994724
12,"(15,1)",0.9,24.380704765226028,9,2,52.761409530452056
13,"(15,1)",0.9,18.07991542776031,14,2,40.15983085552062
14,"(15,1)",0.9,28.00712786440672,13,2,60.01425572881344
15,"(15,1)",0.9,35.43886700627981,17,2,74.87773401255961
16,"(15,1)",0.9,17.96283585349851,10,2,39.92567170699702
17,"(15,1)",0.9,25.230855694595636,8,2,54.46171138919127
18,"(15,1)",0.9,24.71233782623555,20,2,53.4246756524711
19,"(15,1)",0.9,24.42949492939546,9,2,52.85898985879092
20,"(15,1)",0.9,18.94205405232365,14,2,41.8841081046473
1,"(19,1)",0.1,27.17389867039924,19,0,54.34779734079848
2,"(19,1)",0.1,17.4476316782596,7,0,34.8952633565192
3,"(19,1)",0.1,54.7929669574394,17,0,109.5859339148788
4,"(19,1)",0.1,37.818127459489254,19,0,75.63625491897851
5,"(19,1)",0.1,12.506665039496328,10,0,25.013330078992656
6,"(19,1)",0.1,17.754156838512863,9,0,35.508313677025725
7,"(19,1)",0.1,30.962607352366906,19,0,61.92521470473381
8,"(19,1)",0.1,123.89224050638921,22,0,247.78448101277843
9,"(19,1)",0.1,16.09669271732244,14,0,32.19338543464488
10,"(19,1)",0.1,16.215313078932688,10,0,32.430626157865376
11,"(19,1)",0.1,15.075878795744323,10,0,30.151757591488646
12,"(19,1)",0.1,19.00691980700823,9,0,38.01383961401646
13,"(19,1)",0.1,18.778250589377272,14,0,37.556501178754544
14,"(19,1)",0.1,21.665049005319222,13,0,43.330098010638444
15,"(19,1)",0.1,24.18955002683271,17,0,48.37910005366542
16,"(19,1)",0.1,7.955603483503337,10,0,15.911206967006674
17,"(19,1)",0.1,22.458266972355858,8,0,44.916533944711716
18,"(19,1)",0.1,37.0739089264254,20,0,74.1478178528508
19,"(19,1)",0.1,19.428133272084533,9,0,38.85626654416907
20,"(19,1)",0.1,16.256570533595017,14,0,32.513141067190034
1,"(19,1)",0.2,20.652131263012144,19,1,43.30426252602429
2,"(19,1)",0.2,35.40308207171889,7,1,72.80616414343778
3,"(19,1)",0.2,28.07693502543266,17,1,58.15387005086532
4,"(19,1)",0.2,25.903982423064285,19,1,53.80796484612857
5,"(19,1)",0.2,11.79624777525155,10,1,25.5924955505031
6,"(19,1)",0.2,20.027323845511283,9,1,42.054647691022566
7,"(19,1)",0.2,20.731518896526442,19,1,43.463037793052884
8,"(19,1)",0.2,34.72956815546372,22,1,71.45913631092743
9,"(19,1)",0.2,14.675944675252689,14,1,31.351889350505378
10,"(19,1)",0.2,16.900602009990145,10,1,35.80120401998029
11,"(19,1)",0.2,14.220722685854634,10,1,30.441445371709268
12,"(19,1)",0.2,20.874621705898488,9,1,43.749243411796975
13,"(19,1)",0.2,20.386647592753462,14,1,42.773295185506925
14,"(19,1)",0.2,18.862450413129345,13,1,39.72490082625869
15,"(19,1)",0.2,21.474486256933638,17,1,44.948972513867275
16,"(19,1)",0.2,9.961391778840122,10,1,21.922783557680244
17,"(19,1)",0.2,42.75267010298007,8,1,87.50534020596014
18,"(19,1)",0.2,25.461969200726276,20,1,52.92393840145255
19,"(19,1)",0.2,41.28121793351987,9,1,84.56243586703974
20,"(19,1)",0.2,16.57153604849662,14,1,35.14307209699324
1,"(19,1)",0.3,24.05468707743281,19,1,50.10937415486562
2,"(19,1)",0.3,11.77423828240194,7,1,25.54847656480388
3,"(19,1)",0.3,26.123767007526258,17,1,54.247534015052516
4,"(19,1)",0.3,27.00942805245159,19,1,56.01885610490318
5,"(19,1)",0.3,10.725457199599175,10,1,23.45091439919835
6,"(19,1)",0.3,14.210354768020508,9,1,30.420709536041016
7,"(19,1)",0.3,22.01721708782021,19,1,46.03443417564042
8,"(19,1)",0.3,36.66093446556804,22,1,75.32186893113608
9,"(19,1)",0.3,16.2441809972298,14,1,34.4883619944596
10,"(19,1)",0.3,13.871963964862381,10,1,29.743927929724762
11,"(19,1)",0.3,11.706286452610902,10,1,25.412572905221804
12,"(19,1)",0.3,15.177938794282213,9,1,32.355877588564425
13,"(19,1)",0.3,21.80412975902967,14,1,45.60825951805934
14,"(19,1)",0.3,15.966736980721096,13,1,33.93347396144219
15,"(19,1)",0.3,22.171926256012295,17,1,46.34385251202459
16,"(19,1)",0.3,11.10984172496567,10,1,24.21968344993134
17,"(19,1)",0.3,37.04063891441699,8,1,76.08127782883398
18,"(19,1)",0.3,29.20502662326066,20,1,60.41005324652132
19,"(19,1)",0.3,15.819792680454608,9,1,33.639585360909216
20,"(19,1)",0.3,17.573653022482997,14,1,37.147306044965994
1,"(19,1)",0.4,20.557383798871886,19,1,43.11476759774377
2,"(19,1)",0.4,13.93565989109554,7,1,29.87131978219108
3,"(19,1)",0.4,21.301872355562303,17,1,44.603744711124605
4,"(19,1)",0.4,22.530293954583243,19,1,47.060587909166486
5,"(19,1)",0.4,13.661063058192413,10,1,29.322126116384826
6,"(19,1)",0.4,18.135364968975466,9,1,38.27072993795093
7,"(19,1)",0.4,23.418940014520494,19,1,48.83788002904099
8,"(19,1)",0.4,29.902171604687396,22,1,61.80434320937479
9,"(19,1)",0.4,17.854965599143075,14,1,37.70993119828615
10,"(19,1)",0.4,17.557628639926847,10,1,37.115257279853694
11,"(19,1)",0.4,15.218675902761927,10,1,32.43735180552385
12,"(19,1)",0.4,19.164984386156622,9,1,40.329968772313244
13,"(19,1)",0.4,18.528875923284733,14,1,39.05775184656947
14,"(19,1)",0.4,20.5941829080011,13,1,43.1883658160022
15,"(19,1)",0.4,29.019915530091623,17,1,60.039831060183246
16,"(19,1)",0.4,13.582550426364866,10,1,29.165100852729733
17,"(19,1)",0.4,21.767674071601007,8,1,45.535348143202015
18,"(19,1)",0.4,23.672171824136818,20,1,49.344343648273636
19,"(19,1)",0.4,19.744802881409566,9,1,41.48960576281913
20,"(19,1)",0.4,17.793404118319998,14,1,37.586808236639996
1,"(19,1)",0.5,22.477515313780092,19,1,46.955030627560184
2,"(19,1)",0.5,33.113661400658856,7,1,68.22732280131771
3,"(19,1)",0.5,23.159204542439763,17,1,48.31840908487953
4,"(19,1)",0.5,23.593256444684016,19,1,49.18651288936803
5,"(19,1)",0.5,13.827201743275248,10,1,29.654403486550496
6,"(19,1)",0.5,36.97689424191756,9,1,75.95378848383513
7,"(19,1)",0.5,24.349285081548786,19,1,50.69857016309757
8,"(19,1)",0.5,28.712633941964807,22,1,59.425267883929614
9,"(19,1)",0.5,17.86037716348473,14,1,37.72075432696946
10,"(19,1)",0.5,17.287194375067795,10,1,36.57438875013559
11,"(19,1)",0.5,14.282677271958073,10,1,30.565354543916147
12,"(19,1)",0.5,37.97834278213203,9,1,77.95668556426406
13,"(19,1)",0.5,19.583889682246998,14,1,41.167779364493995
14,"(19,1)",0.5,20.16231968675955,13,1,42.3246393735191
15,"(19,1)",0.5,29.325354663849662,17,1,60.650709327699325
16,"(19,1)",0.5,15.195963625633498,10,1,32.39192725126699
17,"(19,1)",0.5,59.99359230072709,8,1,121.98718460145417
18,"(19,1)",0.5,26.2670864232139,20,1,54.5341728464278
19,"(19,1)",0.5,39.615951571532825,9,1,81.23190314306565
20,"(19,1)",0.5,19.571736296196715,14,1,41.14347259239343
1,"(19,1)",0.6,23.234479544756876,19,1,48.46895908951375
2,"(19,1)",0.6,32.59494841205969,7,1,67.18989682411939
3,"(19,1)",0.6,20.676835360393028,17,1,43.353670720786056
4,"(19,1)",0.6,21.569409565649867,19,1,45.138819131299734
5,"(19,1)",0.6,14.530238676193584,10,1,31.060477352387167
6,"(19,1)",0.6,38.50945191803155,9,1,79.0189038360631
7,"(19,1)",0.6,26.51448715068597,19,1,55.02897430137194
8,"(19,1)",0.6,25.832333362992042,22,1,53.664666725984084
9,"(19,1)",0.6,18.38611545136438,14,1,38.77223090272876
10,"(19,1)",0.6,19.59097552750379,10,1,41.18195105500758
11,"(19,1)",0.6,15.799865450740956,10,1,33.59973090148191
12,"(19,1)",0.6,39.951835745802484,9,1,81.90367149160497
13,"(19,1)",0.6,19.745928328944593,14,1,41.49185665788919
14,"(19,1)",0.6,23.38108610393354,13,1,48.76217220786708
15,"(19,1)",0.6,34.68892648393063,17,1,71.37785296786126
16,"(19,1)",0.6,16.54201180372692,10,1,35.08402360745384
17,"(19,1)",0.6,61.023996339368665,8,1,124.04799267873733
18,"(19,1)",0.6,25.836664348916127,20,1,53.673328697832254
19,"(19,1)",0.6,40.013529314807826,9,1,82.02705862961565
20,"(19,1)",0.6,19.504593754228544,14,1,41.00918750845709
1,"(19,1)",0.7,21.506073175340813,19,1,45.012146350681626
2,"(19,1)",0.7,16.046081641042672,7,1,34.092163282085345
3,"(19,1)",0.7,18.658221641696322,17,1,39.316443283392644
4,"(19,1)",0.7,21.762863082253663,19,1,45.525726164507326
5,"(19,1)",0.7,35.417104604822235,10,1,72.83420920964447
6,"(19,1)",0.7,60.01834195924375,9,1,122.0366839184875
7,"(19,1)",0.7,26.281793306925678,19,1,54.563586613851356
8,"(19,1)",0.7,29.346654224220718,22,1,60.693308448441435
9,"(19,1)",0.7,20.047182358005376,14,1,42.09436471601075
10,"(19,1)",0.7,59.78932887493729,10,1,121.57865774987458
11,"(19,1)",0.7,36.330834515834724,10,1,74.66166903166945
12,"(19,1)",0.7,61.34957654318061,9,1,124.69915308636122
13,"(19,1)",0.7,22.436778827989052,14,1,46.873557655978104
14,"(19,1)",0.7,22.589166304928277,13,1,47.178332609856554
15,"(19,1)",0.7,77.40450639605153,17,1,156.80901279210306
16,"(19,1)",0.7,37.25343413781611,10,1,76.50686827563221
17,"(19,1)",0.7,43.82634344330092,8,1,89.65268688660184
18,"(19,1)",0.7,25.060284841615083,20,1,52.120569683230165
19,"(19,1)",0.7,62.09778350092359,9,1,126.19556700184718
20,"(19,1)",0.7,21.04988940585785,14,1,44.0997788117157
1,"(19,1)",0.8,23.73393370655344,19,1,49.46786741310688
2,"(19,1)",0.8,35.022239153248584,7,1,72.04447830649717
3,"(19,1)",0.8,18.062218613185,17,1,38.12443722637
4,"(19,1)",0.8,20.76650227594507,19,1,43.53300455189014
5,"(19,1)",0.8,15.725844603934718,10,1,33.451689207869435
6,"(19,1)",0.8,41.3422077673286,9,1,84.6844155346572
7,"(19,1)",0.8,30.67992318647229,19,1,63.35984637294458
8,"(19,1)",0.8,26.080176534352443,22,1,54.160353068704886
9,"(19,1)",0.8,20.479403441252185,14,1,42.95880688250437
10,"(19,1)",0.8,22.376799847934564,10,1,46.75359969586913
11,"(19,1)",0.8,17.874524085109105,10,1,37.74904817021821
12,"(19,1)",0.8,43.32320923619518,9,1,88.64641847239037
13,"(19,1)",0.8,21.595494425373403,14,1,45.190988850746805
14,"(19,1)",0.8,29.017892421688998,13,1,60.035784843377996
15,"(19,1)",0.8,39.52591934589187,17,1,81.05183869178374
16,"(19,1)",0.8,18.164337508013535,10,1,38.32867501602707
17,"(19,1)",0.8,81.28298564006421,8,1,164.56597128012842
18,"(19,1)",0.8,25.038361265232613,20,1,52.076722530465226
19,"(19,1)",0.8,42.44082005599671,9,1,86.88164011199342
20,"(19,1)",0.8,20.93827925403952,14,1,43.87655850807904
1,"(19,1)",0.9,25.78056779651478,19,1,53.56113559302956
2,"(19,1)",0.9,17.822706152662754,7,1,37.64541230532551
3,"(19,1)",0.9,20.930294247595537,17,1,43.860588495191074
4,"(19,1)",0.9,23.40941607029466,19,1,48.81883214058932
5,"(19,1)",0.9,17.983712277446994,10,1,37.96742455489399
6,"(19,1)",0.9,44.76058008803136,9,1,91.52116017606272
7,"(19,1)",0.9,28.861290661488255,19,1,59.72258132297651
8,"(19,1)",0.9,28.42718868204999,22,1,58.85437736409998
9,"(19,1)",0.9,19.775260515327428,14,1,41.550521030654856
10,"(19,1)",0.9,24.578276969271176,10,1,51.15655393854235
11,"(19,1)",0.9,19.717947902536864,10,1,41.43589580507373
12,"(19,1)",0.9,46.434556521603035,9,1,94.86911304320607
13,"(19,1)",0.9,18.208508340891903,14,1,38.41701668178381
14,"(19,1)",0.9,27.151411735976705,13,1,56.30282347195341
15,"(19,1)",0.9,39.57420641979116,17,1,81.14841283958232
16,"(19,1)",0.9,18.570390908994753,10,1,39.140781817989506
17,"(19,1)",0.9,45.161590845790144,8,1,92.32318169158029
18,"(19,1)",0.9,25.719647115502376,20,1,53.43929423100475
19,"(19,1)",0.9,45.45372726859131,9,1,92.90745453718262
20,"(19,1)",0.9,19.422789512294553,14,1,40.84557902458911
1,"(1,1)",0.1,38.4999804697011,19,1,78.9999609394022
2,"(1,1)",0.1,119.73442483569039,7,1,241.46884967138078
3,"(1,1)",0.1,84.42572542023228,17,1,170.85145084046457
4,"(1,1)",0.1,65.88222129792787,19,1,133.76444259585574
5,"(1,1)",0.1,76.20845162011773,10,1,154.41690324023546
6,"(1,1)",0.1,165.78612669557128,9,1,333.57225339114257
7,"(1,1)",0.1,47.524917618345924,19,1,97.04983523669185
8,"(1,1)",0.1,36.96863605432766,22,1,75.93727210865532
9,"(1,1)",0.1,29.47028123105222,14,1,60.94056246210444
10,"(1,1)",0.1,151.970616137607,10,1,305.941232275214
11,"(1,1)",0.1,113.74296028858238,10,1,229.48592057716476
12,"(1,1)",0.1,184.20680743952363,9,1,370.41361487904726
13,"(1,1)",0.1,14.511499706059482,14,1,31.022999412118963
14,"(1,1)",0.1,137.20452936980203,13,1,276.40905873960406
15,"(1,1)",0.1,103.66620201477275,17,1,209.3324040295455
16,"(1,1)",0.1,49.28062802060261,10,1,100.56125604120523
17,"(1,1)",0.1,161.18095650958318,8,1,324.36191301916637
18,"(1,1)",0.1,35.92747280217823,20,1,73.85494560435646
19,"(1,1)",0.1,165.78612669557128,9,1,333.57225339114257
20,"(1,1)",0.1,21.61480281121178,14,1,45.22960562242356
1,"(1,1)",0.2,32.858942332786725,19,2,69.71788466557345
2,"(1,1)",0.2,40.68647378805025,7,2,85.3729475761005
3,"(1,1)",0.2,34.63627064691158,17,2,73.27254129382317
4,"(1,1)",0.2,36.75446593004761,19,2,77.50893186009522
5,"(1,1)",0.2,26.662324364974648,10,2,57.324648729949296
6,"(1,1)",0.2,28.18029655006974,9,2,60.36059310013948
7,"(1,1)",0.2,38.29917612615691,19,2,80.59835225231382
8,"(1,1)",0.2,34.885597032031605,22,2,73.77119406406321
9,"(1,1)",0.2,23.78264074413747,14,2,51.56528148827494
10,"(1,1)",0.2,29.78973446250384,10,2,63.57946892500768
11,"(1,1)",0.2,28.367072457213073,10,2,60.734144914426146
12,"(1,1)",0.2,28.467978622521525,9,2,60.93595724504305
13,"(1,1)",0.2,13.844638840712474,14,2,31.689277681424947
14,"(1,1)",0.2,33.734611292803066,13,2,71.46922258560613
15,"(1,1)",0.2,35.72115052096023,17,2,75.44230104192046
16,"(1,1)",0.2,20.194071222933268,10,2,44.388142445866535
17,"(1,1)",0.2,46.39025626270645,8,2,96.7805125254129
18,"(1,1)",0.2,29.44212005856797,20,2,62.88424011713594
19,"(1,1)",0.2,28.585761658177905,9,2,61.17152331635581
20,"(1,1)",0.2,16.808132863437603,14,2,37.616265726875206
1,"(1,1)",0.3,19.257690492366194,19,2,42.51538098473239
2,"(1,1)",0.3,60.52113888525186,7,2,125.04227777050372
3,"(1,1)",0.3,46.2547888540486,17,2,96.5095777080972
4,"(1,1)",0.3,25.2396925611041,19,2,54.4793851222082
5,"(1,1)",0.3,40.797501911802925,10,2,85.59500382360585
6,"(1,1)",0.3,69.03833207666808,9,2,142.07666415333617
7,"(1,1)",0.3,24.10395603960307,19,2,52.20791207920614
8,"(1,1)",0.3,28.11353794648358,22,2,60.22707589296716
9,"(1,1)",0.3,16.20783054327666,14,2,36.41566108655332
10,"(1,1)",0.3,70.51471948131503,10,2,145.02943896263005
11,"(1,1)",0.3,46.18505041207891,10,2,96.37010082415782
12,"(1,1)",0.3,90.02396217808199,9,2,184.04792435616397
13,"(1,1)",0.3,13.563895368930655,14,2,31.12779073786131
14,"(1,1)",0.3,53.219570115382034,13,2,110.43914023076407
15,"(1,1)",0.3,34.92791312057945,17,2,73.8558262411589
16,"(1,1)",0.3,36.04617672732742,10,2,76.09235345465484
17,"(1,1)",0.3,142.0671285850709,8,2,288.1342571701418
18,"(1,1)",0.3,19.772758645847347,20,2,43.54551729169469
19,"(1,1)",0.3,88.1521600011804,9,2,180.3043200023608
20,"(1,1)",0.3,13.140262956867044,14,2,30.28052591373409
1,"(1,1)",0.4,19.25547204428256,19,2,42.51094408856512
2,"(1,1)",0.4,75.35420651921545,7,2,154.7084130384309
3,"(1,1)",0.4,19.202385787186326,17,2,42.40477157437265
4,"(1,1)",0.4,19.64841748894536,19,2,43.29683497789072
5,"(1,1)",0.4,36.63307468475995,10,2,77.2661493695199
6,"(1,1)",0.4,83.17825253007173,9,2,170.35650506014346
7,"(1,1)",0.4,25.901168652594535,19,2,55.80233730518907
8,"(1,1)",0.4,23.72622294762193,22,2,51.45244589524386
9,"(1,1)",0.4,16.150571197614823,14,2,36.30114239522965
10,"(1,1)",0.4,67.26082757457557,10,2,138.52165514915114
11,"(1,1)",0.4,42.060224923150955,10,2,88.12044984630191
12,"(1,1)",0.4,105.38312290794237,9,2,214.76624581588473
13,"(1,1)",0.4,19.11464218926235,14,2,42.2292843785247
14,"(1,1)",0.4,51.76225696430658,13,2,107.52451392861316
15,"(1,1)",0.4,33.75751535272134,17,2,71.51503070544268
16,"(1,1)",0.4,36.62552747912456,10,2,77.25105495824911
17,"(1,1)",0.4,139.69875575153884,8,2,283.3975115030777
18,"(1,1)",0.4,20.544278830732527,20,2,45.08855766146505
19,"(1,1)",0.4,102.985227635144,9,2,209.970455270288
20,"(1,1)",0.4,13.737579659784686,14,2,31.47515931956937
1,"(1,1)",0.5,19.12653326427266,19,2,42.25306652854532
2,"(1,1)",0.5,53.01349609386615,7,2,110.0269921877323
3,"(1,1)",0.5,19.540161019516475,17,2,43.08032203903295
4,"(1,1)",0.5,21.231639518830004,19,2,46.46327903766001
5,"(1,1)",0.5,12.376724521041485,10,2,28.75344904208297
6,"(1,1)",0.5,58.89163195566714,9,2,121.78326391133427
7,"(1,1)",0.5,21.50998939763167,19,2,47.01997879526334
8,"(1,1)",0.5,30.89721278009757,22,2,65.79442556019514
9,"(1,1)",0.5,17.219056676542635,14,2,38.43811335308527
10,"(1,1)",0.5,23.048111066600665,10,2,50.09622213320133
11,"(1,1)",0.5,16.320820246357624,10,2,36.64164049271525
12,"(1,1)",0.5,63.31047256346373,9,2,130.62094512692747
13,"(1,1)",0.5,25.489812416757466,14,2,54.97962483351493
14,"(1,1)",0.5,24.617650731036985,13,2,53.23530146207397
15,"(1,1)",0.5,30.707008868024865,17,2,65.41401773604973
16,"(1,1)",0.5,15.150122614531522,10,2,34.300245229063044
17,"(1,1)",0.5,102.05692220590353,8,2,208.11384441180707
18,"(1,1)",0.5,26.629057921120516,20,2,57.25811584224103
19,"(1,1)",0.5,79.2582228486748,9,2,162.5164456973496
20,"(1,1)",0.5,20.20576302200714,14,2,44.41152604401428
1,"(1,1)",0.6,21.35989062558457,19,2,46.71978125116914
2,"(1,1)",0.6,52.652792775498995,7,2,109.30558555099799
3,"(1,1)",0.6,19.61671229493744,17,2,43.23342458987488
4,"(1,1)",0.6,18.933297553680315,19,2,41.86659510736063
5,"(1,1)",0.6,32.2548361146281,10,2,68.5096722292562
6,"(1,1)",0.6,40.957545753734806,9,2,85.91509150746961
7,"(1,1)",0.6,23.148246925673057,19,2,50.29649385134611
8,"(1,1)",0.6,25.20724625871412,22,2,54.41449251742824
9,"(1,1)",0.6,18.057540254535713,14,2,40.115080509071426
10,"(1,1)",0.6,41.09396286893609,10,2,86.18792573787218
11,"(1,1)",0.6,34.568200341876974,10,2,73.13640068375395
12,"(1,1)",0.6,43.92796021930451,9,2,91.85592043860902
13,"(1,1)",0.6,25.3629524591782,14,2,54.7259049183564
14,"(1,1)",0.6,25.266550152150945,13,2,54.53310030430189
15,"(1,1)",0.6,35.00139238086192,17,2,74.00278476172385
16,"(1,1)",0.6,35.777923313899294,10,2,75.55584662779859
17,"(1,1)",0.6,82.38672778929252,8,2,168.77345557858504
18,"(1,1)",0.6,24.405182573664014,20,2,52.81036514732803
19,"(1,1)",0.6,61.169985966915235,9,2,126.33997193383047
20,"(1,1)",0.6,21.02071812955656,14,2,46.04143625911312
1,"(1,1)",0.7,24.124468978722806,19,2,52.24893795744561
2,"(1,1)",0.7,32.467115040549814,7,2,68.93423008109963
3,"(1,1)",0.7,19.130221552387763,17,2,42.260443104775526
4,"(1,1)",0.7,20.158321043624916,19,2,44.31664208724983
5,"(1,1)",0.7,33.32037088117143,10,2,70.64074176234286
6,"(1,1)",0.7,38.63293297480257,9,2,81.26586594960514
7,"(1,1)",0.7,26.26217526647578,19,2,56.52435053295156
8,"(1,1)",0.7,27.091401024422925,22,2,58.18280204884585
9,"(1,1)",0.7,18.299639734297404,14,2,40.59927946859481
10,"(1,1)",0.7,39.08481606293512,10,2,82.16963212587024
11,"(1,1)",0.7,34.32751744250053,10,2,72.65503488500106
12,"(1,1)",0.7,40.483532944053565,9,2,84.96706588810713
13,"(1,1)",0.7,24.048746767183726,14,2,52.09749353436745
14,"(1,1)",0.7,23.90993023320221,13,2,51.81986046640442
15,"(1,1)",0.7,33.20445414701174,17,2,70.40890829402348
16,"(1,1)",0.7,37.01744710248955,10,2,78.0348942049791
17,"(1,1)",0.7,60.96790687271762,8,2,125.93581374543524
18,"(1,1)",0.7,25.924147859677934,20,2,55.84829571935587
19,"(1,1)",0.7,39.88569594329794,9,2,83.77139188659588
20,"(1,1)",0.7,19.86943337895203,14,2,43.73886675790406
1,"(1,1)",0.8,23.268463911931974,19,2,50.53692782386395
2,"(1,1)",0.8,52.57963809773847,7,2,109.15927619547693
3,"(1,1)",0.8,17.88550346381916,17,2,39.77100692763832
4,"(1,1)",0.8,21.318442941499704,19,2,46.63688588299941
5,"(1,1)",0.8,34.82718560590363,10,2,73.65437121180726
6,"(1,1)",0.8,78.82436485254713,9,2,161.64872970509427
7,"(1,1)",0.8,27.6778651637689,19,2,59.3557303275378
8,"(1,1)",0.8,30.327216249297898,22,2,64.6544324985958
9,"(1,1)",0.8,19.800900816393142,14,2,43.601801632786284
10,"(1,1)",0.8,60.73607991937841,10,2,125.47215983875682
11,"(1,1)",0.8,36.52614496996581,10,2,77.05228993993163
12,"(1,1)",0.8,80.33695293899132,9,2,164.67390587798263
13,"(1,1)",0.8,22.914752203576768,14,2,49.829504407153536
14,"(1,1)",0.8,26.03242351354997,13,2,56.06484702709994
15,"(1,1)",0.8,55.967224639206265,17,2,115.93444927841253
16,"(1,1)",0.8,37.74051347865543,10,2,79.48102695731086
17,"(1,1)",0.8,99.27642747635885,8,2,202.5528549527177
18,"(1,1)",0.8,26.273918796968637,20,2,56.547837593937274
19,"(1,1)",0.8,98.63133995761939,9,2,201.26267991523878
20,"(1,1)",0.8,20.347936386133394,14,2,44.69587277226679
1,"(1,1)",0.9,23.779448883993997,19,2,51.55889776798799
2,"(1,1)",0.9,54.227328669039224,7,2,112.45465733807845
3,"(1,1)",0.9,18.535920329876877,17,2,41.071840659753754
4,"(1,1)",0.9,20.59301426707002,19,2,45.18602853414004
5,"(1,1)",0.9,16.840856079401945,10,2,37.68171215880389
6,"(1,1)",0.9,61.64590957178734,9,2,127.29181914357468
7,"(1,1)",0.9,30.025409936088813,19,2,64.05081987217763
8,"(1,1)",0.9,27.707464883187704,22,2,59.41492976637541
9,"(1,1)",0.9,20.85820417658705,14,2,45.7164083531741
10,"(1,1)",0.9,22.380666135932387,10,2,48.761332271864774
11,"(1,1)",0.9,18.689185900118396,10,2,41.37837180023679
12,"(1,1)",0.9,63.073025927427494,9,2,130.146051854855
13,"(1,1)",0.9,21.75274853284451,14,2,47.50549706568902
14,"(1,1)",0.9,28.949096109310908,13,2,61.898192218621816
15,"(1,1)",0.9,38.75896084992969,17,2,81.51792169985939
16,"(1,1)",0.9,18.359516132050942,10,2,40.719032264101884
17,"(1,1)",0.9,99.99134845646836,8,2,203.98269691293672
18,"(1,1)",0.9,23.29250181311326,20,2,50.58500362622652
19,"(1,1)",0.9,81.16520260440782,9,2,166.33040520881565
20,"(1,1)",0.9,20.130888100411855,14,2,44.26177620082371
1,"(1,2)",0.1,70.8756607932729,19,1,143.7513215865458
2,"(1,2)",0.1,45.36860501517447,7,1,92.73721003034893
3,"(1,2)",0.1,79.3503664038498,17,1,160.7007328076996
4,"(1,2)",0.1,79.02394450308208,19,1,160.04788900616416
5,"(1,2)",0.1,57.39235610391069,10,1,116.78471220782139
6,"(1,2)",0.1,54.57894538715065,9,1,111.1578907743013
7,"(1,2)",0.1,79.3806194470208,19,1,160.7612388940416
8,"(1,2)",0.1,55.5197051943615,22,1,113.039410388723
9,"(1,2)",0.1,36.03655120835689,14,1,74.07310241671378
10,"(1,2)",0.1,96.02547706104347,10,1,194.05095412208695
11,"(1,2)",0.1,58.08550328447063,10,1,118.17100656894127
12,"(1,2)",0.1,72.99962613110301,9,1,147.99925226220603
13,"(1,2)",0.1,19.2611614867383,14,1,40.5223229734766
14,"(1,2)",0.1,84.14790848248535,13,1,170.2958169649707
15,"(1,2)",0.1,109.11128481194673,17,1,220.22256962389346
16,"(1,2)",0.1,48.222421146569545,10,1,98.44484229313909
17,"(1,2)",0.1,69.08760312567487,8,1,140.17520625134975
18,"(1,2)",0.1,51.42536063213939,20,1,104.85072126427877
19,"(1,2)",0.1,54.57894538715065,9,1,111.1578907743013
20,"(1,2)",0.1,30.08590865576916,14,1,62.17181731153832
1,"(1,2)",0.2,35.2138861998956,19,2,74.4277723997912
2,"(1,2)",0.2,100.62059691117807,7,2,205.24119382235614
3,"(1,2)",0.2,60.2027159401432,17,2,124.4054318802864
4,"(1,2)",0.2,43.313368556786735,19,2,90.62673711357347
5,"(1,2)",0.2,72.29642861468956,10,2,148.59285722937912
6,"(1,2)",0.2,91.41025653920187,9,2,186.82051307840374
7,"(1,2)",0.2,66.2290856923167,19,2,136.4581713846334
8,"(1,2)",0.2,39.456093695762426,22,2,82.91218739152485
9,"(1,2)",0.2,46.915008036356035,14,2,97.83001607271207
10,"(1,2)",0.2,115.12925464970228,10,2,234.25850929940455
11,"(1,2)",0.2,93.71284163219593,10,2,191.42568326439186
12,"(1,2)",0.2,110.52408446371419,9,2,225.04816892742838
13,"(1,2)",0.2,14.460283675128323,14,2,32.92056735025665
14,"(1,2)",0.2,84.38917257491273,13,2,172.77834514982547
15,"(1,2)",0.2,69.2276710348531,17,2,142.4553420697062
16,"(1,2)",0.2,65.41892637887845,10,2,134.8378527577569
17,"(1,2)",0.2,142.76027576563084,8,2,289.5205515312617
18,"(1,2)",0.2,34.48322562619148,20,2,72.96645125238295
19,"(1,2)",0.2,109.83093728315424,9,2,223.66187456630848
20,"(1,2)",0.2,20.977241318954697,14,2,45.95448263790939
1,"(1,2)",0.3,25.72204409075397,19,2,55.44408818150794
2,"(1,2)",0.3,62.69067347045872,7,2,129.38134694091744
3,"(1,2)",0.3,31.576449500533265,17,2,67.15289900106653
4,"(1,2)",0.3,29.552713897984987,19,2,63.10542779596997
5,"(1,2)",0.3,28.326250462692816,10,2,60.65250092538563
6,"(1,2)",0.3,90.32169458638728,9,2,184.64338917277456
7,"(1,2)",0.3,37.39521086050817,19,2,78.79042172101634
8,"(1,2)",0.3,27.735474531130095,22,2,59.47094906226019
9,"(1,2)",0.3,23.734587025075747,14,2,51.469174050151494
10,"(1,2)",0.3,94.63918269992358,10,2,193.27836539984716
11,"(1,2)",0.3,52.094038737362645,10,2,108.18807747472529
12,"(1,2)",0.3,110.53413479956771,9,2,225.06826959913542
13,"(1,2)",0.3,15.569000431271192,14,2,35.138000862542384
14,"(1,2)",0.3,81.64238254549461,13,2,167.28476509098923
15,"(1,2)",0.3,85.40764208952952,17,2,174.81528417905903
16,"(1,2)",0.3,23.282180392510323,10,2,50.56436078502065
17,"(1,2)",0.3,142.77032610148433,8,2,289.54065220296866
18,"(1,2)",0.3,21.885498280405297,20,2,47.770996560810595
19,"(1,2)",0.3,108.74237533033964,9,2,221.48475066067928
20,"(1,2)",0.3,18.485459902718482,14,2,40.970919805436964
1,"(1,2)",0.4,19.918862344685,19,2,43.83772468937
2,"(1,2)",0.4,95.3353647841787,7,2,194.6707295683574
3,"(1,2)",0.4,20.512130994861284,17,2,45.02426198972257
4,"(1,2)",0.4,21.489276409736146,19,2,46.97855281947229
5,"(1,2)",0.4,39.232155446664706,10,2,82.46431089332941
6,"(1,2)",0.4,122.2732387195473,9,2,248.5464774390946
7,"(1,2)",0.4,32.46916362269586,19,2,68.93832724539172
8,"(1,2)",0.4,24.38565625470749,22,2,52.77131250941498
9,"(1,2)",0.4,18.89201233593182,14,2,41.78402467186364
10,"(1,2)",0.4,107.91873166085033,10,2,219.83746332170065
11,"(1,2)",0.4,64.21880513815422,10,2,132.43761027630845
12,"(1,2)",0.4,144.02612397367486,9,2,292.0522479473497
13,"(1,2)",0.4,17.18481574854983,14,2,38.36963149709966
14,"(1,2)",0.4,77.72276118746025,13,2,159.4455223749205
15,"(1,2)",0.4,60.42949228671902,17,2,124.85898457343804
16,"(1,2)",0.4,38.693158945932026,10,2,81.38631789186405
17,"(1,2)",0.4,140.11410096824673,8,2,284.22820193649346
18,"(1,2)",0.4,21.239151209692473,20,2,46.478302419384946
19,"(1,2)",0.4,141.38706664405962,9,2,286.77413328811923
20,"(1,2)",0.4,16.196572103560246,14,2,36.39314420712049
1,"(1,2)",0.5,18.202678118745567,19,2,40.405356237491134
2,"(1,2)",0.5,57.113042281129424,7,2,118.22608456225885
3,"(1,2)",0.5,19.396294154405822,17,2,42.792588308811645
4,"(1,2)",0.5,18.335787671067102,19,2,40.671575342134204
5,"(1,2)",0.5,53.19680417174681,10,2,110.39360834349363
6,"(1,2)",0.5,84.74406339705797,9,2,173.48812679411594
7,"(1,2)",0.5,25.438039123878156,19,2,54.87607824775631
8,"(1,2)",0.5,23.263478032703432,22,2,50.526956065406864
9,"(1,2)",0.5,17.323472011092523,14,2,38.646944022185046
10,"(1,2)",0.5,86.16672540234875,10,2,176.3334508046975
11,"(1,2)",0.5,59.48176717662801,10,2,122.96353435325602
12,"(1,2)",0.5,88.76941508779312,9,2,181.53883017558624
13,"(1,2)",0.5,21.363727345244246,14,2,46.72745469048849
14,"(1,2)",0.5,33.7709884630062,13,2,71.5419769260124
15,"(1,2)",0.5,80.17506148602521,17,2,164.35012297205043
16,"(1,2)",0.5,54.426747122435586,10,2,112.85349424487117
17,"(1,2)",0.5,102.58492564575741,8,2,209.16985129151482
18,"(1,2)",0.5,21.403427186170955,20,2,46.80685437234191
19,"(1,2)",0.5,103.16474414101035,9,2,210.3294882820207
20,"(1,2)",0.5,18.557158160300926,14,2,41.11431632060185
1,"(1,2)",0.6,21.422141357902568,19,2,46.844282715805136
2,"(1,2)",0.6,53.17351707144422,7,2,110.34703414288845
3,"(1,2)",0.6,16.83571886067077,17,2,37.67143772134154
4,"(1,2)",0.6,18.67278927744325,19,2,41.3455785548865
5,"(1,2)",0.6,52.504203672375674,10,2,109.00840734475135
6,"(1,2)",0.6,79.70592589870466,9,2,163.41185179740933
7,"(1,2)",0.6,24.481589689948994,19,2,52.96317937989799
8,"(1,2)",0.6,28.702655406737982,22,2,61.405310813475964
9,"(1,2)",0.6,19.06644501253473,14,2,42.13289002506946
10,"(1,2)",0.6,81.63744731030788,10,2,167.27489462061575
11,"(1,2)",0.6,55.6552288303357,10,2,115.3104576606714
12,"(1,2)",0.6,82.84142011463382,9,2,169.68284022926764
13,"(1,2)",0.6,23.989080618056867,14,2,51.978161236113735
14,"(1,2)",0.6,28.080451215100023,13,2,60.160902430200046
15,"(1,2)",0.6,74.87084954906335,17,2,153.7416990981267
16,"(1,2)",0.6,55.83971902219818,10,2,115.67943804439636
17,"(1,2)",0.6,119.57742108688072,8,2,243.15484217376144
18,"(1,2)",0.6,23.833513628070516,20,2,51.66702725614103
19,"(1,2)",0.6,99.22521893132514,9,2,202.4504378626503
20,"(1,2)",0.6,20.35281111421523,14,2,44.70562222843046
1,"(1,2)",0.7,23.1755288063135,19,2,50.351057612627
2,"(1,2)",0.7,35.155782870718404,7,2,74.31156574143681
3,"(1,2)",0.7,15.993160921617928,17,2,35.98632184323586
4,"(1,2)",0.7,20.00122270038359,19,2,44.00244540076718
5,"(1,2)",0.7,15.965959755969198,10,2,35.931919511938396
6,"(1,2)",0.7,41.88121659290658,9,2,87.76243318581317
7,"(1,2)",0.7,30.5015030991012,19,2,65.0030061982024
8,"(1,2)",0.7,29.11067769953544,22,2,62.22135539907088
9,"(1,2)",0.7,21.857823547691456,14,2,47.71564709538291
10,"(1,2)",0.7,23.386666000387766,10,2,50.77333200077553
11,"(1,2)",0.7,18.83806616588807,10,2,41.67613233177614
12,"(1,2)",0.7,44.078441170242805,9,2,92.15688234048561
13,"(1,2)",0.7,24.47334702190433,14,2,52.94669404380866
14,"(1,2)",0.7,27.94262505819263,13,2,59.88525011638526
15,"(1,2)",0.7,39.261097838839135,17,2,82.52219567767827
16,"(1,2)",0.7,18.144622315445357,10,2,40.289244630890714
17,"(1,2)",0.7,44.52312699150425,8,2,93.0462539830085
18,"(1,2)",0.7,25.125025747297684,20,2,54.25005149459537
19,"(1,2)",0.7,43.67297606213464,9,2,91.34595212426927
20,"(1,2)",0.7,21.064204081982357,14,2,46.128408163964714
1,"(1,2)",0.8,26.237296881259,19,2,56.474593762518
2,"(1,2)",0.8,33.77776441890237,7,2,71.55552883780474
3,"(1,2)",0.8,18.54708934179025,17,2,41.0941786835805
4,"(1,2)",0.8,21.671545530074496,19,2,47.34309106014899
5,"(1,2)",0.8,14.375596743519312,10,2,32.75119348703862
6,"(1,2)",0.8,39.81005096053061,9,2,83.62010192106122
7,"(1,2)",0.8,27.77915032094161,19,2,59.55830064188322
8,"(1,2)",0.8,28.594937593131345,22,2,61.18987518626269
9,"(1,2)",0.8,19.59443404650211,14,2,43.18886809300422
10,"(1,2)",0.8,21.300189064107343,10,2,46.600378128214686
11,"(1,2)",0.8,16.310764796042722,10,2,36.621529592085444
12,"(1,2)",0.8,41.7237002473677,9,2,87.4474004947354
13,"(1,2)",0.8,21.429125581947737,14,2,46.858251163895474
14,"(1,2)",0.8,25.269020544611145,13,2,54.53804108922229
15,"(1,2)",0.8,35.41027133862198,17,2,74.82054267724396
16,"(1,2)",0.8,16.517029961227117,10,2,37.03405992245423
17,"(1,2)",0.8,62.76031590351448,8,2,129.52063180702896
18,"(1,2)",0.8,25.14391949734169,20,2,54.28783899468338
19,"(1,2)",0.8,41.601810429758665,9,2,87.20362085951733
20,"(1,2)",0.8,19.75604288037703,14,2,43.51208576075406
1,"(1,2)",0.9,27.66978869895184,19,2,59.33957739790368
2,"(1,2)",0.9,53.837389067383015,7,2,111.67477813476603
3,"(1,2)",0.9,23.73081305904213,17,2,51.46162611808426
4,"(1,2)",0.9,27.310164558892332,19,2,58.620329117784664
5,"(1,2)",0.9,18.181631939537258,10,2,40.363263879074516
6,"(1,2)",0.9,42.83528922617878,9,2,89.67057845235756
7,"(1,2)",0.9,36.90909592731532,19,2,77.81819185463064
8,"(1,2)",0.9,30.894440083394336,22,2,65.78888016678867
9,"(1,2)",0.9,21.566464697253604,14,2,47.13292939450721
10,"(1,2)",0.9,43.461946665469895,10,2,90.92389333093979
11,"(1,2)",0.9,20.322767050222435,10,2,44.64553410044487
12,"(1,2)",0.9,44.221583587298674,9,2,92.44316717459735
13,"(1,2)",0.9,18.884898902806526,14,2,41.76979780561305
14,"(1,2)",0.9,30.2746238029142,13,2,64.5492476058284
15,"(1,2)",0.9,61.019404398485285,17,2,126.03880879697057
16,"(1,2)",0.9,18.286661822029565,10,2,40.57332364405913
17,"(1,2)",0.9,63.61304324840927,8,2,131.22608649681854
18,"(1,2)",0.9,30.123827562934714,20,2,64.24765512586943
19,"(1,2)",0.9,63.04772943935921,9,2,130.09545887871843
20,"(1,2)",0.9,20.36546934072287,14,2,44.73093868144574
1,"(1,3)",0.1,56.48262007057371,19,1,114.96524014114742
2,"(1,3)",0.1,45.36860501517447,7,1,92.73721003034893
3,"(1,3)",0.1,62.20265133571031,17,1,126.40530267142061
4,"(1,3)",0.1,63.152937527610284,19,1,128.30587505522055
5,"(1,3)",0.1,40.76343482918637,10,1,83.52686965837275
6,"(1,3)",0.1,34.77197028207839,9,1,71.54394056415678
7,"(1,3)",0.1,64.3895355592523,19,1,130.7790711185046
8,"(1,3)",0.1,58.60209027075441,22,1,119.20418054150882
9,"(1,3)",0.1,41.17306001844535,14,1,84.3461200368907
10,"(1,3)",0.1,59.18411557313875,10,1,120.3682311462775
11,"(1,3)",0.1,40.76343482918637,10,1,83.52686965837275
12,"(1,3)",0.1,34.77197028207839,9,1,71.54394056415678
13,"(1,3)",0.1,23.661392551396915,14,1,49.32278510279383
14,"(1,3)",0.1,70.10925437320685,13,1,142.2185087464137
15,"(1,3)",0.1,74.36407571623839,17,1,150.72815143247678
16,"(1,3)",0.1,50.71758429652474,10,1,103.43516859304948
17,"(1,3)",0.1,68.39445594511493,8,1,138.78891189022985
18,"(1,3)",0.1,52.467524880005755,20,1,106.93504976001151
19,"(1,3)",0.1,34.77197028207839,9,1,71.54394056415678
20,"(1,3)",0.1,36.32102975452573,14,1,74.64205950905146
1,"(1,3)",0.2,45.58140821269445,19,2,95.1628164253889
2,"(1,3)",0.2,101.31374409173802,7,2,206.62748818347603
3,"(1,3)",0.2,86.19161105757065,17,2,176.3832221151413
4,"(1,3)",0.2,68.25503854904554,19,2,140.51007709809107
5,"(1,3)",0.2,72.33725060920982,10,2,148.67450121841964
6,"(1,3)",0.2,110.52408446371419,9,2,225.04816892742838
7,"(1,3)",0.2,55.635822643698766,19,2,115.27164528739753
8,"(1,3)",0.2,44.08349496046628,22,2,92.16698992093256
9,"(1,3)",0.2,33.63927867975742,14,2,71.27855735951483
10,"(1,3)",0.2,94.62913236407009,10,2,193.25826472814018
11,"(1,3)",0.2,74.41669215088966,10,2,152.83338430177932
12,"(1,3)",0.2,128.94476520766656,9,2,261.8895304153331
13,"(1,3)",0.2,20.073337065390593,14,2,44.146674130781186
14,"(1,3)",0.2,85.11868739964358,13,2,174.23737479928715
15,"(1,3)",0.2,56.180415129935575,17,2,116.36083025987115
16,"(1,3)",0.2,45.409427009694724,10,2,94.81885401938945
17,"(1,3)",0.2,161.18095650958318,8,2,326.36191301916637
18,"(1,3)",0.2,39.11578313269338,20,2,82.23156626538676
19,"(1,3)",0.2,128.94476520766656,9,2,261.8895304153331
20,"(1,3)",0.2,28.466843464588013,14,2,60.93368692917603
1,"(1,3)",0.3,37.04954933018132,19,2,78.09909866036264
2,"(1,3)",0.3,119.73442483569039,7,2,243.46884967138078
3,"(1,3)",0.3,75.19546749401688,17,2,154.39093498803376
4,"(1,3)",0.3,59.448164284511364,19,2,122.89632856902273
5,"(1,3)",0.3,90.97847412277635,10,2,185.9569482455527
6,"(1,3)",0.3,165.78612669557128,9,2,335.57225339114257
7,"(1,3)",0.3,71.54552359997794,19,2,147.09104719995588
8,"(1,3)",0.3,38.920512495773245,22,2,81.84102499154649
9,"(1,3)",0.3,53.092950497925145,14,2,110.18590099585029
10,"(1,3)",0.3,188.81197762551173,10,2,381.62395525102346
11,"(1,3)",0.3,132.16364103253474,10,2,268.3272820650695
12,"(1,3)",0.3,184.20680743952363,9,2,372.41361487904726
13,"(1,3)",0.3,19.918259741927944,14,2,43.83651948385589
14,"(1,3)",0.3,162.09724724145738,13,2,328.19449448291476
15,"(1,3)",0.3,127.18325878160951,17,2,258.366517563219
16,"(1,3)",0.3,82.47133126721361,10,2,168.94266253442723
17,"(1,3)",0.3,161.18095650958318,8,2,326.36191301916637
18,"(1,3)",0.3,31.756663353630483,20,2,67.51332670726097
19,"(1,3)",0.3,165.78612669557128,9,2,335.57225339114257
20,"(1,3)",0.3,25.953156647693955,14,2,55.90631329538791
1,"(1,3)",0.4,27.727250460944795,19,2,59.45450092188959
2,"(1,3)",0.4,96.37438999964672,7,2,196.74877999929345
3,"(1,3)",0.4,25.556788885737866,17,2,55.11357777147573
4,"(1,3)",0.4,23.9973883434828,19,2,51.9947766869656
5,"(1,3)",0.4,63.835874348541424,10,2,131.67174869708285
6,"(1,3)",0.4,142.42609185952765,9,2,288.8521837190553
7,"(1,3)",0.4,43.631455984530895,19,2,91.26291196906179
8,"(1,3)",0.4,23.639113698761832,22,2,51.278227397523665
9,"(1,3)",0.4,46.204886479887676,14,2,96.40977295977535
10,"(1,3)",0.4,149.22848662285196,10,2,302.4569732457039
11,"(1,3)",0.4,89.46663472066459,10,2,182.93326944132917
12,"(1,3)",0.4,163.73714436137615,9,2,331.4742887227523
13,"(1,3)",0.4,38.78123521038574,14,2,81.56247042077148
14,"(1,3)",0.4,142.13840978707583,13,2,288.27681957415166
15,"(1,3)",0.4,128.50942159697016,17,2,261.0188431939403
16,"(1,3)",0.4,79.9072984801906,10,2,163.8145969603812
17,"(1,3)",0.4,140.7112934314357,8,2,285.4225868628714
18,"(1,3)",0.4,23.060210209455214,20,2,50.12042041891043
19,"(1,3)",0.4,142.42609185952765,9,2,288.8521837190553
20,"(1,3)",0.4,39.996410703592694,14,2,83.99282140718539
1,"(1,3)",0.5,22.21101122046418,19,2,48.42202244092836
2,"(1,3)",0.5,56.819362190029096,7,2,117.63872438005819
3,"(1,3)",0.5,16.625306850410496,17,2,37.25061370082099
4,"(1,3)",0.5,17.986241299169336,19,2,39.97248259833867
5,"(1,3)",0.5,37.16855680166798,10,2,78.33711360333596
6,"(1,3)",0.5,65.33655538144532,9,2,134.67311076289064
7,"(1,3)",0.5,32.326388891271655,19,2,68.65277778254331
8,"(1,3)",0.5,24.553943842009083,22,2,53.107887684018166
9,"(1,3)",0.5,21.681235767027268,14,2,47.362471534054535
10,"(1,3)",0.5,67.8296587984375,10,2,139.659317596875
11,"(1,3)",0.5,43.79439115863342,10,2,91.58878231726683
12,"(1,3)",0.5,87.64905642350833,9,2,179.29811284701665
13,"(1,3)",0.5,23.38649931354408,14,2,50.77299862708816
14,"(1,3)",0.5,57.707482044936555,13,2,119.41496408987311
15,"(1,3)",0.5,41.177746815775265,17,2,86.35549363155053
16,"(1,3)",0.5,37.05955859556734,10,2,78.11911719113468
17,"(1,3)",0.5,139.69222283049723,8,2,283.38444566099446
18,"(1,3)",0.5,20.408817489091753,20,2,44.817634978183506
19,"(1,3)",0.5,83.7572361253977,9,2,171.5144722507954
20,"(1,3)",0.5,18.19708606017481,14,2,40.39417212034962
1,"(1,3)",0.6,23.815699704471157,19,2,51.631399408942315
2,"(1,3)",0.6,54.198021387958605,7,2,112.39604277591721
3,"(1,3)",0.6,15.366357986725896,17,2,34.73271597345179
4,"(1,3)",0.6,19.747604944768973,19,2,43.495209889537946
5,"(1,3)",0.6,35.14798986002643,10,2,74.29597972005286
6,"(1,3)",0.6,42.90823947430259,9,2,89.81647894860518
7,"(1,3)",0.6,31.031389681547083,19,2,66.06277936309417
8,"(1,3)",0.6,30.166493710149037,22,2,64.33298742029808
9,"(1,3)",0.6,22.082393047778936,14,2,48.16478609555787
10,"(1,3)",0.6,45.61846595482739,10,2,95.23693190965479
11,"(1,3)",0.6,39.90845293042055,10,2,83.8169058608411
12,"(1,3)",0.6,46.44919879833991,9,2,96.89839759667981
13,"(1,3)",0.6,23.52214524663868,14,2,51.04429049327736
14,"(1,3)",0.6,50.08683509932334,13,2,104.17367019864668
15,"(1,3)",0.6,39.98312094290093,17,2,83.96624188580186
16,"(1,3)",0.6,37.33655637461953,10,2,78.67311274923907
17,"(1,3)",0.6,83.06741673493042,8,2,170.13483346986084
18,"(1,3)",0.6,25.67627318261406,20,2,55.35254636522812
19,"(1,3)",0.6,62.715214579374845,9,2,129.4304291587497
20,"(1,3)",0.6,18.927491705675514,14,2,41.85498341135103
1,"(1,3)",0.7,25.809855473941564,19,2,55.61971094788313
2,"(1,3)",0.7,14.717354154091542,7,2,33.43470830818308
3,"(1,3)",0.7,18.45496112209843,17,2,40.90992224419686
4,"(1,3)",0.7,21.67383694696663,19,2,47.34767389393326
5,"(1,3)",0.7,15.014669679607561,10,2,34.02933935921512
6,"(1,3)",0.7,20.631857660063396,9,2,45.26371532012679
7,"(1,3)",0.7,26.65104647949233,19,2,57.30209295898466
8,"(1,3)",0.7,28.73079378555443,22,2,61.46158757110886
9,"(1,3)",0.7,19.822374104129405,14,2,43.64474820825881
10,"(1,3)",0.7,22.862357026284485,10,2,49.72471405256897
11,"(1,3)",0.7,17.478298930948277,10,2,38.956597861896554
12,"(1,3)",0.7,23.02975293286177,9,2,50.05950586572354
13,"(1,3)",0.7,22.42324701418594,14,2,48.84649402837188
14,"(1,3)",0.7,25.627215702462358,13,2,55.254431404924716
15,"(1,3)",0.7,34.48917048978072,17,2,72.97834097956144
16,"(1,3)",0.7,17.955668235091274,10,2,39.91133647018255
17,"(1,3)",0.7,25.121616994540158,8,2,54.243233989080316
18,"(1,3)",0.7,26.623307632662318,20,2,57.246615265324635
19,"(1,3)",0.7,21.730469948731507,9,2,47.460939897463014
20,"(1,3)",0.7,19.995295257325413,14,2,43.990590514650826
1,"(1,3)",0.8,24.84044962448018,19,2,53.68089924896036
2,"(1,3)",0.8,53.78953393662064,7,2,111.57906787324129
3,"(1,3)",0.8,17.931915128384855,17,2,39.86383025676971
4,"(1,3)",0.8,19.655593564980492,19,2,43.311187129960985
5,"(1,3)",0.8,34.579945520486454,10,2,73.15989104097291
6,"(1,3)",0.8,41.87114336354225,9,2,87.7422867270845
7,"(1,3)",0.8,31.515680181832476,19,2,67.03136036366496
8,"(1,3)",0.8,28.173886924394978,22,2,60.347773848789956
9,"(1,3)",0.8,22.364637073288876,14,2,48.72927414657775
10,"(1,3)",0.8,41.29988600059134,10,2,86.59977200118269
11,"(1,3)",0.8,37.28617588487168,10,2,78.57235176974336
12,"(1,3)",0.8,44.190257758487505,9,2,92.38051551697501
13,"(1,3)",0.8,22.660403264140612,14,2,49.320806528281224
14,"(1,3)",0.8,31.14466743988909,13,2,66.28933487977818
15,"(1,3)",0.8,37.944006725567206,17,2,79.88801345113441
16,"(1,3)",0.8,36.34699133313167,10,2,76.69398266626334
17,"(1,3)",0.8,81.53239453430473,8,2,167.06478906860946
18,"(1,3)",0.8,23.924859950825336,20,2,51.84971990165067
19,"(1,3)",0.8,61.90126201992871,9,2,127.80252403985742
20,"(1,3)",0.8,20.98222952784382,14,2,45.96445905568764
1,"(1,3)",0.9,26.83525137384305,19,2,57.6705027476861
2,"(1,3)",0.9,53.21897944552097,7,2,110.43795889104194
3,"(1,3)",0.9,19.859131131458987,17,2,43.718262262917975
4,"(1,3)",0.9,23.736982749500918,19,2,51.473965499001835
5,"(1,3)",0.9,17.711061837393753,10,2,39.42212367478751
6,"(1,3)",0.9,60.34987827581732,9,2,124.69975655163464
7,"(1,3)",0.9,32.91851642150276,19,2,69.83703284300552
8,"(1,3)",0.9,28.05471784682045,22,2,60.1094356936409
9,"(1,3)",0.9,20.818992279322384,14,2,45.63798455864477
10,"(1,3)",0.9,24.947329183315926,10,2,53.89465836663185
11,"(1,3)",0.9,20.544275181449972,10,2,45.088550362899944
12,"(1,3)",0.9,61.80849329851684,9,2,127.61698659703367
13,"(1,3)",0.9,19.91470964448957,14,2,43.82941928897914
14,"(1,3)",0.9,27.664360773082734,13,2,59.32872154616547
15,"(1,3)",0.9,40.597766010761596,17,2,85.19553202152319
16,"(1,3)",0.9,17.945514506431117,10,2,39.891029012862234
17,"(1,3)",0.9,118.71919415596133,8,2,241.43838831192267
18,"(1,3)",0.9,27.630531525569957,20,2,59.261063051139914
19,"(1,3)",0.9,80.85000056144952,9,2,165.70000112289904
20,"(1,3)",0.9,19.31820423045161,14,2,42.63640846090322
1,"(2,1)",0.1,30.50188643674452,19,1,63.00377287348904
2,"(2,1)",0.1,80.40815669799765,7,1,162.8163133959953
3,"(2,1)",0.1,55.0911843099534,17,1,112.1823686199068
4,"(2,1)",0.1,37.72567750557166,19,1,77.45135501114332
5,"(2,1)",0.1,23.865580700699823,10,1,49.731161401399646
6,"(2,1)",0.1,48.500469463053044,9,1,99.00093892610609
7,"(2,1)",0.1,33.22092124209447,19,1,68.44184248418894
8,"(2,1)",0.1,39.210529194378886,22,1,80.42105838875777
9,"(2,1)",0.1,17.866899645961627,14,1,37.733799291923255
10,"(2,1)",0.1,48.654203562995086,10,1,99.30840712599017
11,"(2,1)",0.1,26.168165793693866,10,1,54.33633158738773
12,"(2,1)",0.1,68.30744456812529,9,1,138.61488913625058
13,"(2,1)",0.1,12.29827072928938,14,1,26.59654145857876
14,"(2,1)",0.1,50.27450847118924,13,1,102.54901694237849
15,"(2,1)",0.1,32.041038317076335,17,1,66.08207663415267
16,"(2,1)",0.1,16.97971021521819,10,1,35.95942043043638
17,"(2,1)",0.1,104.53261991660621,8,1,211.06523983321242
18,"(2,1)",0.1,29.406986961533203,20,1,60.813973923066406
19,"(2,1)",0.1,68.71290967623347,9,1,139.42581935246693
20,"(2,1)",0.1,14.486154453164449,14,1,30.972308906328898
1,"(2,1)",0.2,21.47678994294259,19,2,46.95357988588518
2,"(2,1)",0.2,58.60875142823518,7,2,121.21750285647036
3,"(2,1)",0.2,46.372679811983595,17,2,96.74535962396719
4,"(2,1)",0.2,26.93481766238258,19,2,57.86963532476516
5,"(2,1)",0.2,21.151015818576422,10,2,46.302031637152844
6,"(2,1)",0.2,44.834062864791164,9,2,93.66812572958233
7,"(2,1)",0.2,25.529961705658923,19,2,55.05992341131785
8,"(2,1)",0.2,27.620076815393524,22,2,59.24015363078705
9,"(2,1)",0.2,15.531381463179347,14,2,35.062762926358694
10,"(2,1)",0.2,28.79065810643443,10,2,61.58131621286886
11,"(2,1)",0.2,24.329069648924367,10,2,52.658139297848734
12,"(2,1)",0.2,47.23195813758953,9,2,98.46391627517906
13,"(2,1)",0.2,14.214398901949686,14,2,32.42879780389937
14,"(2,1)",0.2,28.523903493665642,13,2,61.047806987331285
15,"(2,1)",0.2,28.41742450937476,17,2,60.83484901874952
16,"(2,1)",0.2,15.921691323515335,10,2,35.843382647030666
17,"(2,1)",0.2,85.70647406454569,8,2,175.41294812909138
18,"(2,1)",0.2,21.645259445108227,20,2,47.290518890216454
19,"(2,1)",0.2,65.33418515042337,9,2,134.66837030084673
20,"(2,1)",0.2,12.423638933054715,14,2,28.84727786610943
1,"(2,1)",0.3,19.286119290027685,19,2,42.57223858005537
2,"(2,1)",0.3,56.32764536691826,7,2,116.65529073383652
3,"(2,1)",0.3,26.204756968765917,17,2,56.409513937531834
4,"(2,1)",0.3,23.25580601638925,19,2,50.5116120327785
5,"(2,1)",0.3,35.096014932047225,10,2,74.19202986409445
6,"(2,1)",0.3,42.686488196098765,9,2,89.37297639219753
7,"(2,1)",0.3,20.9195390262643,19,2,45.8390780525286
8,"(2,1)",0.3,26.49837804116395,22,2,56.9967560823279
9,"(2,1)",0.3,13.937201494417627,14,2,31.874402988835254
10,"(2,1)",0.3,42.88088233412699,10,2,89.76176466825397
11,"(2,1)",0.3,37.47336567561396,10,2,78.94673135122792
12,"(2,1)",0.3,46.05378402608524,9,2,96.10756805217048
13,"(2,1)",0.3,16.090745501304628,14,2,36.181491002609256
14,"(2,1)",0.3,25.344672936577414,13,2,54.68934587315483
15,"(2,1)",0.3,25.943288876991417,17,2,55.886577753982834
16,"(2,1)",0.3,33.13414093200289,10,2,70.26828186400579
17,"(2,1)",0.3,102.12230212380929,8,2,208.24460424761858
18,"(2,1)",0.3,20.759372834807987,20,2,45.518745669615974
19,"(2,1)",0.3,63.05307908910643,9,2,130.10615817821287
20,"(2,1)",0.3,13.407634248549675,14,2,30.81526849709935
1,"(2,1)",0.4,21.60115355545641,19,2,47.20230711091282
2,"(2,1)",0.4,14.117935440206203,7,2,32.235870880412406
3,"(2,1)",0.4,23.79550244699975,17,2,51.5910048939995
4,"(2,1)",0.4,23.88930712933457,19,2,51.77861425866914
5,"(2,1)",0.4,10.671618623264077,10,2,25.343237246528155
6,"(2,1)",0.4,17.84763688884039,9,2,39.69527377768078
7,"(2,1)",0.4,20.027075714547486,19,2,44.05415142909497
8,"(2,1)",0.4,32.8694919136854,22,2,69.7389838273708
9,"(2,1)",0.4,15.534090075880808,14,2,35.06818015176162
10,"(2,1)",0.4,17.12314305155807,10,2,38.24628610311614
11,"(2,1)",0.4,12.821254237776499,10,2,29.642508475552997
12,"(2,1)",0.4,20.68085023289661,9,2,45.36170046579322
13,"(2,1)",0.4,22.692089835954445,14,2,49.38417967190889
14,"(2,1)",0.4,19.411768345234677,13,2,42.82353669046935
15,"(2,1)",0.4,23.6742068867376,17,2,51.3484137734752
16,"(2,1)",0.4,11.793183458163169,10,2,27.586366916326337
17,"(2,1)",0.4,21.518578642267663,8,2,47.037157284535326
18,"(2,1)",0.4,27.62755236082177,20,2,59.25510472164354
19,"(2,1)",0.4,18.54078406940034,9,2,41.08156813880068
20,"(2,1)",0.4,18.640585432408837,14,2,41.281170864817675
1,"(2,1)",0.5,22.366859058111324,19,2,48.73371811622265
2,"(2,1)",0.5,33.36270319006479,7,2,70.72540638012958
3,"(2,1)",0.5,23.842777794236426,17,2,51.68555558847285
4,"(2,1)",0.5,25.474184290861942,19,2,54.948368581723884
5,"(2,1)",0.5,11.489181831298437,10,2,26.978363662596873
6,"(2,1)",0.5,38.00869537057314,9,2,80.01739074114629
7,"(2,1)",0.5,20.45273587498427,19,2,44.90547174996854
8,"(2,1)",0.5,34.38705229797526,22,2,72.77410459595052
9,"(2,1)",0.5,16.31169800221601,14,2,36.62339600443202
10,"(2,1)",0.5,17.42966082367355,10,2,38.8593216473471
11,"(2,1)",0.5,12.41029184960854,10,2,28.82058369921708
12,"(2,1)",0.5,40.716745571675354,9,2,85.43349114335071
13,"(2,1)",0.5,23.664139102459586,14,2,51.32827820491917
14,"(2,1)",0.5,19.343157803865722,13,2,42.686315607731444
15,"(2,1)",0.5,27.177427512914374,17,2,58.35485502582875
16,"(2,1)",0.5,14.101295089805513,10,2,32.20259017961102
17,"(2,1)",0.5,62.92524571759655,8,2,129.8504914351931
18,"(2,1)",0.5,30.16371684566808,20,2,64.32743369133615
19,"(2,1)",0.5,40.08813691225298,9,2,84.17627382450596
20,"(2,1)",0.5,21.51820781951092,14,2,47.03641563902184
1,"(2,1)",0.6,22.742208555023655,19,2,49.48441711004731
2,"(2,1)",0.6,33.480697080033345,7,2,70.96139416006669
3,"(2,1)",0.6,18.212883723233098,17,2,40.425767446466196
4,"(2,1)",0.6,19.895343150357437,19,2,43.790686300714874
5,"(2,1)",0.6,33.60035938040203,10,2,71.20071876080407
6,"(2,1)",0.6,39.51298362166158,9,2,83.02596724332317
7,"(2,1)",0.6,27.391305365528016,19,2,58.78261073105603
8,"(2,1)",0.6,26.62738515384698,22,2,57.25477030769396
9,"(2,1)",0.6,19.592108839564485,14,2,43.18421767912897
10,"(2,1)",0.6,40.532150395865905,10,2,85.06430079173181
11,"(2,1)",0.6,35.36237688043135,10,2,74.7247537608627
12,"(2,1)",0.6,41.41509114805851,9,2,86.83018229611702
13,"(2,1)",0.6,24.466983537559628,14,2,52.933967075119256
14,"(2,1)",0.6,25.106355831892763,13,2,54.21271166378553
15,"(2,1)",0.6,38.12264705729833,17,2,80.24529411459666
16,"(2,1)",0.6,37.08117312140469,10,2,78.16234624280938
17,"(2,1)",0.6,61.676321525408355,8,2,127.35264305081671
18,"(2,1)",0.6,25.98721482647499,20,2,55.97442965294998
19,"(2,1)",0.6,41.30474309088964,9,2,86.60948618177927
20,"(2,1)",0.6,20.705633965000274,14,2,45.41126793000055
1,"(2,1)",0.7,24.468495441753102,19,2,52.936990883506205
2,"(2,1)",0.7,33.7544694538148,7,2,71.5089389076296
3,"(2,1)",0.7,20.145619035277836,17,2,44.29123807055567
4,"(2,1)",0.7,21.82284618280512,19,2,47.64569236561024
5,"(2,1)",0.7,14.31582090990175,10,2,32.631641819803505
6,"(2,1)",0.7,19.574315782262616,9,2,43.14863156452523
7,"(2,1)",0.7,28.611717066131273,19,2,61.22343413226255
8,"(2,1)",0.7,27.44099745736745,22,2,58.8819949147349
9,"(2,1)",0.7,19.69766150050257,14,2,43.39532300100514
10,"(2,1)",0.7,20.00955304870445,10,2,44.0191060974089
11,"(2,1)",0.7,15.899941014351562,10,2,35.799882028703124
12,"(2,1)",0.7,21.15250115119261,9,2,46.30500230238522
13,"(2,1)",0.7,22.937673535133282,14,2,49.875347070266564
14,"(2,1)",0.7,25.934106890529804,13,2,55.86821378105961
15,"(2,1)",0.7,34.6788849193137,17,2,73.3577698386274
16,"(2,1)",0.7,17.633636682624854,10,2,39.26727336524971
17,"(2,1)",0.7,43.339022390395044,8,2,90.67804478079009
18,"(2,1)",0.7,28.04809267943236,20,2,60.09618535886472
19,"(2,1)",0.7,21.771540359598834,9,2,47.54308071919767
20,"(2,1)",0.7,21.294469713903133,14,2,46.58893942780627
1,"(2,1)",0.8,27.446547389413375,19,2,58.89309477882675
2,"(2,1)",0.8,53.342916166708605,7,2,110.68583233341721
3,"(2,1)",0.8,22.435578176625068,17,2,48.871156353250136
4,"(2,1)",0.8,24.040954511487087,19,2,52.08190902297417
5,"(2,1)",0.8,35.301611820102025,10,2,74.60322364020405
6,"(2,1)",0.8,60.068349888896776,9,2,124.13669977779355
7,"(2,1)",0.8,31.817086509021543,19,2,67.63417301804309
8,"(2,1)",0.8,26.832605922555505,22,2,57.66521184511101
9,"(2,1)",0.8,20.03585953330045,14,2,44.0717190666009
10,"(2,1)",0.8,40.00475530331393,10,2,84.00951060662786
11,"(2,1)",0.8,35.76156511349426,10,2,75.52313022698851
12,"(2,1)",0.8,61.43359084081884,9,2,126.86718168163767
13,"(2,1)",0.8,20.34379821569942,14,2,44.68759643139884
14,"(2,1)",0.8,26.0069231885557,13,2,56.0138463771114
15,"(2,1)",0.8,37.85651393277867,17,2,79.71302786555734
16,"(2,1)",0.8,36.812059196229114,10,2,77.62411839245823
17,"(2,1)",0.8,118.487392541904,8,2,240.974785083808
18,"(2,1)",0.8,26.728576498785383,20,2,57.457152997570766
19,"(2,1)",0.8,80.2807901020772,9,2,164.5615802041544
20,"(2,1)",0.8,20.988743294441488,14,2,45.977486588882975
1,"(2,1)",0.9,22.734804494984843,19,2,49.469608989969686
2,"(2,1)",0.9,73.1427269747437,7,2,150.2854539494874
3,"(2,1)",0.9,20.20971223980726,17,2,44.41942447961452
4,"(2,1)",0.9,20.278616384085957,19,2,44.557232768171914
5,"(2,1)",0.9,17.791491133314832,10,2,39.582982266629664
6,"(2,1)",0.9,119.19442883462462,9,2,242.38885766924923
7,"(2,1)",0.9,27.612778964636696,19,2,59.22555792927339
8,"(2,1)",0.9,25.208292597821337,22,2,54.416585195642675
9,"(2,1)",0.9,18.639397133191306,14,2,41.27879426638261
10,"(2,1)",0.9,43.76646640522199,10,2,91.53293281044398
11,"(2,1)",0.9,19.90336795074782,10,2,43.80673590149564
12,"(2,1)",0.9,120.89917692686303,9,2,245.79835385372607
13,"(2,1)",0.9,19.974544415969834,14,2,43.94908883193967
14,"(2,1)",0.9,48.77918386552256,13,2,101.55836773104512
15,"(2,1)",0.9,77.46401873538268,17,2,158.92803747076536
16,"(2,1)",0.9,18.856266807480566,10,2,41.71253361496113
17,"(2,1)",0.9,118.85895609833649,8,2,241.71791219667298
18,"(2,1)",0.9,22.246997630598532,20,2,48.493995261197064
19,"(2,1)",0.9,119.19442883462462,9,2,242.38885766924923
20,"(2,1)",0.9,18.195688351577687,14,2,40.39137670315537
1,"(3,1)",0.1,28.424476033599344,19,1,58.84895206719869
2,"(3,1)",0.1,100.21513180306991,7,1,202.43026360613982
3,"(3,1)",0.1,52.43149872255443,17,1,106.86299744510886
4,"(3,1)",0.1,35.562291350590684,19,1,73.12458270118137
5,"(3,1)",0.1,23.225750722624525,10,1,48.45150144524905
6,"(3,1)",0.1,89.61849706997381,9,1,181.23699413994763
7,"(3,1)",0.1,31.317107719677015,19,1,64.63421543935402
8,"(3,1)",0.1,40.5211426747373,22,1,83.0422853494746
9,"(3,1)",0.1,16.70002268708568,14,1,35.40004537417136
10,"(3,1)",0.1,69.06958462017221,10,1,140.13916924034442
11,"(3,1)",0.1,46.734027801809276,10,1,95.46805560361855
12,"(3,1)",0.1,109.1377901025943,9,1,220.2755802051886
13,"(3,1)",0.1,12.335717063211408,14,1,26.671434126422817
14,"(3,1)",0.1,70.40904606461582,13,1,142.81809212923164
15,"(3,1)",0.1,31.308068096349036,17,1,64.61613619269806
16,"(3,1)",0.1,16.098993791495513,10,1,34.197987582991026
17,"(3,1)",0.1,142.76027576563084,8,1,287.5205515312617
18,"(3,1)",0.1,28.319274613345815,20,1,58.63854922669163
19,"(3,1)",0.1,108.73232499448613,9,1,219.46464998897227
20,"(3,1)",0.1,12.837252013110863,14,1,27.674504026221726
1,"(3,1)",0.2,18.54680959426823,19,2,41.09361918853646
2,"(3,1)",0.2,37.030103612501605,7,2,78.06020722500321
3,"(3,1)",0.2,47.128026357590215,17,2,98.25605271518043
4,"(3,1)",0.2,28.413535782204907,19,2,60.82707156440981
5,"(3,1)",0.2,16.761905565836162,10,2,37.523811131672325
6,"(3,1)",0.2,22.562267868497646,9,2,49.12453573699529
7,"(3,1)",0.2,22.209776961989814,19,2,48.41955392397963
8,"(3,1)",0.2,36.346197016291384,22,2,76.69239403258277
9,"(3,1)",0.2,13.315959301286536,14,2,30.631918602573073
10,"(3,1)",0.2,24.11672364651439,10,2,52.23344729302878
11,"(3,1)",0.2,20.239292085855865,10,2,44.47858417171173
12,"(3,1)",0.2,25.004614903866848,9,2,54.009229807733696
13,"(3,1)",0.2,15.356197868014974,14,2,34.71239573602995
14,"(3,1)",0.2,23.931321423183526,13,2,51.86264284636705
15,"(3,1)",0.2,25.007467967135973,17,2,54.014935934271946
16,"(3,1)",0.2,13.736280368294107,10,2,31.472560736588214
17,"(3,1)",0.2,64.39542156269715,8,2,132.7908431253943
18,"(3,1)",0.2,24.971757621951735,20,2,53.94351524390347
19,"(3,1)",0.2,23.948562229617536,9,2,51.89712445923507
20,"(3,1)",0.2,11.922477294647258,14,2,27.844954589294517
1,"(3,1)",0.3,20.486353425412446,19,2,44.97270685082489
2,"(3,1)",0.3,14.688128195568474,7,2,33.37625639113695
3,"(3,1)",0.3,23.543819235853903,17,2,51.087638471707805
4,"(3,1)",0.3,21.799815633329473,19,2,47.599631266658946
5,"(3,1)",0.3,14.21219219766963,10,2,32.42438439533926
6,"(3,1)",0.3,19.580980454008348,9,2,43.161960908016695
7,"(3,1)",0.3,20.509821643739222,19,2,45.019643287478445
8,"(3,1)",0.3,32.13057067095052,22,2,68.26114134190104
9,"(3,1)",0.3,16.028303181775847,14,2,36.056606363551694
10,"(3,1)",0.3,21.33600760392625,10,2,46.6720152078525
11,"(3,1)",0.3,17.065954209953237,10,2,38.13190841990647
12,"(3,1)",0.3,21.821690143284304,9,2,47.64338028656861
13,"(3,1)",0.3,20.395164379929454,14,2,44.79032875985891
14,"(3,1)",0.3,19.595947253047946,13,2,43.19189450609589
15,"(3,1)",0.3,24.268721696929497,17,2,52.53744339385899
16,"(3,1)",0.3,13.451471592276963,10,2,30.902943184553926
17,"(3,1)",0.3,42.15191339212111,8,2,88.30382678424222
18,"(3,1)",0.3,22.679776969083072,20,2,49.359553938166144
19,"(3,1)",0.3,21.190418366442447,9,2,46.380836732884895
20,"(3,1)",0.3,16.394781700523506,14,2,36.78956340104701
1,"(3,1)",0.4,20.418786487481395,19,2,44.83757297496279
2,"(3,1)",0.4,52.29384560849763,7,2,108.58769121699525
3,"(3,1)",0.4,22.9286317232942,17,2,49.8572634465884
4,"(3,1)",0.4,23.115683595209518,19,2,50.231367190419036
5,"(3,1)",0.4,13.198954827046208,10,2,30.397909654092416
6,"(3,1)",0.4,18.83387887495887,9,2,41.66775774991774
7,"(3,1)",0.4,19.341694559226795,19,2,42.68338911845359
8,"(3,1)",0.4,29.684847594541022,22,2,63.369695189082044
9,"(3,1)",0.4,15.772146888942624,14,2,35.544293777885244
10,"(3,1)",0.4,19.471660292293386,10,2,42.94332058458677
11,"(3,1)",0.4,14.337431714278246,10,2,32.67486342855649
12,"(3,1)",0.4,21.652277133229944,9,2,47.30455426645989
13,"(3,1)",0.4,21.578467820635254,14,2,47.15693564127051
14,"(3,1)",0.4,19.402986696011766,13,2,42.80597339202353
15,"(3,1)",0.4,24.619314476980918,17,2,53.238628953961836
16,"(3,1)",0.4,14.783566018280922,10,2,33.567132036561844
17,"(3,1)",0.4,80.9414551776157,8,2,165.8829103552314
18,"(3,1)",0.4,25.946200442398155,20,2,55.89240088479631
19,"(3,1)",0.4,40.087772962967456,9,2,84.17554592593491
20,"(3,1)",0.4,18.48639284266275,14,2,40.9727856853255
1,"(3,1)",0.5,23.130101961496795,19,2,50.26020392299359
2,"(3,1)",0.5,51.824541208072155,7,2,107.64908241614431
3,"(3,1)",0.5,19.999406988644967,17,2,43.998813977289934
4,"(3,1)",0.5,22.17084305357821,19,2,48.34168610715642
5,"(3,1)",0.5,12.593302758275282,10,2,29.186605516550564
6,"(3,1)",0.5,19.40602834936156,9,2,42.81205669872312
7,"(3,1)",0.5,25.170374433821998,19,2,54.340748867643995
8,"(3,1)",0.5,30.99298195348061,22,2,65.98596390696122
9,"(3,1)",0.5,18.464580338356697,14,2,40.929160676713394
10,"(3,1)",0.5,17.249869936977767,10,2,38.499739873955534
11,"(3,1)",0.5,13.393594576286553,10,2,30.787189152573106
12,"(3,1)",0.5,21.08000478293323,9,2,46.16000956586646
13,"(3,1)",0.5,22.304480579288963,14,2,48.60896115857793
14,"(3,1)",0.5,20.273178978301992,13,2,44.546357956603984
15,"(3,1)",0.5,31.73044970607687,17,2,67.46089941215374
16,"(3,1)",0.5,14.937646344075077,10,2,33.875292688150154
17,"(3,1)",0.5,79.45110797365132,8,2,162.90221594730264
18,"(3,1)",0.5,26.425634531377263,20,2,56.851269062754525
19,"(3,1)",0.5,39.61846856254198,9,2,83.23693712508395
20,"(3,1)",0.5,19.668276318656112,14,2,43.336552637312224
1,"(3,1)",0.6,24.37989291257767,19,2,52.75978582515534
2,"(3,1)",0.6,51.255709546958215,7,2,106.51141909391643
3,"(3,1)",0.6,18.550711147116594,17,2,41.10142229423319
4,"(3,1)",0.6,20.776369562711587,19,2,45.55273912542317
5,"(3,1)",0.6,32.13358612542179,10,2,68.26717225084359
6,"(3,1)",0.6,38.23870668521171,9,2,80.47741337042342
7,"(3,1)",0.6,25.878466946728174,19,2,55.75693389345635
8,"(3,1)",0.6,28.65573288184609,22,2,61.31146576369218
9,"(3,1)",0.6,19.021122780918347,14,2,42.042245561836694
10,"(3,1)",0.6,38.26610565939982,10,2,80.53221131879964
11,"(3,1)",0.6,33.77279856655712,10,2,71.54559713311424
12,"(3,1)",0.6,40.24018668542183,9,2,84.48037337084367
13,"(3,1)",0.6,24.76107126651558,14,2,53.52214253303116
14,"(3,1)",0.6,19.77180277557684,13,2,43.54360555115368
15,"(3,1)",0.6,31.460434492711748,17,2,66.9208689854235
16,"(3,1)",0.6,35.358381892800985,10,2,74.71676378560197
17,"(3,1)",0.6,81.29367577120505,8,2,166.5873515424101
18,"(3,1)",0.6,28.50773079054527,20,2,61.01546158109054
19,"(3,1)",0.6,59.36743763026628,9,2,122.73487526053256
20,"(3,1)",0.6,19.775753780403615,14,2,43.55150756080723
1,"(3,1)",0.7,24.417913050693326,19,2,52.83582610138665
2,"(3,1)",0.7,51.81673763392989,7,2,107.63347526785978
3,"(3,1)",0.7,19.29631730413212,17,2,42.59263460826424
4,"(3,1)",0.7,22.985016892766016,19,2,49.97003378553203
5,"(3,1)",0.7,15.002587483497155,10,2,34.00517496699431
6,"(3,1)",0.7,21.007662687653397,9,2,46.015325375306794
7,"(3,1)",0.7,26.117633998503056,19,2,56.23526799700611
8,"(3,1)",0.7,31.114648329941712,22,2,66.22929665988343
9,"(3,1)",0.7,18.026294729295387,14,2,40.052589458590774
10,"(3,1)",0.7,19.280679863150176,10,2,42.56135972630035
11,"(3,1)",0.7,15.697910943479695,10,2,35.39582188695939
12,"(3,1)",0.7,22.088575399222105,9,2,48.17715079844421
13,"(3,1)",0.7,21.204012481670077,14,2,46.408024963340154
14,"(3,1)",0.7,21.91622337346564,13,2,47.83244674693128
15,"(3,1)",0.7,32.626221441591824,17,2,69.25244288318365
16,"(3,1)",0.7,17.751303769530455,10,2,39.50260753906091
17,"(3,1)",0.7,79.40165969823734,8,2,162.80331939647468
18,"(3,1)",0.7,27.761666370990106,20,2,59.52333274198021
19,"(3,1)",0.7,41.5077849732856,9,2,87.0155699465712
20,"(3,1)",0.7,19.751816441632908,14,2,43.503632883265816
1,"(3,1)",0.8,24.26409220117337,19,2,52.52818440234674
2,"(3,1)",0.8,33.71485361544002,7,2,71.42970723088004
3,"(3,1)",0.8,21.285316207745183,17,2,46.570632415490365
4,"(3,1)",0.8,21.66329224973566,19,2,47.32658449947132
5,"(3,1)",0.8,14.97383001679632,10,2,33.94766003359264
6,"(3,1)",0.8,20.34563016010416,9,2,44.69126032020832
7,"(3,1)",0.8,31.095528310509927,19,2,66.19105662101985
8,"(3,1)",0.8,24.925411289880675,22,2,53.85082257976135
9,"(3,1)",0.8,18.629003938445084,14,2,41.25800787689017
10,"(3,1)",0.8,20.00915792348295,10,2,44.0183158469659
11,"(3,1)",0.8,16.230666310679325,10,2,36.46133262135865
12,"(3,1)",0.8,21.44424244877227,9,2,46.88848489754454
13,"(3,1)",0.8,20.661208361555037,14,2,45.322416723110074
14,"(3,1)",0.8,24.705785719959874,13,2,53.41157143991975
15,"(3,1)",0.8,35.770390648172324,17,2,75.54078129634465
16,"(3,1)",0.8,17.389743795097367,10,2,38.779487590194734
17,"(3,1)",0.8,41.721221183090265,8,2,87.44244236618053
18,"(3,1)",0.8,25.93450451806925,20,2,55.8690090361385
19,"(3,1)",0.8,21.73192452122405,9,2,47.4638490424481
20,"(3,1)",0.8,19.77071632250252,14,2,43.54143264500504
1,"(3,1)",0.9,24.221934013198563,19,2,52.443868026397126
2,"(3,1)",0.9,73.09174142001083,7,2,150.18348284002167
3,"(3,1)",0.9,22.338197444410635,17,2,48.67639488882127
4,"(3,1)",0.9,23.72540319380356,19,2,51.45080638760712
5,"(3,1)",0.9,18.035790951085716,10,2,40.07158190217143
6,"(3,1)",0.9,80.51032232275895,9,2,165.0206446455179
7,"(3,1)",0.9,31.123405465839273,19,2,66.24681093167854
8,"(3,1)",0.9,26.75228580552419,22,2,57.50457161104838
9,"(3,1)",0.9,19.438622448318284,14,2,42.87724489663657
10,"(3,1)",0.9,22.98783364831281,10,2,49.97566729662562
11,"(3,1)",0.9,19.078313773102785,10,2,42.15662754620557
12,"(3,1)",0.9,81.95068390514912,9,2,167.90136781029824
13,"(3,1)",0.9,18.43249150613973,14,2,40.86498301227946
14,"(3,1)",0.9,27.74054596399502,13,2,59.48109192799004
15,"(3,1)",0.9,39.392280748216415,17,2,82.78456149643283
16,"(3,1)",0.9,18.037539269724956,10,2,40.07507853944991
17,"(3,1)",0.9,118.97436694984782,8,2,241.94873389969564
18,"(3,1)",0.9,24.841912238100388,20,2,53.683824476200776
19,"(3,1)",0.9,100.02961535537943,9,2,204.05923071075887
20,"(3,1)",0.9,18.480113166148698,14,2,40.960226332297395
1,"(4,1)",0.1,26.502353455470523,19,1,55.004706910941046
2,"(4,1)",0.1,79.42732744498592,7,1,160.85465488997184
3,"(4,1)",0.1,72.95160865487892,17,1,147.90321730975785
4,"(4,1)",0.1,55.900807616125746,19,1,113.80161523225149
5,"(4,1)",0.1,36.175860327512915,10,1,74.35172065502583
6,"(4,1)",0.1,45.804841781949385,9,1,93.60968356389877
7,"(4,1)",0.1,27.41322292541691,19,1,56.82644585083382
8,"(4,1)",0.1,45.40519979056511,22,1,92.81039958113023
9,"(4,1)",0.1,13.35590686869084,14,1,28.71181373738168
10,"(4,1)",0.1,61.69516461320984,10,1,125.39032922641968
11,"(4,1)",0.1,39.39223302216299,10,1,80.78446604432598
12,"(4,1)",0.1,66.3049640675816,9,1,134.6099281351632
13,"(4,1)",0.1,13.484983910965981,14,1,28.969967821931963
14,"(4,1)",0.1,63.853155413096836,13,1,129.70631082619366
15,"(4,1)",0.1,26.51328254451132,17,1,55.02656508902264
16,"(4,1)",0.1,11.331816671276245,10,1,24.66363334255249
17,"(4,1)",0.1,123.64644784111852,8,1,249.29289568223703
18,"(4,1)",0.1,30.90887292544566,20,1,63.81774585089132
19,"(4,1)",0.1,65.83496043833586,9,1,133.6699208766717
20,"(4,1)",0.1,12.283681335195924,14,1,26.567362670391848
1,"(4,1)",0.2,19.893712398553646,19,2,43.78742479710729
2,"(4,1)",0.2,17.653911423521805,7,2,39.30782284704361
3,"(4,1)",0.2,45.14902153552416,17,2,94.29804307104833
4,"(4,1)",0.2,24.712941616219055,19,2,53.42588323243811
5,"(4,1)",0.2,14.786394696770103,10,2,33.572789393540205
6,"(4,1)",0.2,22.769907233275887,9,2,49.539814466551775
7,"(4,1)",0.2,21.757285777157513,19,2,47.514571554315026
8,"(4,1)",0.2,31.903012195539134,22,2,67.80602439107827
9,"(4,1)",0.2,14.04140819364313,14,2,32.08281638728626
10,"(4,1)",0.2,21.691497651925296,10,2,47.38299530385059
11,"(4,1)",0.2,17.789244438092958,10,2,39.578488876185915
12,"(4,1)",0.2,24.113641979976983,9,2,52.227283959953965
13,"(4,1)",0.2,16.75305973484149,14,2,37.50611946968298
14,"(4,1)",0.2,23.35750591584779,13,2,50.71501183169558
15,"(4,1)",0.2,24.3222293282578,17,2,52.6444586565156
16,"(4,1)",0.2,12.707330829162036,10,2,29.41466165832407
17,"(4,1)",0.2,43.30443094562543,8,2,90.60886189125085
18,"(4,1)",0.2,21.458945240521928,20,2,46.917890481043855
19,"(4,1)",0.2,23.868519521944,9,2,51.737039043888
20,"(4,1)",0.2,12.976384652964265,14,2,29.95276930592853
1,"(4,1)",0.3,19.043966241962867,19,2,42.087932483925734
2,"(4,1)",0.3,13.628177579347401,7,2,31.256355158694802
3,"(4,1)",0.3,23.586226779598842,17,2,51.172453559197685
4,"(4,1)",0.3,22.844519204854304,19,2,49.68903840970861
5,"(4,1)",0.3,11.964290544892192,10,2,27.928581089784384
6,"(4,1)",0.3,15.111864286475942,9,2,34.223728572951885
7,"(4,1)",0.3,19.24654794696768,19,2,42.49309589393536
8,"(4,1)",0.3,33.260689482577774,22,2,70.52137896515555
9,"(4,1)",0.3,15.427737255799247,14,2,34.855474511598494
10,"(4,1)",0.3,19.22550530964621,10,2,42.45101061929242
11,"(4,1)",0.3,14.169634246666917,10,2,32.33926849333383
12,"(4,1)",0.3,18.479160116462413,9,2,40.95832023292483
13,"(4,1)",0.3,24.207993767985474,14,2,52.41598753597095
14,"(4,1)",0.3,20.297631048120817,13,2,44.59526209624163
15,"(4,1)",0.3,23.76658915734599,17,2,51.53317831469198
16,"(4,1)",0.3,12.596611470405863,10,2,29.193222940811726
17,"(4,1)",0.3,22.581472848333693,8,2,49.162945696667386
18,"(4,1)",0.3,24.883737635142168,20,2,53.767475270284336
19,"(4,1)",0.3,17.057774435531254,9,2,38.11554887106251
20,"(4,1)",0.3,18.01132337024995,14,2,40.0226467404999
1,"(4,1)",0.4,22.14582462562514,19,2,48.29164925125028
2,"(4,1)",0.4,31.240989431582744,7,2,66.4819788631655
3,"(4,1)",0.4,23.632807999833492,17,2,51.265615999666984
4,"(4,1)",0.4,22.36576673701305,19,2,48.7315334740261
5,"(4,1)",0.4,10.948393286369676,10,2,25.89678657273935
6,"(4,1)",0.4,15.402607683427028,9,2,34.80521536685406
7,"(4,1)",0.4,20.00413898867486,19,2,44.00827797734972
8,"(4,1)",0.4,30.470423123129017,22,2,64.94084624625803
9,"(4,1)",0.4,16.316634815796426,14,2,36.63326963159285
10,"(4,1)",0.4,17.16713568393032,10,2,38.33427136786064
11,"(4,1)",0.4,12.270149126351996,10,2,28.54029825270399
12,"(4,1)",0.4,18.278993199348452,9,2,40.557986398696904
13,"(4,1)",0.4,24.844570103744562,14,2,53.689140207489125
14,"(4,1)",0.4,19.051500372113754,13,2,42.10300074422751
15,"(4,1)",0.4,25.29265882831961,17,2,54.58531765663922
16,"(4,1)",0.4,13.468103858352364,10,2,30.93620771670473
17,"(4,1)",0.4,22.198984374425773,8,2,48.39796874885155
18,"(4,1)",0.4,26.453041779873804,20,2,56.90608355974761
19,"(4,1)",0.4,16.78890204454692,9,2,37.57780408909384
20,"(4,1)",0.4,18.79401151732888,14,2,41.58802303465776
1,"(4,1)",0.5,23.947736366718424,19,2,51.89547273343685
2,"(4,1)",0.5,50.399383649148305,7,2,104.79876729829661
3,"(4,1)",0.5,20.66495451087904,17,2,45.32990902175808
4,"(4,1)",0.5,21.613426053530812,19,2,47.226852107061625
5,"(4,1)",0.5,12.99043820365897,10,2,29.98087640731794
6,"(4,1)",0.5,17.693188717985922,9,2,39.386377435971845
7,"(4,1)",0.5,24.52092419996048,19,2,53.04184839992096
8,"(4,1)",0.5,30.39002243726393,22,2,64.78004487452786
9,"(4,1)",0.5,18.793686442481906,14,2,41.58737288496381
10,"(4,1)",0.5,17.369116994563168,10,2,38.738233989126336
11,"(4,1)",0.5,13.599244235785164,10,2,31.19848847157033
12,"(4,1)",0.5,19.557973322228868,9,2,43.115946644457736
13,"(4,1)",0.5,23.060984811494357,14,2,50.121969622988715
14,"(4,1)",0.5,18.71976625820047,13,2,41.43953251640094
15,"(4,1)",0.5,28.896162604297196,17,2,61.79232520859439
16,"(4,1)",0.5,16.09841632538113,10,2,36.19683265076226
17,"(4,1)",0.5,80.36519299856553,8,2,164.73038599713107
18,"(4,1)",0.5,27.364531313778528,20,2,58.729062627557056
19,"(4,1)",0.5,38.886458184178075,9,2,81.77291636835615
20,"(4,1)",0.5,20.073551340755067,14,2,44.147102681510134
1,"(4,1)",0.6,21.812566828272505,19,2,47.62513365654501
2,"(4,1)",0.6,14.164536260657108,7,2,32.32907252131422
3,"(4,1)",0.6,19.10707922763047,17,2,42.21415845526094
4,"(4,1)",0.6,20.5618048743634,19,2,45.1236097487268
5,"(4,1)",0.6,13.088796907862395,10,2,30.17759381572479
6,"(4,1)",0.6,18.962078339292653,9,2,41.924156678585305
7,"(4,1)",0.6,22.474658218895136,19,2,48.94931643779027
8,"(4,1)",0.6,31.946306943901327,22,2,67.89261388780265
9,"(4,1)",0.6,17.565381064482136,14,2,39.13076212896427
10,"(4,1)",0.6,18.47145542284418,10,2,40.94291084568836
11,"(4,1)",0.6,14.406098397495334,10,2,32.81219679499067
12,"(4,1)",0.6,20.51267575170382,9,2,45.02535150340764
13,"(4,1)",0.6,26.741078044986004,14,2,57.48215608997201
14,"(4,1)",0.6,20.517097513298506,13,2,45.03419502659701
15,"(4,1)",0.6,30.3311634194089,17,2,64.66232683881779
16,"(4,1)",0.6,16.672315846318504,10,2,37.34463169263701
17,"(4,1)",0.6,22.440567395256455,8,2,48.88113479051291
18,"(4,1)",0.6,26.06654876501395,20,2,56.1330975300279
19,"(4,1)",0.6,20.666826431531078,9,2,45.333652863062156
20,"(4,1)",0.6,20.58423575545698,14,2,45.16847151091396
1,"(4,1)",0.7,22.943516721503205,19,2,49.88703344300641
2,"(4,1)",0.7,35.019732585074394,7,2,74.03946517014879
3,"(4,1)",0.7,19.719203664944736,17,2,43.43840732988947
4,"(4,1)",0.7,23.424430241469608,19,2,50.848860482939216
5,"(4,1)",0.7,15.40715414839794,10,2,34.81430829679588
6,"(4,1)",0.7,21.309582542767952,9,2,46.619165085535904
7,"(4,1)",0.7,28.612676450358588,19,2,61.225352900717176
8,"(4,1)",0.7,27.95474525946366,22,2,59.90949051892732
9,"(4,1)",0.7,18.146625771833342,14,2,40.293251543666685
10,"(4,1)",0.7,20.07994199169344,10,2,44.15988398338688
11,"(4,1)",0.7,16.348137492862467,10,2,36.69627498572493
12,"(4,1)",0.7,22.17180605337183,9,2,48.34361210674366
13,"(4,1)",0.7,20.238657642880682,14,2,44.477315285761364
14,"(4,1)",0.7,23.83293734021482,13,2,51.66587468042964
15,"(4,1)",0.7,37.2828508413599,17,2,78.5657016827198
16,"(4,1)",0.7,17.2153884548295,10,2,38.430776909659
17,"(4,1)",0.7,43.25971500390615,8,2,90.5194300078123
18,"(4,1)",0.7,26.915143920348225,20,2,57.83028784069645
19,"(4,1)",0.7,22.919020455202052,9,2,49.838040910404104
20,"(4,1)",0.7,19.47825823531157,14,2,42.95651647062314
1,"(4,1)",0.8,21.126712355400237,19,2,46.25342471080047
2,"(4,1)",0.8,53.482460612561766,7,2,110.96492122512353
3,"(4,1)",0.8,18.908814986898022,17,2,41.817629973796045
4,"(4,1)",0.8,20.461009435950764,19,2,44.92201887190153
5,"(4,1)",0.8,36.564605477770236,10,2,77.12921095554047
6,"(4,1)",0.8,79.72718736737042,9,2,163.45437473474084
7,"(4,1)",0.8,27.52085484420263,19,2,59.04170968840526
8,"(4,1)",0.8,25.788301849788926,22,2,55.57660369957785
9,"(4,1)",0.8,18.242581620938243,14,2,40.485163241876485
10,"(4,1)",0.8,62.7336229790582,10,2,129.4672459581164
11,"(4,1)",0.8,38.97540415540452,10,2,81.95080831080904
12,"(4,1)",0.8,81.59898954427202,9,2,167.19797908854403
13,"(4,1)",0.8,20.30973870554226,14,2,44.61947741108452
14,"(4,1)",0.8,31.725276917673973,13,2,67.45055383534795
15,"(4,1)",0.8,60.023450616618355,17,2,124.04690123323671
16,"(4,1)",0.8,38.803227047682334,10,2,81.60645409536467
17,"(4,1)",0.8,100.53846408163955,8,2,205.0769281632791
18,"(4,1)",0.8,23.632206210354017,20,2,51.264412420708034
19,"(4,1)",0.8,99.53416247244269,9,2,203.06832494488538
20,"(4,1)",0.8,19.745882167490176,14,2,43.49176433498035
1,"(4,1)",0.9,25.81177126326068,19,2,55.62354252652136
2,"(4,1)",0.9,54.8620319744319,7,2,113.7240639488638
3,"(4,1)",0.9,21.200503969068688,17,2,46.401007938137376
4,"(4,1)",0.9,21.855647176403245,19,2,47.71129435280649
5,"(4,1)",0.9,17.940381655298363,10,2,39.88076331059673
6,"(4,1)",0.9,25.15156931682351,9,2,54.30313863364702
7,"(4,1)",0.9,30.762235970969193,19,2,65.52447194193839
8,"(4,1)",0.9,24.185946539983767,22,2,52.371893079967535
9,"(4,1)",0.9,18.92025874528759,14,2,41.84051749057518
10,"(4,1)",0.9,24.746104208715344,10,2,53.49220841743069
11,"(4,1)",0.9,19.804461786106042,10,2,43.608923572212085
12,"(4,1)",0.9,26.5378636779434,9,2,57.0757273558868
13,"(4,1)",0.9,18.95174708981959,14,2,41.90349417963918
14,"(4,1)",0.9,27.841082396927305,13,2,59.68216479385461
15,"(4,1)",0.9,38.06060772184106,17,2,80.12121544368212
16,"(4,1)",0.9,18.860056485156758,10,2,41.720112970313515
17,"(4,1)",0.9,62.79940667059519,8,2,129.59881334119038
18,"(4,1)",0.9,24.582806293907574,20,2,53.16561258781515
19,"(4,1)",0.9,44.95854442189577,9,2,93.91708884379155
20,"(4,1)",0.9,17.621855270819147,14,2,39.24371054163829
1,"(5,1)",0.1,26.092103720229,19,1,54.184207440458
2,"(5,1)",0.1,79.4918659661235,7,1,160.983731932247
3,"(5,1)",0.1,52.269358975407165,17,1,106.53871795081433
4,"(5,1)",0.1,34.129178944497916,19,1,70.25835788899583
5,"(5,1)",0.1,17.16437294579619,10,1,36.32874589159238
6,"(5,1)",0.1,44.69380697328272,9,1,91.38761394656544
7,"(5,1)",0.1,30.027356080535387,19,1,62.054712161070775
8,"(5,1)",0.1,38.478991307392896,22,1,78.95798261478579
9,"(5,1)",0.1,14.05609186383464,14,1,30.11218372766928
10,"(5,1)",0.1,23.649313478335053,10,1,49.298626956670105
11,"(5,1)",0.1,20.008224688057464,10,1,42.01644937611493
12,"(5,1)",0.1,46.48556644251077,9,1,94.97113288502155
13,"(5,1)",0.1,15.907570567764319,14,1,33.815141135528634
14,"(5,1)",0.1,27.293361396644034,13,1,56.58672279328807
15,"(5,1)",0.1,25.940189036554237,17,1,53.880378073108474
16,"(5,1)",0.1,10.61687043210067,10,1,23.23374086420134
17,"(5,1)",0.1,85.70647406454567,8,1,173.41294812909135
18,"(5,1)",0.1,27.73743391333522,20,1,57.47486782667044
19,"(5,1)",0.1,64.90624718646315,9,1,131.8124943729263
20,"(5,1)",0.1,12.440297385645705,14,1,26.88059477129141
1,"(5,1)",0.2,19.75835395378145,19,2,43.5167079075629
2,"(5,1)",0.2,54.84860895409976,7,2,113.69721790819952
3,"(5,1)",0.2,46.87064088986318,17,2,97.74128177972636
4,"(5,1)",0.2,25.84851346870602,19,2,55.69702693741204
5,"(5,1)",0.2,13.107999130338516,10,2,30.215998260677033
6,"(5,1)",0.2,22.09362385876795,9,2,48.1872477175359
7,"(5,1)",0.2,19.06932968079923,19,2,42.13865936159846
8,"(5,1)",0.2,34.51914033651513,22,2,73.03828067303026
9,"(5,1)",0.2,13.019057883298958,14,2,30.038115766597915
10,"(5,1)",0.2,20.487505736458523,10,2,44.975011472917046
11,"(5,1)",0.2,15.832042756416463,10,2,35.664085512832926
12,"(5,1)",0.2,24.732681188383207,9,2,53.465362376766414
13,"(5,1)",0.2,19.475133976449136,14,2,42.95026795289827
14,"(5,1)",0.2,21.54144346129089,13,2,47.08288692258178
15,"(5,1)",0.2,23.399331859669356,17,2,50.79866371933871
16,"(5,1)",0.2,10.865757167251939,10,2,25.731514334503878
17,"(5,1)",0.2,102.74086044737815,8,2,209.4817208947563
18,"(5,1)",0.2,23.845452679472817,20,2,51.690905358945635
19,"(5,1)",0.2,42.59374614440015,9,2,89.1874922888003
20,"(5,1)",0.2,14.114326315901712,14,2,32.22865263180343
1,"(5,1)",0.3,18.58612128965727,19,2,41.17224257931454
2,"(5,1)",0.3,34.79526992590645,7,2,73.5905398518129
3,"(5,1)",0.3,24.765812520987637,17,2,53.531625041975275
4,"(5,1)",0.3,23.2852417845055,19,2,50.570483569011
5,"(5,1)",0.3,13.341260590786241,10,2,30.682521181572483
6,"(5,1)",0.3,19.76781839396706,9,2,43.53563678793412
7,"(5,1)",0.3,21.023679954218686,19,2,46.04735990843737
8,"(5,1)",0.3,31.265222055393433,22,2,66.53044411078687
9,"(5,1)",0.3,14.235086454040236,14,2,32.47017290808047
10,"(5,1)",0.3,20.130008518593904,10,2,44.26001703718781
11,"(5,1)",0.3,15.782173248668302,10,2,35.5643464973366
12,"(5,1)",0.3,22.293547038275314,9,2,48.58709407655063
13,"(5,1)",0.3,19.252357565498833,14,2,42.50471513099767
14,"(5,1)",0.3,20.673230196566077,13,2,45.346460393132155
15,"(5,1)",0.3,25.359181776968086,17,2,54.71836355393617
16,"(5,1)",0.3,13.25704545835669,10,2,30.51409091671338
17,"(5,1)",0.3,62.9117988576167,8,2,129.8235977152334
18,"(5,1)",0.3,24.631282663751595,20,2,53.26256532750319
19,"(5,1)",0.3,22.25272504375506,9,2,48.50545008751012
20,"(5,1)",0.3,15.384422470736972,14,2,34.768844941473944
1,"(5,1)",0.4,23.3503704435197,19,2,50.7007408870394
2,"(5,1)",0.4,30.898920066599636,7,2,65.79784013319927
3,"(5,1)",0.4,24.98252662204172,17,2,53.96505324408344
4,"(5,1)",0.4,24.40231435817197,19,2,52.80462871634394
5,"(5,1)",0.4,11.987648397885376,10,2,27.975296795770753
6,"(5,1)",0.4,15.466003426552081,9,2,34.93200685310416
7,"(5,1)",0.4,22.342680465525824,19,2,48.68536093105165
8,"(5,1)",0.4,32.82677012646558,22,2,69.65354025293117
9,"(5,1)",0.4,16.919976979524886,14,2,37.83995395904977
10,"(5,1)",0.4,15.283138814883554,10,2,34.56627762976711
11,"(5,1)",0.4,11.834815241305357,10,2,27.669630482610714
12,"(5,1)",0.4,17.272800773144677,9,2,38.545601546289355
13,"(5,1)",0.4,22.057026176623655,14,2,48.11405235324731
14,"(5,1)",0.4,16.517706484294624,13,2,37.03541296858925
15,"(5,1)",0.4,24.95495549818217,17,2,53.90991099636434
16,"(5,1)",0.4,13.967355884916675,10,2,31.93471176983335
17,"(5,1)",0.4,21.96212826713949,8,2,47.92425653427898
18,"(5,1)",0.4,28.95469065790436,20,2,61.90938131580872
19,"(5,1)",0.4,17.81737868371556,9,2,39.63475736743112
20,"(5,1)",0.4,20.018271940259208,14,2,44.036543880518416
1,"(5,1)",0.5,23.40816364579878,19,2,50.81632729159756
2,"(5,1)",0.5,13.1350104151051,7,2,30.2700208302102
3,"(5,1)",0.5,21.350197686739918,17,2,46.700395373479836
4,"(5,1)",0.5,23.694364114203978,19,2,51.388728228407956
5,"(5,1)",0.5,13.538008349754435,10,2,31.07601669950887
6,"(5,1)",0.5,17.66321955995706,9,2,39.32643911991412
7,"(5,1)",0.5,21.335044061103588,19,2,46.670088122207176
8,"(5,1)",0.5,32.413272242023844,22,2,68.82654448404769
9,"(5,1)",0.5,17.847023356043984,14,2,39.69404671208797
10,"(5,1)",0.5,17.498004133591706,10,2,38.99600826718341
11,"(5,1)",0.5,14.02086012147802,10,2,32.04172024295604
12,"(5,1)",0.5,19.383005529560027,9,2,42.76601105912005
13,"(5,1)",0.5,21.867797725098164,14,2,47.73559545019633
14,"(5,1)",0.5,18.230932184163496,13,2,40.46186436832699
15,"(5,1)",0.5,26.32147981769649,17,2,56.64295963539298
16,"(5,1)",0.5,15.691714435702817,10,2,35.383428871405634
17,"(5,1)",0.5,22.922572580486953,8,2,49.84514516097391
18,"(5,1)",0.5,27.614037778562643,20,2,59.22807555712529
19,"(5,1)",0.5,19.860444137293282,9,2,43.720888274586564
20,"(5,1)",0.5,20.198777472844498,14,2,44.397554945688995
1,"(5,1)",0.6,22.66924058481803,19,2,49.33848116963606
2,"(5,1)",0.6,32.77053942312482,7,2,69.54107884624965
3,"(5,1)",0.6,20.823216518758162,17,2,45.646433037516324
4,"(5,1)",0.6,23.19099440737125,19,2,50.3819888147425
5,"(5,1)",0.6,12.675757539091254,10,2,29.35151507818251
6,"(5,1)",0.6,17.20409139045275,9,2,38.4081827809055
7,"(5,1)",0.6,25.446942778188866,19,2,54.89388555637773
8,"(5,1)",0.6,30.19324331731471,22,2,64.38648663462942
9,"(5,1)",0.6,17.928593609140943,14,2,39.85718721828189
10,"(5,1)",0.6,15.710866318505516,10,2,35.42173263701103
11,"(5,1)",0.6,12.853438716328707,10,2,29.706877432657414
12,"(5,1)",0.6,18.30270367912086,9,2,40.60540735824172
13,"(5,1)",0.6,22.622191034391815,14,2,49.24438206878363
14,"(5,1)",0.6,18.688590975117854,13,2,41.37718195023571
15,"(5,1)",0.6,30.39942489837466,17,2,64.79884979674932
16,"(5,1)",0.6,15.04174118078446,10,2,34.08348236156892
17,"(5,1)",0.6,42.905138696624334,8,2,89.81027739324867
18,"(5,1)",0.6,27.30223694344341,20,2,58.60447388688682
19,"(5,1)",0.6,19.68899804024075,9,2,43.3779960804815
20,"(5,1)",0.6,20.55517201271054,14,2,45.11034402542108
1,"(5,1)",0.7,23.220898814165466,19,2,50.44179762833093
2,"(5,1)",0.7,52.556074196959216,7,2,109.11214839391843
3,"(5,1)",0.7,17.082716258820646,17,2,38.16543251764129
4,"(5,1)",0.7,20.24776113790437,19,2,44.49552227580874
5,"(5,1)",0.7,15.12698530516752,10,2,34.25397061033504
6,"(5,1)",0.7,38.96370719030915,9,2,81.9274143806183
7,"(5,1)",0.7,28.580313775385243,19,2,61.160627550770485
8,"(5,1)",0.7,28.12115742143818,22,2,60.24231484287636
9,"(5,1)",0.7,20.93420472300508,14,2,45.86840944601016
10,"(5,1)",0.7,20.51307936998883,10,2,45.02615873997766
11,"(5,1)",0.7,17.185989960480395,10,2,38.37197992096079
12,"(5,1)",0.7,40.418994422915986,9,2,84.83798884583197
13,"(5,1)",0.7,23.737349609890746,14,2,51.47469921978149
14,"(5,1)",0.7,25.065005041458104,13,2,54.13001008291621
15,"(5,1)",0.7,36.17422797631282,17,2,76.34845595262564
16,"(5,1)",0.7,17.642663613622272,10,2,39.285327227244544
17,"(5,1)",0.7,80.15072766871688,8,2,164.30145533743377
18,"(5,1)",0.7,24.5839123125726,20,2,53.1678246251452
19,"(5,1)",0.7,59.68697302725556,9,2,123.37394605451112
20,"(5,1)",0.7,21.35050417327896,14,2,46.70100834655792
1,"(5,1)",0.8,25.048610549483605,19,2,54.09722109896721
2,"(5,1)",0.8,33.75200336131961,7,2,71.50400672263922
3,"(5,1)",0.8,21.34648939920919,17,2,46.69297879841838
4,"(5,1)",0.8,22.723131629304703,19,2,49.446263258609406
5,"(5,1)",0.8,16.035722202777563,10,2,36.07144440555513
6,"(5,1)",0.8,20.852783535229484,9,2,45.70556707045897
7,"(5,1)",0.8,27.99864274130205,19,2,59.9972854826041
8,"(5,1)",0.8,27.31972814159997,22,2,58.63945628319994
9,"(5,1)",0.8,19.14776942869695,14,2,42.2955388573939
10,"(5,1)",0.8,21.181166836547124,10,2,46.36233367309425
11,"(5,1)",0.8,17.084261453463352,10,2,38.168522906926704
12,"(5,1)",0.8,22.042367602103322,9,2,48.084735204206645
13,"(5,1)",0.8,20.253850011972585,14,2,44.50770002394517
14,"(5,1)",0.8,22.1843225275591,13,2,48.3686450551182
15,"(5,1)",0.8,33.229502503603946,17,2,70.45900500720789
16,"(5,1)",0.8,17.17485151916336,10,2,38.34970303832672
17,"(5,1)",0.8,42.87896212435674,8,2,89.75792424871348
18,"(5,1)",0.8,25.38442240492401,20,2,54.76884480984802
19,"(5,1)",0.8,23.15536862822353,9,2,50.31073725644706
20,"(5,1)",0.8,19.177383728361008,14,2,42.354767456722016
1,"(5,1)",0.9,27.32541919393003,19,2,58.65083838786006
2,"(5,1)",0.9,35.27719796721718,7,2,74.55439593443435
3,"(5,1)",0.9,18.583349443600373,17,2,41.166698887200745
4,"(5,1)",0.9,21.098257754766166,19,2,46.19651550953233
5,"(5,1)",0.9,35.16217072527459,10,2,74.32434145054918
6,"(5,1)",0.9,41.779488138091146,9,2,87.55897627618229
7,"(5,1)",0.9,34.77038970991567,19,2,73.54077941983134
8,"(5,1)",0.9,26.734394962462765,22,2,57.46878992492553
9,"(5,1)",0.9,22.386539016359354,14,2,48.77307803271871
10,"(5,1)",0.9,41.32604952572011,10,2,86.65209905144022
11,"(5,1)",0.9,37.685543655890385,10,2,79.37108731178077
12,"(5,1)",0.9,43.474083858865555,9,2,90.94816771773111
13,"(5,1)",0.9,21.799248506267713,14,2,47.598497012535425
14,"(5,1)",0.9,28.329249371291123,13,2,60.658498742582246
15,"(5,1)",0.9,38.795835513869086,17,2,81.59167102773817
16,"(5,1)",0.9,35.93583533461834,10,2,75.87167066923668
17,"(5,1)",0.9,44.467335631875834,8,2,92.93467126375167
18,"(5,1)",0.9,25.256281181409246,20,2,54.51256236281849
19,"(5,1)",0.9,43.38892605052524,9,2,90.77785210105048
20,"(5,1)",0.9,20.274987630196932,14,2,44.549975260393865
1,"(6,1)",0.1,28.227471145317224,19,1,58.45494229063445
2,"(6,1)",0.1,41.26421011709887,7,1,84.52842023419774
3,"(6,1)",0.1,53.05482467625453,17,1,108.10964935250907
4,"(6,1)",0.1,36.30750784202797,19,1,74.61501568405593
5,"(6,1)",0.1,16.0195142673799,10,1,34.0390285347598
6,"(6,1)",0.1,23.630987233177688,9,1,49.261974466355376
7,"(6,1)",0.1,30.612622248022923,19,1,63.225244496045846
8,"(6,1)",0.1,66.140941285495,22,1,134.28188257099
9,"(6,1)",0.1,15.22879889361966,14,1,32.45759778723932
10,"(6,1)",0.1,20.84646994007263,10,1,43.69293988014526
11,"(6,1)",0.1,19.14172184783421,10,1,40.28344369566842
12,"(6,1)",0.1,24.547277965051844,9,1,51.09455593010369
13,"(6,1)",0.1,15.999154317348832,14,1,33.998308634697665
14,"(6,1)",0.1,25.219211749212597,13,1,52.438423498425195
15,"(6,1)",0.1,24.545309396172474,17,1,51.09061879234495
16,"(6,1)",0.1,9.7155641766298,10,1,21.4311283532596
17,"(6,1)",0.1,64.98320822759926,8,1,131.96641645519853
18,"(6,1)",0.1,30.159175023267238,20,1,62.318350046534476
19,"(6,1)",0.1,25.576897382233003,9,1,53.15379476446601
20,"(6,1)",0.1,13.37502263795025,14,1,28.7500452759005
1,"(6,1)",0.2,20.28723591255887,19,2,44.57447182511774
2,"(6,1)",0.2,54.684305902808475,7,2,113.36861180561695
3,"(6,1)",0.2,48.48409430736119,17,2,100.96818861472238
4,"(6,1)",0.2,29.2059633315576,19,2,62.4119266631152
5,"(6,1)",0.2,13.616225128740506,10,2,31.232450257481013
6,"(6,1)",0.2,40.963106024315444,9,2,85.92621204863089
7,"(6,1)",0.2,19.15361375318035,19,2,42.3072275063607
8,"(6,1)",0.2,37.27792303463498,22,2,78.55584606926996
9,"(6,1)",0.2,13.400203945207167,14,2,30.800407890414334
10,"(6,1)",0.2,20.80249906233915,10,2,45.6049981246783
11,"(6,1)",0.2,16.61907487006336,10,2,37.23814974012672
12,"(6,1)",0.2,43.265691117309494,9,2,90.53138223461899
13,"(6,1)",0.2,16.74779187626394,14,2,37.49558375252788
14,"(6,1)",0.2,20.461693371565097,13,2,44.923386743130195
15,"(6,1)",0.2,21.78981680534725,17,2,47.5796336106945
16,"(6,1)",0.2,11.083002139615257,10,2,26.166004279230513
17,"(6,1)",0.2,102.42240671625963,8,2,208.84481343251926
18,"(6,1)",0.2,26.606280413560395,20,2,57.21256082712079
19,"(6,1)",0.2,61.94873612572935,9,2,127.8974722514587
20,"(6,1)",0.2,13.574853146582765,14,2,31.14970629316553
1,"(6,1)",0.3,22.502638874881374,19,2,49.00527774976275
2,"(6,1)",0.3,51.659986172402576,7,2,107.31997234480515
3,"(6,1)",0.3,24.0431949947093,17,2,52.0863899894186
4,"(6,1)",0.3,23.45863956570266,19,2,50.91727913140532
5,"(6,1)",0.3,11.35380847721569,10,2,26.70761695443138
6,"(6,1)",0.3,16.18120251900042,9,2,36.36240503800084
7,"(6,1)",0.3,23.76717456894853,19,2,51.53434913789706
8,"(6,1)",0.3,32.20642545026748,22,2,68.41285090053496
9,"(6,1)",0.3,16.20958915563221,14,2,36.41917831126442
10,"(6,1)",0.3,16.183575703145976,10,2,36.36715140629195
11,"(6,1)",0.3,12.405900750248907,10,2,28.811801500497815
12,"(6,1)",0.3,18.378427096336637,9,2,40.75685419267327
13,"(6,1)",0.3,19.80907837245281,14,2,43.61815674490562
14,"(6,1)",0.3,20.37333950725251,13,2,44.74667901450502
15,"(6,1)",0.3,26.331238892902217,17,2,56.662477785804434
16,"(6,1)",0.3,11.516711948152544,10,2,27.033423896305088
17,"(6,1)",0.3,61.448062873427375,8,2,126.89612574685475
18,"(6,1)",0.3,24.965024031854224,20,2,53.93004806370845
19,"(6,1)",0.3,37.374471985192564,9,2,78.74894397038513
20,"(6,1)",0.3,18.49486075503447,14,2,40.98972151006894
1,"(6,1)",0.4,22.73893942309932,19,2,49.47787884619864
2,"(6,1)",0.4,31.47359189538917,7,2,66.94718379077834
3,"(6,1)",0.4,23.39149303149168,17,2,50.78298606298336
4,"(6,1)",0.4,22.50679184813213,19,2,49.01358369626426
5,"(6,1)",0.4,11.098259322444736,10,2,26.196518644889473
6,"(6,1)",0.4,14.99085313084294,9,2,33.98170626168588
7,"(6,1)",0.4,22.528594977562086,19,2,49.05718995512417
8,"(6,1)",0.4,28.986419156092502,22,2,61.972838312185004
9,"(6,1)",0.4,16.559619027368438,14,2,37.119238054736876
10,"(6,1)",0.4,14.898938540039751,10,2,33.7978770800795
11,"(6,1)",0.4,12.279242608545971,10,2,28.558485217091942
12,"(6,1)",0.4,16.4293332451334,9,2,36.8586664902668
13,"(6,1)",0.4,23.548859197021322,14,2,51.097718394042644
14,"(6,1)",0.4,17.792877796756436,13,2,39.58575559351287
15,"(6,1)",0.4,24.37223046882216,17,2,52.74446093764432
16,"(6,1)",0.4,12.428937290076494,10,2,28.857874580152988
17,"(6,1)",0.4,20.49115461564994,8,2,44.98230923129988
18,"(6,1)",0.4,26.589180422462007,20,2,57.178360844924015
19,"(6,1)",0.4,16.782612600070994,9,2,37.56522520014199
20,"(6,1)",0.4,18.81300257054094,14,2,41.62600514108188
1,"(6,1)",0.5,23.4308394687461,19,2,50.8616789374922
2,"(6,1)",0.5,31.432293757064492,7,2,66.86458751412898
3,"(6,1)",0.5,20.52483670088626,17,2,45.04967340177252
4,"(6,1)",0.5,22.376556572455208,19,2,48.753113144910415
5,"(6,1)",0.5,12.011751135062237,10,2,28.023502270124474
6,"(6,1)",0.5,16.453632389294537,9,2,36.907264778589074
7,"(6,1)",0.5,23.388841904974022,19,2,50.777683809948044
8,"(6,1)",0.5,32.484045509549375,22,2,68.96809101909875
9,"(6,1)",0.5,18.580151385429012,14,2,41.160302770858024
10,"(6,1)",0.5,15.340771292318792,10,2,34.68154258463758
11,"(6,1)",0.5,12.698819269545801,10,2,29.397638539091602
12,"(6,1)",0.5,17.536244336616203,9,2,39.07248867323241
13,"(6,1)",0.5,23.271960591121918,14,2,50.543921182243835
14,"(6,1)",0.5,17.756016203452276,13,2,39.51203240690455
15,"(6,1)",0.5,28.398355617515467,17,2,60.79671123503093
16,"(6,1)",0.5,14.856928133102478,10,2,33.71385626620496
17,"(6,1)",0.5,39.787304096956206,8,2,83.57460819391241
18,"(6,1)",0.5,27.460584036817075,20,2,58.92116807363415
19,"(6,1)",0.5,18.53307393097437,9,2,41.06614786194874
20,"(6,1)",0.5,20.686628660862823,14,2,45.373257321725646
1,"(6,1)",0.6,21.704828040393426,19,2,47.40965608078685
2,"(6,1)",0.6,51.47276302635488,7,2,106.94552605270977
3,"(6,1)",0.6,19.063219846211492,17,2,42.126439692422984
4,"(6,1)",0.6,21.73073233685681,19,2,47.46146467371362
5,"(6,1)",0.6,33.64923769730874,10,2,71.29847539461748
6,"(6,1)",0.6,76.70588886948507,9,2,157.41177773897013
7,"(6,1)",0.6,22.898577548656437,19,2,49.797155097312874
8,"(6,1)",0.6,29.44898139673571,22,2,62.89796279347142
9,"(6,1)",0.6,18.007986688152776,14,2,40.01597337630555
10,"(6,1)",0.6,58.62677528647946,10,2,121.25355057295891
11,"(6,1)",0.6,34.54572580188672,10,2,73.09145160377344
12,"(6,1)",0.6,78.41886746086001,9,2,160.83773492172003
13,"(6,1)",0.6,21.656137671244302,14,2,47.312275342488604
14,"(6,1)",0.6,22.159519185664585,13,2,48.31903837132917
15,"(6,1)",0.6,54.466341063009864,17,2,112.93268212601973
16,"(6,1)",0.6,35.90613890775242,10,2,75.81227781550484
17,"(6,1)",0.6,98.50347430253055,8,2,201.0069486050611
18,"(6,1)",0.6,25.307979003032084,20,2,54.61595800606417
19,"(6,1)",0.6,97.5244648862358,9,2,199.0489297724716
20,"(6,1)",0.6,20.521974398311873,14,2,45.043948796623745
1,"(6,1)",0.7,21.697832022453703,19,2,47.395664044907406
2,"(6,1)",0.7,34.637577139654795,7,2,73.27515427930959
3,"(6,1)",0.7,17.283090123048886,17,2,38.56618024609777
4,"(6,1)",0.7,18.562267358408107,19,2,41.124534716816214
5,"(6,1)",0.7,14.23530081763938,10,2,32.47060163527876
6,"(6,1)",0.7,21.62057427790829,9,2,47.24114855581658
7,"(6,1)",0.7,26.388912254355954,19,2,56.77782450871191
8,"(6,1)",0.7,29.09435988984661,22,2,62.18871977969322
9,"(6,1)",0.7,20.361133890456912,14,2,44.722267780913825
10,"(6,1)",0.7,22.13631391647671,10,2,48.27262783295342
11,"(6,1)",0.7,16.75365540149492,10,2,37.50731080298984
12,"(6,1)",0.7,24.230644070650296,9,2,52.46128814130059
13,"(6,1)",0.7,23.51485562014533,14,2,51.02971124029066
14,"(6,1)",0.7,28.305970627036633,13,2,60.611941254073265
15,"(6,1)",0.7,37.76318111914933,17,2,79.52636223829866
16,"(6,1)",0.7,17.39804334408288,10,2,38.79608668816576
17,"(6,1)",0.7,44.49187444800015,8,2,92.9837488960003
18,"(6,1)",0.7,23.031261538297958,20,2,50.062523076595916
19,"(6,1)",0.7,23.23001219034239,9,2,50.46002438068478
20,"(6,1)",0.7,20.821492945672528,14,2,45.642985891345056
1,"(6,1)",0.8,23.505075911052483,19,2,51.010151822104966
2,"(6,1)",0.8,33.66842472745626,7,2,71.33684945491252
3,"(6,1)",0.8,21.710752410913734,17,2,47.42150482182747
4,"(6,1)",0.8,23.0839759805816,19,2,50.1679519611632
5,"(6,1)",0.8,16.516508293346206,10,2,37.03301658669241
6,"(6,1)",0.8,21.567712597583917,9,2,47.135425195167834
7,"(6,1)",0.8,25.624590737106725,19,2,55.24918147421345
8,"(6,1)",0.8,26.630256154333367,22,2,57.26051230866673
9,"(6,1)",0.8,18.972215345482127,14,2,41.94443069096425
10,"(6,1)",0.8,22.083488726509763,10,2,48.16697745301953
11,"(6,1)",0.8,17.74865197463884,10,2,39.49730394927768
12,"(6,1)",0.8,23.071789994360188,9,2,50.143579988720376
13,"(6,1)",0.8,21.22672596017149,14,2,46.45345192034298
14,"(6,1)",0.8,24.66292890938315,13,2,53.3258578187663
15,"(6,1)",0.8,36.515951800438664,17,2,77.03190360087733
16,"(6,1)",0.8,18.49678608590573,10,2,40.99357217181146
17,"(6,1)",0.8,44.20848910906395,8,2,92.4169782181279
18,"(6,1)",0.8,25.952151706652227,20,2,55.904303413304454
19,"(6,1)",0.8,23.764937174920135,9,2,51.52987434984027
20,"(6,1)",0.8,22.080696675643967,14,2,48.161393351287934
1,"(6,1)",0.9,27.209734794930576,19,2,58.41946958986115
2,"(6,1)",0.9,54.41682653767422,7,2,112.83365307534844
3,"(6,1)",0.9,20.76988373355253,17,2,45.53976746710506
4,"(6,1)",0.9,22.913475485950492,19,2,49.826950971900985
5,"(6,1)",0.9,18.63065010051295,10,2,41.2613002010259
6,"(6,1)",0.9,81.35470047304283,9,2,166.70940094608565
7,"(6,1)",0.9,33.90561222349272,19,2,71.81122444698543
8,"(6,1)",0.9,27.41633245446496,22,2,58.83266490892992
9,"(6,1)",0.9,20.145652634274335,14,2,44.29130526854867
10,"(6,1)",0.9,45.111175985893716,10,2,94.22235197178743
11,"(6,1)",0.9,21.114546138795028,10,2,46.229092277590055
12,"(6,1)",0.9,83.14645994227088,9,2,170.29291988454176
13,"(6,1)",0.9,18.95187780268788,14,2,41.90375560537576
14,"(6,1)",0.9,32.38630954694837,13,2,68.77261909389674
15,"(6,1)",0.9,82.22538793167608,17,2,168.45077586335216
16,"(6,1)",0.9,19.60224567757773,10,2,43.20449135515546
17,"(6,1)",0.9,100.74616013415341,8,2,205.49232026830683
18,"(6,1)",0.9,24.494437005196325,20,2,52.98887401039265
19,"(6,1)",0.9,100.46852839755513,9,2,204.93705679511027
20,"(6,1)",0.9,18.886718565604404,14,2,41.77343713120881
1,"(9,1)",0.1,30.11783621385,19,1,62.2356724277
2,"(9,1)",0.1,42.362822405766984,7,1,86.72564481153397
3,"(9,1)",0.1,74.76107258216277,17,1,151.52214516432554
4,"(9,1)",0.1,58.354001749865965,19,1,118.70800349973193
5,"(9,1)",0.1,32.996080066015026,10,1,67.99216013203005
6,"(9,1)",0.1,42.21872206179322,9,1,86.43744412358645
7,"(9,1)",0.1,31.188538590384976,19,1,64.37707718076996
8,"(9,1)",0.1,125.83897219902396,22,1,253.6779443980479
9,"(9,1)",0.1,16.342971429712566,14,1,34.68594285942513
10,"(9,1)",0.1,58.28962882994907,10,1,118.57925765989815
11,"(9,1)",0.1,36.334219311710044,10,1,74.66843862342009
12,"(9,1)",0.1,62.94198789873963,9,1,127.88397579747927
13,"(9,1)",0.1,22.171511285499392,14,1,46.343022570998784
14,"(9,1)",0.1,62.871882302560486,13,1,127.74376460512097
15,"(9,1)",0.1,24.409262163256987,17,1,50.81852432651397
16,"(9,1)",0.1,8.147698008179756,10,1,18.29539601635951
17,"(9,1)",0.1,102.92318200417212,8,1,207.84636400834424
18,"(9,1)",0.1,34.034326294783256,20,1,70.06865258956651
19,"(9,1)",0.1,44.616617334591595,9,1,91.23323466918319
20,"(9,1)",0.1,15.305828782939164,14,1,32.61165756587833
1,"(9,1)",0.2,25.159551429620745,19,2,54.31910285924149
2,"(9,1)",0.2,14.533862322149396,7,2,33.06772464429879
3,"(9,1)",0.2,32.64821484057925,17,2,69.2964296811585
4,"(9,1)",0.2,30.46669261252788,19,2,64.93338522505576
5,"(9,1)",0.2,11.58703575693981,10,2,27.17407151387962
6,"(9,1)",0.2,15.845049210782484,9,2,35.69009842156497
7,"(9,1)",0.2,21.425455850315263,19,2,46.850911700630526
8,"(9,1)",0.2,36.905115894109194,22,2,77.81023178821839
9,"(9,1)",0.2,14.32905609821819,14,2,32.65811219643638
10,"(9,1)",0.2,15.828824404834187,10,2,35.65764880966837
11,"(9,1)",0.2,13.07961613123847,10,2,30.15923226247694
12,"(9,1)",0.2,16.94366149945059,9,2,37.88732299890118
13,"(9,1)",0.2,20.702111355656992,14,2,45.404222711313984
14,"(9,1)",0.2,17.73366938893757,13,2,39.46733877787514
15,"(9,1)",0.2,19.41679241224344,17,2,42.83358482448688
16,"(9,1)",0.2,10.299544510931586,10,2,24.599089021863172
17,"(9,1)",0.2,20.32465617379523,8,2,44.64931234759046
18,"(9,1)",0.2,29.918340327501127,20,2,63.836680655002255
19,"(9,1)",0.2,16.761339942656637,9,2,37.52267988531327
20,"(9,1)",0.2,16.686329115937994,14,2,37.37265823187599
1,"(9,1)",0.3,20.64082601429146,19,2,45.28165202858292
2,"(9,1)",0.3,13.397098267516913,7,2,30.794196535033826
3,"(9,1)",0.3,30.264448412352646,17,2,64.5288968247053
4,"(9,1)",0.3,26.83479825263324,19,2,57.66959650526648
5,"(9,1)",0.3,11.802040771371278,10,2,27.604081542742556
6,"(9,1)",0.3,15.063106531439407,9,2,34.12621306287882
7,"(9,1)",0.3,19.315548927633365,19,2,42.63109785526673
8,"(9,1)",0.3,34.5168038653353,22,2,73.0336077306706
9,"(9,1)",0.3,14.910318723920568,14,2,33.820637447841136
10,"(9,1)",0.3,15.384209270729517,10,2,34.768418541459035
11,"(9,1)",0.3,12.854182185661049,10,2,29.708364371322098
12,"(9,1)",0.3,16.429982806702196,9,2,36.85996561340439
13,"(9,1)",0.3,21.358309977312476,14,2,46.71661995462495
14,"(9,1)",0.3,15.528926188745988,13,2,35.057852377491976
15,"(9,1)",0.3,20.28682559021396,17,2,44.57365118042792
16,"(9,1)",0.3,11.574983320735935,10,2,27.14996664147187
17,"(9,1)",0.3,19.315581285845706,8,2,42.63116257169141
18,"(9,1)",0.3,27.996719281623594,20,2,59.99343856324719
19,"(9,1)",0.3,17.66579621688379,9,2,39.33159243376758
20,"(9,1)",0.3,16.561963418220518,14,2,37.123926836441036
1,"(9,1)",0.4,23.412031662426653,19,2,50.824063324853306
2,"(9,1)",0.4,29.981882517938203,7,2,63.963765035876406
3,"(9,1)",0.4,23.48756049086627,17,2,50.97512098173254
4,"(9,1)",0.4,23.88239831194221,19,2,51.76479662388442
5,"(9,1)",0.4,11.75197012923918,10,2,27.50394025847836
6,"(9,1)",0.4,13.892774403853133,9,2,31.785548807706267
7,"(9,1)",0.4,23.030096963970887,19,2,50.060193927941775
8,"(9,1)",0.4,33.499489083175924,22,2,70.99897816635185
9,"(9,1)",0.4,17.439151266369294,14,2,38.87830253273859
10,"(9,1)",0.4,14.381971034933663,10,2,32.763942069867326
11,"(9,1)",0.4,12.134445719122645,10,2,28.26889143824529
12,"(9,1)",0.4,14.867334043851264,9,2,33.73466808770253
13,"(9,1)",0.4,21.42317913161556,14,2,46.84635826323112
14,"(9,1)",0.4,17.236539824187208,13,2,38.473079648374416
15,"(9,1)",0.4,25.878373671077807,17,2,55.75674734215561
16,"(9,1)",0.4,13.31531693447301,10,2,30.63063386894602
17,"(9,1)",0.4,18.997229590337685,8,2,41.99445918067537
18,"(9,1)",0.4,27.092091652966513,20,2,58.184183305933026
19,"(9,1)",0.4,14.780077598854035,9,2,33.56015519770807
20,"(9,1)",0.4,19.61312061262713,14,2,43.22624122525426
1,"(9,1)",0.5,22.428150258605637,19,2,48.856300517211274
2,"(9,1)",0.5,12.29076126475691,7,2,28.58152252951382
3,"(9,1)",0.5,20.34064890526668,17,2,44.68129781053336
4,"(9,1)",0.5,21.64745058750216,19,2,47.29490117500432
5,"(9,1)",0.5,12.663362359245902,10,2,29.326724718491803
6,"(9,1)",0.5,18.55666265756665,9,2,41.1133253151333
7,"(9,1)",0.5,21.807052647584896,19,2,47.61410529516979
8,"(9,1)",0.5,32.96253834121256,22,2,69.92507668242511
9,"(9,1)",0.5,17.843088559052017,14,2,39.686177118104034
10,"(9,1)",0.5,17.410848767414247,10,2,38.821697534828495
11,"(9,1)",0.5,13.068827467354065,10,2,30.13765493470813
12,"(9,1)",0.5,19.88233239687011,9,2,43.76466479374022
13,"(9,1)",0.5,23.336200806365447,14,2,50.672401612730894
14,"(9,1)",0.5,17.47052303015415,13,2,38.9410460603083
15,"(9,1)",0.5,28.84643874285844,17,2,61.69287748571688
16,"(9,1)",0.5,14.963285752505087,10,2,33.92657150501017
17,"(9,1)",0.5,22.2751237577503,8,2,48.5502475155006
18,"(9,1)",0.5,25.854446597669554,20,2,55.70889319533911
19,"(9,1)",0.5,20.402489348064982,9,2,44.804978696129965
20,"(9,1)",0.5,20.43835703363058,14,2,44.87671406726116
1,"(9,1)",0.6,23.062984303717236,19,2,50.12596860743447
2,"(9,1)",0.6,33.33560816416728,7,2,70.67121632833457
3,"(9,1)",0.6,18.501935342791363,17,2,41.003870685582726
4,"(9,1)",0.6,19.275445177685715,19,2,42.55089035537143
5,"(9,1)",0.6,14.108647573558482,10,2,32.217295147116964
6,"(9,1)",0.6,20.25406678128321,9,2,44.50813356256642
7,"(9,1)",0.6,26.0462476647371,19,2,56.0924953294742
8,"(9,1)",0.6,25.137405613842752,22,2,54.274811227685504
9,"(9,1)",0.6,18.679699019196633,14,2,41.359398038393266
10,"(9,1)",0.6,19.539398464669386,10,2,43.07879692933877
11,"(9,1)",0.6,15.40063125520713,10,2,34.80126251041426
12,"(9,1)",0.6,21.524529326877982,9,2,47.049058653755964
13,"(9,1)",0.6,23.079215048064327,14,2,50.158430096128654
14,"(9,1)",0.6,21.442691308662347,13,2,46.885382617324694
15,"(9,1)",0.6,33.794228455946495,17,2,71.58845691189299
16,"(9,1)",0.6,16.116317289507226,10,2,36.23263457901445
17,"(9,1)",0.6,61.00494814439797,8,2,126.00989628879594
18,"(9,1)",0.6,24.031839925831676,20,2,52.06367985166335
19,"(9,1)",0.6,22.738973431071212,9,2,49.477946862142424
20,"(9,1)",0.6,19.11989532793311,14,2,42.23979065586622
1,"(9,1)",0.7,23.0267078011166,19,2,50.0534156022332
2,"(9,1)",0.7,53.91990876652298,7,2,111.83981753304596
3,"(9,1)",0.7,17.825301895739862,17,2,39.650603791479725
4,"(9,1)",0.7,19.763501109874106,19,2,43.52700221974821
5,"(9,1)",0.7,35.03600508031075,10,2,74.0720101606215
6,"(9,1)",0.7,42.76365824549148,9,2,89.52731649098295
7,"(9,1)",0.7,23.71227411724459,19,2,51.42454823448918
8,"(9,1)",0.7,29.79548496206828,22,2,63.59096992413656
9,"(9,1)",0.7,20.13134828865111,14,2,44.26269657730222
10,"(9,1)",0.7,42.110008602111336,10,2,88.22001720422267
11,"(9,1)",0.7,36.590148965616066,10,2,77.18029793123213
12,"(9,1)",0.7,44.524646056052774,9,2,93.04929211210555
13,"(9,1)",0.7,22.255829027969824,14,2,48.51165805593965
14,"(9,1)",0.7,23.607943828238234,13,2,51.21588765647647
15,"(9,1)",0.7,37.30379110161425,17,2,78.6075822032285
16,"(9,1)",0.7,37.81796155255414,10,2,79.63592310510828
17,"(9,1)",0.7,81.70247978057873,8,2,167.40495956115745
18,"(9,1)",0.7,23.6785592799447,20,2,51.3571185598894
19,"(9,1)",0.7,63.13024913849917,9,2,130.26049827699833
20,"(9,1)",0.7,20.984898755519005,14,2,45.96979751103801
1,"(9,1)",0.8,24.962780058503828,19,2,53.925560117007656
2,"(9,1)",0.8,52.31645065402988,7,2,108.63290130805976
3,"(9,1)",0.8,18.464783393453743,17,2,40.929566786907486
4,"(9,1)",0.8,20.64201716639788,19,2,45.28403433279576
5,"(9,1)",0.8,17.273218053569142,10,2,38.546436107138284
6,"(9,1)",0.8,40.33352155981391,9,2,84.66704311962782
7,"(9,1)",0.8,30.789010306096092,19,2,65.57802061219218
8,"(9,1)",0.8,25.730225017912993,22,2,55.460450035825986
9,"(9,1)",0.8,21.026736521226162,14,2,46.053473042452325
10,"(9,1)",0.8,23.402300302075822,10,2,50.804600604151645
11,"(9,1)",0.8,19.451056583494395,10,2,42.90211316698879
12,"(9,1)",0.8,41.79985862860734,9,2,87.59971725721468
13,"(9,1)",0.8,21.077842841613425,14,2,46.15568568322685
14,"(9,1)",0.8,26.710611492052088,13,2,57.421222984104176
15,"(9,1)",0.8,39.44458257565685,17,2,82.8891651513137
16,"(9,1)",0.8,19.075811864962905,10,2,42.15162372992581
17,"(9,1)",0.8,80.48914985720718,8,2,164.97829971441436
18,"(9,1)",0.8,25.017430550516373,20,2,54.034861101032746
19,"(9,1)",0.8,60.83364384544612,9,2,125.66728769089224
20,"(9,1)",0.8,19.75434938173256,14,2,43.50869876346512
1,"(9,1)",0.9,25.36281923038772,19,2,54.72563846077544
2,"(9,1)",0.9,54.81380503190506,7,2,113.62761006381012
3,"(9,1)",0.9,20.510559317181066,17,2,45.02111863436213
4,"(9,1)",0.9,21.224355151337114,19,2,46.44871030267423
5,"(9,1)",0.9,37.54565738003927,10,2,79.09131476007855
6,"(9,1)",0.9,44.910317479368935,9,2,93.82063495873787
7,"(9,1)",0.9,33.39527278477195,19,2,70.7905455695439
8,"(9,1)",0.9,22.277500499472747,22,2,48.555000998945495
9,"(9,1)",0.9,22.171419443580593,14,2,48.342838887161186
10,"(9,1)",0.9,47.08773942940897,10,2,98.17547885881794
11,"(9,1)",0.9,41.16081340343856,10,2,86.32162680687712
12,"(9,1)",0.9,47.618367680471145,9,2,99.23673536094229
13,"(9,1)",0.9,21.637445675063393,14,2,47.27489135012679
14,"(9,1)",0.9,55.298313347353684,13,2,114.59662669470737
15,"(9,1)",0.9,48.31422080451045,17,2,100.6284416090209
16,"(9,1)",0.9,38.474406346835465,10,2,80.94881269367093
17,"(9,1)",0.9,83.18676349256299,8,2,170.37352698512598
18,"(9,1)",0.9,24.59366194588657,20,2,53.18732389177314
19,"(9,1)",0.9,64.02414540388125,9,2,132.0482908077625
20,"(9,1)",0.9,22.4742485869135,14,2,48.948497173827
