run_id,theta,p_gen,total_nll,num_trials,k,aic
1,"(15,1)",0.1,42.46498803052829,8,1,86.92997606105658
2,"(15,1)",0.1,10.58489608065942,8,1,23.16979216131884
3,"(15,1)",0.1,61.98747595404528,7,1,125.97495190809056
4,"(15,1)",0.1,41.16889993729454,7,1,84.33779987458908
5,"(15,1)",0.1,39.59330840564427,8,1,81.18661681128854
6,"(15,1)",0.1,96.01542672518998,6,1,194.03085345037996
7,"(15,1)",0.1,96.01542672518998,6,1,194.03085345037996
8,"(15,1)",0.1,138.15510557964274,6,1,278.3102111592855
9,"(15,1)",0.1,7.515390712445487,9,1,17.030781424890975
10,"(15,1)",0.1,13.497952107489882,9,1,28.995904214979763
11,"(15,1)",0.1,38.08502932201431,11,1,78.17005864402861
12,"(15,1)",0.1,19.439137100587825,8,1,40.87827420117565
13,"(15,1)",0.1,41.16889993729454,7,1,84.33779987458908
14,"(15,1)",0.1,37.27707963918392,7,1,76.55415927836783
15,"(15,1)",0.1,19.439137100587825,8,1,40.87827420117565
16,"(15,1)",0.1,96.01542672518998,6,1,194.03085345037996
17,"(15,1)",0.1,41.16889993729454,7,1,84.33779987458908
18,"(15,1)",0.1,100.62059691117807,7,1,203.24119382235614
19,"(15,1)",0.1,41.16889993729454,7,1,84.33779987458908
20,"(15,1)",0.1,37.27707963918392,7,1,76.55415927836783
1,"(15,1)",0.2,40.69282387356453,8,2,85.38564774712906
2,"(15,1)",0.2,32.340261897878705,8,2,68.68052379575741
3,"(15,1)",0.2,38.03558200078798,7,2,80.07116400157597
4,"(15,1)",0.2,36.21103270873694,7,2,76.42206541747387
5,"(15,1)",0.2,39.2459048906282,8,2,82.4918097812564
6,"(15,1)",0.2,54.74146431664843,6,2,113.48292863329686
7,"(15,1)",0.2,54.74146431664843,6,2,113.48292863329686
8,"(15,1)",0.2,119.73442483569039,6,2,243.46884967138078
9,"(15,1)",0.2,9.923676664517494,9,2,23.847353329034988
10,"(15,1)",0.2,12.2341998071324,9,2,28.4683996142648
11,"(15,1)",0.2,17.033481332381715,11,2,38.06696266476343
12,"(15,1)",0.2,36.09770402342994,8,2,76.19540804685988
13,"(15,1)",0.2,36.21103270873694,7,2,76.42206541747387
14,"(15,1)",0.2,34.62540544499656,7,2,73.25081088999312
15,"(15,1)",0.2,36.09770402342994,8,2,76.19540804685988
16,"(15,1)",0.2,54.74146431664843,6,2,113.48292863329686
17,"(15,1)",0.2,36.21103270873694,7,2,76.42206541747387
18,"(15,1)",0.2,59.34663450263652,7,2,122.69326900527304
19,"(15,1)",0.2,36.21103270873694,7,2,76.42206541747387
20,"(15,1)",0.2,34.62540544499656,7,2,73.25081088999312
1,"(15,1)",0.3,18.44383781109632,8,2,40.88767562219264
2,"(15,1)",0.3,12.847051175438676,8,2,29.69410235087735
3,"(15,1)",0.3,33.247192793283375,7,2,70.49438558656675
4,"(15,1)",0.3,32.07447253246154,7,2,68.14894506492308
5,"(15,1)",0.3,17.426903553442475,8,2,38.85380710688495
6,"(15,1)",0.3,51.569893128875535,6,2,107.13978625775107
7,"(15,1)",0.3,51.569893128875535,6,2,107.13978625775107
8,"(15,1)",0.3,119.04127765513044,6,2,242.0825553102609
9,"(15,1)",0.3,11.448050163049672,9,2,26.896100326099344
10,"(15,1)",0.3,12.136082242942848,9,2,28.272164485885696
11,"(15,1)",0.3,16.468553832441458,11,2,36.937107664882916
12,"(15,1)",0.3,14.552017512985692,8,2,33.104035025971385
13,"(15,1)",0.3,32.07447253246154,7,2,68.14894506492308
14,"(15,1)",0.3,31.45543332405532,7,2,66.91086664811064
15,"(15,1)",0.3,14.552017512985692,8,2,33.104035025971385
16,"(15,1)",0.3,51.569893128875535,6,2,107.13978625775107
17,"(15,1)",0.3,32.07447253246154,7,2,68.14894506492308
18,"(15,1)",0.3,55.076451026195514,7,2,114.15290205239103
19,"(15,1)",0.3,32.07447253246154,7,2,68.14894506492308
20,"(15,1)",0.3,31.45543332405532,7,2,66.91086664811064
1,"(15,1)",0.4,13.867631667738557,8,2,31.735263335477114
2,"(15,1)",0.4,12.907398538523953,8,2,29.814797077047906
3,"(15,1)",0.4,31.04747801406083,7,2,66.09495602812166
4,"(15,1)",0.4,30.354330833500885,7,2,64.70866166700176
5,"(15,1)",0.4,13.807007045922123,8,2,31.614014091844247
6,"(15,1)",0.4,31.517481643306567,6,2,67.03496328661313
7,"(15,1)",0.4,31.517481643306567,6,2,67.03496328661313
8,"(15,1)",0.4,97.84800818893828,6,2,199.69601637787656
9,"(15,1)",0.4,13.255863348058526,9,2,30.51172669611705
10,"(15,1)",0.4,12.497243778853166,9,2,28.994487557706332
11,"(15,1)",0.4,14.760430932286733,11,2,33.52086186457346
12,"(15,1)",0.4,12.209403591135025,8,2,28.41880718227005
13,"(15,1)",0.4,30.354330833500885,7,2,64.70866166700176
14,"(15,1)",0.4,30.7182962107023,7,2,65.4365924214046
15,"(15,1)",0.4,12.209403591135025,8,2,28.41880718227005
16,"(15,1)",0.4,31.517481643306567,6,2,67.03496328661313
17,"(15,1)",0.4,30.354330833500885,7,2,64.70866166700176
18,"(15,1)",0.4,34.51321391686056,7,2,73.02642783372112
19,"(15,1)",0.4,30.354330833500885,7,2,64.70866166700176
20,"(15,1)",0.4,30.7182962107023,7,2,65.4365924214046
1,"(15,1)",0.5,12.730206701599169,8,2,29.460413403198338
2,"(15,1)",0.5,13.36535969727177,8,2,30.73071939454354
3,"(15,1)",0.5,31.877063369016838,7,2,67.75412673803368
4,"(15,1)",0.5,31.344258838532074,7,2,66.68851767706414
5,"(15,1)",0.5,12.618981066488946,8,2,29.23796213297789
6,"(15,1)",0.5,32.695373692530794,6,2,69.39074738506159
7,"(15,1)",0.5,32.695373692530794,6,2,69.39074738506159
8,"(15,1)",0.5,97.62486463762407,6,2,199.24972927524814
9,"(15,1)",0.5,13.909026427227005,9,2,31.81805285445401
10,"(15,1)",0.5,12.757182688336012,9,2,29.514365376672025
11,"(15,1)",0.5,13.808686899017676,11,2,31.617373798035352
12,"(15,1)",0.5,12.324741593491005,8,2,28.64948318698201
13,"(15,1)",0.5,31.344258838532074,7,2,66.68851767706414
14,"(15,1)",0.5,31.9632980469383,7,2,67.9265960938766
15,"(15,1)",0.5,12.324741593491005,8,2,28.64948318698201
16,"(15,1)",0.5,32.695373692530794,6,2,69.39074738506159
17,"(15,1)",0.5,31.344258838532074,7,2,66.68851767706414
18,"(15,1)",0.5,35.691105966084784,7,2,75.38221193216957
19,"(15,1)",0.5,31.344258838532074,7,2,66.68851767706414
20,"(15,1)",0.5,31.9632980469383,7,2,67.9265960938766
1,"(15,1)",0.6,34.06852809559911,8,2,72.13705619119823
2,"(15,1)",0.6,35.07498382870905,8,2,74.1499676574181
3,"(15,1)",0.6,35.664011958699234,7,2,75.32802391739847
4,"(15,1)",0.6,34.22553184440878,7,2,72.45106368881756
5,"(15,1)",0.6,33.087698842587386,8,2,70.17539768517477
6,"(15,1)",0.6,53.217192134946885,6,2,110.43438426989377
7,"(15,1)",0.6,53.217192134946885,6,2,110.43438426989377
8,"(15,1)",0.6,115.64008027346829,6,2,235.28016054693657
9,"(15,1)",0.6,15.221969592839256,9,2,34.443939185678516
10,"(15,1)",0.6,13.640149714825752,9,2,31.280299429651503
11,"(15,1)",0.6,14.122373157343713,11,2,32.244746314687426
12,"(15,1)",0.6,34.47399320370727,8,2,72.94798640741455
13,"(15,1)",0.6,34.22553184440878,7,2,72.45106368881756
14,"(15,1)",0.6,35.02565114452089,7,2,74.05130228904179
15,"(15,1)",0.6,34.47399320370727,8,2,72.94798640741455
16,"(15,1)",0.6,53.217192134946885,6,2,110.43438426989377
17,"(15,1)",0.6,34.22553184440878,7,2,72.45106368881756
18,"(15,1)",0.6,57.82236232093497,7,2,119.64472464186994
19,"(15,1)",0.6,34.22553184440878,7,2,72.45106368881756
20,"(15,1)",0.6,35.02565114452089,7,2,74.05130228904179
1,"(15,1)",0.7,33.19410860189359,8,2,70.38821720378718
2,"(15,1)",0.7,34.25636337959175,8,2,72.5127267591835
3,"(15,1)",0.7,53.458986802887196,7,2,110.91797360577439
4,"(15,1)",0.7,52.261283611574854,7,2,108.52256722314971
5,"(15,1)",0.7,32.78864349378542,8,2,69.57728698757084
6,"(15,1)",0.7,53.7954590395084,6,2,111.5909180790168
7,"(15,1)",0.7,53.7954590395084,6,2,111.5909180790168
8,"(15,1)",0.7,77.75139979128299,6,2,159.50279958256598
9,"(15,1)",0.7,35.10369827770188,9,2,74.20739655540376
10,"(15,1)",0.7,33.917829544036536,9,2,71.83565908807307
11,"(15,1)",0.7,16.23941498797036,11,2,36.47882997594072
12,"(15,1)",0.7,33.47595975403458,8,2,70.95191950806915
13,"(15,1)",0.7,52.261283611574854,7,2,108.52256722314971
14,"(15,1)",0.7,52.878057813350225,7,2,109.75611562670045
15,"(15,1)",0.7,33.47595975403458,8,2,70.95191950806915
16,"(15,1)",0.7,53.7954590395084,6,2,111.5909180790168
17,"(15,1)",0.7,52.261283611574854,7,2,108.52256722314971
18,"(15,1)",0.7,76.82130996944886,7,2,157.64261993889772
19,"(15,1)",0.7,52.261283611574854,7,2,108.52256722314971
20,"(15,1)",0.7,52.878057813350225,7,2,109.75611562670045
1,"(15,1)",0.8,36.63290445750615,8,2,77.2658089150123
2,"(15,1)",0.8,35.13231863138344,8,2,74.26463726276688
3,"(15,1)",0.8,55.83841666470748,7,2,115.67683332941496
4,"(15,1)",0.8,53.91312580285491,7,2,111.82625160570981
5,"(15,1)",0.8,35.534292168838036,8,2,75.06858433767607
6,"(15,1)",0.8,53.87230380833465,6,2,111.7446076166693
7,"(15,1)",0.8,53.87230380833465,6,2,111.7446076166693
8,"(15,1)",0.8,77.84320734053611,6,2,159.68641468107222
9,"(15,1)",0.8,35.960140715269986,9,2,75.92028143053997
10,"(15,1)",0.8,35.91480203468092,9,2,75.82960406936184
11,"(15,1)",0.8,18.057376133760584,11,2,40.11475226752117
12,"(15,1)",0.8,36.18559223946249,8,2,76.37118447892497
13,"(15,1)",0.8,53.91312580285491,7,2,111.82625160570981
14,"(15,1)",0.8,53.87145310645434,7,2,111.74290621290868
15,"(15,1)",0.8,36.18559223946249,8,2,76.37118447892497
16,"(15,1)",0.8,53.87230380833465,6,2,111.7446076166693
17,"(15,1)",0.8,53.91312580285491,7,2,111.82625160570981
18,"(15,1)",0.8,76.89815473827511,7,2,157.79630947655022
19,"(15,1)",0.8,53.91312580285491,7,2,111.82625160570981
20,"(15,1)",0.8,53.87145310645434,7,2,111.74290621290868
1,"(15,1)",0.9,18.032565274179312,8,2,40.065130548358624
2,"(15,1)",0.9,15.09618062221966,8,2,34.19236124443932
3,"(15,1)",0.9,37.580029183766484,7,2,79.16005836753297
4,"(15,1)",0.9,35.83705987870786,7,2,75.67411975741572
5,"(15,1)",0.9,16.959928471914463,8,2,37.919856943828925
6,"(15,1)",0.9,35.53980835523993,6,2,75.07961671047985
7,"(15,1)",0.9,35.53980835523993,6,2,75.07961671047985
8,"(15,1)",0.9,40.34791938522471,6,2,84.69583877044943
9,"(15,1)",0.9,15.724789281642035,9,2,35.44957856328407
10,"(15,1)",0.9,16.489924842668728,9,2,36.979849685337456
11,"(15,1)",0.9,18.825317258638893,11,2,41.65063451727779
12,"(15,1)",0.9,16.933952985511205,8,2,37.86790597102241
13,"(15,1)",0.9,35.83705987870786,7,2,75.67411975741572
14,"(15,1)",0.9,35.31487049629156,7,2,74.62974099258312
15,"(15,1)",0.9,16.933952985511205,8,2,37.86790597102241
16,"(15,1)",0.9,35.53980835523993,6,2,75.07961671047985
17,"(15,1)",0.9,35.83705987870786,7,2,75.67411975741572
18,"(15,1)",0.9,40.14497854122802,7,2,84.28995708245604
19,"(15,1)",0.9,35.83705987870786,7,2,75.67411975741572
20,"(15,1)",0.9,35.31487049629156,7,2,74.62974099258312
1,"(19,1)",0.1,38.68617748932138,8,0,77.37235497864276
2,"(19,1)",0.1,9.247587165151986,8,0,18.49517433030397
3,"(19,1)",0.1,18.70039464675497,7,0,37.40078929350994
4,"(19,1)",0.1,17.4476316782596,7,0,34.8952633565192
5,"(19,1)",0.1,36.62778935683938,8,0,73.25557871367876
6,"(19,1)",0.1,18.59503413109714,6,0,37.19006826219428
7,"(19,1)",0.1,18.59503413109714,6,0,37.19006826219428
8,"(19,1)",0.1,101.313744091738,6,0,202.627488183476
9,"(19,1)",0.1,7.5392093048629825,9,0,15.078418609725965
10,"(19,1)",0.1,11.893560566609919,9,0,23.787121133219838
11,"(19,1)",0.1,37.706099143169666,11,0,75.41219828633933
12,"(19,1)",0.1,15.660326559380927,8,0,31.320653118761854
13,"(19,1)",0.1,17.4476316782596,7,0,34.8952633565192
14,"(19,1)",0.1,14.86094233416166,7,0,29.72188466832332
15,"(19,1)",0.1,15.660326559380927,8,0,31.320653118761854
16,"(19,1)",0.1,18.59503413109714,6,0,37.19006826219428
17,"(19,1)",0.1,17.4476316782596,7,0,34.8952633565192
18,"(19,1)",0.1,21.002979739749016,7,0,42.00595947949803
19,"(19,1)",0.1,17.4476316782596,7,0,34.8952633565192
20,"(19,1)",0.1,14.86094233416166,7,0,29.72188466832332
1,"(19,1)",0.2,21.439935514948548,8,1,44.879871029897096
2,"(19,1)",0.2,12.8243766660818,8,1,27.6487533321636
3,"(19,1)",0.2,36.25037993210609,7,1,74.50075986421218
4,"(19,1)",0.2,35.40308207171889,7,1,72.80616414343778
5,"(19,1)",0.2,19.631646743769284,8,1,41.26329348753857
6,"(19,1)",0.2,15.814796167611462,6,1,33.629592335222924
7,"(19,1)",0.2,15.814796167611462,6,1,33.629592335222924
8,"(19,1)",0.2,82.89306334778564,6,1,167.78612669557128
9,"(19,1)",0.2,10.462167066752611,9,1,22.924334133505223
10,"(19,1)",0.2,12.674317294305506,9,1,27.348634588611013
11,"(19,1)",0.2,16.988258934947673,11,1,35.976517869895346
12,"(19,1)",0.2,16.84481566481396,8,1,35.68963132962792
13,"(19,1)",0.2,35.40308207171889,7,1,72.80616414343778
14,"(19,1)",0.2,33.95307189621289,7,1,69.90614379242578
15,"(19,1)",0.2,16.84481566481396,8,1,35.68963132962792
16,"(19,1)",0.2,15.814796167611462,6,1,33.629592335222924
17,"(19,1)",0.2,35.40308207171889,7,1,72.80616414343778
18,"(19,1)",0.2,38.84064709755192,7,1,79.68129419510385
19,"(19,1)",0.2,35.40308207171889,7,1,72.80616414343778
20,"(19,1)",0.2,33.95307189621289,7,1,69.90614379242578
1,"(19,1)",0.3,14.312137462330451,8,1,30.624274924660902
2,"(19,1)",0.3,11.455354604198211,8,1,24.910709208396423
3,"(19,1)",0.3,12.741822308663647,7,1,27.483644617327293
4,"(19,1)",0.3,11.77423828240194,7,1,25.54847656480388
5,"(19,1)",0.3,13.724350797428333,8,1,29.448701594856665
6,"(19,1)",0.3,50.96947815768827,6,1,103.93895631537654
7,"(19,1)",0.3,50.96947815768827,6,1,103.93895631537654
8,"(19,1)",0.3,117.78851468663507,6,1,237.57702937327014
9,"(19,1)",0.3,11.219592588924789,9,1,24.439185177849577
10,"(19,1)",0.3,10.901899438056967,9,1,23.803798876113934
11,"(19,1)",0.3,14.432498819001633,11,1,30.864997638003267
12,"(19,1)",0.3,11.725448118232508,8,1,25.450896236465017
13,"(19,1)",0.3,11.77423828240194,7,1,25.54847656480388
14,"(19,1)",0.3,11.613895632326761,7,1,25.227791264653522
15,"(19,1)",0.3,11.725448118232508,8,1,25.450896236465017
16,"(19,1)",0.3,50.96947815768827,6,1,103.93895631537654
17,"(19,1)",0.3,11.77423828240194,7,1,25.54847656480388
18,"(19,1)",0.3,35.07452605804416,7,1,72.14905211608831
19,"(19,1)",0.3,11.77423828240194,7,1,25.54847656480388
20,"(19,1)",0.3,11.613895632326761,7,1,25.227791264653522
1,"(19,1)",0.4,16.268097947239266,8,1,34.53619589447853
2,"(19,1)",0.4,13.389847900551892,8,1,28.779695801103784
3,"(19,1)",0.4,14.965279308276696,7,1,31.93055861655339
4,"(19,1)",0.4,13.93565989109554,7,1,29.87131978219108
5,"(19,1)",0.4,15.308322103425372,8,1,32.616644206850744
6,"(19,1)",0.4,33.686064644679405,6,1,69.37212928935881
7,"(19,1)",0.4,33.686064644679405,6,1,69.37212928935881
8,"(19,1)",0.4,98.6056938906358,6,1,199.2113877812716
9,"(19,1)",0.4,13.988015534473032,9,1,29.976031068946064
10,"(19,1)",0.4,14.171888681958404,9,1,30.343777363916807
11,"(19,1)",0.4,16.455055689095346,11,1,34.91011137819069
12,"(19,1)",0.4,14.533496891851161,8,1,31.066993783702323
13,"(19,1)",0.4,13.93565989109554,7,1,29.87131978219108
14,"(19,1)",0.4,13.77531724102036,7,1,29.55063448204072
15,"(19,1)",0.4,14.533496891851161,8,1,31.066993783702323
16,"(19,1)",0.4,33.686064644679405,6,1,69.37212928935881
17,"(19,1)",0.4,13.93565989109554,7,1,29.87131978219108
18,"(19,1)",0.4,18.771941798047017,7,1,39.543883596094034
19,"(19,1)",0.4,13.93565989109554,7,1,29.87131978219108
20,"(19,1)",0.4,13.77531724102036,7,1,29.55063448204072
1,"(19,1)",0.5,33.31786775095331,8,1,68.63573550190662
2,"(19,1)",0.5,32.90939826464641,8,1,67.81879652929283
3,"(19,1)",0.5,34.11510994087331,7,1,70.23021988174662
4,"(19,1)",0.5,33.113661400658856,7,1,68.22732280131771
5,"(19,1)",0.5,32.862392222270486,8,1,67.72478444454097
6,"(19,1)",0.5,51.88186421741902,6,1,105.76372843483804
7,"(19,1)",0.5,51.88186421741902,6,1,105.76372843483804
8,"(19,1)",0.5,116.26868893289065,6,1,234.5373778657813
9,"(19,1)",0.5,33.44229098244109,9,1,68.88458196488217
10,"(19,1)",0.5,32.641513137688776,9,1,67.28302627537755
11,"(19,1)",0.5,15.479927742724797,11,1,32.959855485449594
12,"(19,1)",0.5,32.564095948576934,8,1,67.12819189715387
13,"(19,1)",0.5,33.113661400658856,7,1,68.22732280131771
14,"(19,1)",0.5,33.519126508767016,7,1,69.03825301753403
15,"(19,1)",0.5,32.564095948576934,8,1,67.12819189715387
16,"(19,1)",0.5,51.88186421741902,6,1,105.76372843483804
17,"(19,1)",0.5,33.113661400658856,7,1,68.22732280131771
18,"(19,1)",0.5,56.48703440340711,7,1,114.97406880681422
19,"(19,1)",0.5,33.113661400658856,7,1,68.22732280131771
20,"(19,1)",0.5,33.519126508767016,7,1,69.03825301753403
1,"(19,1)",0.6,34.04738257568413,8,1,70.09476515136826
2,"(19,1)",0.6,34.472690271926865,8,1,70.94538054385373
3,"(19,1)",0.6,34.03733223983063,7,1,70.07466447966127
4,"(19,1)",0.6,32.59494841205969,7,1,67.18989682411939
5,"(19,1)",0.6,33.263263616918465,8,1,68.52652723383693
6,"(19,1)",0.6,53.19995032851237,6,1,108.39990065702474
7,"(19,1)",0.6,53.19995032851237,6,1,108.39990065702474
8,"(19,1)",0.6,96.66935319259665,6,1,195.3387063851933
9,"(19,1)",0.6,34.53190963158683,9,1,71.06381926317366
10,"(19,1)",0.6,33.40252568425197,9,1,68.80505136850394
11,"(19,1)",0.6,15.797371641686972,11,1,33.594743283373944
12,"(19,1)",0.6,34.12742528335767,8,1,70.25485056671533
13,"(19,1)",0.6,32.59494841205969,7,1,67.18989682411939
14,"(19,1)",0.6,33.18273507696182,7,1,68.36547015392364
15,"(19,1)",0.6,34.12742528335767,8,1,70.25485056671533
16,"(19,1)",0.6,53.19995032851237,6,1,108.39990065702474
17,"(19,1)",0.6,32.59494841205969,7,1,67.18989682411939
18,"(19,1)",0.6,57.111973333940526,7,1,116.22394666788105
19,"(19,1)",0.6,32.59494841205969,7,1,67.18989682411939
20,"(19,1)",0.6,33.18273507696182,7,1,68.36547015392364
1,"(19,1)",0.7,34.36287664048832,8,1,70.72575328097663
2,"(19,1)",0.7,35.150085557255004,8,1,72.30017111451001
3,"(19,1)",0.7,17.377316224979534,7,1,36.75463244995907
4,"(19,1)",0.7,16.046081641042672,7,1,34.092163282085345
5,"(19,1)",0.7,33.58634785098932,8,1,69.17269570197864
6,"(19,1)",0.7,34.61600307132474,6,1,71.23200614264948
7,"(19,1)",0.7,34.61600307132474,6,1,71.23200614264948
8,"(19,1)",0.7,57.30072578106477,6,1,116.60145156212954
9,"(19,1)",0.7,35.592702930994456,9,1,73.18540586198891
10,"(19,1)",0.7,34.518513450047486,9,1,71.03702690009497
11,"(19,1)",0.7,16.647802730136817,11,1,35.295605460273634
12,"(19,1)",0.7,34.85242486580702,8,1,71.70484973161405
13,"(19,1)",0.7,16.046081641042672,7,1,34.092163282085345
14,"(19,1)",0.7,16.551176590099676,7,1,35.10235318019935
15,"(19,1)",0.7,34.85242486580702,8,1,71.70484973161405
16,"(19,1)",0.7,34.61600307132474,6,1,71.23200614264948
17,"(19,1)",0.7,16.046081641042672,7,1,34.092163282085345
18,"(19,1)",0.7,20.800492513360464,7,1,43.60098502672093
19,"(19,1)",0.7,16.046081641042672,7,1,34.092163282085345
20,"(19,1)",0.7,16.551176590099676,7,1,35.10235318019935
1,"(19,1)",0.8,35.65320908885664,8,1,73.30641817771328
2,"(19,1)",0.8,35.25699279896999,8,1,72.51398559793998
3,"(19,1)",0.8,37.00324062211517,7,1,76.00648124423034
4,"(19,1)",0.8,35.022239153248584,7,1,72.04447830649717
5,"(19,1)",0.8,34.479089247680385,8,1,70.95817849536077
6,"(19,1)",0.8,72.76579244864797,6,1,147.53158489729594
7,"(19,1)",0.8,72.76579244864797,6,1,147.53158489729594
8,"(19,1)",0.8,115.88427723398033,6,1,233.76855446796066
9,"(19,1)",0.8,34.57011523142364,9,1,71.14023046284728
10,"(19,1)",0.8,33.67206736829197,9,1,69.34413473658394
11,"(19,1)",0.8,15.193163854695442,11,1,32.38632770939088
12,"(19,1)",0.8,35.53306477701457,8,1,73.06612955402915
13,"(19,1)",0.8,35.022239153248584,7,1,72.04447830649717
14,"(19,1)",0.8,35.386204530449994,7,1,72.77240906089999
15,"(19,1)",0.8,35.53306477701457,8,1,73.06612955402915
16,"(19,1)",0.8,72.76579244864797,6,1,147.53158489729594
17,"(19,1)",0.8,35.022239153248584,7,1,72.04447830649717
18,"(19,1)",0.8,77.37096263463606,7,1,156.74192526927212
19,"(19,1)",0.8,35.022239153248584,7,1,72.04447830649717
20,"(19,1)",0.8,35.386204530449994,7,1,72.77240906089999
1,"(19,1)",0.9,37.683209903524386,8,1,77.36641980704877
2,"(19,1)",0.9,35.58599327600498,8,1,73.17198655200995
3,"(19,1)",0.9,19.496682586234424,7,1,40.99336517246885
4,"(19,1)",0.9,17.822706152662754,7,1,37.64541230532551
5,"(19,1)",0.9,36.45106622223175,8,1,74.9021324444635
6,"(19,1)",0.9,35.95125047381396,6,1,73.90250094762791
7,"(19,1)",0.9,35.95125047381396,6,1,73.90250094762791
8,"(19,1)",0.9,78.26809053450137,6,1,158.53618106900274
9,"(19,1)",0.9,16.363115995805032,9,1,34.726231991610064
10,"(19,1)",0.9,16.564894724621546,9,1,35.12978944924309
11,"(19,1)",0.9,17.29985204207464,11,1,36.59970408414928
12,"(19,1)",0.9,37.019915686114125,8,1,76.03983137222825
13,"(19,1)",0.9,17.822706152662754,7,1,37.64541230532551
14,"(19,1)",0.9,17.510926528631913,7,1,37.021853057263826
15,"(19,1)",0.9,37.019915686114125,8,1,76.03983137222825
16,"(19,1)",0.9,35.95125047381396,6,1,73.90250094762791
17,"(19,1)",0.9,17.822706152662754,7,1,37.64541230532551
18,"(19,1)",0.9,22.135739915849683,7,1,46.27147983169937
19,"(19,1)",0.9,17.822706152662754,7,1,37.64541230532551
20,"(19,1)",0.9,17.510926528631913,7,1,37.021853057263826
1,"(1,1)",0.1,165.78612669557128,8,1,333.57225339114257
2,"(1,1)",0.1,96.71862424160342,8,1,195.43724848320684
3,"(1,1)",0.1,138.15510557964274,7,1,278.3102111592855
4,"(1,1)",0.1,119.73442483569039,7,1,241.46884967138078
5,"(1,1)",0.1,147.36544595161894,8,1,296.7308919032379
6,"(1,1)",0.1,115.12925464970229,6,1,232.25850929940458
7,"(1,1)",0.1,115.12925464970229,6,1,232.25850929940458
8,"(1,1)",0.1,138.15510557964274,6,1,278.3102111592855
9,"(1,1)",0.1,63.78928575912684,9,1,129.57857151825368
10,"(1,1)",0.1,91.4102565392019,9,1,184.8205130784038
11,"(1,1)",0.1,77.58677781158843,11,1,157.17355562317687
12,"(1,1)",0.1,142.76027576563084,8,1,287.5205515312617
13,"(1,1)",0.1,119.73442483569039,7,1,241.46884967138078
14,"(1,1)",0.1,96.70857390574993,7,1,195.41714781149986
15,"(1,1)",0.1,142.76027576563084,8,1,287.5205515312617
16,"(1,1)",0.1,115.12925464970229,6,1,232.25850929940458
17,"(1,1)",0.1,119.73442483569039,7,1,241.46884967138078
18,"(1,1)",0.1,138.15510557964274,7,1,278.3102111592855
19,"(1,1)",0.1,119.73442483569039,7,1,241.46884967138078
20,"(1,1)",0.1,96.70857390574993,7,1,195.41714781149986
1,"(1,1)",0.2,30.079788719100673,8,2,64.15957743820135
2,"(1,1)",0.2,18.1691178665375,8,2,40.338235733075
3,"(1,1)",0.2,40.97415586050204,7,2,85.94831172100407
4,"(1,1)",0.2,40.68647378805025,7,2,85.3729475761005
5,"(1,1)",0.2,29.38664153854073,8,2,62.77328307708146
6,"(1,1)",0.2,56.986890995802526,6,2,117.97378199160505
7,"(1,1)",0.2,56.986890995802526,6,2,117.97378199160505
8,"(1,1)",0.2,119.73442483569039,6,2,243.46884967138078
9,"(1,1)",0.2,17.956024651076795,9,2,39.91204930215359
10,"(1,1)",0.2,24.578428472945433,9,2,53.156856945890866
11,"(1,1)",0.2,32.238273468120966,11,2,68.47654693624193
12,"(1,1)",0.2,25.484668868966086,8,2,54.96933773793217
13,"(1,1)",0.2,40.68647378805025,7,2,85.3729475761005
14,"(1,1)",0.2,37.21037509821498,7,2,78.42075019642996
15,"(1,1)",0.2,25.484668868966086,8,2,54.96933773793217
16,"(1,1)",0.2,56.986890995802526,6,2,117.97378199160505
17,"(1,1)",0.2,40.68647378805025,7,2,85.3729475761005
18,"(1,1)",0.2,60.898914001230665,7,2,125.79782800246133
19,"(1,1)",0.2,40.68647378805025,7,2,85.3729475761005
20,"(1,1)",0.2,37.21037509821498,7,2,78.42075019642996
1,"(1,1)",0.3,86.36040053195235,8,2,176.7208010639047
2,"(1,1)",0.3,54.76918182046843,8,2,113.53836364093686
3,"(1,1)",0.3,81.50676898666576,7,2,167.01353797333152
4,"(1,1)",0.3,60.52113888525186,7,2,125.04227777050372
5,"(1,1)",0.3,83.58781180971256,8,2,171.17562361942512
6,"(1,1)",0.3,96.01542672518998,6,2,196.03085345037996
7,"(1,1)",0.3,96.01542672518998,6,2,196.03085345037996
8,"(1,1)",0.3,138.15510557964274,6,2,280.3102111592855
9,"(1,1)",0.3,34.84220392300148,9,2,73.68440784600296
10,"(1,1)",0.3,40.634982982305154,9,2,85.26996596461031
11,"(1,1)",0.3,63.17406255939886,11,2,130.34812511879773
12,"(1,1)",0.3,63.33454960201189,8,2,130.66909920402378
13,"(1,1)",0.3,60.52113888525186,7,2,125.04227777050372
14,"(1,1)",0.3,56.62931858714123,7,2,117.25863717428246
15,"(1,1)",0.3,63.33454960201189,8,2,130.66909920402378
16,"(1,1)",0.3,96.01542672518998,6,2,196.03085345037996
17,"(1,1)",0.3,60.52113888525186,7,2,125.04227777050372
18,"(1,1)",0.3,119.04127765513044,7,2,242.0825553102609
19,"(1,1)",0.3,60.52113888525186,7,2,125.04227777050372
20,"(1,1)",0.3,56.62931858714123,7,2,117.25863717428246
1,"(1,1)",0.4,60.16370115538521,8,2,124.32740231077042
2,"(1,1)",0.4,53.34691398152097,8,2,110.69382796304194
3,"(1,1)",0.4,97.55907689708607,7,2,199.11815379417214
4,"(1,1)",0.4,75.35420651921545,7,2,154.7084130384309
5,"(1,1)",0.4,56.83149664521001,8,2,117.66299329042002
6,"(1,1)",0.4,93.64705389165793,6,2,191.29410778331587
7,"(1,1)",0.4,93.64705389165793,6,2,191.29410778331587
8,"(1,1)",0.4,117.33652956289201,6,2,238.67305912578402
9,"(1,1)",0.4,34.72840749423868,9,2,73.45681498847736
10,"(1,1)",0.4,36.12224906099395,9,2,76.2444981219879
11,"(1,1)",0.4,36.99926506215911,11,2,77.99853012431822
12,"(1,1)",0.4,58.07296005845144,8,2,120.14592011690289
13,"(1,1)",0.4,75.35420651921545,7,2,154.7084130384309
14,"(1,1)",0.4,74.20152700927706,7,2,152.40305401855412
15,"(1,1)",0.4,58.07296005845144,8,2,120.14592011690289
16,"(1,1)",0.4,93.64705389165793,6,2,191.29410778331587
17,"(1,1)",0.4,75.35420651921545,7,2,154.7084130384309
18,"(1,1)",0.4,116.6729048215984,7,2,237.3458096431968
19,"(1,1)",0.4,75.35420651921545,7,2,154.7084130384309
20,"(1,1)",0.4,74.20152700927706,7,2,152.40305401855412
1,"(1,1)",0.5,55.68502622339075,8,2,115.3700524467815
2,"(1,1)",0.5,53.52274423380633,8,2,111.04548846761266
3,"(1,1)",0.5,57.43233670166275,7,2,118.8646734033255
4,"(1,1)",0.5,53.01349609386615,7,2,110.0269921877323
5,"(1,1)",0.5,53.070066445354556,8,2,110.14013289070911
6,"(1,1)",0.5,56.00522034602261,6,2,116.01044069204522
7,"(1,1)",0.5,56.00522034602261,6,2,116.01044069204522
8,"(1,1)",0.5,116.84405307779423,6,2,237.68810615558846
9,"(1,1)",0.5,32.54915211095191,9,2,69.09830422190382
10,"(1,1)",0.5,30.580126833132038,9,2,65.16025366626408
11,"(1,1)",0.5,12.824231880075132,11,2,29.648463760150264
12,"(1,1)",0.5,54.16867873402266,8,2,112.33735746804533
13,"(1,1)",0.5,53.01349609386615,7,2,110.0269921877323
14,"(1,1)",0.5,53.33626948612921,7,2,110.67253897225842
15,"(1,1)",0.5,54.16867873402266,8,2,112.33735746804533
16,"(1,1)",0.5,56.00522034602261,6,2,116.01044069204522
17,"(1,1)",0.5,53.01349609386615,7,2,110.0269921877323
18,"(1,1)",0.5,79.03107127596307,7,2,162.06214255192614
19,"(1,1)",0.5,53.01349609386615,7,2,110.0269921877323
20,"(1,1)",0.5,53.33626948612921,7,2,110.67253897225842
1,"(1,1)",0.6,35.53061100936468,8,2,75.06122201872935
2,"(1,1)",0.6,35.0528797044246,8,2,74.1057594088492
3,"(1,1)",0.6,55.6232072410687,7,2,115.2464144821374
4,"(1,1)",0.6,52.652792775498995,7,2,109.30558555099799
5,"(1,1)",0.6,33.89300221996388,8,2,71.78600443992777
6,"(1,1)",0.6,54.755706673363974,6,2,113.51141334672795
7,"(1,1)",0.6,54.755706673363974,6,2,113.51141334672795
8,"(1,1)",0.6,116.26868893289065,6,2,236.5373778657813
9,"(1,1)",0.6,34.5049576380864,9,2,73.0099152761728
10,"(1,1)",0.6,32.59130835124931,9,2,69.18261670249862
11,"(1,1)",0.6,14.382022266122071,11,2,32.76404453224414
12,"(1,1)",0.6,34.7768392069883,8,2,73.5536784139766
13,"(1,1)",0.6,52.652792775498995,7,2,109.30558555099799
14,"(1,1)",0.6,53.10010499354266,7,2,110.20020998708532
15,"(1,1)",0.6,34.7768392069883,8,2,73.5536784139766
16,"(1,1)",0.6,54.755706673363974,6,2,113.51141334672795
17,"(1,1)",0.6,52.652792775498995,7,2,109.30558555099799
18,"(1,1)",0.6,77.78155760330444,7,2,159.56311520660887
19,"(1,1)",0.6,52.652792775498995,7,2,109.30558555099799
20,"(1,1)",0.6,53.10010499354266,7,2,110.20020998708532
1,"(1,1)",0.7,33.49495825832972,8,2,70.98991651665943
2,"(1,1)",0.7,34.78485438131553,8,2,73.56970876263107
3,"(1,1)",0.7,34.3177150098008,7,2,72.6354300196016
4,"(1,1)",0.7,32.467115040549814,7,2,68.93423008109963
5,"(1,1)",0.7,32.68848239246277,8,2,69.37696478492553
6,"(1,1)",0.7,53.14386086186133,6,2,110.28772172372265
7,"(1,1)",0.7,53.14386086186133,6,2,110.28772172372265
8,"(1,1)",0.7,96.38649040658082,6,2,196.77298081316164
9,"(1,1)",0.7,34.97722627396299,9,2,73.95445254792598
10,"(1,1)",0.7,32.720511635035045,9,2,69.44102327007009
11,"(1,1)",0.7,13.865866148389637,11,2,31.731732296779274
12,"(1,1)",0.7,33.33461560825454,8,2,70.66923121650908
13,"(1,1)",0.7,32.467115040549814,7,2,68.93423008109963
14,"(1,1)",0.7,33.41977341659484,7,2,70.83954683318969
15,"(1,1)",0.7,33.33461560825454,8,2,70.66923121650908
16,"(1,1)",0.7,53.14386086186133,6,2,110.28772172372265
17,"(1,1)",0.7,32.467115040549814,7,2,68.93423008109963
18,"(1,1)",0.7,57.05588386728948,7,2,118.11176773457896
19,"(1,1)",0.7,32.467115040549814,7,2,68.93423008109963
20,"(1,1)",0.7,33.41977341659484,7,2,70.83954683318969
1,"(1,1)",0.8,54.00675445337862,8,2,112.01350890675724
2,"(1,1)",0.8,54.356704060900924,8,2,112.71340812180185
3,"(1,1)",0.8,54.09222618418265,7,2,112.1844523683653
4,"(1,1)",0.8,52.57963809773847,7,2,109.15927619547693
5,"(1,1)",0.8,53.08098497754992,8,2,110.16196995509983
6,"(1,1)",0.8,53.22472561647793,6,2,110.44945123295587
7,"(1,1)",0.8,53.22472561647793,6,2,110.44945123295587
8,"(1,1)",0.8,77.3716024299234,6,2,158.7432048598468
9,"(1,1)",0.8,54.19508136623496,9,2,112.39016273246992
10,"(1,1)",0.8,52.91936228288396,9,2,109.83872456576792
11,"(1,1)",0.8,33.138025490892076,11,2,70.27605098178415
12,"(1,1)",0.8,54.00675445337862,8,2,112.01350890675724
13,"(1,1)",0.8,52.57963809773847,7,2,109.15927619547693
14,"(1,1)",0.8,53.073656603188084,7,2,110.14731320637617
15,"(1,1)",0.8,54.00675445337862,8,2,112.01350890675724
16,"(1,1)",0.8,53.22472561647793,6,2,110.44945123295587
17,"(1,1)",0.8,52.57963809773847,7,2,109.15927619547693
18,"(1,1)",0.8,76.25057654641839,7,2,156.50115309283677
19,"(1,1)",0.8,52.57963809773847,7,2,109.15927619547693
20,"(1,1)",0.8,53.073656603188084,7,2,110.14731320637617
1,"(1,1)",0.9,55.0533295058372,8,2,114.1066590116744
2,"(1,1)",0.9,54.215594016594565,8,2,112.43118803318913
3,"(1,1)",0.9,55.65444502467936,7,2,115.30889004935872
4,"(1,1)",0.9,54.227328669039224,7,2,112.45465733807845
5,"(1,1)",0.9,54.07250025282546,8,2,112.14500050565093
6,"(1,1)",0.9,53.93964659658744,6,2,111.87929319317487
7,"(1,1)",0.9,53.93964659658744,6,2,111.87929319317487
8,"(1,1)",0.9,95.99073411259961,6,2,195.98146822519922
9,"(1,1)",0.9,34.81408401963047,9,2,73.62816803926094
10,"(1,1)",0.9,34.30702487865996,9,2,72.61404975731992
11,"(1,1)",0.9,16.759351013881496,11,2,37.51870202776299
12,"(1,1)",0.9,54.68936412863577,8,2,113.37872825727155
13,"(1,1)",0.9,54.227328669039224,7,2,112.45465733807845
14,"(1,1)",0.9,54.45995096430797,7,2,112.91990192861594
15,"(1,1)",0.9,54.68936412863577,8,2,113.37872825727155
16,"(1,1)",0.9,53.93964659658744,6,2,111.87929319317487
17,"(1,1)",0.9,54.227328669039224,7,2,112.45465733807845
18,"(1,1)",0.9,76.9654975265279,7,2,157.9309950530558
19,"(1,1)",0.9,54.227328669039224,7,2,112.45465733807845
20,"(1,1)",0.9,54.45995096430797,7,2,112.91990192861594
1,"(1,2)",0.1,55.2620422318571,8,1,112.5240844637142
2,"(1,2)",0.1,59.91766816833374,8,1,121.83533633666748
3,"(1,2)",0.1,63.78928575912684,7,1,129.57857151825368
4,"(1,2)",0.1,45.36860501517447,7,1,92.73721003034893
5,"(1,2)",0.1,73.68272297580945,8,1,149.3654459516189
6,"(1,2)",0.1,78.29794349765106,6,1,158.59588699530212
7,"(1,2)",0.1,78.29794349765106,6,1,158.59588699530212
8,"(1,2)",0.1,82.89306334778566,6,1,167.7861266955713
9,"(1,2)",0.1,63.13654399320193,9,1,128.27308798640388
10,"(1,2)",0.1,72.30647895054307,9,1,146.61295790108613
11,"(1,2)",0.1,66.3049640675816,11,1,134.6099281351632
12,"(1,2)",0.1,50.66692238172251,8,1,103.33384476344501
13,"(1,2)",0.1,45.36860501517447,7,1,92.73721003034893
14,"(1,2)",0.1,40.783637536503896,7,1,83.56727507300779
15,"(1,2)",0.1,50.66692238172251,8,1,103.33384476344501
16,"(1,2)",0.1,78.29794349765106,6,1,158.59588699530212
17,"(1,2)",0.1,45.36860501517447,7,1,92.73721003034893
18,"(1,2)",0.1,82.90311368363915,7,1,167.8062273672783
19,"(1,2)",0.1,45.36860501517447,7,1,92.73721003034893
20,"(1,2)",0.1,40.783637536503896,7,1,83.56727507300779
1,"(1,2)",0.2,109.83093728315426,8,2,223.6618745663085
2,"(1,2)",0.2,58.28802754858211,8,2,120.57605509716421
3,"(1,2)",0.2,119.73442483569039,7,2,243.46884967138078
4,"(1,2)",0.2,100.62059691117807,7,2,205.24119382235614
5,"(1,2)",0.2,89.80081862676779,8,2,183.60163725353559
6,"(1,2)",0.2,96.70857390574993,6,2,197.41714781149986
7,"(1,2)",0.2,96.70857390574993,6,2,197.41714781149986
8,"(1,2)",0.2,138.15510557964274,6,2,280.3102111592855
9,"(1,2)",0.2,43.08622262949795,9,2,90.1724452589959
10,"(1,2)",0.2,51.573162777743164,9,2,107.14632555548633
11,"(1,2)",0.2,58.44169734357202,11,2,120.88339468714403
12,"(1,2)",0.2,86.8050863532138,8,2,177.6101727064276
13,"(1,2)",0.2,100.62059691117807,7,2,205.24119382235614
14,"(1,2)",0.2,96.02547706104349,7,2,196.05095412208698
15,"(1,2)",0.2,86.8050863532138,8,2,177.6101727064276
16,"(1,2)",0.2,96.70857390574993,6,2,197.41714781149986
17,"(1,2)",0.2,100.62059691117807,7,2,205.24119382235614
18,"(1,2)",0.2,119.73442483569039,7,2,243.46884967138078
19,"(1,2)",0.2,100.62059691117807,7,2,205.24119382235614
20,"(1,2)",0.2,96.02547706104349,7,2,196.05095412208698
1,"(1,2)",0.3,90.31164425053377,8,2,184.62328850106755
2,"(1,2)",0.3,76.0672841442286,8,2,156.1345682884572
3,"(1,2)",0.3,82.90311368363915,7,2,169.8062273672783
4,"(1,2)",0.3,62.69067347045872,7,2,129.38134694091744
5,"(1,2)",0.3,88.00905915753974,8,2,180.01811831507948
6,"(1,2)",0.3,96.71862424160342,6,2,197.43724848320684
7,"(1,2)",0.3,96.71862424160342,6,2,197.43724848320684
8,"(1,2)",0.3,119.73442483569039,6,2,243.46884967138078
9,"(1,2)",0.3,57.82095678742101,9,2,119.64191357484202
10,"(1,2)",0.3,65.16761195059755,9,2,134.3352239011951
11,"(1,2)",0.3,32.15311565978066,11,2,68.30623131956132
12,"(1,2)",0.3,85.71652440039918,8,2,175.43304880079836
13,"(1,2)",0.3,62.69067347045872,7,2,129.38134694091744
14,"(1,2)",0.3,58.09555362032414,7,2,120.19110724064828
15,"(1,2)",0.3,85.71652440039918,8,2,175.43304880079836
16,"(1,2)",0.3,96.71862424160342,6,2,197.43724848320684
17,"(1,2)",0.3,62.69067347045872,7,2,129.38134694091744
18,"(1,2)",0.3,119.74447517154388,7,2,243.48895034308777
19,"(1,2)",0.3,62.69067347045872,7,2,129.38134694091744
20,"(1,2)",0.3,58.09555362032414,7,2,120.19110724064828
1,"(1,2)",0.4,82.19194799757653,8,2,168.38389599515307
2,"(1,2)",0.4,54.44884897824262,8,2,112.89769795648525
3,"(1,2)",0.4,117.08825003830627,7,2,238.17650007661254
4,"(1,2)",0.4,95.3353647841787,7,2,194.6707295683574
5,"(1,2)",0.4,59.87944695551353,8,2,123.75889391102706
6,"(1,2)",0.4,94.06239910836581,6,2,192.12479821673162
7,"(1,2)",0.4,94.06239910836581,6,2,192.12479821673162
8,"(1,2)",0.4,117.94266536646234,6,2,239.88533073292467
9,"(1,2)",0.4,54.58811104557613,9,2,113.17622209115225
10,"(1,2)",0.4,57.26717370980509,9,2,118.53434741961019
11,"(1,2)",0.4,21.97888991130448,11,2,47.95777982260896
12,"(1,2)",0.4,79.44041268453458,8,2,162.88082536906916
13,"(1,2)",0.4,95.3353647841787,7,2,194.6707295683574
14,"(1,2)",0.4,93.60076372879058,7,2,191.20152745758116
15,"(1,2)",0.4,79.44041268453458,8,2,162.88082536906916
16,"(1,2)",0.4,94.06239910836581,6,2,192.12479821673162
17,"(1,2)",0.4,95.3353647841787,7,2,194.6707295683574
18,"(1,2)",0.4,117.08825003830627,7,2,238.17650007661254
19,"(1,2)",0.4,95.3353647841787,7,2,194.6707295683574
20,"(1,2)",0.4,93.60076372879058,7,2,191.20152745758116
1,"(1,2)",0.5,61.25558894516941,8,2,126.51117789033881
2,"(1,2)",0.5,54.857446701722296,8,2,113.71489340344459
3,"(1,2)",0.5,61.13839397186457,7,2,126.27678794372915
4,"(1,2)",0.5,57.113042281129424,7,2,118.22608456225885
5,"(1,2)",0.5,57.036081239993294,8,2,118.07216247998659
6,"(1,2)",0.5,56.53322378587649,6,2,117.06644757175297
7,"(1,2)",0.5,56.53322378587649,6,2,117.06644757175297
8,"(1,2)",0.5,117.02637463458818,6,2,238.05274926917636
9,"(1,2)",0.5,52.38652629390903,9,2,108.77305258781806
10,"(1,2)",0.5,52.83055977679193,9,2,109.66111955358386
11,"(1,2)",0.5,35.92519677806638,11,2,75.85039355613276
12,"(1,2)",0.5,59.520987889781296,8,2,123.04197577956259
13,"(1,2)",0.5,57.113042281129424,7,2,118.22608456225885
14,"(1,2)",0.5,56.40485722320494,7,2,116.80971444640988
15,"(1,2)",0.5,59.520987889781296,8,2,123.04197577956259
16,"(1,2)",0.5,56.53322378587649,6,2,117.06644757175297
17,"(1,2)",0.5,57.113042281129424,7,2,118.22608456225885
18,"(1,2)",0.5,79.55907471581695,7,2,163.1181494316339
19,"(1,2)",0.5,57.113042281129424,7,2,118.22608456225885
20,"(1,2)",0.5,56.40485722320494,7,2,116.80971444640988
1,"(1,2)",0.6,55.40199419228455,8,2,114.8039883845691
2,"(1,2)",0.6,54.1024477382542,8,2,112.2048954765084
3,"(1,2)",0.6,56.309011287373366,7,2,116.61802257474673
4,"(1,2)",0.6,53.17351707144422,7,2,110.34703414288845
5,"(1,2)",0.6,53.4141198441302,8,2,110.8282396882604
6,"(1,2)",0.6,73.5257192269998,6,2,151.0514384539996
7,"(1,2)",0.6,73.5257192269998,6,2,151.0514384539996
8,"(1,2)",0.6,116.17907677420098,6,2,236.35815354840196
9,"(1,2)",0.6,53.63244410900846,9,2,111.26488821801692
10,"(1,2)",0.6,52.32507700647824,9,2,108.65015401295648
11,"(1,2)",0.6,14.805974873067587,11,2,33.611949746135174
12,"(1,2)",0.6,54.78295498387832,8,2,113.56590996775664
13,"(1,2)",0.6,53.17351707144422,7,2,110.34703414288845
14,"(1,2)",0.6,53.57898217955238,7,2,111.15796435910477
15,"(1,2)",0.6,54.78295498387832,8,2,113.56590996775664
16,"(1,2)",0.6,73.5257192269998,6,2,151.0514384539996
17,"(1,2)",0.6,53.17351707144422,7,2,110.34703414288845
18,"(1,2)",0.6,96.55157015694026,7,2,197.10314031388052
19,"(1,2)",0.6,53.17351707144422,7,2,110.34703414288845
20,"(1,2)",0.6,53.57898217955238,7,2,111.15796435910477
1,"(1,2)",0.7,35.98947007405735,8,2,75.9789401481147
2,"(1,2)",0.7,35.59830709548757,8,2,75.19661419097514
3,"(1,2)",0.7,37.353007448054626,7,2,78.70601489610925
4,"(1,2)",0.7,35.155782870718404,7,2,74.31156574143681
5,"(1,2)",0.7,34.4272850464738,8,2,72.8545700929476
6,"(1,2)",0.7,35.31278661952807,6,2,74.62557323905614
7,"(1,2)",0.7,35.31278661952807,6,2,74.62557323905614
8,"(1,2)",0.7,59.2574468462243,6,2,122.5148936924486
9,"(1,2)",0.7,34.850504631305796,9,2,73.70100926261159
10,"(1,2)",0.7,33.519139932216845,9,2,71.03827986443369
11,"(1,2)",0.7,15.780848073107336,11,2,35.56169614621467
12,"(1,2)",0.7,35.82912742398217,8,2,75.65825484796434
13,"(1,2)",0.7,35.155782870718404,7,2,74.31156574143681
14,"(1,2)",0.7,35.7113086734023,7,2,75.4226173468046
15,"(1,2)",0.7,35.82912742398217,8,2,75.65825484796434
16,"(1,2)",0.7,35.31278661952807,6,2,74.62557323905614
17,"(1,2)",0.7,35.155782870718404,7,2,74.31156574143681
18,"(1,2)",0.7,39.917956805516155,7,2,83.83591361103231
19,"(1,2)",0.7,35.155782870718404,7,2,74.31156574143681
20,"(1,2)",0.7,35.7113086734023,7,2,75.4226173468046
1,"(1,2)",0.8,35.02719959730507,8,2,74.05439919461014
2,"(1,2)",0.8,34.71522483228424,8,2,73.43044966456848
3,"(1,2)",0.8,35.691413705739464,7,2,75.38282741147893
4,"(1,2)",0.8,33.77776441890237,7,2,71.55552883780474
5,"(1,2)",0.8,34.05961557104336,8,2,72.11923114208672
6,"(1,2)",0.8,54.24312271209824,6,2,112.48624542419648
7,"(1,2)",0.8,54.24312271209824,6,2,112.48624542419648
8,"(1,2)",0.8,96.45393168737634,6,2,196.90786337475268
9,"(1,2)",0.8,34.68924934588098,9,2,73.37849869176196
10,"(1,2)",0.8,33.75178893249911,9,2,71.50357786499822
11,"(1,2)",0.8,15.68553003352257,11,2,35.371060067045136
12,"(1,2)",0.8,34.74534844516408,8,2,73.49069689032817
13,"(1,2)",0.8,33.77776441890237,7,2,71.55552883780474
14,"(1,2)",0.8,34.005548349773086,7,2,72.01109669954617
15,"(1,2)",0.8,34.74534844516408,8,2,73.49069689032817
16,"(1,2)",0.8,54.24312271209824,6,2,112.48624542419648
17,"(1,2)",0.8,33.77776441890237,7,2,71.55552883780474
18,"(1,2)",0.8,58.84829289808633,7,2,121.69658579617266
19,"(1,2)",0.8,33.77776441890237,7,2,71.55552883780474
20,"(1,2)",0.8,34.005548349773086,7,2,72.01109669954617
1,"(1,2)",0.9,20.00402994562409,8,2,44.00805989124818
2,"(1,2)",0.9,16.074282996921667,8,2,36.148565993843334
3,"(1,2)",0.9,55.22368342850291,7,2,114.44736685700582
4,"(1,2)",0.9,53.837389067383015,7,2,111.67477813476603
5,"(1,2)",0.9,18.738363572292815,8,2,41.47672714458563
6,"(1,2)",0.9,54.40270287643308,6,2,112.80540575286616
7,"(1,2)",0.9,54.40270287643308,6,2,112.80540575286616
8,"(1,2)",0.9,97.7302251532819,6,2,199.4604503065638
9,"(1,2)",0.9,35.28022621034179,9,2,74.56045242068357
10,"(1,2)",0.9,36.427959296344845,9,2,76.85591859268969
11,"(1,2)",0.9,19.549105806178932,11,2,43.098211612357865
12,"(1,2)",0.9,18.487682456256003,8,2,40.975364912512006
13,"(1,2)",0.9,53.837389067383015,7,2,111.67477813476603
14,"(1,2)",0.9,53.11347022815632,7,2,110.22694045631263
15,"(1,2)",0.9,18.487682456256003,8,2,40.975364912512006
16,"(1,2)",0.9,54.40270287643308,6,2,112.80540575286616
17,"(1,2)",0.9,53.837389067383015,7,2,111.67477813476603
18,"(1,2)",0.9,77.42855380637354,7,2,158.8571076127471
19,"(1,2)",0.9,53.837389067383015,7,2,111.67477813476603
20,"(1,2)",0.9,53.11347022815632,7,2,110.22694045631263
1,"(1,3)",0.1,54.56889505129715,8,1,111.1377901025943
2,"(1,3)",0.1,40.81409674398861,8,1,83.62819348797721
3,"(1,3)",0.1,45.36860501517447,7,1,92.73721003034893
4,"(1,3)",0.1,45.36860501517447,7,1,92.73721003034893
5,"(1,3)",0.1,54.56889505129715,8,1,111.1377901025943
6,"(1,3)",0.1,59.87726275369869,6,1,121.75452550739737
7,"(1,3)",0.1,59.87726275369869,6,1,121.75452550739737
8,"(1,3)",0.1,82.89306334778566,6,1,167.7861266955713
9,"(1,3)",0.1,45.4192669299767,9,1,92.8385338599534
10,"(1,3)",0.1,54.578945387150654,9,1,111.15789077430131
11,"(1,3)",0.1,45.687058746293,11,1,93.374117492586
12,"(1,3)",0.1,49.97377520116255,8,1,101.9475504023251
13,"(1,3)",0.1,45.36860501517447,7,1,92.73721003034893
14,"(1,3)",0.1,40.783637536503896,7,1,83.56727507300779
15,"(1,3)",0.1,49.97377520116255,8,1,101.9475504023251
16,"(1,3)",0.1,59.87726275369869,6,1,121.75452550739737
17,"(1,3)",0.1,45.36860501517447,7,1,92.73721003034893
18,"(1,3)",0.1,64.48243293968677,7,1,130.96486587937355
19,"(1,3)",0.1,45.36860501517447,7,1,92.73721003034893
20,"(1,3)",0.1,40.783637536503896,7,1,83.56727507300779
1,"(1,3)",0.2,110.5240844637142,8,2,225.0481689274284
2,"(1,3)",0.2,59.18411557313874,8,2,122.36823114627748
3,"(1,3)",0.2,119.73442483569039,7,2,243.46884967138078
4,"(1,3)",0.2,101.31374409173802,7,2,206.62748818347603
5,"(1,3)",0.2,109.83093728315426,8,2,223.6618745663085
6,"(1,3)",0.2,115.12925464970229,6,2,234.25850929940458
7,"(1,3)",0.2,115.12925464970229,6,2,234.25850929940458
8,"(1,3)",0.2,138.15510557964274,6,2,280.3102111592855
9,"(1,3)",0.2,41.902869112374745,9,2,87.80573822474949
10,"(1,3)",0.2,69.52383989244979,9,2,143.04767978489957
11,"(1,3)",0.2,99.96827172513837,11,2,203.93654345027673
12,"(1,3)",0.2,87.49823353377374,8,2,178.99646706754748
13,"(1,3)",0.2,101.31374409173802,7,2,206.62748818347603
14,"(1,3)",0.2,78.28789316179756,7,2,160.5757863235951
15,"(1,3)",0.2,87.49823353377374,8,2,178.99646706754748
16,"(1,3)",0.2,115.12925464970229,6,2,234.25850929940458
17,"(1,3)",0.2,101.31374409173802,7,2,206.62748818347603
18,"(1,3)",0.2,138.15510557964274,7,2,280.3102111592855
19,"(1,3)",0.2,101.31374409173802,7,2,206.62748818347603
20,"(1,3)",0.2,78.28789316179756,7,2,160.5757863235951
1,"(1,3)",0.3,165.78612669557128,8,2,335.57225339114257
2,"(1,3)",0.3,94.77271409254811,8,2,193.54542818509623
3,"(1,3)",0.3,138.15510557964274,7,2,280.3102111592855
4,"(1,3)",0.3,119.73442483569039,7,2,243.46884967138078
5,"(1,3)",0.3,145.41953580256362,8,2,294.83907160512723
6,"(1,3)",0.3,115.12925464970229,6,2,234.25850929940458
7,"(1,3)",0.3,115.12925464970229,6,2,234.25850929940458
8,"(1,3)",0.3,138.15510557964274,6,2,280.3102111592855
9,"(1,3)",0.3,96.97998900573783,9,2,197.95997801147567
10,"(1,3)",0.3,124.60095978581289,9,2,253.20191957162578
11,"(1,3)",0.3,96.19983044818825,11,2,196.3996608963765
12,"(1,3)",0.3,142.76027576563084,8,2,289.5205515312617
13,"(1,3)",0.3,119.73442483569039,7,2,243.46884967138078
14,"(1,3)",0.3,96.70857390574993,7,2,197.41714781149986
15,"(1,3)",0.3,142.76027576563084,8,2,289.5205515312617
16,"(1,3)",0.3,115.12925464970229,6,2,234.25850929940458
17,"(1,3)",0.3,119.73442483569039,7,2,243.46884967138078
18,"(1,3)",0.3,138.15510557964274,7,2,280.3102111592855
19,"(1,3)",0.3,119.73442483569039,7,2,243.46884967138078
20,"(1,3)",0.3,96.70857390574993,7,2,197.41714781149986
1,"(1,3)",0.4,104.45565887547009,8,2,212.91131775094019
2,"(1,3)",0.4,75.10367735547868,8,2,154.20735471095736
3,"(1,3)",0.4,117.68544250149526,7,2,239.37088500299052
4,"(1,3)",0.4,96.37438999964672,7,2,196.74877999929345
5,"(1,3)",0.4,82.53847057005125,8,2,169.0769411401025
6,"(1,3)",0.4,94.6595915715548,6,2,193.3191831431096
7,"(1,3)",0.4,94.6595915715548,6,2,193.3191831431096
8,"(1,3)",0.4,118.63581254702228,6,2,241.27162509404457
9,"(1,3)",0.4,75.30212829420252,9,2,154.60425658840504
10,"(1,3)",0.4,79.26082281893981,9,2,162.52164563787963
11,"(1,3)",0.4,47.06031211204299,11,2,98.12062422408599
12,"(1,3)",0.4,100.97956018563481,8,2,205.95912037126962
13,"(1,3)",0.4,96.37438999964672,7,2,196.74877999929345
14,"(1,3)",0.4,93.93204296427751,7,2,191.86408592855503
15,"(1,3)",0.4,100.97956018563481,8,2,205.95912037126962
16,"(1,3)",0.4,94.6595915715548,6,2,193.3191831431096
17,"(1,3)",0.4,96.37438999964672,7,2,196.74877999929345
18,"(1,3)",0.4,117.68544250149526,7,2,239.37088500299052
19,"(1,3)",0.4,96.37438999964672,7,2,196.74877999929345
20,"(1,3)",0.4,93.93204296427751,7,2,191.86408592855503
1,"(1,3)",0.5,62.14121005398732,8,2,128.28242010797464
2,"(1,3)",0.5,55.75331525958212,8,2,115.50663051916425
3,"(1,3)",0.5,79.13186323209209,7,2,162.26372646418417
4,"(1,3)",0.5,56.819362190029096,7,2,117.63872438005819
5,"(1,3)",0.5,58.70722284950217,8,2,121.41444569900435
6,"(1,3)",0.5,93.64052097061631,6,2,191.28104194123262
7,"(1,3)",0.5,93.64052097061631,6,2,191.28104194123262
8,"(1,3)",0.5,117.09536750607512,6,2,238.19073501215024
9,"(1,3)",0.5,34.2461478788073,9,2,72.4922957576146
10,"(1,3)",0.5,35.38476550208911,9,2,74.76953100417822
11,"(1,3)",0.5,19.100682524876426,11,2,42.20136504975285
12,"(1,3)",0.5,60.325920087349076,8,2,124.65184017469815
13,"(1,3)",0.5,56.819362190029096,7,2,117.63872438005819
14,"(1,3)",0.5,55.72074990136099,7,2,115.44149980272198
15,"(1,3)",0.5,60.325920087349076,8,2,124.65184017469815
16,"(1,3)",0.5,93.64052097061631,6,2,191.28104194123262
17,"(1,3)",0.5,56.819362190029096,7,2,117.63872438005819
18,"(1,3)",0.5,116.66637190055677,7,2,237.33274380111354
19,"(1,3)",0.5,56.819362190029096,7,2,117.63872438005819
20,"(1,3)",0.5,55.72074990136099,7,2,115.44149980272198
1,"(1,3)",0.6,38.33943693248537,8,2,80.67887386497074
2,"(1,3)",0.6,36.097186648235166,8,2,76.19437329647033
3,"(1,3)",0.6,57.73898071199592,7,2,119.47796142399184
4,"(1,3)",0.6,54.198021387958605,7,2,112.39604277591721
5,"(1,3)",0.6,35.67220872590342,8,2,75.34441745180683
6,"(1,3)",0.6,55.43639561900187,6,2,114.87279123800374
7,"(1,3)",0.6,55.43639561900187,6,2,114.87279123800374
8,"(1,3)",0.6,116.33322745402823,6,2,236.66645490805647
9,"(1,3)",0.6,34.677296337686755,9,2,73.35459267537351
10,"(1,3)",0.6,33.405020554967805,9,2,70.81004110993561
11,"(1,3)",0.6,35.386298847860914,11,2,74.77259769572183
12,"(1,3)",0.6,37.49213907209817,8,2,78.98427814419634
13,"(1,3)",0.6,54.198021387958605,7,2,112.39604277591721
14,"(1,3)",0.6,54.60348649606677,7,2,113.20697299213354
15,"(1,3)",0.6,37.49213907209817,8,2,78.98427814419634
16,"(1,3)",0.6,55.43639561900187,6,2,114.87279123800374
17,"(1,3)",0.6,54.198021387958605,7,2,112.39604277591721
18,"(1,3)",0.6,78.46224654894233,7,2,160.92449309788466
19,"(1,3)",0.6,54.198021387958605,7,2,112.39604277591721
20,"(1,3)",0.6,54.60348649606677,7,2,113.20697299213354
1,"(1,3)",0.7,16.213782309621916,8,2,36.42756461924383
2,"(1,3)",0.7,15.974708870601447,8,2,35.94941774120289
3,"(1,3)",0.7,17.115249426889914,7,2,38.23049885377983
4,"(1,3)",0.7,14.717354154091542,7,2,33.43470830818308
5,"(1,3)",0.7,14.794698125679034,8,2,33.58939625135807
6,"(1,3)",0.7,17.70303609179203,6,2,39.40607218358406
7,"(1,3)",0.7,17.70303609179203,6,2,39.40607218358406
8,"(1,3)",0.7,22.748219193342173,6,2,49.496438386684346
9,"(1,3)",0.7,16.203129479016496,9,2,36.40625895803299
10,"(1,3)",0.7,14.7819566772772,9,2,33.5639133545544
11,"(1,3)",0.7,13.893869475964092,11,2,31.787738951928183
12,"(1,3)",0.7,15.97262025280503,8,2,35.94524050561006
13,"(1,3)",0.7,14.717354154091542,7,2,33.43470830818308
14,"(1,3)",0.7,15.244709079808743,7,2,34.489418159617486
15,"(1,3)",0.7,15.97262025280503,8,2,35.94524050561006
16,"(1,3)",0.7,17.70303609179203,6,2,39.40607218358406
17,"(1,3)",0.7,14.717354154091542,7,2,33.43470830818308
18,"(1,3)",0.7,21.615059097220175,7,2,47.23011819444035
19,"(1,3)",0.7,14.717354154091542,7,2,33.43470830818308
20,"(1,3)",0.7,15.244709079808743,7,2,34.489418159617486
1,"(1,3)",0.8,36.34385152536921,8,2,76.68770305073842
2,"(1,3)",0.8,35.268769734111295,8,2,74.53753946822259
3,"(1,3)",0.8,56.1086483315659,7,2,116.2172966631318
4,"(1,3)",0.8,53.78953393662064,7,2,111.57906787324129
5,"(1,3)",0.8,34.63087293399427,8,2,73.26174586798854
6,"(1,3)",0.8,53.90137341837618,6,2,111.80274683675236
7,"(1,3)",0.8,53.90137341837618,6,2,111.80274683675236
8,"(1,3)",0.8,97.55254397604446,6,2,199.10508795208892
9,"(1,3)",0.8,34.198556919964886,9,2,72.39711383992977
10,"(1,3)",0.8,33.27880896770687,9,2,70.55761793541375
11,"(1,3)",0.8,16.936232258735888,11,2,37.872464517471776
12,"(1,3)",0.8,36.06200037322822,8,2,76.12400074645645
13,"(1,3)",0.8,53.78953393662064,7,2,111.57906787324129
14,"(1,3)",0.8,54.09491558617182,7,2,112.18983117234364
15,"(1,3)",0.8,36.06200037322822,8,2,76.12400074645645
16,"(1,3)",0.8,53.90137341837618,6,2,111.80274683675236
17,"(1,3)",0.8,53.78953393662064,7,2,111.57906787324129
18,"(1,3)",0.8,76.92722434831664,7,2,157.85444869663328
19,"(1,3)",0.8,53.78953393662064,7,2,111.57906787324129
20,"(1,3)",0.8,54.09491558617182,7,2,112.18983117234364
1,"(1,3)",0.9,55.66935865258745,8,2,115.3387173051749
2,"(1,3)",0.9,53.07554377422041,8,2,110.15108754844081
3,"(1,3)",0.9,54.67759446822049,7,2,113.35518893644098
4,"(1,3)",0.9,53.21897944552097,7,2,110.43795889104194
5,"(1,3)",0.9,54.283064291467554,8,2,112.56612858293511
6,"(1,3)",0.9,72.66749229608041,6,2,149.33498459216082
7,"(1,3)",0.9,72.66749229608041,6,2,149.33498459216082
8,"(1,3)",0.9,96.27031897481876,6,2,196.54063794963753
9,"(1,3)",0.9,34.75675733794938,9,2,73.51351467589876
10,"(1,3)",0.9,35.16415855508441,9,2,74.32831711016883
11,"(1,3)",0.9,18.29609347733531,11,2,40.59218695467062
12,"(1,3)",0.9,54.86923935247533,8,2,113.73847870495067
13,"(1,3)",0.9,53.21897944552097,7,2,110.43795889104194
14,"(1,3)",0.9,52.90052571440244,7,2,109.80105142880488
15,"(1,3)",0.9,54.86923935247533,8,2,113.73847870495067
16,"(1,3)",0.9,72.66749229608041,6,2,149.33498459216082
17,"(1,3)",0.9,53.21897944552097,7,2,110.43795889104194
18,"(1,3)",0.9,95.69334322602087,7,2,195.38668645204174
19,"(1,3)",0.9,53.21897944552097,7,2,110.43795889104194
20,"(1,3)",0.9,52.90052571440244,7,2,109.80105142880488
1,"(2,1)",0.1,47.8073222824931,8,1,97.6146445649862
2,"(2,1)",0.1,15.804324867744167,8,1,33.608649735488335
3,"(2,1)",0.1,100.21513180306991,7,1,202.43026360613982
4,"(2,1)",0.1,80.40815669799765,7,1,162.8163133959953
5,"(2,1)",0.1,46.60334947816716,8,1,95.20669895633432
6,"(2,1)",0.1,96.70857390574993,6,1,195.41714781149986
7,"(2,1)",0.1,96.70857390574993,6,1,195.41714781149986
8,"(2,1)",0.1,138.15510557964274,6,1,278.3102111592855
9,"(2,1)",0.1,16.805356828073414,9,1,35.61071365614683
10,"(2,1)",0.1,24.578530508555946,9,1,51.15706101711189
11,"(2,1)",0.1,46.42702398689866,11,1,94.85404797379732
12,"(2,1)",0.1,24.781471352552636,8,1,51.56294270510527
13,"(2,1)",0.1,80.40815669799765,7,1,162.8163133959953
14,"(2,1)",0.1,75.81303684786306,7,1,153.62607369572612
15,"(2,1)",0.1,24.781471352552636,8,1,51.56294270510527
16,"(2,1)",0.1,96.70857390574993,6,1,195.41714781149986
17,"(2,1)",0.1,80.40815669799765,7,1,162.8163133959953
18,"(2,1)",0.1,119.73442483569039,7,1,241.46884967138078
19,"(2,1)",0.1,80.40815669799765,7,1,162.8163133959953
20,"(2,1)",0.1,75.81303684786306,7,1,153.62607369572612
1,"(2,1)",0.2,64.081422181928,8,2,132.162844363856
2,"(2,1)",0.2,33.426081335593544,8,2,70.85216267118709
3,"(2,1)",0.2,61.00664670103356,7,2,126.01329340206712
4,"(2,1)",0.2,58.60875142823518,7,2,121.21750285647036
5,"(2,1)",0.2,62.42319410532447,8,2,128.84638821064894
6,"(2,1)",0.2,59.17406523728525,6,2,122.3481304745705
7,"(2,1)",0.2,59.17406523728525,6,2,122.3481304745705
8,"(2,1)",0.2,138.15510557964274,6,2,280.3102111592855
9,"(2,1)",0.2,33.36154281445597,9,2,70.72308562891195
10,"(2,1)",0.2,39.33280465424643,9,2,82.66560930849286
11,"(2,1)",0.2,41.98969250703416,11,2,87.97938501406831
12,"(2,1)",0.2,41.055571251987544,8,2,86.11114250397509
13,"(2,1)",0.2,58.60875142823518,7,2,121.21750285647036
14,"(2,1)",0.2,54.71693113012455,7,2,113.4338622602491
15,"(2,1)",0.2,41.055571251987544,8,2,86.11114250397509
16,"(2,1)",0.2,59.17406523728525,6,2,122.3481304745705
17,"(2,1)",0.2,58.60875142823518,7,2,121.21750285647036
18,"(2,1)",0.2,82.19991616722571,7,2,168.39983233445142
19,"(2,1)",0.2,58.60875142823518,7,2,121.21750285647036
20,"(2,1)",0.2,54.71693113012455,7,2,113.4338622602491
1,"(2,1)",0.3,41.11829324219872,8,2,86.23658648439744
2,"(2,1)",0.3,32.32325282016332,8,2,68.64650564032664
3,"(2,1)",0.3,59.694941196904736,7,2,123.38988239380947
4,"(2,1)",0.3,56.32764536691826,7,2,116.65529073383652
5,"(2,1)",0.3,39.53417313774891,8,2,83.06834627549782
6,"(2,1)",0.3,75.58989329654885,6,2,155.1797865930977
7,"(2,1)",0.3,75.58989329654885,6,2,155.1797865930977
8,"(2,1)",0.3,119.73442483569039,6,2,243.46884967138078
9,"(2,1)",0.3,31.86117525619001,9,2,67.72235051238002
10,"(2,1)",0.3,34.476975723641,9,2,72.953951447282
11,"(2,1)",0.3,21.216749859257583,11,2,46.433499718515165
12,"(2,1)",0.3,36.52317339206412,8,2,77.04634678412825
13,"(2,1)",0.3,56.32764536691826,7,2,116.65529073383652
14,"(2,1)",0.3,54.59304431153015,7,2,113.1860886230603
15,"(2,1)",0.3,36.52317339206412,8,2,77.04634678412825
16,"(2,1)",0.3,75.58989329654885,6,2,155.1797865930977
17,"(2,1)",0.3,56.32764536691826,7,2,116.65529073383652
18,"(2,1)",0.3,98.61574422648931,7,2,201.23148845297862
19,"(2,1)",0.3,56.32764536691826,7,2,116.65529073383652
20,"(2,1)",0.3,54.59304431153015,7,2,113.1860886230603
1,"(2,1)",0.4,17.103196413892896,8,2,38.20639282778579
2,"(2,1)",0.4,13.121352688322649,8,2,30.242705376645297
3,"(2,1)",0.4,16.95114878426242,7,2,37.90229756852484
4,"(2,1)",0.4,14.117935440206203,7,2,32.235870880412406
5,"(2,1)",0.4,15.419650529305073,8,2,34.83930105861015
6,"(2,1)",0.4,34.130116395906,6,2,72.260232791812
7,"(2,1)",0.4,34.130116395906,6,2,72.260232791812
8,"(2,1)",0.4,98.6056938906358,6,2,201.2113877812716
9,"(2,1)",0.4,11.439361583206841,9,2,26.878723166413682
10,"(2,1)",0.4,10.793220445022827,9,2,25.586440890045655
11,"(2,1)",0.4,14.394678880661207,11,2,32.789357761322414
12,"(2,1)",0.4,14.158757434726457,8,2,32.317514869452914
13,"(2,1)",0.4,14.117935440206203,7,2,32.235870880412406
14,"(2,1)",0.4,13.876773383389313,7,2,31.753546766778626
15,"(2,1)",0.4,14.158757434726457,8,2,32.317514869452914
16,"(2,1)",0.4,34.130116395906,6,2,72.260232791812
17,"(2,1)",0.4,14.117935440206203,7,2,32.235870880412406
18,"(2,1)",0.4,18.705167925507627,7,2,41.410335851015255
19,"(2,1)",0.4,14.117935440206203,7,2,32.235870880412406
20,"(2,1)",0.4,13.876773383389313,7,2,31.753546766778626
1,"(2,1)",0.5,34.224926700668675,8,2,72.44985340133735
2,"(2,1)",0.5,33.38055270344156,8,2,70.76110540688312
3,"(2,1)",0.5,36.070753391167,7,2,76.141506782334
4,"(2,1)",0.5,33.36270319006479,7,2,70.72540638012958
5,"(2,1)",0.5,33.186033646702185,8,2,70.37206729340437
6,"(2,1)",0.5,54.40805252618032,6,2,112.81610505236064
7,"(2,1)",0.5,54.40805252618032,6,2,112.81610505236064
8,"(2,1)",0.5,116.78998585652394,6,2,237.57997171304788
9,"(2,1)",0.5,32.15091215236705,9,2,68.3018243047341
10,"(2,1)",0.5,30.506382920121677,9,2,65.01276584024336
11,"(2,1)",0.5,13.104556698040579,11,2,30.209113396081158
12,"(2,1)",0.5,32.77491652516268,8,2,69.54983305032536
13,"(2,1)",0.5,33.36270319006479,7,2,70.72540638012958
14,"(2,1)",0.5,33.68547658232785,7,2,71.3709531646557
15,"(2,1)",0.5,32.77491652516268,8,2,69.54983305032536
16,"(2,1)",0.5,54.40805252618032,6,2,112.81610505236064
17,"(2,1)",0.5,33.36270319006479,7,2,70.72540638012958
18,"(2,1)",0.5,59.013222712168414,7,2,122.02644542433683
19,"(2,1)",0.5,33.36270319006479,7,2,70.72540638012958
20,"(2,1)",0.5,33.68547658232785,7,2,71.3709531646557
1,"(2,1)",0.6,34.48451880439336,8,2,72.96903760878672
2,"(2,1)",0.6,34.619705014888666,8,2,73.23941002977733
3,"(2,1)",0.6,35.38280460643027,7,2,74.76560921286054
4,"(2,1)",0.6,33.480697080033345,7,2,70.96139416006669
5,"(2,1)",0.6,33.434696679894685,8,2,70.86939335978937
6,"(2,1)",0.6,53.159128333992115,6,2,110.31825666798423
7,"(2,1)",0.6,53.159128333992115,6,2,110.31825666798423
8,"(2,1)",0.6,97.70282617909379,6,2,199.40565235818758
9,"(2,1)",0.6,35.07869262086098,9,2,74.15738524172195
10,"(2,1)",0.6,33.361467472119685,9,2,70.72293494423937
11,"(2,1)",0.6,33.72798761504267,11,2,71.45597523008534
12,"(2,1)",0.6,33.952301990646056,8,2,71.90460398129211
13,"(2,1)",0.6,33.480697080033345,7,2,70.96139416006669
14,"(2,1)",0.6,34.12872382531282,7,2,72.25744765062564
15,"(2,1)",0.6,33.952301990646056,8,2,71.90460398129211
16,"(2,1)",0.6,53.159128333992115,6,2,110.31825666798423
17,"(2,1)",0.6,33.480697080033345,7,2,70.96139416006669
18,"(2,1)",0.6,57.764298519980215,7,2,119.52859703996043
19,"(2,1)",0.6,33.480697080033345,7,2,70.96139416006669
20,"(2,1)",0.6,34.12872382531282,7,2,72.25744765062564
1,"(2,1)",0.7,14.464050647217519,8,2,32.92810129443504
2,"(2,1)",0.7,15.773883842242931,8,2,35.54776768448586
3,"(2,1)",0.7,35.33265482274479,7,2,74.66530964548959
4,"(2,1)",0.7,33.7544694538148,7,2,71.5089389076296
5,"(2,1)",0.7,13.653120431001188,8,2,31.306240862002376
6,"(2,1)",0.7,53.93565712349111,6,2,111.87131424698222
7,"(2,1)",0.7,53.93565712349111,6,2,111.87131424698222
8,"(2,1)",0.7,97.2533010811916,6,2,198.5066021623832
9,"(2,1)",0.7,16.6791247379305,9,2,37.358249475861
10,"(2,1)",0.7,14.88113471895181,9,2,33.76226943790362
11,"(2,1)",0.7,13.797221774975448,11,2,31.594443549950896
12,"(2,1)",0.7,14.786824039480571,8,2,33.57364807896114
13,"(2,1)",0.7,33.7544694538148,7,2,71.5089389076296
14,"(2,1)",0.7,34.5873785767499,7,2,73.1747571534998
15,"(2,1)",0.7,14.786824039480571,8,2,33.57364807896114
16,"(2,1)",0.7,53.93565712349111,6,2,111.87131424698222
17,"(2,1)",0.7,33.7544694538148,7,2,71.5089389076296
18,"(2,1)",0.7,58.54082730947921,7,2,121.08165461895842
19,"(2,1)",0.7,33.7544694538148,7,2,71.5089389076296
20,"(2,1)",0.7,34.5873785767499,7,2,73.1747571534998
1,"(2,1)",0.8,53.77105007462948,8,2,111.54210014925896
2,"(2,1)",0.8,53.32556961944209,8,2,110.65113923888418
3,"(2,1)",0.8,54.70815711863066,7,2,113.41631423726132
4,"(2,1)",0.8,53.342916166708605,7,2,110.68583233341721
5,"(2,1)",0.8,53.40640696104157,8,2,110.81281392208314
6,"(2,1)",0.8,72.43569068202308,6,2,148.87138136404616
7,"(2,1)",0.8,72.43569068202308,6,2,148.87138136404616
8,"(2,1)",0.8,95.96663656102055,6,2,195.9332731220411
9,"(2,1)",0.8,34.91493921134323,9,2,73.82987842268646
10,"(2,1)",0.8,34.673003160679656,9,2,73.34600632135931
11,"(2,1)",0.8,17.188356191465914,11,2,38.37671238293183
12,"(2,1)",0.8,53.448276682366426,8,2,110.89655336473285
13,"(2,1)",0.8,53.342916166708605,7,2,110.68583233341721
14,"(2,1)",0.8,53.448276682366426,7,2,110.89655336473285
15,"(2,1)",0.8,53.448276682366426,8,2,110.89655336473285
16,"(2,1)",0.8,72.43569068202308,6,2,148.87138136404616
17,"(2,1)",0.8,53.342916166708605,7,2,110.68583233341721
18,"(2,1)",0.8,95.46154161196354,7,2,194.92308322392708
19,"(2,1)",0.8,53.342916166708605,7,2,110.68583233341721
20,"(2,1)",0.8,53.448276682366426,7,2,110.89655336473285
1,"(2,1)",0.9,75.80198701167647,8,2,155.60397402335295
2,"(2,1)",0.9,72.94250711197843,8,2,149.88501422395686
3,"(2,1)",0.9,74.84747506698211,7,2,153.69495013396423
4,"(2,1)",0.9,73.1427269747437,7,2,150.2854539494874
5,"(2,1)",0.9,74.51678876742795,8,2,153.0335775348559
6,"(2,1)",0.9,72.80725423845557,6,2,149.61450847691114
7,"(2,1)",0.9,72.80725423845557,6,2,149.61450847691114
8,"(2,1)",0.9,98.09486826686981,6,2,200.18973653373962
9,"(2,1)",0.9,53.28968268673343,9,2,110.57936537346686
10,"(2,1)",0.9,53.765352053514846,9,2,111.53070410702969
11,"(2,1)",0.9,18.462775355906786,11,2,40.92555071181357
12,"(2,1)",0.9,74.70337472300837,8,2,153.40674944601673
13,"(2,1)",0.9,73.1427269747437,7,2,150.2854539494874
14,"(2,1)",0.9,72.75406898495191,7,2,149.50813796990383
15,"(2,1)",0.9,74.70337472300837,8,2,153.40674944601673
16,"(2,1)",0.9,72.80725423845557,6,2,149.61450847691114
17,"(2,1)",0.9,73.1427269747437,7,2,150.2854539494874
18,"(2,1)",0.9,95.83310516839603,7,2,195.66621033679206
19,"(2,1)",0.9,73.1427269747437,7,2,150.2854539494874
20,"(2,1)",0.9,72.75406898495191,7,2,149.50813796990383
1,"(3,1)",0.1,107.63371270581803,8,1,217.26742541163605
2,"(3,1)",0.1,55.22559073405918,8,1,112.45118146811836
3,"(3,1)",0.1,119.73442483569039,7,1,241.46884967138078
4,"(3,1)",0.1,100.21513180306991,7,1,202.43026360613982
5,"(3,1)",0.1,86.3226602039695,8,1,174.645320407939
6,"(3,1)",0.1,96.70857390574993,6,1,195.41714781149986
7,"(3,1)",0.1,96.70857390574993,6,1,195.41714781149986
8,"(3,1)",0.1,138.15510557964274,6,1,278.3102111592855
9,"(3,1)",0.1,16.361358055963006,9,1,34.72271611192601
10,"(3,1)",0.1,24.43257659593287,9,1,50.86515319186574
11,"(3,1)",0.1,44.15462249021983,11,1,90.30924498043966
12,"(3,1)",0.1,84.60786177587758,8,1,171.21572355175516
13,"(3,1)",0.1,100.21513180306991,7,1,202.43026360613982
14,"(3,1)",0.1,95.62001195293531,7,1,193.24002390587063
15,"(3,1)",0.1,84.60786177587758,8,1,171.21572355175516
16,"(3,1)",0.1,96.70857390574993,6,1,195.41714781149986
17,"(3,1)",0.1,100.21513180306991,7,1,202.43026360613982
18,"(3,1)",0.1,119.73442483569039,7,1,241.46884967138078
19,"(3,1)",0.1,100.21513180306991,7,1,202.43026360613982
20,"(3,1)",0.1,95.62001195293531,7,1,193.24002390587063
1,"(3,1)",0.2,61.30074934128825,8,2,126.6014986825765
2,"(3,1)",0.2,32.554646033035674,8,2,69.10929206607135
3,"(3,1)",0.2,39.472450647870815,7,2,82.94490129574163
4,"(3,1)",0.2,37.030103612501605,7,2,78.06020722500321
5,"(3,1)",0.2,59.07612578976392,8,2,122.15225157952784
6,"(3,1)",0.2,56.97684065994902,6,2,117.95368131989804
7,"(3,1)",0.2,56.97684065994902,6,2,117.95368131989804
8,"(3,1)",0.2,138.15510557964274,6,2,280.3102111592855
9,"(3,1)",0.2,12.293415655685822,9,2,28.586831311371643
10,"(3,1)",0.2,15.789044482473614,9,2,35.57808896494723
11,"(3,1)",0.2,38.85884729994325,11,2,81.7176945998865
12,"(3,1)",0.2,38.274898411347806,8,2,80.54979682269561
13,"(3,1)",0.2,37.030103612501605,7,2,78.06020722500321
14,"(3,1)",0.2,34.716468683320976,7,2,73.43293736664195
15,"(3,1)",0.2,38.274898411347806,8,2,80.54979682269561
16,"(3,1)",0.2,56.97684065994902,6,2,117.95368131989804
17,"(3,1)",0.2,37.030103612501605,7,2,78.06020722500321
18,"(3,1)",0.2,60.88886366537717,7,2,125.77772733075435
19,"(3,1)",0.2,37.030103612501605,7,2,78.06020722500321
20,"(3,1)",0.2,34.716468683320976,7,2,73.43293736664195
1,"(3,1)",0.3,19.841079711844984,8,2,43.68215942368997
2,"(3,1)",0.3,13.391113601577956,8,2,30.782227203155912
3,"(3,1)",0.3,16.928837884844434,7,2,37.85767576968887
4,"(3,1)",0.3,14.688128195568474,7,2,33.37625639113695
5,"(3,1)",0.3,18.248448917727266,8,2,40.49689783545453
6,"(3,1)",0.3,53.55947834143352,6,2,111.11895668286704
7,"(3,1)",0.3,53.55947834143352,6,2,111.11895668286704
8,"(3,1)",0.3,119.04127765513044,6,2,242.0825553102609
9,"(3,1)",0.3,12.750292240019753,9,2,29.500584480039507
10,"(3,1)",0.3,13.715807258058437,9,2,31.431614516116873
11,"(3,1)",0.3,16.218810759232284,11,2,36.43762151846457
12,"(3,1)",0.3,15.94925941373436,8,2,35.89851882746872
13,"(3,1)",0.3,14.688128195568474,7,2,33.37625639113695
14,"(3,1)",0.3,13.743666586727624,7,2,31.487333173455248
15,"(3,1)",0.3,15.94925941373436,8,2,35.89851882746872
16,"(3,1)",0.3,53.55947834143352,6,2,111.11895668286704
17,"(3,1)",0.3,14.688128195568474,7,2,33.37625639113695
18,"(3,1)",0.3,38.64535549480113,7,2,81.29071098960226
19,"(3,1)",0.3,14.688128195568474,7,2,33.37625639113695
20,"(3,1)",0.3,13.743666586727624,7,2,31.487333173455248
1,"(3,1)",0.4,15.29160289503681,8,2,34.58320579007362
2,"(3,1)",0.4,13.167168962562993,8,2,30.334337925125986
3,"(3,1)",0.4,55.11224386676871,7,2,114.22448773353742
4,"(3,1)",0.4,52.29384560849763,7,2,108.58769121699525
5,"(3,1)",0.4,14.322202337848708,8,2,32.644404675697416
6,"(3,1)",0.4,73.1174091667594,6,2,150.2348183335188
7,"(3,1)",0.4,73.1174091667594,6,2,150.2348183335188
8,"(3,1)",0.4,117.24951818590239,6,2,238.49903637180478
9,"(3,1)",0.4,13.826453291886512,9,2,31.652906583773024
10,"(3,1)",0.4,12.989056502482018,9,2,29.978113004964037
11,"(3,1)",0.4,13.782039238445174,11,2,31.564078476890348
12,"(3,1)",0.4,13.299172730346605,8,2,30.59834546069321
13,"(3,1)",0.4,52.29384560849763,7,2,108.58769121699525
14,"(3,1)",0.4,52.29384560849763,7,2,108.58769121699525
15,"(3,1)",0.4,13.299172730346605,8,2,30.59834546069321
16,"(3,1)",0.4,73.1174091667594,6,2,150.2348183335188
17,"(3,1)",0.4,52.29384560849763,7,2,108.58769121699525
18,"(3,1)",0.4,96.14326009669986,7,2,196.28652019339972
19,"(3,1)",0.4,52.29384560849763,7,2,108.58769121699525
20,"(3,1)",0.4,52.29384560849763,7,2,108.58769121699525
1,"(3,1)",0.5,34.174197283370866,8,2,72.34839456674173
2,"(3,1)",0.5,34.22432402584713,8,2,72.44864805169426
3,"(3,1)",0.5,53.49851764164383,7,2,110.99703528328766
4,"(3,1)",0.5,51.824541208072155,7,2,107.64908241614431
5,"(3,1)",0.5,33.57457616082174,8,2,71.14915232164348
6,"(3,1)",0.5,52.51323403828272,6,2,109.02646807656544
7,"(3,1)",0.5,52.51323403828272,6,2,109.02646807656544
8,"(3,1)",0.5,97.91254671007586,6,2,199.82509342015172
9,"(3,1)",0.5,14.018852481982805,9,2,32.03770496396561
10,"(3,1)",0.5,12.52180675657021,9,2,29.04361351314042
11,"(3,1)",0.5,13.957506855901748,11,2,31.915013711803496
12,"(3,1)",0.5,33.32689942298366,8,2,70.65379884596732
13,"(3,1)",0.5,51.824541208072155,7,2,107.64908241614431
14,"(3,1)",0.5,52.34075768047302,7,2,108.68151536094604
15,"(3,1)",0.5,33.32689942298366,8,2,70.65379884596732
16,"(3,1)",0.5,52.51323403828272,6,2,109.02646807656544
17,"(3,1)",0.5,51.824541208072155,7,2,107.64908241614431
18,"(3,1)",0.5,75.53908496822318,7,2,155.07816993644636
19,"(3,1)",0.5,51.824541208072155,7,2,107.64908241614431
20,"(3,1)",0.5,52.34075768047302,7,2,108.68151536094604
1,"(3,1)",0.6,33.89136560852572,8,2,71.78273121705143
2,"(3,1)",0.6,34.96616201144284,8,2,73.93232402288568
3,"(3,1)",0.6,53.25718954716834,7,2,110.51437909433668
4,"(3,1)",0.6,51.255709546958215,7,2,106.51141909391643
5,"(3,1)",0.6,32.9993675692206,8,2,69.9987351384412
6,"(3,1)",0.6,53.6626546552765,6,2,111.325309310553
7,"(3,1)",0.6,53.6626546552765,6,2,111.325309310553
8,"(3,1)",0.6,116.20806431107422,6,2,236.41612862214845
9,"(3,1)",0.6,34.44209116092683,9,2,72.88418232185366
10,"(3,1)",0.6,31.81200250129433,9,2,67.62400500258866
11,"(3,1)",0.6,32.81572343063354,11,2,69.63144686126708
12,"(3,1)",0.6,33.22807139111545,8,2,70.4561427822309
13,"(3,1)",0.6,51.255709546958215,7,2,106.51141909391643
14,"(3,1)",0.6,52.35432183562632,7,2,108.70864367125264
15,"(3,1)",0.6,33.22807139111545,8,2,70.4561427822309
16,"(3,1)",0.6,53.6626546552765,6,2,111.325309310553
17,"(3,1)",0.6,51.255709546958215,7,2,106.51141909391643
18,"(3,1)",0.6,76.68850558521696,7,2,157.37701117043392
19,"(3,1)",0.6,51.255709546958215,7,2,106.51141909391643
20,"(3,1)",0.6,52.35432183562632,7,2,108.70864367125264
1,"(3,1)",0.7,34.107141771224136,8,2,72.21428354244827
2,"(3,1)",0.7,35.44168506729159,8,2,74.88337013458317
3,"(3,1)",0.7,52.897650345498604,7,2,109.79530069099721
4,"(3,1)",0.7,51.81673763392989,7,2,107.63347526785978
5,"(3,1)",0.7,33.57433724073937,8,2,71.14867448147874
6,"(3,1)",0.7,51.77063858230879,6,2,107.54127716461758
7,"(3,1)",0.7,51.77063858230879,6,2,107.54127716461758
8,"(3,1)",0.7,97.36250037315659,6,2,198.72500074631319
9,"(3,1)",0.7,16.296016536923613,9,2,36.592033073847226
10,"(3,1)",0.7,14.508711418044939,9,2,33.01742283608988
11,"(3,1)",0.7,14.819687390383912,11,2,33.639374780767824
12,"(3,1)",0.7,34.18718447889768,8,2,72.37436895779535
13,"(3,1)",0.7,51.81673763392989,7,2,107.63347526785978
14,"(3,1)",0.7,52.797566886941624,7,2,109.59513377388325
15,"(3,1)",0.7,34.18718447889768,8,2,72.37436895779535
16,"(3,1)",0.7,51.77063858230879,6,2,107.54127716461758
17,"(3,1)",0.7,51.81673763392989,7,2,107.63347526785978
18,"(3,1)",0.7,74.79648951224925,7,2,153.5929790244985
19,"(3,1)",0.7,51.81673763392989,7,2,107.63347526785978
20,"(3,1)",0.7,52.797566886941624,7,2,109.59513377388325
1,"(3,1)",0.8,15.300988498022711,8,2,34.60197699604542
2,"(3,1)",0.8,14.957700634866438,8,2,33.915401269732875
3,"(3,1)",0.8,34.81346590410813,7,2,73.62693180821626
4,"(3,1)",0.8,33.71485361544002,7,2,71.42970723088004
5,"(3,1)",0.8,14.42551976066881,8,2,32.85103952133762
6,"(3,1)",0.8,53.01100309674628,6,2,110.02200619349256
7,"(3,1)",0.8,53.01100309674628,6,2,110.02200619349256
8,"(3,1)",0.8,77.6566213849557,6,2,159.3132427699114
9,"(3,1)",0.8,16.00344943397748,9,2,36.00689886795496
10,"(3,1)",0.8,15.35112424793779,9,2,34.70224849587558
11,"(3,1)",0.8,15.409644437630334,11,2,34.81928887526067
12,"(3,1)",0.8,15.180844186180646,8,2,34.36168837236129
13,"(3,1)",0.8,33.71485361544002,7,2,71.42970723088004
14,"(3,1)",0.8,34.051325852061225,7,2,72.10265170412245
15,"(3,1)",0.8,15.180844186180646,8,2,34.36168837236129
16,"(3,1)",0.8,53.01100309674628,6,2,110.02200619349256
17,"(3,1)",0.8,33.71485361544002,7,2,71.42970723088004
18,"(3,1)",0.8,56.92302610217443,7,2,117.84605220434887
19,"(3,1)",0.8,33.71485361544002,7,2,71.42970723088004
20,"(3,1)",0.8,34.051325852061225,7,2,72.10265170412245
1,"(3,1)",0.9,56.03103772886098,8,2,116.06207545772196
2,"(3,1)",0.9,53.653239913370044,8,2,111.30647982674009
3,"(3,1)",0.9,74.53210300240099,7,2,153.06420600480197
4,"(3,1)",0.9,73.09174142001083,7,2,150.18348284002167
5,"(3,1)",0.9,55.56103409961524,8,2,115.12206819923048
6,"(3,1)",0.9,72.9226650899669,6,2,149.8453301799338
7,"(3,1)",0.9,72.9226650899669,6,2,149.8453301799338
8,"(3,1)",0.9,96.37210166912871,6,2,196.74420333825742
9,"(3,1)",0.9,34.455739513133615,9,2,72.91147902626723
10,"(3,1)",0.9,35.419072090537966,9,2,74.83814418107593
11,"(3,1)",0.9,20.17195527166069,11,2,44.34391054332138
12,"(3,1)",0.9,55.086576120020126,8,2,114.17315224004025
13,"(3,1)",0.9,73.09174142001083,7,2,150.18348284002167
14,"(3,1)",0.9,72.46111459643221,7,2,148.92222919286442
15,"(3,1)",0.9,55.086576120020126,8,2,114.17315224004025
16,"(3,1)",0.9,72.9226650899669,6,2,149.8453301799338
17,"(3,1)",0.9,73.09174142001083,7,2,150.18348284002167
18,"(3,1)",0.9,95.94851601990736,7,2,195.89703203981472
19,"(3,1)",0.9,73.09174142001083,7,2,150.18348284002167
20,"(3,1)",0.9,72.46111459643221,7,2,148.92222919286442
1,"(4,1)",0.1,65.83496043833584,8,1,133.66992087667168
2,"(4,1)",0.1,15.782766925039187,8,1,33.565533850078374
3,"(4,1)",0.1,99.92744973061812,7,1,201.85489946123624
4,"(4,1)",0.1,79.42732744498592,7,1,160.85465488997184
5,"(4,1)",0.1,64.2768158202893,8,1,130.5536316405786
6,"(4,1)",0.1,115.12925464970229,6,1,232.25850929940458
7,"(4,1)",0.1,115.12925464970229,6,1,232.25850929940458
8,"(4,1)",0.1,138.15510557964274,6,1,278.3102111592855
9,"(4,1)",0.1,11.499870256272494,9,1,24.99974051254499
10,"(4,1)",0.1,36.96806822158215,9,1,75.9361364431643
11,"(4,1)",0.1,58.52542788294542,11,1,119.05085576589084
12,"(4,1)",0.1,42.8091095083954,8,1,87.6182190167908
13,"(4,1)",0.1,79.42732744498592,7,1,160.85465488997184
14,"(4,1)",0.1,56.40147651504546,7,1,114.80295303009092
15,"(4,1)",0.1,42.8091095083954,8,1,87.6182190167908
16,"(4,1)",0.1,115.12925464970229,6,1,232.25850929940458
17,"(4,1)",0.1,79.42732744498592,7,1,160.85465488997184
18,"(4,1)",0.1,138.15510557964274,7,1,278.3102111592855
19,"(4,1)",0.1,79.42732744498592,7,1,160.85465488997184
20,"(4,1)",0.1,56.40147651504546,7,1,114.80295303009092
1,"(4,1)",0.2,42.6458752098351,8,2,89.2917504196702
2,"(4,1)",0.2,14.800120388361371,8,2,33.60024077672274
3,"(4,1)",0.2,18.9976461702229,7,2,41.9952923404458
4,"(4,1)",0.2,17.653911423521805,7,2,39.30782284704361
5,"(4,1)",0.2,40.85411574060704,8,2,85.70823148121409
6,"(4,1)",0.2,53.901065678721494,6,2,111.80213135744299
7,"(4,1)",0.2,53.901065678721494,6,2,111.80213135744299
8,"(4,1)",0.2,138.15510557964274,6,2,280.3102111592855
9,"(4,1)",0.2,12.756120993331468,9,2,29.512241986662936
10,"(4,1)",0.2,15.784265415636678,9,2,35.56853083127336
11,"(4,1)",0.2,37.17084951120306,11,2,78.34169902240612
12,"(4,1)",0.2,19.62002427989464,8,2,43.24004855978928
13,"(4,1)",0.2,17.653911423521805,7,2,39.30782284704361
14,"(4,1)",0.2,15.75295266232876,7,2,35.50590532465752
15,"(4,1)",0.2,19.62002427989464,8,2,43.24004855978928
16,"(4,1)",0.2,53.901065678721494,6,2,111.80213135744299
17,"(4,1)",0.2,17.653911423521805,7,2,39.30782284704361
18,"(4,1)",0.2,39.39240794019728,7,2,82.78481588039456
19,"(4,1)",0.2,17.653911423521805,7,2,39.30782284704361
20,"(4,1)",0.2,15.75295266232876,7,2,35.50590532465752
1,"(4,1)",0.3,14.997770090849363,8,2,33.99554018169873
2,"(4,1)",0.3,10.564800438644948,8,2,25.129600877289896
3,"(4,1)",0.3,16.995473409333876,7,2,37.99094681866775
4,"(4,1)",0.3,13.628177579347401,7,2,31.256355158694802
5,"(4,1)",0.3,13.62722408669761,8,2,31.25444817339522
6,"(4,1)",0.3,36.47394444743409,6,2,76.94788889486819
7,"(4,1)",0.3,36.47394444743409,6,2,76.94788889486819
8,"(4,1)",0.3,99.70430617930391,6,2,203.40861235860783
9,"(4,1)",0.3,11.327606195809071,9,2,26.655212391618143
10,"(4,1)",0.3,11.445590864695294,9,2,26.89118172939059
11,"(4,1)",0.3,14.004632998327677,11,2,32.00926599665536
12,"(4,1)",0.3,12.053331111682922,8,2,28.106662223365845
13,"(4,1)",0.3,13.628177579347401,7,2,31.256355158694802
14,"(4,1)",0.3,13.138629354028694,7,2,30.27725870805739
15,"(4,1)",0.3,12.053331111682922,8,2,28.106662223365845
16,"(4,1)",0.3,36.47394444743409,6,2,76.94788889486819
17,"(4,1)",0.3,13.628177579347401,7,2,31.256355158694802
18,"(4,1)",0.3,21.559821600801712,7,2,47.119643201603424
19,"(4,1)",0.3,13.628177579347401,7,2,31.256355158694802
20,"(4,1)",0.3,13.138629354028694,7,2,30.27725870805739
1,"(4,1)",0.4,13.643890021400265,8,2,31.28778004280053
2,"(4,1)",0.4,12.71361304755137,8,2,29.42722609510274
3,"(4,1)",0.4,34.11737494750417,7,2,72.23474989500833
4,"(4,1)",0.4,31.240989431582744,7,2,66.4819788631655
5,"(4,1)",0.4,12.72759928952611,8,2,29.45519857905222
6,"(4,1)",0.4,35.39830879296623,6,2,74.79661758593247
7,"(4,1)",0.4,35.39830879296623,6,2,74.79661758593247
8,"(4,1)",0.4,43.27911313764113,6,2,90.55822627528227
9,"(4,1)",0.4,12.89843773456344,9,2,29.79687546912688
10,"(4,1)",0.4,11.25419589993465,9,2,26.5083917998693
11,"(4,1)",0.4,12.982620579738342,11,2,29.965241159476683
12,"(4,1)",0.4,11.985661944796732,8,2,27.971323889593464
13,"(4,1)",0.4,31.240989431582744,7,2,66.4819788631655
14,"(4,1)",0.4,31.800605219518165,7,2,67.60121043903632
15,"(4,1)",0.4,11.985661944796732,8,2,27.971323889593464
16,"(4,1)",0.4,35.39830879296623,6,2,74.79661758593247
17,"(4,1)",0.4,31.240989431582744,7,2,66.4819788631655
18,"(4,1)",0.4,38.90486669028621,7,2,81.80973338057242
19,"(4,1)",0.4,31.240989431582744,7,2,66.4819788631655
20,"(4,1)",0.4,31.800605219518165,7,2,67.60121043903632
1,"(4,1)",0.5,32.888984331906244,8,2,69.77796866381249
2,"(4,1)",0.5,34.08604914661019,8,2,72.17209829322039
3,"(4,1)",0.5,52.26416825339125,7,2,108.5283365067825
4,"(4,1)",0.5,50.399383649148305,7,2,104.79876729829661
5,"(4,1)",0.5,32.442697229277826,8,2,68.88539445855565
6,"(4,1)",0.5,53.427319063196926,6,2,110.85463812639385
7,"(4,1)",0.5,53.427319063196926,6,2,110.85463812639385
8,"(4,1)",0.5,116.43858796968605,6,2,236.8771759393721
9,"(4,1)",0.5,15.567387994297622,9,2,35.134775988595244
10,"(4,1)",0.5,12.929413501821195,9,2,29.85882700364239
11,"(4,1)",0.5,13.827766357666231,11,2,31.655532715332463
12,"(4,1)",0.5,31.894361756762184,8,2,67.78872351352436
13,"(4,1)",0.5,50.399383649148305,7,2,104.79876729829661
14,"(4,1)",0.5,51.665050022479576,7,2,107.33010004495915
15,"(4,1)",0.5,31.894361756762184,8,2,67.78872351352436
16,"(4,1)",0.5,53.427319063196926,6,2,110.85463812639385
17,"(4,1)",0.5,50.399383649148305,7,2,104.79876729829661
18,"(4,1)",0.5,76.45316999313738,7,2,156.90633998627476
19,"(4,1)",0.5,50.399383649148305,7,2,104.79876729829661
20,"(4,1)",0.5,51.665050022479576,7,2,107.33010004495915
1,"(4,1)",0.6,14.36112756884727,8,2,32.72225513769454
2,"(4,1)",0.6,15.565335307979879,8,2,35.13067061595976
3,"(4,1)",0.6,15.715133673068273,7,2,35.430267346136546
4,"(4,1)",0.6,14.164536260657108,7,2,32.32907252131422
5,"(4,1)",0.6,13.554651702980323,8,2,31.109303405960645
6,"(4,1)",0.6,15.021986492508326,6,2,34.04397298501665
7,"(4,1)",0.6,15.021986492508326,6,2,34.04397298501665
8,"(4,1)",0.6,79.13186323209207,6,2,162.26372646418415
9,"(4,1)",0.6,15.593506184946573,9,2,35.18701236989315
10,"(4,1)",0.6,13.30097142780603,9,2,30.60194285561206
11,"(4,1)",0.6,12.56139992997004,11,2,29.12279985994008
12,"(4,1)",0.6,14.079276416706282,8,2,32.158552833412564
13,"(4,1)",0.6,14.164536260657108,7,2,32.32907252131422
14,"(4,1)",0.6,15.263148549325216,7,2,34.52629709865043
15,"(4,1)",0.6,14.079276416706282,8,2,32.158552833412564
16,"(4,1)",0.6,15.021986492508326,6,2,34.04397298501665
17,"(4,1)",0.6,14.164536260657108,7,2,32.32907252131422
18,"(4,1)",0.6,18.934009497936472,7,2,41.868018995872944
19,"(4,1)",0.6,14.164536260657108,7,2,32.32907252131422
20,"(4,1)",0.6,15.263148549325216,7,2,34.52629709865043
1,"(4,1)",0.7,34.328946680700135,8,2,72.65789336140027
2,"(4,1)",0.7,34.05929206858731,8,2,72.11858413717462
3,"(4,1)",0.7,35.88195609567828,7,2,75.76391219135655
4,"(4,1)",0.7,35.019732585074394,7,2,74.03946517014879
5,"(4,1)",0.7,33.70033802127776,8,2,71.40067604255552
6,"(4,1)",0.7,35.14798692059807,6,2,74.29597384119614
7,"(4,1)",0.7,35.14798692059807,6,2,74.29597384119614
8,"(4,1)",0.7,41.102941969502744,6,2,86.20588393900549
9,"(4,1)",0.7,15.249275598456666,9,2,34.49855119691333
10,"(4,1)",0.7,14.770177239305049,9,2,33.5403544786101
11,"(4,1)",0.7,16.323586399719463,11,2,36.64717279943893
12,"(4,1)",0.7,34.20880236885807,8,2,72.41760473771615
13,"(4,1)",0.7,35.019732585074394,7,2,74.03946517014879
14,"(4,1)",0.7,35.24751651594511,7,2,74.49503303189022
15,"(4,1)",0.7,34.20880236885807,8,2,72.41760473771615
16,"(4,1)",0.7,35.14798692059807,6,2,74.29597384119614
17,"(4,1)",0.7,35.019732585074394,7,2,74.03946517014879
18,"(4,1)",0.7,39.753157106586166,7,2,83.50631421317233
19,"(4,1)",0.7,35.019732585074394,7,2,74.03946517014879
20,"(4,1)",0.7,35.24751651594511,7,2,74.49503303189022
1,"(4,1)",0.8,55.273542345403314,8,2,114.54708469080663
2,"(4,1)",0.8,53.71883027948515,8,2,111.4376605589703
3,"(4,1)",0.8,55.35426278946335,7,2,114.7085255789267
4,"(4,1)",0.8,53.482460612561766,7,2,110.96492122512353
5,"(4,1)",0.8,53.9236156284543,8,2,111.8472312569086
6,"(4,1)",0.8,54.486762221758624,6,2,112.97352444351725
7,"(4,1)",0.8,54.486762221758624,6,2,112.97352444351725
8,"(4,1)",0.8,96.5015597363656,6,2,197.0031194727312
9,"(4,1)",0.8,54.005031966766495,9,2,112.01006393353299
10,"(4,1)",0.8,53.84585193853424,9,2,111.69170387706848
11,"(4,1)",0.8,17.636274942981373,11,2,39.272549885962746
12,"(4,1)",0.8,54.909576968201904,8,2,113.81915393640381
13,"(4,1)",0.8,53.482460612561766,7,2,110.96492122512353
14,"(4,1)",0.8,53.37927637632653,7,2,110.75855275265306
15,"(4,1)",0.8,54.909576968201904,8,2,113.81915393640381
16,"(4,1)",0.8,54.486762221758624,6,2,112.97352444351725
17,"(4,1)",0.8,53.482460612561766,7,2,110.96492122512353
18,"(4,1)",0.8,77.51261315169909,7,2,159.02522630339817
19,"(4,1)",0.8,53.482460612561766,7,2,110.96492122512353
20,"(4,1)",0.8,53.37927637632653,7,2,110.75855275265306
1,"(4,1)",0.9,18.49512846612228,8,2,40.99025693224456
2,"(4,1)",0.9,15.762291486037615,8,2,35.52458297207523
3,"(4,1)",0.9,56.248326335551795,7,2,116.49665267110359
4,"(4,1)",0.9,54.8620319744319,7,2,113.7240639488638
5,"(4,1)",0.9,17.39651617745417,8,2,38.79303235490834
6,"(4,1)",0.9,54.28221347917895,6,2,112.5644269583579
7,"(4,1)",0.9,54.28221347917895,6,2,112.5644269583579
8,"(4,1)",0.9,96.59524522044292,6,2,197.19049044088584
9,"(4,1)",0.9,16.893943628783923,9,2,37.787887257567846
10,"(4,1)",0.9,17.58370671135963,9,2,39.16741342271926
11,"(4,1)",0.9,17.882899219885,11,2,39.76579843977
12,"(4,1)",0.9,17.550666857281428,8,2,39.101333714562855
13,"(4,1)",0.9,54.8620319744319,7,2,113.7240639488638
14,"(4,1)",0.9,54.3954124431704,7,2,112.7908248863408
15,"(4,1)",0.9,17.550666857281428,8,2,39.101333714562855
16,"(4,1)",0.9,54.28221347917895,6,2,112.5644269583579
17,"(4,1)",0.9,54.8620319744319,7,2,113.7240639488638
18,"(4,1)",0.9,77.30806440911941,7,2,158.61612881823882
19,"(4,1)",0.9,54.8620319744319,7,2,113.7240639488638
20,"(4,1)",0.9,54.3954124431704,7,2,112.7908248863408
1,"(5,1)",0.1,45.87943063894046,8,1,93.75886127788092
2,"(5,1)",0.1,14.08253530965089,8,1,30.16507061930178
3,"(5,1)",0.1,81.28362543535155,7,1,164.5672508707031
4,"(5,1)",0.1,79.4918659661235,7,1,160.983731932247
5,"(5,1)",0.1,44.444346113651136,8,1,90.88869222730227
6,"(5,1)",0.1,78.28789316179756,6,1,158.5757863235951
7,"(5,1)",0.1,78.28789316179756,6,1,158.5757863235951
8,"(5,1)",0.1,138.15510557964274,6,1,278.3102111592855
9,"(5,1)",0.1,10.882008623450886,9,1,23.764017246901773
10,"(5,1)",0.1,18.217968497510675,9,1,38.43593699502135
11,"(5,1)",0.1,40.57469474031157,11,1,83.14938948062314
12,"(5,1)",0.1,22.853579709000005,8,1,47.70715941800001
13,"(5,1)",0.1,79.4918659661235,7,1,160.983731932247
14,"(5,1)",0.1,74.8967461159889,7,1,151.7934922319778
15,"(5,1)",0.1,22.853579709000005,8,1,47.70715941800001
16,"(5,1)",0.1,78.28789316179756,6,1,158.5757863235951
17,"(5,1)",0.1,79.4918659661235,7,1,160.983731932247
18,"(5,1)",0.1,101.31374409173802,7,1,204.62748818347603
19,"(5,1)",0.1,79.4918659661235,7,1,160.983731932247
20,"(5,1)",0.1,74.8967461159889,7,1,151.7934922319778
1,"(5,1)",0.2,60.75573235277399,8,2,125.51146470554798
2,"(5,1)",0.2,33.23419546968712,8,2,70.46839093937425
3,"(5,1)",0.2,57.487666283715015,7,2,118.97533256743003
4,"(5,1)",0.2,54.84860895409976,7,2,113.69721790819952
5,"(5,1)",0.2,59.168767296191945,8,2,122.33753459238389
6,"(5,1)",0.2,75.1098393314496,6,2,154.2196786628992
7,"(5,1)",0.2,75.1098393314496,6,2,154.2196786628992
8,"(5,1)",0.2,138.15510557964274,6,2,280.3102111592855
9,"(5,1)",0.2,10.906350564217192,9,2,25.812701128434384
10,"(5,1)",0.2,13.815071460781553,9,2,31.630142921563106
11,"(5,1)",0.2,35.64096213719966,11,2,75.28192427439932
12,"(5,1)",0.2,37.72988142283353,8,2,79.45976284566706
13,"(5,1)",0.2,54.84860895409976,7,2,113.69721790819952
14,"(5,1)",0.2,52.856178789409554,7,2,109.71235757881911
15,"(5,1)",0.2,37.72988142283353,8,2,79.45976284566706
16,"(5,1)",0.2,75.1098393314496,6,2,154.2196786628992
17,"(5,1)",0.2,54.84860895409976,7,2,113.69721790819952
18,"(5,1)",0.2,98.13569026139007,7,2,200.27138052278013
19,"(5,1)",0.2,54.84860895409976,7,2,113.69721790819952
20,"(5,1)",0.2,52.856178789409554,7,2,109.71235757881911
1,"(5,1)",0.3,37.049064854731064,8,2,78.09812970946213
2,"(5,1)",0.3,31.71188950543912,8,2,67.42377901087823
3,"(5,1)",0.3,37.320998570214705,7,2,78.64199714042941
4,"(5,1)",0.3,34.79526992590645,7,2,73.5905398518129
5,"(5,1)",0.3,35.60668102696013,8,2,75.21336205392026
6,"(5,1)",0.3,55.08775284676041,6,2,114.17550569352082
7,"(5,1)",0.3,55.08775284676041,6,2,114.17550569352082
8,"(5,1)",0.3,118.3481304745705,6,2,240.696260949141
9,"(5,1)",0.3,12.731831097138599,9,2,29.463662194277198
10,"(5,1)",0.3,13.448568788311661,9,2,30.897137576623322
11,"(5,1)",0.3,14.846453436646382,11,2,33.69290687329276
12,"(5,1)",0.3,33.871011024383115,8,2,71.74202204876623
13,"(5,1)",0.3,34.79526992590645,7,2,73.5905398518129
14,"(5,1)",0.3,33.99515062579434,7,2,71.99030125158868
15,"(5,1)",0.3,33.871011024383115,8,2,71.74202204876623
16,"(5,1)",0.3,55.08775284676041,6,2,114.17550569352082
17,"(5,1)",0.3,34.79526992590645,7,2,73.5905398518129
18,"(5,1)",0.3,59.692923032748496,7,2,123.38584606549699
19,"(5,1)",0.3,34.79526992590645,7,2,73.5905398518129
20,"(5,1)",0.3,33.99515062579434,7,2,71.99030125158868
1,"(5,1)",0.4,14.45244938925272,8,2,32.90489877850544
2,"(5,1)",0.4,13.216623882749698,8,2,30.433247765499395
3,"(5,1)",0.4,32.70571741319223,7,2,69.41143482638446
4,"(5,1)",0.4,30.898920066599636,7,2,65.79784013319927
5,"(5,1)",0.4,14.325697683613576,8,2,32.65139536722715
6,"(5,1)",0.4,33.65737528890368,6,2,71.31475057780736
7,"(5,1)",0.4,33.65737528890368,6,2,71.31475057780736
8,"(5,1)",0.4,99.3678339426827,6,2,202.7356678853654
9,"(5,1)",0.4,14.085138920573055,9,2,32.17027784114611
10,"(5,1)",0.4,12.607523377338996,9,2,29.215046754677992
11,"(5,1)",0.4,14.7205202521614,11,2,33.4410405043228
12,"(5,1)",0.4,11.86576004515478,8,2,27.73152009030956
13,"(5,1)",0.4,30.898920066599636,7,2,65.79784013319927
14,"(5,1)",0.4,31.262885443801046,7,2,66.52577088760209
15,"(5,1)",0.4,11.86576004515478,8,2,27.73152009030956
16,"(5,1)",0.4,33.65737528890368,6,2,71.31475057780736
17,"(5,1)",0.4,30.898920066599636,7,2,65.79784013319927
18,"(5,1)",0.4,37.56939829433182,7,2,79.13879658866364
19,"(5,1)",0.4,30.898920066599636,7,2,65.79784013319927
20,"(5,1)",0.4,31.262885443801046,7,2,66.52577088760209
1,"(5,1)",0.5,14.511483037926489,8,2,33.02296607585298
2,"(5,1)",0.5,15.00479780489351,8,2,34.00959560978702
3,"(5,1)",0.5,14.854796384708063,7,2,33.709592769416126
4,"(5,1)",0.5,13.1350104151051,7,2,30.2700208302102
5,"(5,1)",0.5,14.028631266202904,8,2,32.05726253240581
6,"(5,1)",0.5,33.519207313583024,6,2,71.03841462716605
7,"(5,1)",0.5,33.519207313583024,6,2,71.03841462716605
8,"(5,1)",0.5,97.91254671007586,6,2,199.82509342015172
9,"(5,1)",0.5,14.71088518269109,9,2,33.42177036538218
10,"(5,1)",0.5,12.887420783613283,9,2,29.774841567226566
11,"(5,1)",0.5,13.977556306759807,11,2,31.955112613519614
12,"(5,1)",0.5,13.664185177539284,8,2,31.32837035507857
13,"(5,1)",0.5,13.1350104151051,7,2,30.2700208302102
14,"(5,1)",0.5,13.798304632515364,7,2,31.59660926503073
15,"(5,1)",0.5,13.664185177539284,8,2,31.32837035507857
16,"(5,1)",0.5,33.519207313583024,6,2,71.03841462716605
17,"(5,1)",0.5,13.1350104151051,7,2,30.2700208302102
18,"(5,1)",0.5,19.010549575058807,7,2,42.021099150117614
19,"(5,1)",0.5,13.1350104151051,7,2,30.2700208302102
20,"(5,1)",0.5,13.798304632515364,7,2,31.59660926503073
1,"(5,1)",0.6,32.505979768093894,8,2,69.01195953618779
2,"(5,1)",0.6,33.541602722611266,8,2,71.08320544522253
3,"(5,1)",0.6,33.86915171179294,7,2,71.73830342358588
4,"(5,1)",0.6,32.77053942312482,7,2,69.54107884624965
5,"(5,1)",0.6,32.32829859085645,8,2,68.6565971817129
6,"(5,1)",0.6,34.79341061331627,6,2,73.58682122663254
7,"(5,1)",0.6,34.79341061331627,6,2,73.58682122663254
8,"(5,1)",0.6,97.62486463762407,6,2,199.24972927524814
9,"(5,1)",0.6,13.93307855626285,9,2,31.8661571125257
10,"(5,1)",0.6,12.314309316399864,9,2,28.62861863279973
11,"(5,1)",0.6,13.298287152437243,11,2,30.596574304874487
12,"(5,1)",0.6,32.100514659985734,8,2,68.20102931997147
13,"(5,1)",0.6,32.77053942312482,7,2,69.54107884624965
14,"(5,1)",0.6,33.52431122550121,7,2,71.04862245100242
15,"(5,1)",0.6,32.100514659985734,8,2,68.20102931997147
16,"(5,1)",0.6,34.79341061331627,6,2,73.58682122663254
17,"(5,1)",0.6,32.77053942312482,7,2,69.54107884624965
18,"(5,1)",0.6,39.398580799304355,7,2,82.79716159860871
19,"(5,1)",0.6,32.77053942312482,7,2,69.54107884624965
20,"(5,1)",0.6,33.52431122550121,7,2,71.04862245100242
1,"(5,1)",0.7,33.896001669682846,8,2,71.79200333936569
2,"(5,1)",0.7,34.59177623936366,8,2,73.18355247872732
3,"(5,1)",0.7,54.01136142956605,7,2,112.0227228591321
4,"(5,1)",0.7,52.556074196959216,7,2,109.11214839391843
5,"(5,1)",0.7,32.70883598367329,8,2,69.41767196734658
6,"(5,1)",0.7,53.21285373334828,6,2,110.42570746669657
7,"(5,1)",0.7,53.21285373334828,6,2,110.42570746669657
8,"(5,1)",0.7,96.56015390063165,6,2,197.1203078012633
9,"(5,1)",0.7,34.45390644514054,9,2,72.90781289028108
10,"(5,1)",0.7,32.89373958171322,9,2,69.78747916342644
11,"(5,1)",0.7,14.720330428923766,11,2,33.44066085784753
12,"(5,1)",0.7,34.2187750619459,8,2,72.4375501238918
13,"(5,1)",0.7,52.556074196959216,7,2,109.11214839391843
14,"(5,1)",0.7,53.279993036185914,7,2,110.55998607237183
15,"(5,1)",0.7,34.2187750619459,8,2,72.4375501238918
16,"(5,1)",0.7,53.21285373334828,6,2,110.42570746669657
17,"(5,1)",0.7,52.556074196959216,7,2,109.11214839391843
18,"(5,1)",0.7,76.23870466328874,7,2,156.4774093265775
19,"(5,1)",0.7,52.556074196959216,7,2,109.11214839391843
20,"(5,1)",0.7,53.279993036185914,7,2,110.55998607237183
1,"(5,1)",0.8,16.084878925722744,8,2,36.16975785144549
2,"(5,1)",0.8,15.464930068150938,8,2,34.929860136301876
3,"(5,1)",0.8,34.94158742819344,7,2,73.88317485638689
4,"(5,1)",0.8,33.75200336131961,7,2,71.50400672263922
5,"(5,1)",0.8,15.415829296741858,8,2,34.831658593483716
6,"(5,1)",0.8,52.78244967689287,6,2,109.56489935378573
7,"(5,1)",0.8,52.78244967689287,6,2,109.56489935378573
8,"(5,1)",0.8,75.85955686349796,6,2,155.71911372699591
9,"(5,1)",0.8,16.09604185779143,9,2,36.19208371558286
10,"(5,1)",0.8,15.724167694119302,9,2,35.448335388238604
11,"(5,1)",0.8,15.236318609820707,11,2,34.47263721964141
12,"(5,1)",0.8,15.762105533459692,8,2,35.524211066919385
13,"(5,1)",0.8,33.75200336131961,7,2,71.50400672263922
14,"(5,1)",0.8,33.90615404114686,7,2,71.81230808229373
15,"(5,1)",0.8,15.762105533459692,8,2,35.524211066919385
16,"(5,1)",0.8,52.78244967689287,6,2,109.56489935378573
17,"(5,1)",0.8,33.75200336131961,7,2,71.50400672263922
18,"(5,1)",0.8,57.38761986288095,7,2,118.7752397257619
19,"(5,1)",0.8,33.75200336131961,7,2,71.50400672263922
20,"(5,1)",0.8,33.90615404114686,7,2,71.81230808229373
1,"(5,1)",0.9,37.07054599913037,8,2,78.14109199826073
2,"(5,1)",0.9,34.97931067057549,8,2,73.95862134115097
3,"(5,1)",0.9,36.97179368799158,7,2,77.94358737598316
4,"(5,1)",0.9,35.27719796721718,7,2,74.55439593443435
5,"(5,1)",0.9,35.585160735366244,8,2,75.17032147073249
6,"(5,1)",0.9,35.256995259899654,6,2,74.51399051979931
7,"(5,1)",0.9,35.256995259899654,6,2,74.51399051979931
8,"(5,1)",0.9,78.18353314647331,6,2,160.36706629294662
9,"(5,1)",0.9,33.81557179841825,9,2,71.6311435968365
10,"(5,1)",0.9,33.8892050494617,9,2,71.7784100989234
11,"(5,1)",0.9,17.553798698254635,11,2,39.10759739650927
12,"(5,1)",0.9,36.538329185383056,8,2,77.07665837076611
13,"(5,1)",0.9,35.27719796721718,7,2,74.55439593443435
14,"(5,1)",0.9,35.04941403634646,7,2,74.09882807269292
15,"(5,1)",0.9,36.538329185383056,8,2,77.07665837076611
16,"(5,1)",0.9,35.256995259899654,6,2,74.51399051979931
17,"(5,1)",0.9,35.27719796721718,7,2,74.55439593443435
18,"(5,1)",0.9,39.86216544588774,7,2,83.72433089177548
19,"(5,1)",0.9,35.27719796721718,7,2,74.55439593443435
20,"(5,1)",0.9,35.04941403634646,7,2,74.09882807269292
1,"(6,1)",0.1,44.280145097970376,8,1,90.56029019594075
2,"(6,1)",0.1,12.807341054110237,8,1,27.614682108220475
3,"(6,1)",0.1,42.180500848973026,7,1,86.36100169794605
4,"(6,1)",0.1,41.26421011709887,7,1,84.52842023419774
5,"(6,1)",0.1,42.23245225460512,8,1,86.46490450921024
6,"(6,1)",0.1,76.4961336925695,6,1,154.992267385139
7,"(6,1)",0.1,76.4961336925695,6,1,154.992267385139
8,"(6,1)",0.1,138.15510557964274,6,1,278.3102111592855
9,"(6,1)",0.1,9.587730805119914,9,1,21.17546161023983
10,"(6,1)",0.1,15.986991075674341,9,1,33.97398215134868
11,"(6,1)",0.1,39.34086124030423,11,1,80.68172248060846
12,"(6,1)",0.1,21.254294168029922,8,1,44.508588336059844
13,"(6,1)",0.1,41.26421011709887,7,1,84.52842023419774
14,"(6,1)",0.1,37.788111427263594,7,1,77.57622285452719
15,"(6,1)",0.1,21.254294168029922,8,1,44.508588336059844
16,"(6,1)",0.1,76.4961336925695,6,1,154.992267385139
17,"(6,1)",0.1,41.26421011709887,7,1,84.52842023419774
18,"(6,1)",0.1,81.10130387855759,7,1,164.20260775711517
19,"(6,1)",0.1,41.26421011709887,7,1,84.52842023419774
20,"(6,1)",0.1,37.788111427263594,7,1,77.57622285452719
1,"(6,1)",0.2,78.90307980088829,8,2,161.80615960177659
2,"(6,1)",0.2,51.33006951191141,8,2,106.66013902382282
3,"(6,1)",0.2,56.986890995802526,7,2,117.97378199160505
4,"(6,1)",0.2,54.684305902808475,7,2,113.36861180561695
5,"(6,1)",0.2,77.25015677651444,8,2,158.5003135530289
6,"(6,1)",0.2,56.37070485637871,6,2,116.74140971275742
7,"(6,1)",0.2,56.37070485637871,6,2,116.74140971275742
8,"(6,1)",0.2,138.15510557964274,6,2,280.3102111592855
9,"(6,1)",0.2,12.092002269593678,9,2,28.184004539187356
10,"(6,1)",0.2,14.986238604256261,9,2,33.97247720851252
11,"(6,1)",0.2,36.28676073425827,11,2,76.57352146851655
12,"(6,1)",0.2,55.87722887094783,8,2,115.75445774189566
13,"(6,1)",0.2,54.684305902808475,7,2,113.36861180561695
14,"(6,1)",0.2,52.593564805874706,7,2,109.18712961174941
15,"(6,1)",0.2,55.87722887094783,8,2,115.75445774189566
16,"(6,1)",0.2,56.37070485637871,6,2,116.74140971275742
17,"(6,1)",0.2,54.684305902808475,7,2,113.36861180561695
18,"(6,1)",0.2,79.39655578631917,7,2,162.79311157263834
19,"(6,1)",0.2,54.684305902808475,7,2,113.36861180561695
20,"(6,1)",0.2,52.593564805874706,7,2,109.18712961174941
1,"(6,1)",0.3,16.971930027899226,8,2,37.94386005579845
2,"(6,1)",0.3,11.98101655628314,8,2,27.96203311256628
3,"(6,1)",0.3,53.8572107497388,7,2,111.7144214994776
4,"(6,1)",0.3,51.659986172402576,7,2,107.31997234480515
5,"(6,1)",0.3,16.191771470349654,8,2,36.38354294069931
6,"(6,1)",0.3,54.54030759444524,6,2,113.08061518889048
7,"(6,1)",0.3,54.54030759444524,6,2,113.08061518889048
8,"(6,1)",0.3,119.04127765513044,6,2,242.0825553102609
9,"(6,1)",0.3,11.268250588854043,9,2,26.536501177708086
10,"(6,1)",0.3,11.587185204809929,9,2,27.174370409619858
11,"(6,1)",0.3,16.180860759225123,11,2,36.361721518450246
12,"(6,1)",0.3,13.080109729788601,8,2,30.160219459577203
13,"(6,1)",0.3,51.659986172402576,7,2,107.31997234480515
14,"(6,1)",0.3,51.04094696399635,7,2,106.0818939279927
15,"(6,1)",0.3,13.080109729788601,8,2,30.160219459577203
16,"(6,1)",0.3,54.54030759444524,6,2,113.08061518889048
17,"(6,1)",0.3,51.659986172402576,7,2,107.31997234480515
18,"(6,1)",0.3,77.5661585243857,7,2,159.1323170487714
19,"(6,1)",0.3,51.659986172402576,7,2,107.31997234480515
20,"(6,1)",0.3,51.04094696399635,7,2,106.0818939279927
1,"(6,1)",0.4,14.59643785892136,8,2,33.192875717842725
2,"(6,1)",0.4,12.348883471230117,8,2,28.697766942460234
3,"(6,1)",0.4,32.91207200967963,7,2,69.82414401935927
4,"(6,1)",0.4,31.47359189538917,7,2,66.94718379077834
5,"(6,1)",0.4,13.680147127047206,8,2,31.360294254094413
6,"(6,1)",0.4,33.28501392608223,6,2,70.57002785216446
7,"(6,1)",0.4,33.28501392608223,6,2,70.57002785216446
8,"(6,1)",0.4,99.11651951440179,6,2,202.23303902880357
9,"(6,1)",0.4,11.701198664746927,9,2,27.402397329493855
10,"(6,1)",0.4,10.718827391383387,9,2,25.437654782766774
11,"(6,1)",0.4,13.49693129431128,11,2,30.99386258862256
12,"(6,1)",0.4,12.282802929740729,8,2,28.565605859481458
13,"(6,1)",0.4,31.47359189538917,7,2,66.94718379077834
14,"(6,1)",0.4,31.67426259085132,7,2,67.34852518170264
15,"(6,1)",0.4,12.282802929740729,8,2,28.565605859481458
16,"(6,1)",0.4,33.28501392608223,6,2,70.57002785216446
17,"(6,1)",0.4,31.47359189538917,7,2,66.94718379077834
18,"(6,1)",0.4,36.791571823402215,7,2,77.58314364680443
19,"(6,1)",0.4,31.47359189538917,7,2,66.94718379077834
20,"(6,1)",0.4,31.67426259085132,7,2,67.34852518170264
1,"(6,1)",0.5,31.95602278566639,8,2,67.91204557133278
2,"(6,1)",0.5,33.36921219492784,8,2,70.73842438985568
3,"(6,1)",0.5,32.51490570438616,7,2,69.02981140877232
4,"(6,1)",0.5,31.432293757064492,7,2,66.86458751412898
5,"(6,1)",0.5,31.486019156420653,8,2,66.9720383128413
6,"(6,1)",0.5,32.87954881797407,6,2,69.75909763594814
7,"(6,1)",0.5,32.87954881797407,6,2,69.75909763594814
8,"(6,1)",0.5,97.7583960302486,6,2,199.5167920604972
9,"(6,1)",0.5,14.96466083290536,9,2,33.92932166581072
10,"(6,1)",0.5,12.46242858599195,9,2,28.9248571719839
11,"(6,1)",0.5,13.521811493829846,11,2,31.043622987659692
12,"(6,1)",0.5,31.336983577260167,8,2,66.67396715452034
13,"(6,1)",0.5,31.432293757064492,7,2,66.86458751412898
14,"(6,1)",0.5,32.64060496298902,7,2,69.28120992597805
15,"(6,1)",0.5,31.336983577260167,8,2,66.67396715452034
16,"(6,1)",0.5,32.87954881797407,6,2,69.75909763594814
17,"(6,1)",0.5,31.432293757064492,7,2,66.86458751412898
18,"(6,1)",0.5,36.791571823402215,7,2,77.58314364680443
19,"(6,1)",0.5,31.432293757064492,7,2,66.86458751412898
20,"(6,1)",0.5,32.64060496298902,7,2,69.28120992597805
1,"(6,1)",0.6,52.59708433380969,8,2,109.19416866761938
2,"(6,1)",0.6,52.85318328042975,8,2,109.7063665608595
3,"(6,1)",0.6,53.18574161772983,7,2,110.37148323545966
4,"(6,1)",0.6,51.47276302635488,7,2,106.94552605270977
5,"(6,1)",0.6,51.8631151587295,8,2,107.726230317459
6,"(6,1)",0.6,52.45177244264963,6,2,108.90354488529925
7,"(6,1)",0.6,52.45177244264963,6,2,108.90354488529925
8,"(6,1)",0.6,116.02085276898607,6,2,236.04170553797215
9,"(6,1)",0.6,53.45931908400007,9,2,110.91863816800014
10,"(6,1)",0.6,52.1052855850984,9,2,108.2105711701968
11,"(6,1)",0.6,34.349675311131364,11,2,72.69935062226273
12,"(6,1)",0.6,52.23311895660828,8,2,108.46623791321656
13,"(6,1)",0.6,51.47276302635488,7,2,106.94552605270977
14,"(6,1)",0.6,52.04812717125845,7,2,108.0962543425169
15,"(6,1)",0.6,52.23311895660828,8,2,108.46623791321656
16,"(6,1)",0.6,52.45177244264963,6,2,108.90354488529925
17,"(6,1)",0.6,51.47276302635488,7,2,106.94552605270977
18,"(6,1)",0.6,75.47762337259009,7,2,154.95524674518018
19,"(6,1)",0.6,51.47276302635488,7,2,106.94552605270977
20,"(6,1)",0.6,52.04812717125845,7,2,108.0962543425169
1,"(6,1)",0.7,16.24814893920653,8,2,36.49629787841306
2,"(6,1)",0.7,16.019263535004022,8,2,36.038527070008044
3,"(6,1)",0.7,37.2476469323968,7,2,78.4952938647936
4,"(6,1)",0.7,34.637577139654795,7,2,73.27515427930959
5,"(6,1)",0.7,14.728323185462116,8,2,33.45664637092423
6,"(6,1)",0.7,54.80082710864444,6,2,113.60165421728888
7,"(6,1)",0.7,54.80082710864444,6,2,113.60165421728888
8,"(6,1)",0.7,115.8632238247825,6,2,235.726447649565
9,"(6,1)",0.7,16.25860906089451,9,2,36.51721812178902
10,"(6,1)",0.7,14.88762600367907,9,2,33.77525200735814
11,"(6,1)",0.7,14.558074209902433,11,2,33.116148419804865
12,"(6,1)",0.7,16.16810623153299,8,2,36.33621246306598
13,"(6,1)",0.7,34.637577139654795,7,2,73.27515427930959
14,"(6,1)",0.7,35.08488935769846,7,2,74.16977871539692
15,"(6,1)",0.7,16.16810623153299,8,2,36.33621246306598
16,"(6,1)",0.7,54.80082710864444,6,2,113.60165421728888
17,"(6,1)",0.7,34.637577139654795,7,2,73.27515427930959
18,"(6,1)",0.7,59.40599729463253,7,2,122.81199458926505
19,"(6,1)",0.7,34.637577139654795,7,2,73.27515427930959
20,"(6,1)",0.7,35.08488935769846,7,2,74.16977871539692
1,"(6,1)",0.8,16.35689028397206,8,2,36.71378056794412
2,"(6,1)",0.8,16.50462255233295,8,2,37.0092451046659
3,"(6,1)",0.8,35.17250212423254,7,2,74.34500424846507
4,"(6,1)",0.8,33.66842472745626,7,2,71.33684945491252
5,"(6,1)",0.8,15.53021171078759,8,2,35.06042342157518
6,"(6,1)",0.8,53.41882948104012,6,2,110.83765896208024
7,"(6,1)",0.8,53.41882948104012,6,2,110.83765896208024
8,"(6,1)",0.8,77.31333352179942,6,2,158.62666704359884
9,"(6,1)",0.8,16.289511172716008,9,2,36.579022345432016
10,"(6,1)",0.8,15.435244643012709,9,2,34.87048928602542
11,"(6,1)",0.8,16.531186529892285,11,2,37.06237305978457
12,"(6,1)",0.8,16.47703459581412,8,2,36.95406919162824
13,"(6,1)",0.8,33.66842472745626,7,2,71.33684945491252
14,"(6,1)",0.8,34.03021477206177,7,2,72.06042954412354
15,"(6,1)",0.8,16.47703459581412,8,2,36.95406919162824
16,"(6,1)",0.8,53.41882948104012,6,2,110.83765896208024
17,"(6,1)",0.8,33.66842472745626,7,2,71.33684945491252
18,"(6,1)",0.8,58.02399966702822,7,2,120.04799933405644
19,"(6,1)",0.8,33.66842472745626,7,2,71.33684945491252
20,"(6,1)",0.8,34.03021477206177,7,2,72.06042954412354
1,"(6,1)",0.9,57.258408131400955,8,2,118.51681626280191
2,"(6,1)",0.9,54.21748916449127,8,2,112.43497832898254
3,"(6,1)",0.9,56.20858600690228,7,2,116.41717201380456
4,"(6,1)",0.9,54.41682653767422,7,2,112.83365307534844
5,"(6,1)",0.9,55.895103288505766,8,2,115.79020657701153
6,"(6,1)",0.9,54.69445827427249,6,2,113.38891654854498
7,"(6,1)",0.9,54.69445827427249,6,2,113.38891654854498
8,"(6,1)",0.9,96.37210166912871,6,2,196.74420333825742
9,"(6,1)",0.9,53.9178785211742,9,2,111.8357570423484
10,"(6,1)",0.9,54.65103103634785,9,2,113.3020620726957
11,"(6,1)",0.9,39.04334442927031,11,2,82.08668885854063
12,"(6,1)",0.9,56.3139465225601,8,2,116.6278930451202
13,"(6,1)",0.9,54.41682653767422,7,2,112.83365307534844
14,"(6,1)",0.9,53.87783003694153,7,2,111.75566007388306
15,"(6,1)",0.9,56.3139465225601,8,2,116.6278930451202
16,"(6,1)",0.9,54.69445827427249,6,2,113.38891654854498
17,"(6,1)",0.9,54.41682653767422,7,2,112.83365307534844
18,"(6,1)",0.9,77.72030920421295,7,2,159.4406184084259
19,"(6,1)",0.9,54.41682653767422,7,2,112.83365307534844
20,"(6,1)",0.9,53.87783003694153,7,2,111.75566007388306
1,"(9,1)",0.1,61.70984421744699,8,1,125.41968843489398
2,"(9,1)",0.1,11.18365049522011,8,1,24.36730099044022
3,"(9,1)",0.1,63.086088242713394,7,1,128.1721764854268
4,"(9,1)",0.1,42.362822405766984,7,1,86.72564481153397
5,"(9,1)",0.1,59.432576932437236,8,1,120.86515386487447
6,"(9,1)",0.1,115.12925464970229,6,1,232.25850929940458
7,"(9,1)",0.1,115.12925464970229,6,1,232.25850929940458
8,"(9,1)",0.1,138.15510557964274,6,1,278.3102111592855
9,"(9,1)",0.1,8.351221772624314,9,1,18.702443545248627
10,"(9,1)",0.1,33.57429727990099,9,1,69.14859455980198
11,"(9,1)",0.1,56.84987882013817,11,1,115.69975764027635
12,"(9,1)",0.1,38.68399328750654,8,1,79.36798657501308
13,"(9,1)",0.1,42.362822405766984,7,1,86.72564481153397
14,"(9,1)",0.1,19.336971475826516,7,1,40.67394295165303
15,"(9,1)",0.1,38.68399328750654,8,1,79.36798657501308
16,"(9,1)",0.1,115.12925464970229,6,1,232.25850929940458
17,"(9,1)",0.1,42.362822405766984,7,1,86.72564481153397
18,"(9,1)",0.1,101.313744091738,7,1,204.627488183476
19,"(9,1)",0.1,42.362822405766984,7,1,86.72564481153397
20,"(9,1)",0.1,19.336971475826516,7,1,40.67394295165303
1,"(9,1)",0.2,18.510423848715114,8,2,41.02084769743023
2,"(9,1)",0.2,10.81237079870069,8,2,25.62474159740138
3,"(9,1)",0.2,15.632474610817507,7,2,35.264949221635014
4,"(9,1)",0.2,14.533862322149396,7,2,33.06772464429879
5,"(9,1)",0.2,17.55064800490122,8,2,39.10129600980244
6,"(9,1)",0.2,34.41779846835778,6,2,72.83559693671556
7,"(9,1)",0.2,34.41779846835778,6,2,72.83559693671556
8,"(9,1)",0.2,100.62059691117807,6,2,205.24119382235614
9,"(9,1)",0.2,9.831661081452605,9,2,23.66332216290521
10,"(9,1)",0.2,11.974818437518548,9,2,27.949636875037097
11,"(9,1)",0.2,16.351615383207772,11,2,36.703230766415544
12,"(9,1)",0.2,13.915303998580526,8,2,31.830607997161053
13,"(9,1)",0.2,14.533862322149396,7,2,33.06772464429879
14,"(9,1)",0.2,13.083852146643398,7,2,30.167704293286796
15,"(9,1)",0.2,13.915303998580526,8,2,31.830607997161053
16,"(9,1)",0.2,34.41779846835778,6,2,72.83559693671556
17,"(9,1)",0.2,14.533862322149396,7,2,33.06772464429879
18,"(9,1)",0.2,18.810528441165452,7,2,41.621056882330905
19,"(9,1)",0.2,14.533862322149396,7,2,33.06772464429879
20,"(9,1)",0.2,13.083852146643398,7,2,30.167704293286796
1,"(9,1)",0.3,16.514858109213943,8,2,37.029716218427886
2,"(9,1)",0.3,10.725096782182298,8,2,25.450193564364596
3,"(9,1)",0.3,14.763974542779701,7,2,33.5279490855594
4,"(9,1)",0.3,13.397098267516913,7,2,30.794196535033826
5,"(9,1)",0.3,15.547274082952235,8,2,35.09454816590447
6,"(9,1)",0.3,13.842910532152889,6,2,31.685821064305777
7,"(9,1)",0.3,13.842910532152889,6,2,31.685821064305777
8,"(9,1)",0.3,81.79445105911753,6,2,167.58890211823507
9,"(9,1)",0.3,11.311017774901469,9,2,26.622035549802938
10,"(9,1)",0.3,11.538075225536815,9,2,27.07615045107363
11,"(9,1)",0.3,17.039868205307748,11,2,38.079736410615496
12,"(9,1)",0.3,11.919738259079352,8,2,27.839476518158705
13,"(9,1)",0.3,13.397098267516913,7,2,30.794196535033826
14,"(9,1)",0.3,12.821734122613352,7,2,29.643468245226703
15,"(9,1)",0.3,11.919738259079352,8,2,27.839476518158705
16,"(9,1)",0.3,13.842910532152889,6,2,31.685821064305777
17,"(9,1)",0.3,13.397098267516913,7,2,30.794196535033826
18,"(9,1)",0.3,17.06178635702109,7,2,38.12357271404218
19,"(9,1)",0.3,13.397098267516913,7,2,30.794196535033826
20,"(9,1)",0.3,12.821734122613352,7,2,29.643468245226703
1,"(9,1)",0.4,14.432668369308388,8,2,32.865336738616776
2,"(9,1)",0.4,13.03024108852902,8,2,30.06048217705804
3,"(9,1)",0.4,30.956442157936333,7,2,65.91288431587267
4,"(9,1)",0.4,29.981882517938203,7,2,63.963765035876406
5,"(9,1)",0.4,14.137204156414551,8,2,32.2744083128291
6,"(9,1)",0.4,32.45606520436323,6,2,68.91213040872645
7,"(9,1)",0.4,32.45606520436323,6,2,68.91213040872645
8,"(9,1)",0.4,99.11651951440179,6,2,202.23303902880357
9,"(9,1)",0.4,12.516809238255242,9,2,29.033618476510483
10,"(9,1)",0.4,11.31013737696014,9,2,26.62027475392028
11,"(9,1)",0.4,15.022717784814219,11,2,34.04543556962844
12,"(9,1)",0.4,12.119033440127758,8,2,28.238066880255516
13,"(9,1)",0.4,29.981882517938203,7,2,63.963765035876406
14,"(9,1)",0.4,30.51409933168551,7,2,65.02819866337103
15,"(9,1)",0.4,12.119033440127758,8,2,28.238066880255516
16,"(9,1)",0.4,32.45606520436323,6,2,68.91213040872645
17,"(9,1)",0.4,29.981882517938203,7,2,63.963765035876406
18,"(9,1)",0.4,35.115325241296006,7,2,74.23065048259201
19,"(9,1)",0.4,29.981882517938203,7,2,63.963765035876406
20,"(9,1)",0.4,30.51409933168551,7,2,65.02819866337103
1,"(9,1)",0.5,14.099291403175208,8,2,32.198582806350416
2,"(9,1)",0.5,15.126907231866056,8,2,34.25381446373211
3,"(9,1)",0.5,13.616431004060367,7,2,31.232862008120733
4,"(9,1)",0.5,12.29076126475691,7,2,28.58152252951382
5,"(9,1)",0.5,13.693826295067044,8,2,31.38765259013409
6,"(9,1)",0.5,33.277223598954535,6,2,70.55444719790907
7,"(9,1)",0.5,33.277223598954535,6,2,70.55444719790907
8,"(9,1)",0.5,97.67615793201162,6,2,199.35231586402324
9,"(9,1)",0.5,14.788932365360306,9,2,33.57786473072061
10,"(9,1)",0.5,12.866303203242591,9,2,29.732606406485182
11,"(9,1)",0.5,13.212058257067302,11,2,30.424116514134603
12,"(9,1)",0.5,13.609743177856505,8,2,31.21948635571301
13,"(9,1)",0.5,12.29076126475691,7,2,28.58152252951382
14,"(9,1)",0.5,12.998946322681395,7,2,29.99789264536279
15,"(9,1)",0.5,13.609743177856505,8,2,31.21948635571301
16,"(9,1)",0.5,33.277223598954535,6,2,70.55444719790907
17,"(9,1)",0.5,12.29076126475691,7,2,28.58152252951382
18,"(9,1)",0.5,17.66995357176221,7,2,39.33990714352442
19,"(9,1)",0.5,12.29076126475691,7,2,28.58152252951382
20,"(9,1)",0.5,12.998946322681395,7,2,29.99789264536279
1,"(9,1)",0.6,33.49657447052961,8,2,70.99314894105922
2,"(9,1)",0.6,33.92349348055184,8,2,71.84698696110368
3,"(9,1)",0.6,34.60607070976205,7,2,73.2121414195241
4,"(9,1)",0.6,33.33560816416728,7,2,70.67121632833457
5,"(9,1)",0.6,32.76420657681638,8,2,69.52841315363275
6,"(9,1)",0.6,52.48775495298173,6,2,108.97550990596346
7,"(9,1)",0.6,52.48775495298173,6,2,108.97550990596346
8,"(9,1)",0.6,115.88427723398033,6,2,235.76855446796066
9,"(9,1)",0.6,16.136119916803406,9,2,36.27223983360681
10,"(9,1)",0.6,14.856688701225877,9,2,33.713377402451755
11,"(9,1)",0.6,14.900806474377305,11,2,33.80161294875461
12,"(9,1)",0.6,33.37643015868754,8,2,70.75286031737508
13,"(9,1)",0.6,33.33560816416728,7,2,70.67121632833457
14,"(9,1)",0.6,33.867824977914594,7,2,71.73564995582919
15,"(9,1)",0.6,33.37643015868754,8,2,70.75286031737508
16,"(9,1)",0.6,52.48775495298173,6,2,108.97550990596346
17,"(9,1)",0.6,33.33560816416728,7,2,70.67121632833457
18,"(9,1)",0.6,57.09292513896983,7,2,118.18585027793966
19,"(9,1)",0.6,33.33560816416728,7,2,70.67121632833457
20,"(9,1)",0.6,33.867824977914594,7,2,71.73564995582919
1,"(9,1)",0.7,34.63084957944173,8,2,73.26169915888346
2,"(9,1)",0.7,35.3496068161067,8,2,74.6992136322134
3,"(9,1)",0.7,55.68089657708428,7,2,115.36179315416857
4,"(9,1)",0.7,53.91990876652298,7,2,111.83981753304596
5,"(9,1)",0.7,33.60123016226058,8,2,71.20246032452116
6,"(9,1)",0.7,54.07145866465018,6,2,112.14291732930036
7,"(9,1)",0.7,54.07145866465018,6,2,112.14291732930036
8,"(9,1)",0.7,97.32476004517375,6,2,198.6495200903475
9,"(9,1)",0.7,35.77774072402758,9,2,75.55548144805516
10,"(9,1)",0.7,34.18970672025664,9,2,72.37941344051328
11,"(9,1)",0.7,15.08292639794142,11,2,34.16585279588284
12,"(9,1)",0.7,34.79119222951691,8,2,73.58238445903382
13,"(9,1)",0.7,53.91990876652298,7,2,111.83981753304596
14,"(9,1)",0.7,54.567935511802446,7,2,113.13587102360489
15,"(9,1)",0.7,34.79119222951691,8,2,73.58238445903382
16,"(9,1)",0.7,54.07145866465018,6,2,112.14291732930036
17,"(9,1)",0.7,53.91990876652298,7,2,111.83981753304596
18,"(9,1)",0.7,77.09730959459064,7,2,158.19461918918128
19,"(9,1)",0.7,53.91990876652298,7,2,111.83981753304596
20,"(9,1)",0.7,54.567935511802446,7,2,113.13587102360489
1,"(9,1)",0.8,35.71496429304336,8,2,75.42992858608672
2,"(9,1)",0.8,35.35797758552892,8,2,74.71595517105784
3,"(9,1)",0.8,53.7827877228233,7,2,111.5655754456466
4,"(9,1)",0.8,52.31645065402988,7,2,108.63290130805976
5,"(9,1)",0.8,34.65635733898895,8,2,73.3127146779779
6,"(9,1)",0.8,52.858128741278634,6,2,109.71625748255727
7,"(9,1)",0.8,52.858128741278634,6,2,109.71625748255727
8,"(9,1)",0.8,77.25115627684754,6,2,158.50231255369508
9,"(9,1)",0.8,35.088547000263404,9,2,74.17709400052681
10,"(9,1)",0.8,34.26678244188136,9,2,72.53356488376272
11,"(9,1)",0.8,17.613003286174212,11,2,39.226006572348425
12,"(9,1)",0.8,35.5948199812013,8,2,75.1896399624026
13,"(9,1)",0.8,52.31645065402988,7,2,108.63290130805976
14,"(9,1)",0.8,52.71333201844665,7,2,109.4266640368933
15,"(9,1)",0.8,35.5948199812013,8,2,75.1896399624026
16,"(9,1)",0.8,52.858128741278634,6,2,109.71625748255727
17,"(9,1)",0.8,52.31645065402988,7,2,108.63290130805976
18,"(9,1)",0.8,75.8839796712191,7,2,155.7679593424382
19,"(9,1)",0.8,52.31645065402988,7,2,108.63290130805976
20,"(9,1)",0.8,52.71333201844665,7,2,109.4266640368933
1,"(9,1)",0.9,39.591093428001585,8,2,83.18218685600317
2,"(9,1)",0.9,36.02910495163982,8,2,76.05820990327965
3,"(9,1)",0.9,57.52185523300727,7,2,119.04371046601455
4,"(9,1)",0.9,54.81380503190506,7,2,113.62761006381012
5,"(9,1)",0.9,37.60517794433257,8,2,79.21035588866513
6,"(9,1)",0.9,55.55574237663444,6,2,115.11148475326888
7,"(9,1)",0.9,55.55574237663444,6,2,115.11148475326888
8,"(9,1)",0.9,78.13947315667929,6,2,160.27894631335857
9,"(9,1)",0.9,35.47867407328148,9,2,74.95734814656296
10,"(9,1)",0.9,36.15936301891938,9,2,76.31872603783876
11,"(9,1)",0.9,38.50944623622951,11,2,81.01889247245902
12,"(9,1)",0.9,38.69570938094674,8,2,81.39141876189348
13,"(9,1)",0.9,54.81380503190506,7,2,113.62761006381012
14,"(9,1)",0.9,54.258279229221166,7,2,112.51655845844233
15,"(9,1)",0.9,38.69570938094674,8,2,81.39141876189348
16,"(9,1)",0.9,55.55574237663444,6,2,115.11148475326888
17,"(9,1)",0.9,54.81380503190506,7,2,113.62761006381012
18,"(9,1)",0.9,78.5815933065749,7,2,161.1631866131498
19,"(9,1)",0.9,54.81380503190506,7,2,113.62761006381012
20,"(9,1)",0.9,54.258279229221166,7,2,112.51655845844233
