run_id,theta,p_gen,total_nll,num_trials,k,aic
4,"(15,1)",0.1,1293.9155639953046,70,1,2589.8311279906093
5,"(15,1)",0.1,1261.7344954429186,69,1,2525.4689908858372
6,"(15,1)",0.1,789.4814612891212,50,1,1580.9629225782423
7,"(15,1)",0.1,917.8896796649781,57,1,1837.7793593299562
8,"(15,1)",0.1,628.3005047795378,43,1,1258.6010095590757
9,"(15,1)",0.1,1070.8819470501169,62,1,2143.7638941002338
10,"(15,1)",0.1,1298.093430781579,70,1,2598.186861563158
11,"(15,1)",0.1,689.1352477623495,46,1,1380.270495524699
12,"(15,1)",0.1,839.4249834471127,52,1,1680.8499668942254
13,"(15,1)",0.1,1290.912415082935,70,1,2583.82483016587
14,"(15,1)",0.1,660.4056143577528,44,1,1322.8112287155056
15,"(15,1)",0.1,879.4941239119493,54,1,1760.9882478238985
16,"(15,1)",0.1,1268.7848618081591,69,1,2539.5697236163182
17,"(15,1)",0.1,1197.2621128390856,67,1,2396.524225678171
18,"(15,1)",0.1,1270.8897130653643,69,1,2543.7794261307286
19,"(15,1)",0.1,1293.0031561798687,70,1,2588.0063123597374
20,"(15,1)",0.1,1261.7344954429186,69,1,2525.4689908858372
21,"(15,1)",0.1,1292.7841618838136,70,1,2587.568323767627
22,"(15,1)",0.1,381.9036971218572,33,1,765.8073942437144
23,"(15,1)",0.1,1021.7084310782111,60,1,2045.4168621564222
4,"(15,1)",0.2,1179.3340101839692,70,2,2362.6680203679384
5,"(15,1)",0.2,1245.5735972349737,69,2,2495.1471944699474
6,"(15,1)",0.2,674.6158662199256,50,2,1353.2317324398512
7,"(15,1)",0.2,807.6610281186994,57,2,1619.3220562373988
8,"(15,1)",0.2,513.4349097103423,43,2,1030.8698194206845
9,"(15,1)",0.2,958.7153535244323,62,2,1921.4307070488646
10,"(15,1)",0.2,1185.0416371110907,70,2,2374.0832742221814
11,"(15,1)",0.2,596.8809898573948,46,2,1197.7619797147895
12,"(15,1)",0.2,722.253195343547,52,2,1448.506390687094
13,"(15,1)",0.2,1176.527465086995,70,2,2357.05493017399
14,"(15,1)",0.2,548.3443813477259,44,2,1100.6887626954517
15,"(15,1)",0.2,765.9943740608129,54,2,1535.9887481216258
16,"(15,1)",0.2,1154.8456757545514,69,2,2313.691351509103
17,"(15,1)",0.2,1123.6419478219477,67,2,2251.2838956438954
18,"(15,1)",0.2,1156.3081592540289,69,2,2316.6163185080577
19,"(15,1)",0.2,1177.2523609658697,70,2,2358.5047219317394
20,"(15,1)",0.2,1190.3115550031168,69,2,2384.6231100062337
21,"(15,1)",0.2,1178.7743943960338,70,2,2361.5487887920676
22,"(15,1)",0.2,265.64819975016565,33,2,535.2963995003313
23,"(15,1)",0.2,908.2553077215601,60,2,1820.5106154431203
4,"(15,1)",0.3,1149.1786416879554,70,2,2302.357283375911
5,"(15,1)",0.3,1231.525162325212,69,2,2467.050324650424
6,"(15,1)",0.3,642.9421300671007,50,2,1289.8842601342014
7,"(15,1)",0.3,784.8357867864256,57,2,1573.6715735728512
8,"(15,1)",0.3,481.76117355751745,43,2,967.5223471150349
9,"(15,1)",0.3,933.8106706504789,62,2,1871.6213413009577
10,"(15,1)",0.3,1159.4539594280413,70,2,2322.9079188560827
11,"(15,1)",0.3,575.8658571330175,46,2,1155.731714266035
12,"(15,1)",0.3,689.6128711353879,52,2,1383.2257422707758
13,"(15,1)",0.3,1144.826637132462,70,2,2293.653274264924
14,"(15,1)",0.3,525.113674907344,44,2,1054.227349814688
15,"(15,1)",0.3,734.9765409153757,54,2,1473.9530818307514
16,"(15,1)",0.3,1123.389170705758,69,2,2250.778341411516
17,"(15,1)",0.3,1103.0424325771426,67,2,2210.084865154285
18,"(15,1)",0.3,1126.152790758015,69,2,2256.30558151603
19,"(15,1)",0.3,1144.895630003949,70,2,2293.791260007898
20,"(15,1)",0.3,1152.4263389471985,69,2,2308.852677894397
21,"(15,1)",0.3,1147.6280442755442,70,2,2299.2560885510884
22,"(15,1)",0.3,156.1675076074805,33,2,316.335015214961
23,"(15,1)",0.3,879.3082003425629,60,2,1762.6164006851259
4,"(15,1)",0.4,1114.2689191471952,70,2,2232.5378382943904
5,"(15,1)",0.4,1143.3030913217751,69,2,2290.6061826435503
6,"(15,1)",0.4,629.5200442462116,50,2,1263.0400884924231
7,"(15,1)",0.4,795.1422200349332,57,2,1594.2844400698664
8,"(15,1)",0.4,468.33908773662824,43,2,940.6781754732565
9,"(15,1)",0.4,909.2418552674544,62,2,1822.4837105349088
10,"(15,1)",0.4,1116.4745136369181,70,2,2236.9490272738362
11,"(15,1)",0.4,544.979673917613,46,2,1093.959347835226
12,"(15,1)",0.4,675.2077807288911,52,2,1354.4155614577821
13,"(15,1)",0.4,1113.4575679669651,70,2,2230.9151359339303
14,"(15,1)",0.4,496.8177588573855,44,2,997.635517714771
15,"(15,1)",0.4,722.0181021579774,54,2,1448.0362043159548
16,"(15,1)",0.4,1091.039306329223,69,2,2186.078612658446
17,"(15,1)",0.4,1052.8011573447986,67,2,2109.6023146895973
18,"(15,1)",0.4,1091.2430682172549,69,2,2186.4861364345097
19,"(15,1)",0.4,1113.062913774961,70,2,2230.125827549922
20,"(15,1)",0.4,1101.0500837820157,69,2,2206.1001675640314
21,"(15,1)",0.4,1114.2117607333553,70,2,2232.4235214667106
22,"(15,1)",0.4,121.28270803824049,33,2,246.56541607648097
23,"(15,1)",0.4,861.2209476959146,60,2,1726.4418953918291
4,"(15,1)",0.5,921.2199441054894,70,2,1846.4398882109788
5,"(15,1)",0.5,915.1546006287954,69,2,1834.3092012575908
6,"(15,1)",0.5,435.0919177156707,50,2,874.1838354313414
7,"(15,1)",0.5,603.2459924565164,57,2,1210.4919849130329
8,"(15,1)",0.5,236.37645253762275,43,2,476.7529050752455
9,"(15,1)",0.5,717.2301148019158,62,2,1438.4602296038315
10,"(15,1)",0.5,924.46277317138,70,2,1852.92554634276
11,"(15,1)",0.5,353.55839639237735,46,2,711.1167927847547
12,"(15,1)",0.5,480.52458036714546,52,2,965.0491607342909
13,"(15,1)",0.5,919.1675917749054,70,2,1842.3351835498108
14,"(15,1)",0.5,304.90845919740144,44,2,613.8169183948029
15,"(15,1)",0.5,527.7281259659173,54,2,1059.4562519318347
16,"(15,1)",0.5,897.3547634848109,69,2,1798.7095269696217
17,"(15,1)",0.5,861.0826282960952,67,2,1726.1652565921904
18,"(15,1)",0.5,898.1940931755489,69,2,1800.3881863510978
19,"(15,1)",0.5,918.6347872444206,70,2,1841.2695744888413
20,"(15,1)",0.5,909.1884538896718,69,2,1822.3769077793436
21,"(15,1)",0.5,920.8914400385173,70,2,1845.7828800770346
22,"(15,1)",0.5,67.94716622405333,33,2,139.89433244810667
23,"(15,1)",0.5,668.4856302130634,60,2,1340.9712604261267
4,"(15,1)",0.6,1032.5547142216192,70,2,2069.1094284432384
5,"(15,1)",0.6,1028.3556444036376,69,2,2060.711288807275
6,"(15,1)",0.6,543.3250592880923,50,2,1090.6501185761847
7,"(15,1)",0.6,719.4014046501821,57,2,1442.8028093003643
8,"(15,1)",0.6,344.6196444458978,43,2,693.2392888917956
9,"(15,1)",0.6,832.549657831018,62,2,1669.099315662036
10,"(15,1)",0.6,1039.7823162004822,70,2,2083.5646324009645
11,"(15,1)",0.6,434.69178333513656,46,2,873.3835666702731
12,"(15,1)",0.6,551.7352803599564,52,2,1107.4705607199128
13,"(15,1)",0.6,1027.6496293947437,70,2,2059.2992587894873
14,"(15,1)",0.6,385.14357391378917,44,2,774.2871478275783
15,"(15,1)",0.6,636.2101635857556,54,2,1276.4203271715112
16,"(15,1)",0.6,1006.9038907019452,69,2,2017.8077814038904
17,"(15,1)",0.6,979.4135707858605,67,2,1962.827141571721
18,"(15,1)",0.6,1009.5288632916787,69,2,2023.0577265833574
19,"(15,1)",0.6,1026.8679288168423,70,2,2057.7358576336846
20,"(15,1)",0.6,1026.9693500425178,69,2,2057.9387000850356
21,"(15,1)",0.6,1031.2149398761342,70,2,2066.4298797522683
22,"(15,1)",0.6,67.32014722480172,33,2,138.64029444960343
23,"(15,1)",0.6,780.9044845172984,60,2,1565.8089690345969
4,"(15,1)",0.7,771.1372543104029,70,2,1546.2745086208058
5,"(15,1)",0.7,758.031138780156,69,2,1520.062277560312
6,"(15,1)",0.7,267.12934687141166,50,2,538.2586937428233
7,"(15,1)",0.7,451.6947941095035,57,2,907.389588219007
8,"(15,1)",0.7,141.7012919325292,43,2,287.4025838650584
9,"(15,1)",0.7,566.2644329712705,62,2,1136.528865942541
10,"(15,1)",0.7,773.4970913407348,70,2,1550.9941826814695
11,"(15,1)",0.7,181.8461670753224,46,2,367.6923341506448
12,"(15,1)",0.7,238.8715012178543,52,2,481.7430024357086
13,"(15,1)",0.7,769.6519413401504,70,2,1543.3038826803008
14,"(15,1)",0.7,189.8669233804248,44,2,383.7338467608496
15,"(15,1)",0.7,378.2124755311624,54,2,760.4249510623248
16,"(15,1)",0.7,747.338213492229,69,2,1498.676426984458
17,"(15,1)",0.7,707.5186651226716,67,2,1419.0373302453431
18,"(15,1)",0.7,748.1114033804624,69,2,1500.2228067609249
19,"(15,1)",0.7,769.0828468082605,70,2,1542.165693616521
20,"(15,1)",0.7,754.911925449831,69,2,1513.823850899662
21,"(15,1)",0.7,770.6517464946212,70,2,1545.3034929892424
22,"(15,1)",0.7,54.60802139123176,33,2,113.21604278246352
23,"(15,1)",0.7,518.3727695403436,60,2,1040.7455390806872
4,"(15,1)",0.8,882.3092492400791,70,2,1768.6184984801582
5,"(15,1)",0.8,873.3107294589717,69,2,1750.6214589179433
6,"(15,1)",0.8,397.42814596081837,50,2,798.8562919216367
7,"(15,1)",0.8,562.8038442226466,57,2,1129.6076884452932
8,"(15,1)",0.8,139.62025953452573,43,2,283.24051906905146
9,"(15,1)",0.8,677.0756486404978,62,2,1358.1512972809955
10,"(15,1)",0.8,884.308307009962,70,2,1772.616614019924
11,"(15,1)",0.8,273.81515556890236,46,2,551.6303111378047
12,"(15,1)",0.8,405.58154674052696,52,2,815.1630934810539
13,"(15,1)",0.8,881.058026866558,70,2,1766.116053733116
14,"(15,1)",0.8,169.58169224063633,44,2,343.16338448127266
15,"(15,1)",0.8,489.61856105756993,54,2,983.2371221151399
16,"(15,1)",0.8,858.3950814303068,69,2,1720.7901628606137
17,"(15,1)",0.8,821.3536613913726,67,2,1646.7073227827452
18,"(15,1)",0.8,859.2833983101386,69,2,1722.5667966202773
19,"(15,1)",0.8,880.9710154895683,70,2,1765.9420309791367
20,"(15,1)",0.8,869.4848047929333,69,2,1742.9696095858667
21,"(15,1)",0.8,881.903784131971,70,2,1767.807568263942
22,"(15,1)",0.8,50.16654338544836,33,2,104.33308677089671
23,"(15,1)",0.8,629.51958525257,60,2,1263.03917050514
4,"(15,1)",0.9,854.2720626383608,70,2,1712.5441252767216
5,"(15,1)",0.9,839.4804115058404,69,2,1682.9608230116808
6,"(15,1)",0.9,353.12261718677,50,2,710.24523437354
7,"(15,1)",0.9,514.79697619266,57,2,1033.59395238532
8,"(15,1)",0.9,90.80025180843734,43,2,185.60050361687468
9,"(15,1)",0.9,629.5033739915423,62,2,1263.0067479830846
10,"(15,1)",0.9,855.1466627691054,70,2,1714.2933255382109
11,"(15,1)",0.9,203.96879759011622,46,2,411.93759518023245
12,"(15,1)",0.9,305.8013452400772,52,2,615.6026904801544
13,"(15,1)",0.9,854.8331709450084,70,2,1713.6663418900168
14,"(15,1)",0.9,139.33600220752163,44,2,282.67200441504326
15,"(15,1)",0.9,444.9830747279215,54,2,893.966149455843
16,"(15,1)",0.9,831.4385836010678,69,2,1666.8771672021355
17,"(15,1)",0.9,788.2559555023868,67,2,1580.5119110047735
18,"(15,1)",0.9,831.2462117084203,69,2,1666.4924234168407
19,"(15,1)",0.9,855.0761171236188,70,2,1714.1522342472376
20,"(15,1)",0.9,836.0146756030407,69,2,1676.0293512060814
21,"(15,1)",0.9,854.2720626383608,70,2,1712.5441252767216
22,"(15,1)",0.9,52.990620283575936,33,2,109.98124056715187
23,"(15,1)",0.9,582.6694453210478,60,2,1169.3388906420955
4,"(19,1)",0.1,1184.6972378605806,70,0,2369.394475721161
5,"(19,1)",0.1,1355.519667596996,69,0,2711.039335193992
6,"(19,1)",0.1,680.7066474850584,50,0,1361.4132949701168
7,"(19,1)",0.1,825.1549879866706,57,0,1650.3099759733411
8,"(19,1)",0.1,519.5256909754751,43,0,1039.0513819509501
9,"(19,1)",0.1,961.5183340970854,62,0,1923.0366681941707
10,"(19,1)",0.1,1189.3688977878373,70,0,2378.7377955756747
11,"(19,1)",0.1,671.7572554934234,46,0,1343.5145109868467
12,"(19,1)",0.1,729.3450386890372,52,0,1458.6900773780744
13,"(19,1)",0.1,1183.0997604174472,70,0,2366.1995208348944
14,"(19,1)",0.1,587.0724326764096,44,0,1174.1448653528191
15,"(19,1)",0.1,771.0423892871712,54,0,1542.0847785743424
16,"(19,1)",0.1,1160.4275495277504,69,0,2320.855099055501
17,"(19,1)",0.1,1217.3645620173538,67,0,2434.7291240347076
18,"(19,1)",0.1,1161.6713869306402,69,0,2323.3427738612804
19,"(19,1)",0.1,1184.8674223350963,70,0,2369.7348446701926
20,"(19,1)",0.1,1300.2576253651391,69,0,2600.5152507302782
21,"(19,1)",0.1,1183.8762573085107,70,0,2367.7525146170215
22,"(19,1)",0.1,234.28924369531705,33,0,468.5784873906341
23,"(19,1)",0.1,911.9476518198859,60,0,1823.8953036397718
4,"(19,1)",0.2,1197.202283858655,70,1,2396.40456771731
5,"(19,1)",0.2,1319.8210248205246,69,1,2641.642049641049
6,"(19,1)",0.2,690.5358366908898,50,1,1383.0716733817796
7,"(19,1)",0.2,825.4060730238966,57,1,1652.8121460477932
8,"(19,1)",0.2,529.3548801813065,43,1,1060.709760362613
9,"(19,1)",0.2,976.2780768728355,62,1,1954.556153745671
10,"(19,1)",0.2,1202.6043604594938,70,1,2407.2087209189876
11,"(19,1)",0.2,652.8255197346499,46,1,1307.6510394692998
12,"(19,1)",0.2,738.0375487262768,52,1,1478.0750974525536
13,"(19,1)",0.2,1192.410191384787,70,1,2386.820382769574
14,"(19,1)",0.2,566.3771083253748,44,1,1134.7542166507496
15,"(19,1)",0.2,781.8771003586048,54,1,1565.7542007172096
16,"(19,1)",0.2,1171.6326857789036,69,1,2345.265371557807
17,"(19,1)",0.2,1198.0071584431548,67,1,2398.0143168863096
18,"(19,1)",0.2,1174.1764329287146,69,1,2350.352865857429
19,"(19,1)",0.2,1193.1723314368337,70,1,2388.3446628736674
20,"(19,1)",0.2,1282.28651615206,69,1,2566.57303230412
21,"(19,1)",0.2,1195.998311054329,70,1,2393.996622108658
22,"(19,1)",0.2,281.43255313289546,33,1,564.8651062657909
23,"(19,1)",0.2,926.1364848010818,60,1,1854.2729696021636
4,"(19,1)",0.3,970.6690959821112,70,1,1943.3381919642225
5,"(19,1)",0.3,1001.4254450293647,69,1,2004.8508900587294
6,"(19,1)",0.3,482.28418252324707,50,1,966.5683650464941
7,"(19,1)",0.3,655.3125185702655,57,1,1312.625037140531
8,"(19,1)",0.3,321.10322601366374,43,1,644.2064520273275
9,"(19,1)",0.3,769.055478858848,62,1,1540.110957717696
10,"(19,1)",0.3,976.2881372283123,70,1,1954.5762744566246
11,"(19,1)",0.3,405.60755356219255,46,1,813.2151071243851
12,"(19,1)",0.3,528.4962270332031,52,1,1058.9924540664063
13,"(19,1)",0.3,966.30508785294,70,1,1934.61017570588
14,"(19,1)",0.3,357.27573946516964,44,1,716.5514789303393
15,"(19,1)",0.3,574.8656220439519,54,1,1151.7312440879039
16,"(19,1)",0.3,945.0222062280582,69,1,1892.0444124561163
17,"(19,1)",0.3,913.5625683820028,67,1,1829.1251367640057
18,"(19,1)",0.3,947.6432450521708,69,1,1897.2864901043415
19,"(19,1)",0.3,965.827052051997,70,1,1933.654104103994
20,"(19,1)",0.3,961.4060297111118,69,1,1924.8120594222237
21,"(19,1)",0.3,969.241979626471,70,1,1940.483959252942
22,"(19,1)",0.3,199.48016149385342,33,1,400.96032298770683
23,"(19,1)",0.3,718.9941736652,60,1,1439.9883473304
4,"(19,1)",0.4,986.0032939357883,70,1,1974.0065878715766
5,"(19,1)",0.4,1076.895342152753,69,1,2155.790684305506
6,"(19,1)",0.4,481.95328556114686,50,1,965.9065711222937
7,"(19,1)",0.4,612.4417154676382,57,1,1226.8834309352765
8,"(19,1)",0.4,320.77232905156353,43,1,643.5446581031271
9,"(19,1)",0.4,763.356278930996,62,1,1528.712557861992
10,"(19,1)",0.4,988.9995677085592,70,1,1979.9991354171184
11,"(19,1)",0.4,399.3077988189522,46,1,800.6155976379044
12,"(19,1)",0.4,528.165330071103,52,1,1058.330660142206
13,"(19,1)",0.4,983.8832550005855,70,1,1969.766510001171
14,"(19,1)",0.4,351.04562715498497,44,1,704.0912543099699
15,"(19,1)",0.4,574.0331587834985,54,1,1150.066317566997
16,"(19,1)",0.4,961.6666070559795,69,1,1925.333214111959
17,"(19,1)",0.4,925.2034404176156,67,1,1852.4068808352313
18,"(19,1)",0.4,962.9774430058478,69,1,1927.9548860116956
19,"(19,1)",0.4,983.9067854979957,70,1,1969.8135709959913
20,"(19,1)",0.4,994.8798297085258,69,1,1991.7596594170516
21,"(19,1)",0.4,985.3368150023105,70,1,1972.673630004621
22,"(19,1)",0.4,64.8215807708125,33,1,131.643161541625
23,"(19,1)",0.4,714.9697017805895,60,1,1431.939403561179
4,"(19,1)",0.5,991.585742257869,70,1,1985.171484515738
5,"(19,1)",0.5,997.8156925863931,69,1,1997.6313851727862
6,"(19,1)",0.5,506.2220895529461,50,1,1014.4441791058922
7,"(19,1)",0.5,669.8347383210254,57,1,1341.6694766420508
8,"(19,1)",0.5,269.58685330564265,43,1,541.1737066112853
9,"(19,1)",0.5,784.9639929707278,62,1,1571.9279859414555
10,"(19,1)",0.5,992.196651340192,70,1,1986.393302680384
11,"(19,1)",0.5,398.88168502831064,46,1,799.7633700566213
12,"(19,1)",0.5,551.8683263047188,52,1,1105.7366526094377
13,"(19,1)",0.5,990.1602718183402,70,1,1982.3205436366804
14,"(19,1)",0.5,333.2945251989558,44,1,668.5890503979116
15,"(19,1)",0.5,598.7208060093521,54,1,1199.4416120187043
16,"(19,1)",0.5,967.7191081485626,69,1,1937.438216297125
17,"(19,1)",0.5,924.882687142632,67,1,1851.765374285264
18,"(19,1)",0.5,968.5598913279285,69,1,1939.119782655857
19,"(19,1)",0.5,989.764959081696,70,1,1981.529918163392
20,"(19,1)",0.5,972.2561448424952,69,1,1946.5122896849905
21,"(19,1)",0.5,991.1802771497609,70,1,1984.3605542995217
22,"(19,1)",0.5,71.54925971917383,33,1,145.09851943834767
23,"(19,1)",0.5,738.6891475595326,60,1,1479.3782951190651
4,"(19,1)",0.6,1068.8629766168106,70,1,2139.725953233621
5,"(19,1)",0.6,1057.2783452701337,69,1,2116.5566905402675
6,"(19,1)",0.6,565.0139634212508,50,1,1132.0279268425015
7,"(19,1)",0.6,694.1871218948534,57,1,1390.3742437897067
8,"(19,1)",0.6,403.8330069116675,43,1,809.666013823335
9,"(19,1)",0.6,845.4158006877312,62,1,1692.8316013754625
10,"(19,1)",0.6,1071.0590894652942,70,1,2144.1181789305883
11,"(19,1)",0.6,479.60350281031606,46,1,961.2070056206321
12,"(19,1)",0.6,610.4778786162296,52,1,1222.9557572324593
13,"(19,1)",0.6,1067.5090606405322,70,1,2137.0181212810644
14,"(19,1)",0.6,432.2677854384356,44,1,866.5355708768712
15,"(19,1)",0.6,657.6589644234455,54,1,1317.317928846891
16,"(19,1)",0.6,1045.245588682721,69,1,2092.491177365442
17,"(19,1)",0.6,1005.2760008576653,67,1,2012.5520017153306
18,"(19,1)",0.6,1045.8371256868702,69,1,2093.6742513737404
19,"(19,1)",0.6,1066.9674633580994,70,1,2135.934926716199
20,"(19,1)",0.6,1053.4071442592258,69,1,2108.8142885184516
21,"(19,1)",0.6,1068.4721103081235,70,1,2138.944220616247
22,"(19,1)",0.6,87.8927932541883,33,1,177.7855865083766
23,"(19,1)",0.6,797.6062409102979,60,1,1597.2124818205957
4,"(19,1)",0.7,961.3738022160313,70,1,1924.7476044320626
5,"(19,1)",0.7,960.1041682638581,69,1,1922.2083365277163
6,"(19,1)",0.7,474.0576347416427,50,1,950.1152694832854
7,"(19,1)",0.7,645.2009427728974,57,1,1292.4018855457948
8,"(19,1)",0.7,218.31882706999426,43,1,438.6376541399885
9,"(19,1)",0.7,758.8103716688554,62,1,1519.6207433377108
10,"(19,1)",0.7,966.0430300383197,70,1,1934.0860600766393
11,"(19,1)",0.7,342.1112341108647,46,1,686.2224682217294
12,"(19,1)",0.7,519.6042416524666,52,1,1041.2084833049332
13,"(19,1)",0.7,958.1695988022826,70,1,1918.3391976045652
14,"(19,1)",0.7,309.0073542589131,44,1,620.0147085178262
15,"(19,1)",0.7,566.7301329932945,54,1,1135.460265986589
16,"(19,1)",0.7,936.4502362401937,69,1,1874.9004724803874
17,"(19,1)",0.7,905.9788787286734,67,1,1813.9577574573468
18,"(19,1)",0.7,938.3479512860908,69,1,1878.6959025721817
19,"(19,1)",0.7,957.6005042703927,70,1,1917.2010085407853
20,"(19,1)",0.7,955.7110917929978,69,1,1913.4221835859955
21,"(19,1)",0.7,960.2992874789422,70,1,1922.5985749578845
22,"(19,1)",0.7,56.63720982659686,33,1,115.27441965319372
23,"(19,1)",0.7,709.1880542753541,60,1,1420.3761085507083
4,"(19,1)",0.8,975.925861020539,70,1,1953.851722041078
5,"(19,1)",0.8,975.6025006295465,69,1,1953.205001259093
6,"(19,1)",0.8,470.8238904116226,50,1,943.6477808232452
7,"(19,1)",0.8,639.9376485274183,57,1,1281.8752970548367
8,"(19,1)",0.8,250.01927390713948,43,1,502.03854781427896
9,"(19,1)",0.8,753.7859693316586,62,1,1509.5719386633173
10,"(19,1)",0.8,979.4292581092218,70,1,1960.8585162184436
11,"(19,1)",0.8,372.4489853662879,46,1,746.8979707325758
12,"(19,1)",0.8,424.4082231745401,52,1,850.8164463490803
13,"(19,1)",0.8,973.3114728344017,70,1,1948.6229456688034
14,"(19,1)",0.8,340.94044904094187,44,1,683.8808980818837
15,"(19,1)",0.8,563.4613766173147,54,1,1128.9227532346295
16,"(19,1)",0.8,951.7121666682024,69,1,1905.4243333364047
17,"(19,1)",0.8,918.780210729446,67,1,1839.560421458892
18,"(19,1)",0.8,952.9000100905985,69,1,1907.800020181197
19,"(19,1)",0.8,972.7773903484714,70,1,1947.5547806969428
20,"(19,1)",0.8,968.338470486647,69,1,1938.676940973294
21,"(19,1)",0.8,975.3477831697637,70,1,1952.6955663395274
22,"(19,1)",0.8,53.04840455863819,33,1,108.09680911727638
23,"(19,1)",0.8,704.9240175636547,60,1,1411.8480351273095
4,"(19,1)",0.9,877.249888909786,70,1,1756.499777819572
5,"(19,1)",0.9,863.8360276329959,69,1,1729.6720552659917
6,"(19,1)",0.9,393.33992010362556,50,1,788.6798402072511
7,"(19,1)",0.9,556.1327000851213,57,1,1114.2654001702426
8,"(19,1)",0.9,153.25956724072537,43,1,308.51913448145075
9,"(19,1)",0.9,670.8903911783912,62,1,1343.7807823567823
10,"(19,1)",0.9,878.1230495478554,70,1,1758.2460990957109
11,"(19,1)",0.9,266.3393582488734,46,1,534.6787164977468
12,"(19,1)",0.9,383.7482121751202,52,1,769.4964243502404
13,"(19,1)",0.9,876.9927905275898,70,1,1755.9855810551796
14,"(19,1)",0.9,237.36126348497828,44,1,476.72252696995656
15,"(19,1)",0.9,485.5533247186018,54,1,973.1066494372036
16,"(19,1)",0.9,854.2538909429952,69,1,1710.5077818859904
17,"(19,1)",0.9,811.7216676528413,67,1,1625.4433353056827
18,"(19,1)",0.9,854.2240379798455,69,1,1710.448075959691
19,"(19,1)",0.9,876.8827896323755,70,1,1755.765579264751
20,"(19,1)",0.9,859.3626047178388,69,1,1720.7252094356777
21,"(19,1)",0.9,877.2797418729357,70,1,1756.5594837458714
22,"(19,1)",0.9,51.01132758900154,33,1,104.02265517800308
23,"(19,1)",0.9,623.9337799821262,60,1,1249.8675599642525
4,"(1,1)",0.1,172.2834991906119,70,1,346.5669983812238
5,"(1,1)",0.1,153.9545691995358,69,1,309.9091383990716
6,"(1,1)",0.1,142.68532470926053,50,1,287.37064941852105
7,"(1,1)",0.1,140.53951896493572,57,1,283.07903792987145
8,"(1,1)",0.1,101.86168435558227,43,1,205.72336871116454
9,"(1,1)",0.1,158.40623947264774,62,1,318.8124789452955
10,"(1,1)",0.1,165.7443474680831,70,1,333.4886949361662
11,"(1,1)",0.1,102.80136429553087,46,1,207.60272859106175
12,"(1,1)",0.1,271.18380281429864,52,1,544.3676056285973
13,"(1,1)",0.1,184.73627389377657,70,1,371.47254778755314
14,"(1,1)",0.1,78.60631964275021,44,1,159.21263928550042
15,"(1,1)",0.1,150.96570815859877,54,1,303.93141631719755
16,"(1,1)",0.1,173.03045792066314,69,1,348.0609158413263
17,"(1,1)",0.1,150.43923161456377,67,1,302.87846322912753
18,"(1,1)",0.1,169.0646233657437,69,1,340.1292467314874
19,"(1,1)",0.1,189.33139374391115,70,1,380.6627874878223
20,"(1,1)",0.1,155.14279364689358,69,1,312.28558729378716
21,"(1,1)",0.1,174.06328246879326,70,1,350.1265649375865
22,"(1,1)",0.1,102.87256246760802,33,1,207.74512493521604
23,"(1,1)",0.1,157.9351203526688,60,1,317.8702407053376
4,"(1,1)",0.2,124.66790180120363,70,2,253.33580360240725
5,"(1,1)",0.2,131.137955447654,69,2,266.275910895308
6,"(1,1)",0.2,110.97383154026872,50,2,225.94766308053744
7,"(1,1)",0.2,96.84533804883236,57,2,197.69067609766472
8,"(1,1)",0.2,120.49106435699126,43,2,244.98212871398252
9,"(1,1)",0.2,105.9574272637979,62,2,215.9148545275958
10,"(1,1)",0.2,122.71526931858911,70,2,249.43053863717822
11,"(1,1)",0.2,94.54282937354633,46,2,193.08565874709265
12,"(1,1)",0.2,204.79771352725362,52,2,413.59542705450724
13,"(1,1)",0.2,131.63536577464734,70,2,267.2707315492947
14,"(1,1)",0.2,88.42913555728276,44,2,180.85827111456553
15,"(1,1)",0.2,115.78225074273375,54,2,235.5645014854675
16,"(1,1)",0.2,124.62707980668335,69,2,253.2541596133667
17,"(1,1)",0.2,118.61853298292351,67,2,241.23706596584702
18,"(1,1)",0.2,122.36531670820958,69,2,248.73063341641915
19,"(1,1)",0.2,134.7816709066807,70,2,273.5633418133614
20,"(1,1)",0.2,125.77760269018657,69,2,255.55520538037314
21,"(1,1)",0.2,125.54337053855753,70,2,255.08674107711505
22,"(1,1)",0.2,62.37589512924676,33,2,128.75179025849351
23,"(1,1)",0.2,121.68193492262638,60,2,247.36386984525276
4,"(1,1)",0.3,160.06851526880342,70,2,324.13703053760685
5,"(1,1)",0.3,177.72755003946057,69,2,359.45510007892113
6,"(1,1)",0.3,106.68009492016732,50,2,217.36018984033464
7,"(1,1)",0.3,129.05435534913744,57,2,262.1087106982749
8,"(1,1)",0.3,90.68721197660943,43,2,185.37442395321887
9,"(1,1)",0.3,141.02954487125925,62,2,286.0590897425185
10,"(1,1)",0.3,163.126725117675,70,2,330.25345023535
11,"(1,1)",0.3,101.30842179253524,46,2,206.61684358507048
12,"(1,1)",0.3,123.58891808002441,52,2,251.17783616004883
13,"(1,1)",0.3,160.6372450065104,70,2,325.2744900130208
14,"(1,1)",0.3,92.42271919953329,44,2,188.84543839906658
15,"(1,1)",0.3,116.0327790260144,54,2,236.0655580520288
16,"(1,1)",0.3,156.8061543319955,69,2,317.612308663991
17,"(1,1)",0.3,161.06685760573632,67,2,326.13371521147263
18,"(1,1)",0.3,157.25510455204338,69,2,318.51020910408675
19,"(1,1)",0.3,162.53820376770346,70,2,329.07640753540693
20,"(1,1)",0.3,170.65449220885404,69,2,345.3089844177081
21,"(1,1)",0.3,159.78083319635167,70,2,323.56166639270333
22,"(1,1)",0.3,62.283914937033835,33,2,128.56782987406768
23,"(1,1)",0.3,133.4023038830155,60,2,270.804607766031
4,"(1,1)",0.4,139.48818353920043,70,2,282.97636707840087
5,"(1,1)",0.4,161.45178938376438,69,2,326.90357876752876
6,"(1,1)",0.4,88.21183023024717,50,2,180.42366046049435
7,"(1,1)",0.4,120.53852948442558,57,2,245.07705896885116
8,"(1,1)",0.4,75.12171134925384,43,2,154.2434226985077
9,"(1,1)",0.4,129.11152212455212,62,2,262.22304424910425
10,"(1,1)",0.4,147.69583460152606,70,2,299.3916692030521
11,"(1,1)",0.4,98.09972532697009,46,2,200.19945065394018
12,"(1,1)",0.4,99.76521726443188,52,2,203.53043452886376
13,"(1,1)",0.4,134.88260191523077,70,2,273.76520383046153
14,"(1,1)",0.4,91.18692597257068,44,2,186.37385194514135
15,"(1,1)",0.4,97.16740289335073,54,2,198.33480578670145
16,"(1,1)",0.4,133.640888782922,69,2,271.281777565844
17,"(1,1)",0.4,148.90210856474755,67,2,301.8042171294951
18,"(1,1)",0.4,137.08023793054855,69,2,278.1604758610971
19,"(1,1)",0.4,135.12376397204767,70,2,274.24752794409534
20,"(1,1)",0.4,156.4458526104497,69,2,316.8917052208994
21,"(1,1)",0.4,137.4957533745102,70,2,278.9915067490204
22,"(1,1)",0.4,49.58154712283319,33,2,103.16309424566639
23,"(1,1)",0.4,119.38423767494095,60,2,242.7684753498819
4,"(1,1)",0.5,181.97309052050477,70,2,367.94618104100954
5,"(1,1)",0.5,206.4195490117342,69,2,416.8390980234684
6,"(1,1)",0.5,129.52568558041358,50,2,263.05137116082716
7,"(1,1)",0.5,149.45990204623644,57,2,302.9198040924729
8,"(1,1)",0.5,88.24244188460172,43,2,180.48488376920344
9,"(1,1)",0.5,181.99870107082145,62,2,367.9974021416429
10,"(1,1)",0.5,189.32071233431236,70,2,382.6414246686247
11,"(1,1)",0.5,124.87539730768742,46,2,253.75079461537484
12,"(1,1)",0.5,235.34497001719078,52,2,474.68994003438155
13,"(1,1)",0.5,174.0160575076019,70,2,352.0321150152038
14,"(1,1)",0.5,112.08138393504925,44,2,228.1627678700985
15,"(1,1)",0.5,124.73418581623403,54,2,253.46837163246806
16,"(1,1)",0.5,174.94607182069583,69,2,353.89214364139167
17,"(1,1)",0.5,190.3943913564352,67,2,384.7887827128704
18,"(1,1)",0.5,178.97735824695079,69,2,361.95471649390157
19,"(1,1)",0.5,172.36980562204508,70,2,348.73961124409016
20,"(1,1)",0.5,200.19251839331346,69,2,404.3850367866269
21,"(1,1)",0.5,180.10128834360322,70,2,364.20257668720643
22,"(1,1)",0.5,52.63594253301697,33,2,109.27188506603395
23,"(1,1)",0.5,170.94954868534631,60,2,345.89909737069263
4,"(1,1)",0.6,165.4991943002772,70,2,334.9983886005544
5,"(1,1)",0.6,188.0568898339525,69,2,380.113779667905
6,"(1,1)",0.6,95.5434739804037,50,2,195.0869479608074
7,"(1,1)",0.6,132.99639985932384,57,2,269.9927997186477
8,"(1,1)",0.6,79.40714241513626,43,2,162.81428483027253
9,"(1,1)",0.6,146.51020454347082,62,2,297.02040908694164
10,"(1,1)",0.6,172.291538727748,70,2,348.583077455496
11,"(1,1)",0.6,106.5510613783365,46,2,217.102122756673
12,"(1,1)",0.6,104.02969310448938,52,2,212.05938620897876
13,"(1,1)",0.6,158.4131916869513,70,2,320.8263833739026
14,"(1,1)",0.6,98.26943425823302,44,2,200.53886851646604
15,"(1,1)",0.6,108.87363867902035,54,2,221.7472773580407
16,"(1,1)",0.6,158.774332169988,69,2,321.548664339976
17,"(1,1)",0.6,170.79542950062088,67,2,345.59085900124177
18,"(1,1)",0.6,162.5034620267232,69,2,329.0069240534464
19,"(1,1)",0.6,156.9468546181579,70,2,317.8937092363158
20,"(1,1)",0.6,180.27324923773128,69,2,364.54649847546256
21,"(1,1)",0.6,163.6609148154143,70,2,331.3218296308286
22,"(1,1)",0.6,50.17759386734622,33,2,104.35518773469244
23,"(1,1)",0.6,134.82516411976843,60,2,273.65032823953686
4,"(1,1)",0.7,137.1861012123208,70,2,278.3722024246416
5,"(1,1)",0.7,157.49245072609622,69,2,318.98490145219245
6,"(1,1)",0.7,88.82719877877227,50,2,181.65439755754454
7,"(1,1)",0.7,121.10759394737423,57,2,246.21518789474845
8,"(1,1)",0.7,76.1513895710881,43,2,156.3027791421762
9,"(1,1)",0.7,146.58376107620265,62,2,297.1675221524053
10,"(1,1)",0.7,143.30340852666137,70,2,290.60681705332274
11,"(1,1)",0.7,99.80423320960165,46,2,203.6084664192033
12,"(1,1)",0.7,99.66135461801693,52,2,203.32270923603386
13,"(1,1)",0.7,132.00910253626148,70,2,268.01820507252296
14,"(1,1)",0.7,91.9731246106689,44,2,187.9462492213378
15,"(1,1)",0.7,99.92027170430552,54,2,203.84054340861104
16,"(1,1)",0.7,132.1390982740537,69,2,268.2781965481074
17,"(1,1)",0.7,143.73361255523085,67,2,291.4672251104617
18,"(1,1)",0.7,134.9788262991311,69,2,273.9576525982622
19,"(1,1)",0.7,130.70504627337857,70,2,265.41009254675714
20,"(1,1)",0.7,150.7916740615749,69,2,305.5833481231498
21,"(1,1)",0.7,135.64565617137364,70,2,275.2913123427473
22,"(1,1)",0.7,50.56687975538232,33,2,105.13375951076463
23,"(1,1)",0.7,138.29639956115906,60,2,280.5927991223181
4,"(1,1)",0.8,114.2693462549495,70,2,232.538692509899
5,"(1,1)",0.8,127.22521953753522,69,2,258.45043907507045
6,"(1,1)",0.8,76.53918048420812,50,2,157.07836096841623
7,"(1,1)",0.8,99.50736231833966,57,2,203.01472463667932
8,"(1,1)",0.8,64.19530403855512,43,2,132.39060807711024
9,"(1,1)",0.8,106.98745233597806,62,2,217.97490467195612
10,"(1,1)",0.8,118.84365736586273,70,2,241.68731473172545
11,"(1,1)",0.8,81.81916318530963,46,2,167.63832637061927
12,"(1,1)",0.8,89.64099519338502,52,2,183.28199038677005
13,"(1,1)",0.8,110.3614662737879,70,2,224.7229325475758
14,"(1,1)",0.8,76.91085274801705,44,2,157.8217054960341
15,"(1,1)",0.8,83.80257262626672,54,2,171.60514525253345
16,"(1,1)",0.8,110.14310294564667,69,2,224.28620589129335
17,"(1,1)",0.8,117.27537528533195,67,2,238.5507505706639
18,"(1,1)",0.8,112.30323339857667,69,2,228.60646679715333
19,"(1,1)",0.8,109.57976569588651,70,2,223.15953139177302
20,"(1,1)",0.8,122.9952367501218,69,2,249.9904735002436
21,"(1,1)",0.8,113.14720346887118,70,2,230.29440693774237
22,"(1,1)",0.8,47.25879441495773,33,2,98.51758882991545
23,"(1,1)",0.8,100.71995374302588,60,2,205.43990748605177
4,"(1,1)",0.9,123.09846084196404,70,2,250.19692168392808
5,"(1,1)",0.9,137.26766062161542,69,2,278.53532124323084
6,"(1,1)",0.9,73.80863165533765,50,2,151.6172633106753
7,"(1,1)",0.9,98.3331160592365,57,2,200.666232118473
8,"(1,1)",0.9,60.81848288413095,43,2,125.6369657682619
9,"(1,1)",0.9,109.03809048503211,62,2,222.07618097006423
10,"(1,1)",0.9,127.35895586039965,70,2,258.7179117207993
11,"(1,1)",0.9,77.4862328651223,46,2,158.9724657302446
12,"(1,1)",0.9,85.78104807180277,52,2,175.56209614360554
13,"(1,1)",0.9,120.5147083575394,70,2,245.0294167150788
14,"(1,1)",0.9,69.58397992627978,44,2,143.16795985255956
15,"(1,1)",0.9,82.64354569961831,54,2,169.28709139923663
16,"(1,1)",0.9,119.06127469358188,69,2,242.12254938716376
17,"(1,1)",0.9,125.55316699646043,67,2,255.10633399292087
18,"(1,1)",0.9,120.69051523331217,69,2,245.38103046662434
19,"(1,1)",0.9,120.24027151183763,70,2,244.48054302367527
20,"(1,1)",0.9,132.63901807944217,69,2,269.27803615888433
21,"(1,1)",0.9,122.18217011008988,70,2,248.36434022017977
22,"(1,1)",0.9,44.08327126878761,33,2,92.16654253757522
23,"(1,1)",0.9,100.31681547125531,60,2,204.63363094251062
4,"(1,2)",0.1,148.0031616509548,70,1,298.0063233019096
5,"(1,2)",0.1,108.32507506708137,69,1,218.65015013416274
6,"(1,2)",0.1,161.91122438956063,50,1,325.82244877912126
7,"(1,2)",0.1,108.84493947938736,57,1,219.68987895877473
8,"(1,2)",0.1,154.81486332451323,43,1,311.62972664902645
9,"(1,2)",0.1,121.57605258821327,62,1,245.15210517642655
10,"(1,2)",0.1,136.35010735439985,70,1,274.7002147087997
11,"(1,2)",0.1,114.57463751962331,46,1,231.14927503924662
12,"(1,2)",0.1,220.88859905985498,52,1,443.77719811970996
13,"(1,2)",0.1,182.58019290811953,70,1,367.16038581623906
14,"(1,2)",0.1,77.5898674484232,44,1,157.1797348968464
15,"(1,2)",0.1,149.17945872815503,54,1,300.35891745631005
16,"(1,2)",0.1,153.40075858159463,69,1,308.80151716318926
17,"(1,2)",0.1,115.69328905961272,67,1,233.38657811922545
18,"(1,2)",0.1,145.70057655796077,69,1,293.40115311592155
19,"(1,2)",0.1,187.1651603867901,70,1,376.3303207735802
20,"(1,2)",0.1,116.29562257723333,69,1,234.59124515446666
21,"(1,2)",0.1,151.84261396354808,70,1,305.68522792709615
22,"(1,2)",0.1,113.20484289851359,33,1,228.40968579702718
23,"(1,2)",0.1,147.29285020447605,60,1,296.5857004089521
4,"(1,2)",0.2,124.36952172378675,70,2,252.7390434475735
5,"(1,2)",0.2,113.9222099631172,69,2,231.8444199262344
6,"(1,2)",0.2,91.44358982436098,50,2,186.88717964872197
7,"(1,2)",0.2,94.33455482854411,57,2,192.66910965708823
8,"(1,2)",0.2,81.269668416322,43,2,166.539336832644
9,"(1,2)",0.2,104.13696278018239,62,2,212.27392556036477
10,"(1,2)",0.2,119.75912381686595,70,2,243.5182476337319
11,"(1,2)",0.2,62.63309599224323,46,2,129.26619198448645
12,"(1,2)",0.2,107.42614406292545,52,2,218.8522881258509
13,"(1,2)",0.2,133.95506127667565,70,2,271.9101225533513
14,"(1,2)",0.2,62.30849818023826,44,2,128.61699636047652
15,"(1,2)",0.2,97.60535348828569,54,2,199.21070697657137
16,"(1,2)",0.2,125.43509415837666,69,2,254.8701883167533
17,"(1,2)",0.2,109.18384642404871,67,2,222.36769284809742
18,"(1,2)",0.2,121.96157611513487,69,2,247.92315223026975
19,"(1,2)",0.2,137.84688157478632,70,2,279.69376314957265
20,"(1,2)",0.2,113.69766683144857,69,2,231.39533366289714
21,"(1,2)",0.2,125.95364182823656,70,2,255.9072836564731
22,"(1,2)",0.2,64.41213651513034,33,2,132.82427303026068
23,"(1,2)",0.2,105.28483421018932,60,2,214.56966842037863
4,"(1,2)",0.3,128.8282561378839,70,2,261.6565122757678
5,"(1,2)",0.3,142.2794808489873,69,2,288.5589616979746
6,"(1,2)",0.3,88.26573239923805,50,2,180.5314647984761
7,"(1,2)",0.3,100.02686127722602,57,2,204.05372255445204
8,"(1,2)",0.3,74.4993426386087,43,2,152.9986852772174
9,"(1,2)",0.3,111.39815916687635,62,2,226.7963183337527
10,"(1,2)",0.3,129.26300715497288,70,2,262.52601430994577
11,"(1,2)",0.3,75.74194945831985,46,2,155.4838989166397
12,"(1,2)",0.3,103.90060451033584,52,2,211.80120902067168
13,"(1,2)",0.3,133.72782604207262,70,2,271.45565208414524
14,"(1,2)",0.3,69.27877041756251,44,2,142.55754083512502
15,"(1,2)",0.3,95.7489457496126,54,2,195.4978914992252
16,"(1,2)",0.3,127.82164276771645,69,2,259.64328553543294
17,"(1,2)",0.3,126.19839695868222,67,2,256.39679391736445
18,"(1,2)",0.3,126.42031052923203,69,2,256.8406210584641
19,"(1,2)",0.3,136.4793613551146,70,2,276.9587227102292
20,"(1,2)",0.3,133.27431365456127,69,2,270.54862730912254
21,"(1,2)",0.3,129.35710026715256,70,2,262.7142005343051
22,"(1,2)",0.3,56.22545440092916,33,2,116.45090880185832
23,"(1,2)",0.3,106.62197491207874,60,2,217.24394982415748
4,"(1,2)",0.4,131.8210389351397,70,2,267.6420778702794
5,"(1,2)",0.4,152.69160550877217,69,2,309.38321101754434
6,"(1,2)",0.4,81.35661430426981,50,2,166.71322860853962
7,"(1,2)",0.4,104.21231312064201,57,2,212.42462624128402
8,"(1,2)",0.4,70.73251831662787,43,2,145.46503663325575
9,"(1,2)",0.4,115.10173383810805,62,2,234.2034676762161
10,"(1,2)",0.4,136.40812650137352,70,2,276.81625300274703
11,"(1,2)",0.4,83.54816454290537,46,2,171.09632908581074
12,"(1,2)",0.4,94.18065721101729,52,2,192.36131442203458
13,"(1,2)",0.4,129.88462996489372,70,2,263.76925992978744
14,"(1,2)",0.4,74.86264661862451,44,2,153.72529323724902
15,"(1,2)",0.4,89.09639997150839,54,2,182.19279994301678
16,"(1,2)",0.4,127.74175283679182,69,2,259.48350567358364
17,"(1,2)",0.4,135.32771555863462,67,2,274.65543111726925
18,"(1,2)",0.4,129.29531029083145,69,2,262.5906205816629
19,"(1,2)",0.4,130.8290915737346,70,2,265.6581831474692
20,"(1,2)",0.4,144.7358816739407,69,2,293.4717633478814
21,"(1,2)",0.4,130.89609014052243,70,2,265.79218028104486
22,"(1,2)",0.4,43.48134033307544,33,2,90.96268066615087
23,"(1,2)",0.4,105.89532233844807,60,2,215.79064467689614
4,"(1,2)",0.5,151.72045768500664,70,2,307.4409153700133
5,"(1,2)",0.5,181.80091767875774,69,2,367.6018353575155
6,"(1,2)",0.5,95.53816557494217,50,2,195.07633114988434
7,"(1,2)",0.5,144.2516005002383,57,2,292.5032010004766
8,"(1,2)",0.5,77.63344924514992,43,2,159.26689849029984
9,"(1,2)",0.5,137.10845312882105,62,2,278.2169062576421
10,"(1,2)",0.5,158.088072952554,70,2,320.176145905108
11,"(1,2)",0.5,107.16426344433599,46,2,218.32852688867197
12,"(1,2)",0.5,109.44763008624288,52,2,222.89526017248576
13,"(1,2)",0.5,146.8401381799135,70,2,297.680276359827
14,"(1,2)",0.5,94.24800533272384,44,2,192.49601066544767
15,"(1,2)",0.5,124.44565054166135,54,2,252.8913010833227
16,"(1,2)",0.5,146.45096075699408,69,2,296.90192151398816
17,"(1,2)",0.5,162.03500873863788,67,2,328.07001747727577
18,"(1,2)",0.5,149.19472904069838,69,2,302.38945808139675
19,"(1,2)",0.5,146.57598660487193,70,2,297.15197320974386
20,"(1,2)",0.5,172.4335735579719,69,2,348.8671471159438
21,"(1,2)",0.5,150.18652732508068,70,2,304.37305465016135
22,"(1,2)",0.5,50.50126483964219,33,2,105.00252967928438
23,"(1,2)",0.5,127.28561287969634,60,2,258.5712257593927
4,"(1,2)",0.6,119.11195775662786,70,2,242.22391551325572
5,"(1,2)",0.6,137.9502191618834,69,2,279.9004383237668
6,"(1,2)",0.6,77.12166001082699,50,2,158.24332002165397
7,"(1,2)",0.6,184.91144946661726,57,2,373.8228989332345
8,"(1,2)",0.6,88.04781388410535,43,2,180.0956277682107
9,"(1,2)",0.6,113.63999793642918,62,2,231.27999587285836
10,"(1,2)",0.6,124.87230958277196,70,2,253.74461916554392
11,"(1,2)",0.6,89.0684229754145,46,2,182.136845950829
12,"(1,2)",0.6,89.33870168772772,52,2,182.67740337545544
13,"(1,2)",0.6,113.10760527450239,70,2,230.21521054900478
14,"(1,2)",0.6,81.08107341360002,44,2,166.16214682720005
15,"(1,2)",0.6,86.34165880513387,54,2,176.68331761026775
16,"(1,2)",0.6,114.2616651126068,69,2,232.5233302252136
17,"(1,2)",0.6,125.54547204037573,67,2,255.09094408075146
18,"(1,2)",0.6,117.21483777174198,69,2,238.42967554348397
19,"(1,2)",0.6,112.20570328008034,70,2,228.41140656016069
20,"(1,2)",0.6,132.20988106072613,69,2,268.41976212145227
21,"(1,2)",0.6,117.68121163293713,70,2,239.36242326587427
22,"(1,2)",0.6,48.97231379527885,33,2,101.9446275905577
23,"(1,2)",0.6,124.1418421052172,60,2,252.2836842104344
4,"(1,2)",0.7,117.43670558997033,70,2,238.87341117994066
5,"(1,2)",0.7,138.19951121148122,69,2,280.39902242296245
6,"(1,2)",0.7,72.8759308863849,50,2,149.7518617727698
7,"(1,2)",0.7,120.39013388088664,57,2,244.78026776177327
8,"(1,2)",0.7,64.80392087152002,43,2,133.60784174304004
9,"(1,2)",0.7,128.240147261296,62,2,260.480294522592
10,"(1,2)",0.7,124.14739045552344,70,2,252.29478091104687
11,"(1,2)",0.7,87.8050936698588,46,2,179.6101873397176
12,"(1,2)",0.7,85.63547910376843,52,2,175.27095820753686
13,"(1,2)",0.7,111.92667179405927,70,2,227.85334358811855
14,"(1,2)",0.7,78.94882746012131,44,2,161.89765492024262
15,"(1,2)",0.7,82.3201698779894,54,2,168.6403397559788
16,"(1,2)",0.7,112.26212048913769,69,2,228.52424097827537
17,"(1,2)",0.7,126.30170134610283,67,2,256.6034026922057
18,"(1,2)",0.7,115.4705927335975,69,2,234.941185467195
19,"(1,2)",0.7,111.15083289765423,70,2,226.30166579530845
20,"(1,2)",0.7,133.0065157810883,69,2,270.0130315621766
21,"(1,2)",0.7,115.77415785222229,70,2,235.54831570444458
22,"(1,2)",0.7,40.774661531435164,33,2,85.54932306287033
23,"(1,2)",0.7,119.52512832654983,60,2,243.05025665309967
4,"(1,2)",0.8,107.30505371784287,70,2,218.61010743568573
5,"(1,2)",0.8,120.89088984128081,69,2,245.78177968256162
6,"(1,2)",0.8,90.17913962657633,50,2,184.35827925315266
7,"(1,2)",0.8,94.27540672047579,57,2,192.55081344095157
8,"(1,2)",0.8,63.16697132060861,43,2,130.33394264121722
9,"(1,2)",0.8,99.21697876435894,62,2,202.43395752871788
10,"(1,2)",0.8,111.08130720639255,70,2,226.1626144127851
11,"(1,2)",0.8,77.59437698060935,46,2,159.1887539612187
12,"(1,2)",0.8,144.856494386069,52,2,293.712988772138
13,"(1,2)",0.8,104.71763150452927,70,2,213.43526300905853
14,"(1,2)",0.8,69.78497639200572,44,2,143.56995278401143
15,"(1,2)",0.8,79.44164590518272,54,2,162.88329181036545
16,"(1,2)",0.8,104.0890228451069,69,2,212.1780456902138
17,"(1,2)",0.8,110.82126124168126,67,2,225.6425224833625
18,"(1,2)",0.8,105.47247225409455,69,2,214.9449445081891
19,"(1,2)",0.8,104.00795502201811,70,2,212.01591004403622
20,"(1,2)",0.8,116.27818363840592,69,2,236.55636727681184
21,"(1,2)",0.8,106.63722434526721,70,2,217.27444869053443
22,"(1,2)",0.8,42.30825395884319,33,2,88.61650791768638
23,"(1,2)",0.8,92.3237238065003,60,2,188.6474476130006
4,"(1,2)",0.9,100.28546877646632,70,2,204.57093755293263
5,"(1,2)",0.9,103.09298195717395,69,2,210.1859639143479
6,"(1,2)",0.9,68.87076058719816,50,2,141.74152117439633
7,"(1,2)",0.9,101.2899921085275,57,2,206.579984217055
8,"(1,2)",0.9,58.95301799637991,43,2,121.90603599275983
9,"(1,2)",0.9,89.48966405122268,62,2,182.97932810244535
10,"(1,2)",0.9,100.26005906094095,70,2,204.5201181218819
11,"(1,2)",0.9,62.655763886328565,46,2,129.31152777265714
12,"(1,2)",0.9,78.84168623174924,52,2,161.68337246349847
13,"(1,2)",0.9,100.98162800749625,70,2,205.9632560149925
14,"(1,2)",0.9,57.43612606967436,44,2,118.87225213934872
15,"(1,2)",0.9,76.80969894420531,54,2,157.61939788841062
16,"(1,2)",0.9,98.63310581931519,69,2,201.26621163863038
17,"(1,2)",0.9,96.51725880340857,67,2,197.03451760681713
18,"(1,2)",0.9,98.38834879158044,69,2,200.77669758316088
19,"(1,2)",0.9,101.40544225427261,70,2,206.81088450854523
20,"(1,2)",0.9,101.22284308111915,69,2,206.4456861622383
21,"(1,2)",0.9,100.39669441157653,70,2,204.79338882315307
22,"(1,2)",0.9,43.730001286798505,33,2,91.46000257359701
23,"(1,2)",0.9,86.61503346361391,60,2,177.23006692722782
4,"(1,3)",0.1,180.13894251539207,70,1,362.27788503078415
5,"(1,3)",0.1,133.59509017497226,69,1,269.1901803499445
6,"(1,3)",0.1,143.43485189825654,50,1,288.8697037965131
7,"(1,3)",0.1,168.25275419688694,57,1,338.5055083937739
8,"(1,3)",0.1,124.9945565093382,43,1,251.9891130186764
9,"(1,3)",0.1,163.4381842743877,62,1,328.8763685487754
10,"(1,3)",0.1,166.85981296092245,70,1,335.7196259218449
11,"(1,3)",0.1,85.65516573344398,46,1,173.31033146688796
12,"(1,3)",0.1,163.0568403598827,52,1,328.1136807197654
13,"(1,3)",0.1,196.988878998114,70,1,395.977757996228
14,"(1,3)",0.1,84.83697589649839,44,1,171.67395179299677
15,"(1,3)",0.1,170.0718279051554,54,1,342.1436558103108
16,"(1,3)",0.1,184.34326193082276,69,1,370.6865238616455
17,"(1,3)",0.1,141.71608123375103,67,1,285.43216246750205
18,"(1,3)",0.1,176.63238461807208,69,1,355.26476923614416
19,"(1,3)",0.1,201.56358997661738,70,1,405.12717995323476
20,"(1,3)",0.1,142.76514174358985,69,1,287.5302834871797
21,"(1,3)",0.1,183.98909011710217,70,1,369.97818023420433
22,"(1,3)",0.1,108.04188865770686,33,1,218.08377731541373
23,"(1,3)",0.1,147.9581815542957,60,1,297.9163631085914
4,"(1,3)",0.2,130.5783732771447,70,2,265.1567465542894
5,"(1,3)",0.2,110.27345123937475,69,2,224.5469024787495
6,"(1,3)",0.2,99.15454123358137,50,2,202.30908246716274
7,"(1,3)",0.2,92.09893389267287,57,2,188.19786778534575
8,"(1,3)",0.2,85.7404092359628,43,2,175.4808184719256
9,"(1,3)",0.2,103.12380463414001,62,2,210.24760926828003
10,"(1,3)",0.2,123.18261811865756,70,2,250.36523623731512
11,"(1,3)",0.2,61.87412374947452,46,2,127.74824749894904
12,"(1,3)",0.2,131.37438339749647,52,2,266.74876679499295
13,"(1,3)",0.2,143.7123985973162,70,2,291.4247971946324
14,"(1,3)",0.2,59.88182819873931,44,2,123.76365639747863
15,"(1,3)",0.2,104.59586652501024,54,2,213.19173305002047
16,"(1,3)",0.2,134.00399223195933,69,2,272.00798446391866
17,"(1,3)",0.2,109.54225922250649,67,2,223.08451844501298
18,"(1,3)",0.2,127.91911324021191,69,2,259.8382264804238
19,"(1,3)",0.2,148.30751844745078,70,2,300.61503689490155
20,"(1,3)",0.2,113.26748937034593,69,2,230.53497874069186
21,"(1,3)",0.2,132.82379995629879,70,2,269.64759991259757
22,"(1,3)",0.2,92.94400688073141,33,2,189.88801376146282
23,"(1,3)",0.2,103.5257194915155,60,2,211.051438983031
4,"(1,3)",0.3,111.00045850307939,70,2,226.00091700615877
5,"(1,3)",0.3,110.48154095198936,69,2,224.96308190397872
6,"(1,3)",0.3,79.92037537491916,50,2,163.84075074983832
7,"(1,3)",0.3,80.01171405540771,57,2,164.02342811081542
8,"(1,3)",0.3,93.7113252529097,43,2,191.4226505058194
9,"(1,3)",0.3,90.92167361076696,62,2,185.84334722153392
10,"(1,3)",0.3,107.6916734837512,70,2,219.3833469675024
11,"(1,3)",0.3,62.19976178630529,46,2,128.39952357261058
12,"(1,3)",0.3,113.22549014397603,52,2,230.45098028795206
13,"(1,3)",0.3,118.43392732040718,70,2,240.86785464081436
14,"(1,3)",0.3,76.48785800305978,44,2,156.97571600611957
15,"(1,3)",0.3,83.3287700234524,54,2,170.6575400469048
16,"(1,3)",0.3,111.45391178638144,69,2,226.90782357276288
17,"(1,3)",0.3,102.20241696210401,67,2,208.40483392420802
18,"(1,3)",0.3,108.69787341008534,69,2,221.39574682017067
19,"(1,3)",0.3,123.02904717054177,70,2,250.05809434108355
20,"(1,3)",0.3,107.9602666580305,69,2,219.920533316061
21,"(1,3)",0.3,112.2401493900074,70,2,228.4802987800148
22,"(1,3)",0.3,73.49619769419746,33,2,150.99239538839493
23,"(1,3)",0.3,89.49690697721489,60,2,182.99381395442978
4,"(1,3)",0.4,106.50309681387037,70,2,217.00619362774074
5,"(1,3)",0.4,134.68137359910432,69,2,273.36274719820864
6,"(1,3)",0.4,69.87558491297777,50,2,143.75116982595554
7,"(1,3)",0.4,86.63849709924474,57,2,177.2769941984895
8,"(1,3)",0.4,60.86438289780785,43,2,125.7287657956157
9,"(1,3)",0.4,94.5927240490419,62,2,193.1854480980838
10,"(1,3)",0.4,109.84401425216033,70,2,223.68802850432067
11,"(1,3)",0.4,72.4704239099666,46,2,148.9408478199332
12,"(1,3)",0.4,85.02777508559369,52,2,174.05555017118738
13,"(1,3)",0.4,107.14944971225503,70,2,218.29889942451007
14,"(1,3)",0.4,64.79597410564024,44,2,133.59194821128048
15,"(1,3)",0.4,76.84565895635917,54,2,157.69131791271835
16,"(1,3)",0.4,104.05417288196189,69,2,212.10834576392378
17,"(1,3)",0.4,114.28713267480566,67,2,232.57426534961132
18,"(1,3)",0.4,104.46287598534381,69,2,212.92575197068763
19,"(1,3)",0.4,108.6657972016231,70,2,221.3315944032462
20,"(1,3)",0.4,123.9733763981548,69,2,251.9467527963096
21,"(1,3)",0.4,106.05357171596819,70,2,216.10714343193638
22,"(1,3)",0.4,40.878342283819535,33,2,85.75668456763907
23,"(1,3)",0.4,88.08118317106738,60,2,180.16236634213476
4,"(1,3)",0.5,126.42828830021193,70,2,256.85657660042386
5,"(1,3)",0.5,168.83622914277638,69,2,341.67245828555275
6,"(1,3)",0.5,72.59352785193119,50,2,149.18705570386237
7,"(1,3)",0.5,108.62476615850369,57,2,221.24953231700738
8,"(1,3)",0.5,58.14664747924775,43,2,120.2932949584955
9,"(1,3)",0.5,118.14928220247974,62,2,240.29856440495948
10,"(1,3)",0.5,138.69227255733895,70,2,281.3845451146779
11,"(1,3)",0.5,94.38337658583715,46,2,192.7667531716743
12,"(1,3)",0.5,82.21626756786843,52,2,168.43253513573686
13,"(1,3)",0.5,120.98721335797076,70,2,245.97442671594152
14,"(1,3)",0.5,83.94727384718414,44,2,171.89454769436827
15,"(1,3)",0.5,80.82076584741459,54,2,165.64153169482918
16,"(1,3)",0.5,120.27784842112712,69,2,244.55569684225424
17,"(1,3)",0.5,146.22923255806302,67,2,296.45846511612604
18,"(1,3)",0.5,124.02034269156006,69,2,252.04068538312012
19,"(1,3)",0.5,121.02721869258447,70,2,246.05443738516894
20,"(1,3)",0.5,156.17354210511942,69,2,316.34708421023885
21,"(1,3)",0.5,124.21727040074337,70,2,252.43454080148675
22,"(1,3)",0.5,37.201167222450174,33,2,78.40233444490035
23,"(1,3)",0.5,103.4788058253289,60,2,210.9576116506578
4,"(1,3)",0.6,98.89057228653733,70,2,201.78114457307467
5,"(1,3)",0.6,127.56259192784621,69,2,259.1251838556924
6,"(1,3)",0.6,61.3024778322986,50,2,126.6049556645972
7,"(1,3)",0.6,90.69215240531673,57,2,185.38430481063347
8,"(1,3)",0.6,51.50741329404253,43,2,107.01482658808506
9,"(1,3)",0.6,94.83998762172254,62,2,193.67997524344509
10,"(1,3)",0.6,106.52345779193247,70,2,217.04691558386494
11,"(1,3)",0.6,77.95872208946233,46,2,159.91744417892465
12,"(1,3)",0.6,70.66203364891531,52,2,145.32406729783062
13,"(1,3)",0.6,92.75557517081349,70,2,189.51115034162697
14,"(1,3)",0.6,71.01544689324314,44,2,146.03089378648627
15,"(1,3)",0.6,68.29669724601173,54,2,140.59339449202346
16,"(1,3)",0.6,93.74427112728792,69,2,191.48854225457583
17,"(1,3)",0.6,110.92335368615099,67,2,225.84670737230198
18,"(1,3)",0.6,97.17577385844541,69,2,198.35154771689082
19,"(1,3)",0.6,91.88876449620271,70,2,187.77752899240542
20,"(1,3)",0.6,118.28771303473246,69,2,240.57542606946492
21,"(1,3)",0.6,97.08377493994473,70,2,198.16754987988946
22,"(1,3)",0.6,36.14308251194116,33,2,76.28616502388232
23,"(1,3)",0.6,86.79352618773477,60,2,177.58705237546954
4,"(1,3)",0.7,125.64019645642482,70,2,255.28039291284963
5,"(1,3)",0.7,137.92127865264985,69,2,279.8425573052997
6,"(1,3)",0.7,77.90026103026123,50,2,159.80052206052247
7,"(1,3)",0.7,102.62990862787443,57,2,209.25981725574886
8,"(1,3)",0.7,64.48419368062113,43,2,132.96838736124226
9,"(1,3)",0.7,112.97881846150051,62,2,229.95763692300102
10,"(1,3)",0.7,129.20429730902384,70,2,262.4085946180477
11,"(1,3)",0.7,82.72460876259416,46,2,169.44921752518832
12,"(1,3)",0.7,88.67511053819862,52,2,181.35022107639725
13,"(1,3)",0.7,121.45590365753979,70,2,246.91180731507959
14,"(1,3)",0.7,75.03926850604431,44,2,154.07853701208862
15,"(1,3)",0.7,87.0357289788977,54,2,178.0714579577954
16,"(1,3)",0.7,121.41150384167165,69,2,246.8230076833433
17,"(1,3)",0.7,128.00099337186546,67,2,260.0019867437309
18,"(1,3)",0.7,123.51993292022473,69,2,251.03986584044947
19,"(1,3)",0.7,120.5620857815177,70,2,245.1241715630354
20,"(1,3)",0.7,134.09163952867928,69,2,272.18327905735856
21,"(1,3)",0.7,124.61057703924367,70,2,253.22115407848733
22,"(1,3)",0.7,45.670980220896695,33,2,95.34196044179339
23,"(1,3)",0.7,105.25248171113606,60,2,214.5049634222721
4,"(1,3)",0.8,113.2125718651624,70,2,230.4251437303248
5,"(1,3)",0.8,125.98785992859708,69,2,255.97571985719415
6,"(1,3)",0.8,69.1690139115404,50,2,142.3380278230808
7,"(1,3)",0.8,92.21157212569325,57,2,188.4231442513865
8,"(1,3)",0.8,60.3328175875,43,2,124.665635175
9,"(1,3)",0.8,100.39816976254082,62,2,204.79633952508163
10,"(1,3)",0.8,117.5000467218313,70,2,239.0000934436626
11,"(1,3)",0.8,73.84806853050834,46,2,151.69613706101669
12,"(1,3)",0.8,76.78962512926671,52,2,157.57925025853342
13,"(1,3)",0.8,109.7735268380438,70,2,223.5470536760876
14,"(1,3)",0.8,68.49559985314461,44,2,140.99119970628922
15,"(1,3)",0.8,77.2466738966643,54,2,158.4933477933286
16,"(1,3)",0.8,109.31697084421188,69,2,222.63394168842376
17,"(1,3)",0.8,115.33823791571031,67,2,234.67647583142062
18,"(1,3)",0.8,111.09230832896232,69,2,226.18461665792464
19,"(1,3)",0.8,109.15916053533697,70,2,222.31832107067393
20,"(1,3)",0.8,121.63288872180603,69,2,247.26577744361205
21,"(1,3)",0.8,112.31648384060577,70,2,228.63296768121154
22,"(1,3)",0.8,40.324978620122906,33,2,84.64995724024581
23,"(1,3)",0.8,92.7082990297197,60,2,189.4165980594394
4,"(1,3)",0.9,104.93871654944012,70,2,213.87743309888023
5,"(1,3)",0.9,116.88463214387967,69,2,237.76926428775934
6,"(1,3)",0.9,69.7404584528952,50,2,143.4809169057904
7,"(1,3)",0.9,89.5861155523258,57,2,183.1722311046516
8,"(1,3)",0.9,60.806171303553164,43,2,125.61234260710633
9,"(1,3)",0.9,95.95509173938164,62,2,195.9101834787633
10,"(1,3)",0.9,107.96093322964926,70,2,219.9218664592985
11,"(1,3)",0.9,72.79760421887002,46,2,149.59520843774004
12,"(1,3)",0.9,80.33470121893569,52,2,164.66940243787138
13,"(1,3)",0.9,103.0102221191398,70,2,210.0204442382796
14,"(1,3)",0.9,67.50888630418127,44,2,139.01777260836255
15,"(1,3)",0.9,76.926717478498,54,2,157.853434956996
16,"(1,3)",0.9,102.10025066422453,69,2,208.20050132844906
17,"(1,3)",0.9,108.21951120055289,67,2,220.43902240110577
18,"(1,3)",0.9,103.16675970750823,69,2,210.33351941501647
19,"(1,3)",0.9,103.0991696051563,70,2,210.1983392103126
20,"(1,3)",0.9,113.5282032448136,69,2,231.0564064896272
21,"(1,3)",0.9,104.39015059769127,70,2,212.78030119538255
22,"(1,3)",0.9,39.39414335520623,33,2,82.78828671041246
23,"(1,3)",0.9,90.9867363125622,60,2,185.9734726251244
4,"(2,1)",0.1,208.92078827713289,70,1,419.84157655426577
5,"(2,1)",0.1,202.92288911946343,69,1,407.84577823892687
6,"(2,1)",0.1,172.35082610052834,50,1,346.7016522010567
7,"(2,1)",0.1,188.0641142025894,57,1,378.1282284051788
8,"(2,1)",0.1,184.69839830833226,43,1,371.3967966166645
9,"(2,1)",0.1,210.15792604368758,62,1,422.31585208737516
10,"(2,1)",0.1,208.09782746485098,70,1,418.19565492970196
11,"(2,1)",0.1,165.59182342886803,46,1,333.18364685773605
12,"(2,1)",0.1,280.33913158408075,52,1,562.6782631681615
13,"(2,1)",0.1,214.0569497564816,70,1,430.1138995129632
14,"(2,1)",0.1,140.3605511543872,44,1,282.7211023087744
15,"(2,1)",0.1,184.82086429189297,54,1,371.64172858378595
16,"(2,1)",0.1,206.54124214300273,69,1,415.08248428600547
17,"(2,1)",0.1,195.0510524447708,67,1,392.1021048895416
18,"(2,1)",0.1,205.00876527170473,69,1,412.01753054340946
19,"(2,1)",0.1,217.23500358682955,70,1,436.4700071736591
20,"(2,1)",0.1,202.79505574795354,69,1,407.5901114959071
21,"(2,1)",0.1,209.6547574522131,70,1,421.3095149044262
22,"(2,1)",0.1,82.85863564461732,33,1,167.71727128923465
23,"(2,1)",0.1,221.90294398950016,60,1,445.8058879790003
4,"(2,1)",0.2,168.2435848598096,70,2,340.4871697196192
5,"(2,1)",0.2,194.91266816661778,69,2,393.82533633323555
6,"(2,1)",0.2,134.6124554232069,50,2,273.2249108464138
7,"(2,1)",0.2,160.11096827651886,57,2,324.2219365530377
8,"(2,1)",0.2,120.07071526225663,43,2,244.14143052451325
9,"(2,1)",0.2,190.10249639922952,62,2,384.20499279845905
10,"(2,1)",0.2,174.47631349934503,70,2,352.95262699869005
11,"(2,1)",0.2,156.18136703520065,46,2,316.3627340704013
12,"(2,1)",0.2,245.19329822073965,52,2,494.3865964414793
13,"(2,1)",0.2,169.0771407714614,70,2,342.1542815429228
14,"(2,1)",0.2,128.65262476839254,44,2,261.3052495367851
15,"(2,1)",0.2,143.7866567485672,54,2,291.5733134971344
16,"(2,1)",0.2,164.42687203418578,69,2,332.85374406837155
17,"(2,1)",0.2,177.724359701513,67,2,359.448719403026
18,"(2,1)",0.2,165.43017414304956,69,2,334.8603482860991
19,"(2,1)",0.2,171.15658231314126,70,2,346.3131646262825
20,"(2,1)",0.2,187.74563028970556,69,2,379.4912605794111
21,"(2,1)",0.2,167.55043767924968,70,2,339.10087535849937
22,"(2,1)",0.2,75.7196666090613,33,2,155.4393332181226
23,"(2,1)",0.2,181.0958274751547,60,2,366.1916549503094
4,"(2,1)",0.3,185.82124231401147,70,2,375.64248462802294
5,"(2,1)",0.3,205.51800247305513,69,2,415.03600494611027
6,"(2,1)",0.3,137.65660194473085,50,2,279.3132038894617
7,"(2,1)",0.3,153.299985312461,57,2,310.599970624922
8,"(2,1)",0.3,94.88677129071374,43,2,193.77354258142748
9,"(2,1)",0.3,184.47141197475554,62,2,372.9428239495111
10,"(2,1)",0.3,192.3433351121816,70,2,388.6866702243632
11,"(2,1)",0.3,122.03907861805413,46,2,248.07815723610827
12,"(2,1)",0.3,208.01090786491082,52,2,420.02181572982164
13,"(2,1)",0.3,184.3494583389559,70,2,372.6989166779118
14,"(2,1)",0.3,109.50377542531653,44,2,223.00755085063307
15,"(2,1)",0.3,150.04481011784787,54,2,304.08962023569575
16,"(2,1)",0.3,180.92393570522222,69,2,365.84787141044444
17,"(2,1)",0.3,191.02954744184845,67,2,386.0590948836969
18,"(2,1)",0.3,182.60236648914326,69,2,369.20473297828653
19,"(2,1)",0.3,185.23065775101878,70,2,374.46131550203756
20,"(2,1)",0.3,200.23988781382462,69,2,404.47977562764925
21,"(2,1)",0.3,184.6536371538564,70,2,373.3072743077128
22,"(2,1)",0.3,67.14278223388058,33,2,138.28556446776116
23,"(2,1)",0.3,172.56935782099683,60,2,349.13871564199366
4,"(2,1)",0.4,188.53267166833302,70,2,381.06534333666605
5,"(2,1)",0.4,203.78170074977567,69,2,411.56340149955133
6,"(2,1)",0.4,136.41858789705668,50,2,276.83717579411336
7,"(2,1)",0.4,174.05823984158442,57,2,352.11647968316885
8,"(2,1)",0.4,95.94138443216697,43,2,195.88276886433394
9,"(2,1)",0.4,167.97408146924928,62,2,339.94816293849857
10,"(2,1)",0.4,195.66708431792912,70,2,395.33416863585825
11,"(2,1)",0.4,163.64034339912664,46,2,331.28068679825327
12,"(2,1)",0.4,224.0934449665097,52,2,452.1868899330194
13,"(2,1)",0.4,182.37284979960575,70,2,368.7456995992115
14,"(2,1)",0.4,115.41388981776153,44,2,234.82777963552306
15,"(2,1)",0.4,149.2888201862736,54,2,302.5776403725472
16,"(2,1)",0.4,182.39265242690192,69,2,368.78530485380384
17,"(2,1)",0.4,192.26016193771608,67,2,388.52032387543215
18,"(2,1)",0.4,185.31379584346482,69,2,374.62759168692963
19,"(2,1)",0.4,181.48554660460485,70,2,366.9710932092097
20,"(2,1)",0.4,200.3925093082269,69,2,404.7850186164538
21,"(2,1)",0.4,187.02859427155676,70,2,378.0571885431135
22,"(2,1)",0.4,63.787597729483814,33,2,131.57519545896764
23,"(2,1)",0.4,156.79411442160054,60,2,317.5882288432011
4,"(2,1)",0.5,200.38639554383371,70,2,404.77279108766743
5,"(2,1)",0.5,208.16603376408045,69,2,420.3320675281609
6,"(2,1)",0.5,135.16018726364524,50,2,274.3203745272905
7,"(2,1)",0.5,149.4923522591354,57,2,302.9847045182708
8,"(2,1)",0.5,96.13891022151466,43,2,196.27782044302933
9,"(2,1)",0.5,168.0682739780676,62,2,340.1365479561352
10,"(2,1)",0.5,203.13721895958747,70,2,410.27443791917494
11,"(2,1)",0.5,118.94607568321186,46,2,241.89215136642372
12,"(2,1)",0.5,185.78993615935212,52,2,375.57987231870425
13,"(2,1)",0.5,195.5271598961928,70,2,395.0543197923856
14,"(2,1)",0.5,109.88629983641647,44,2,223.77259967283294
15,"(2,1)",0.5,131.65401039128704,54,2,267.3080207825741
16,"(2,1)",0.5,194.6826130691775,69,2,393.365226138355
17,"(2,1)",0.5,196.20765969192087,67,2,396.41531938384173
18,"(2,1)",0.5,196.47437253840556,69,2,396.9487450768111
19,"(2,1)",0.5,194.20540405621048,70,2,392.41080811242097
20,"(2,1)",0.5,205.78264317748497,69,2,415.56528635496994
21,"(2,1)",0.5,199.58788784761595,70,2,403.1757756952319
22,"(2,1)",0.5,60.72318791513337,33,2,125.44637583026675
23,"(2,1)",0.5,160.34404383736722,60,2,324.68808767473445
4,"(2,1)",0.6,134.96202745871676,70,2,273.9240549174335
5,"(2,1)",0.6,153.49469463153702,69,2,310.98938926307403
6,"(2,1)",0.6,84.97139799006355,50,2,173.9427959801271
7,"(2,1)",0.6,116.236980124477,57,2,236.473960248954
8,"(2,1)",0.6,71.2676679683073,43,2,146.5353359366146
9,"(2,1)",0.6,124.54913070916189,62,2,253.09826141832377
10,"(2,1)",0.6,141.3853489622762,70,2,286.7706979245524
11,"(2,1)",0.6,94.2573810896922,46,2,192.5147621793844
12,"(2,1)",0.6,97.79639149380156,52,2,199.59278298760313
13,"(2,1)",0.6,129.6287595998735,70,2,263.257519199747
14,"(2,1)",0.6,86.19580279006958,44,2,176.39160558013916
15,"(2,1)",0.6,95.2387020565656,54,2,194.4774041131312
16,"(2,1)",0.6,129.78500891635767,69,2,263.57001783271534
17,"(2,1)",0.6,141.04372458726527,67,2,286.08744917453055
18,"(2,1)",0.6,132.65944236572273,69,2,269.31888473144545
19,"(2,1)",0.6,128.5595611964117,70,2,261.1191223928234
20,"(2,1)",0.6,147.84611935058956,69,2,299.6922387011791
21,"(2,1)",0.6,133.41446495000076,70,2,270.8289299000015
22,"(2,1)",0.6,46.395399755583206,33,2,96.79079951116641
23,"(2,1)",0.6,115.55966625176538,60,2,235.11933250353076
4,"(2,1)",0.7,181.1069387424263,70,2,366.2138774848526
5,"(2,1)",0.7,182.44174953450957,69,2,368.88349906901914
6,"(2,1)",0.7,105.66585424737877,50,2,215.33170849475755
7,"(2,1)",0.7,136.35907945685295,57,2,276.7181589137059
8,"(2,1)",0.7,83.00004455339659,43,2,170.00008910679318
9,"(2,1)",0.7,151.30160177800704,62,2,306.6032035560141
10,"(2,1)",0.7,183.19149910500408,70,2,370.38299821000817
11,"(2,1)",0.7,100.85387231483038,46,2,205.70774462966077
12,"(2,1)",0.7,112.85332342916347,52,2,229.70664685832693
13,"(2,1)",0.7,177.07525476651756,70,2,358.1505095330351
14,"(2,1)",0.7,91.33691988581442,44,2,186.67383977162885
15,"(2,1)",0.7,119.11030112395223,54,2,242.22060224790445
16,"(2,1)",0.7,175.51996321745344,69,2,355.0399264349069
17,"(2,1)",0.7,174.0129673004374,67,2,352.0259346008748
18,"(2,1)",0.7,177.60038084510632,69,2,359.20076169021263
19,"(2,1)",0.7,176.11017387047397,70,2,356.22034774094794
20,"(2,1)",0.7,181.238176810205,69,2,366.47635362041
21,"(2,1)",0.7,180.1659553979618,70,2,364.3319107959236
22,"(2,1)",0.7,48.75601227515405,33,2,101.5120245503081
23,"(2,1)",0.7,142.5959911692511,60,2,289.1919823385022
4,"(2,1)",0.8,136.09136521716704,70,2,276.1827304343341
5,"(2,1)",0.8,136.98945290242017,69,2,277.97890580484034
6,"(2,1)",0.8,89.89174528401429,50,2,183.78349056802858
7,"(2,1)",0.8,126.82432912848203,57,2,257.64865825696404
8,"(2,1)",0.8,96.81151388321551,43,2,197.62302776643102
9,"(2,1)",0.8,119.17068255514656,62,2,242.3413651102931
10,"(2,1)",0.8,136.60250187438993,70,2,277.20500374877986
11,"(2,1)",0.8,83.84295864621927,46,2,171.68591729243855
12,"(2,1)",0.8,103.80823175931853,52,2,211.61646351863706
13,"(2,1)",0.8,136.07118373023383,70,2,276.14236746046765
14,"(2,1)",0.8,76.84041598218897,44,2,157.68083196437794
15,"(2,1)",0.8,100.06915193306706,54,2,204.13830386613412
16,"(2,1)",0.8,133.62971542954332,69,2,271.25943085908665
17,"(2,1)",0.8,131.04738212041542,67,2,266.09476424083084
18,"(2,1)",0.8,133.788780124173,69,2,271.577560248346
19,"(2,1)",0.8,135.93460819522807,70,2,275.86921639045613
20,"(2,1)",0.8,136.2767066154765,69,2,276.553413230953
21,"(2,1)",0.8,136.05746366549135,70,2,276.1149273309827
22,"(2,1)",0.8,49.61678075530828,33,2,103.23356151061655
23,"(2,1)",0.8,114.03052449611337,60,2,232.06104899222674
4,"(2,1)",0.9,151.7470727770201,70,2,307.4941455540402
5,"(2,1)",0.9,157.29731183226417,69,2,318.59462366452834
6,"(2,1)",0.9,93.38871915992051,50,2,190.77743831984102
7,"(2,1)",0.9,123.03795210612725,57,2,250.0759042122545
8,"(2,1)",0.9,75.2880659350038,43,2,154.5761318700076
9,"(2,1)",0.9,149.91978925436507,62,2,303.83957850873014
10,"(2,1)",0.9,155.50227487406514,70,2,315.0045497481303
11,"(2,1)",0.9,90.2463374464779,46,2,184.4926748929558
12,"(2,1)",0.9,101.54062705628581,52,2,207.08125411257163
13,"(2,1)",0.9,149.7527270108652,70,2,303.5054540217304
14,"(2,1)",0.9,83.81006618191192,44,2,171.62013236382384
15,"(2,1)",0.9,105.0091893423634,54,2,214.0183786847268
16,"(2,1)",0.9,147.13233314001585,69,2,298.2646662800317
17,"(2,1)",0.9,148.21686349975334,67,2,300.4337269995067
18,"(2,1)",0.9,148.5281969521519,69,2,301.0563939043038
19,"(2,1)",0.9,149.8397383878548,70,2,303.6794767757096
20,"(2,1)",0.9,155.57367980824665,69,2,315.1473596164933
21,"(2,1)",0.9,150.9849327249732,70,2,305.9698654499464
22,"(2,1)",0.9,47.918298894434464,33,2,99.83659778886893
23,"(2,1)",0.9,142.8666681251114,60,2,289.7333362502228
4,"(3,1)",0.1,199.64032619692162,70,1,401.28065239384324
5,"(3,1)",0.1,205.2596787898939,69,1,412.5193575797878
6,"(3,1)",0.1,164.957105025881,50,1,331.914210051762
7,"(3,1)",0.1,169.02544594226134,57,1,340.0508918845227
8,"(3,1)",0.1,180.54839809855017,43,1,363.09679619710033
9,"(3,1)",0.1,204.82090788253976,62,1,411.6418157650795
10,"(3,1)",0.1,201.05701860742104,70,1,404.1140372148421
11,"(3,1)",0.1,168.4134855556319,46,1,338.8269711112638
12,"(3,1)",0.1,274.1618058337579,52,1,550.3236116675158
13,"(3,1)",0.1,203.02895058430158,70,1,408.05790116860317
14,"(3,1)",0.1,179.21306113272465,44,1,360.4261222654493
15,"(3,1)",0.1,157.08655718137325,54,1,316.1731143627465
16,"(3,1)",0.1,196.6479217134603,69,1,395.2958434269206
17,"(3,1)",0.1,193.351338552669,67,1,388.702677105338
18,"(3,1)",0.1,195.72830319149347,69,1,393.45660638298693
19,"(3,1)",0.1,206.5050492741369,70,1,415.0100985482738
20,"(3,1)",0.1,202.47466754765557,69,1,406.94933509531114
21,"(3,1)",0.1,199.93579040981547,70,1,401.87158081963094
22,"(3,1)",0.1,80.31037489051029,33,1,162.62074978102058
23,"(3,1)",0.1,177.6645836662887,60,1,357.3291673325774
4,"(3,1)",0.2,190.91396051809824,70,2,385.82792103619647
5,"(3,1)",0.2,345.47513383909103,69,2,694.9502676781821
6,"(3,1)",0.2,145.49315307711717,50,2,294.98630615423434
7,"(3,1)",0.2,234.3700047152628,57,2,472.7400094305256
8,"(3,1)",0.2,200.80262836220882,43,2,405.60525672441764
9,"(3,1)",0.2,227.96136008941414,62,2,459.9227201788283
10,"(3,1)",0.2,197.46949520349102,70,2,398.93899040698204
11,"(3,1)",0.2,186.2354220365629,46,2,376.4708440731258
12,"(3,1)",0.2,216.43805369349073,52,2,436.87610738698146
13,"(3,1)",0.2,189.27669438004273,70,2,382.55338876008545
14,"(3,1)",0.2,195.00952564176418,44,2,394.01905128352837
15,"(3,1)",0.2,175.60734322293519,54,2,355.21468644587037
16,"(3,1)",0.2,185.63239100885139,69,2,375.26478201770277
17,"(3,1)",0.2,216.91544304988565,67,2,437.8308860997713
18,"(3,1)",0.2,187.69508469323003,69,2,379.39016938646006
19,"(3,1)",0.2,190.4586882776499,70,2,384.9173765552998
20,"(3,1)",0.2,264.47122230654276,69,2,532.9424446130855
21,"(3,1)",0.2,189.67224738578943,70,2,383.34449477157887
22,"(3,1)",0.2,139.4482875452001,33,2,282.8965750904002
23,"(3,1)",0.2,236.38448677179127,60,2,476.76897354358255
4,"(3,1)",0.3,215.04088844698265,70,2,434.0817768939653
5,"(3,1)",0.3,240.81688889274483,69,2,485.63377778548966
6,"(3,1)",0.3,127.78309967411843,50,2,259.56619934823686
7,"(3,1)",0.3,169.3437671667614,57,2,342.6875343335228
8,"(3,1)",0.3,102.24579618851763,43,2,208.49159237703526
9,"(3,1)",0.3,206.26792647693608,62,2,416.53585295387217
10,"(3,1)",0.3,222.9828820890023,70,2,449.9657641780046
11,"(3,1)",0.3,133.2596130639318,46,2,270.5192261278636
12,"(3,1)",0.3,139.6808709599941,52,2,283.3617419199882
13,"(3,1)",0.3,210.0323124145682,70,2,424.0646248291364
14,"(3,1)",0.3,118.72463801709019,44,2,241.44927603418037
15,"(3,1)",0.3,143.00467317852502,54,2,290.00934635705005
16,"(3,1)",0.3,208.4342382607844,69,2,420.8684765215688
17,"(3,1)",0.3,220.86581344369876,67,2,445.7316268873975
18,"(3,1)",0.3,211.1288654415545,69,2,426.257730883109
19,"(3,1)",0.3,210.05336582376603,70,2,424.10673164753206
20,"(3,1)",0.3,233.39033982034752,69,2,470.78067964069504
21,"(3,1)",0.3,213.73255562733246,70,2,431.4651112546649
22,"(3,1)",0.3,65.79940314391575,33,2,135.5988062878315
23,"(3,1)",0.3,191.46177829486152,60,2,386.92355658972303
4,"(3,1)",0.4,227.21723062049327,70,2,458.43446124098654
5,"(3,1)",0.4,243.1603286338534,69,2,490.3206572677068
6,"(3,1)",0.4,139.80561842506165,50,2,283.6112368501233
7,"(3,1)",0.4,218.6951829987062,57,2,441.3903659974124
8,"(3,1)",0.4,132.26086776789006,43,2,268.5217355357801
9,"(3,1)",0.4,235.32855862377994,62,2,474.6571172475599
10,"(3,1)",0.4,231.57514064852853,70,2,467.15028129705706
11,"(3,1)",0.4,139.92018073975999,46,2,283.84036147951997
12,"(3,1)",0.4,186.42210232051562,52,2,376.84420464103124
13,"(3,1)",0.4,222.4459408522875,70,2,448.891881704575
14,"(3,1)",0.4,129.0079372276776,44,2,262.0158744553552
15,"(3,1)",0.4,176.49296534002863,54,2,356.98593068005727
16,"(3,1)",0.4,220.76623374400683,69,2,445.53246748801365
17,"(3,1)",0.4,227.79991868459254,67,2,459.5998373691851
18,"(3,1)",0.4,223.30520761506511,69,2,450.61041523013023
19,"(3,1)",0.4,221.608544062883,70,2,447.217088125766
20,"(3,1)",0.4,237.63886771599113,69,2,479.27773543198225
21,"(3,1)",0.4,225.8309362593734,70,2,455.6618725187468
22,"(3,1)",0.4,69.08551125840641,33,2,142.17102251681283
23,"(3,1)",0.4,225.05614508977283,60,2,454.11229017954565
4,"(3,1)",0.5,161.4636822723843,70,2,326.9273645447686
5,"(3,1)",0.5,171.0740111512832,69,2,346.1480223025664
6,"(3,1)",0.5,95.6185882282743,50,2,195.2371764565486
7,"(3,1)",0.5,126.41797537333633,57,2,256.83595074667267
8,"(3,1)",0.5,79.98985240292271,43,2,163.97970480584542
9,"(3,1)",0.5,161.039827410383,62,2,326.079654820766
10,"(3,1)",0.5,165.56029698314092,70,2,335.12059396628183
11,"(3,1)",0.5,98.60073554526286,46,2,201.20147109052573
12,"(3,1)",0.5,104.53553562795291,52,2,213.07107125590582
13,"(3,1)",0.5,157.439399528838,70,2,318.878799057676
14,"(3,1)",0.5,90.70237664218749,44,2,185.40475328437498
15,"(3,1)",0.5,128.352039875996,54,2,260.704079751992
16,"(3,1)",0.5,156.67904359858463,69,2,317.35808719716925
17,"(3,1)",0.5,161.71854909946765,67,2,327.4370981989353
18,"(3,1)",0.5,158.65027155562424,69,2,321.3005431112485
19,"(3,1)",0.5,156.4585702758263,70,2,316.9171405516526
20,"(3,1)",0.5,168.79228951592407,69,2,341.58457903184814
21,"(3,1)",0.5,160.4732835683564,70,2,324.9465671367128
22,"(3,1)",0.5,53.1221791456478,33,2,110.2443582912956
23,"(3,1)",0.5,152.02218956421981,60,2,308.04437912843963
4,"(3,1)",0.6,157.35375477466783,70,2,318.70750954933567
5,"(3,1)",0.6,174.25109190168425,69,2,352.5021838033685
6,"(3,1)",0.6,98.09367375923719,50,2,200.18734751847438
7,"(3,1)",0.6,136.1109427383161,57,2,276.2218854766322
8,"(3,1)",0.6,81.52620833911251,43,2,167.05241667822503
9,"(3,1)",0.6,146.95442458774355,62,2,297.9088491754871
10,"(3,1)",0.6,164.34594310962484,70,2,332.6918862192497
11,"(3,1)",0.6,111.58420669734976,46,2,227.1684133946995
12,"(3,1)",0.6,110.73152882119287,52,2,225.46305764238573
13,"(3,1)",0.6,150.7087263258722,70,2,305.4174526517444
14,"(3,1)",0.6,101.735701279231,44,2,207.471402558462
15,"(3,1)",0.6,109.7199231283319,54,2,223.4398462566638
16,"(3,1)",0.6,151.46938836311622,69,2,306.93877672623245
17,"(3,1)",0.6,164.2148249892293,67,2,332.4296499784586
18,"(3,1)",0.6,154.82802613035958,69,2,313.65605226071915
19,"(3,1)",0.6,149.17724995490778,70,2,302.35449990981556
20,"(3,1)",0.6,171.09726246022717,69,2,346.19452492045434
21,"(3,1)",0.6,155.60455491985857,70,2,315.20910983971714
22,"(3,1)",0.6,49.95488371407587,33,2,103.90976742815174
23,"(3,1)",0.6,136.2197957783749,60,2,276.4395915567498
4,"(3,1)",0.7,131.86310415978437,70,2,267.72620831956874
5,"(3,1)",0.7,143.74692673461345,69,2,291.4938534692269
6,"(3,1)",0.7,83.59701465440084,50,2,171.19402930880167
7,"(3,1)",0.7,110.4640113024083,57,2,224.9280226048166
8,"(3,1)",0.7,73.05710069573257,43,2,150.11420139146514
9,"(3,1)",0.7,116.87407296001537,62,2,237.74814592003074
10,"(3,1)",0.7,135.19763057073888,70,2,274.39526114147776
11,"(3,1)",0.7,90.98587784806007,46,2,185.97175569612014
12,"(3,1)",0.7,99.48726823326336,52,2,202.97453646652673
13,"(3,1)",0.7,128.8742134180471,70,2,261.7484268360942
14,"(3,1)",0.7,101.6487887221923,44,2,207.2975774443846
15,"(3,1)",0.7,92.63117131529752,54,2,189.26234263059504
16,"(3,1)",0.7,127.77923089742958,69,2,259.55846179485917
17,"(3,1)",0.7,132.85760908084302,67,2,269.71521816168604
18,"(3,1)",0.7,129.3373755154761,69,2,262.6747510309522
19,"(3,1)",0.7,128.06773755218018,70,2,260.13547510436035
20,"(3,1)",0.7,139.92396939000182,69,2,283.84793878000363
21,"(3,1)",0.7,131.05217394356805,70,2,266.1043478871361
22,"(3,1)",0.7,50.18534221975106,33,2,104.37068443950211
23,"(3,1)",0.7,110.75054907215467,60,2,225.50109814430934
4,"(3,1)",0.8,148.17457628573982,70,2,300.34915257147964
5,"(3,1)",0.8,159.73544626631744,69,2,323.4708925326349
6,"(3,1)",0.8,96.42814309176181,50,2,196.85628618352362
7,"(3,1)",0.8,139.4330626004586,57,2,282.8661252009172
8,"(3,1)",0.8,82.82191235561439,43,2,169.64382471122877
9,"(3,1)",0.8,132.6192859222917,62,2,269.2385718445834
10,"(3,1)",0.8,151.58484696360767,70,2,307.16969392721535
11,"(3,1)",0.8,97.67112263088842,46,2,199.34224526177684
12,"(3,1)",0.8,130.5889756939622,52,2,265.1779513879244
13,"(3,1)",0.8,146.60374061108766,70,2,297.2074812221753
14,"(3,1)",0.8,88.6608033928056,44,2,181.3216067856112
15,"(3,1)",0.8,125.1855264093114,54,2,254.3710528186228
16,"(3,1)",0.8,144.96575079672513,69,2,293.93150159345026
17,"(3,1)",0.8,148.95685504305615,67,2,301.9137100861123
18,"(3,1)",0.8,145.64884764143156,69,2,295.2976952828631
19,"(3,1)",0.8,146.2878876616692,70,2,296.5757753233384
20,"(3,1)",0.8,155.99344319388126,69,2,315.9868863877625
21,"(3,1)",0.8,147.76911117763166,70,2,299.5382223552633
22,"(3,1)",0.8,56.499883400312235,33,2,116.99976680062447
23,"(3,1)",0.8,124.71717374374276,60,2,253.43434748748552
4,"(3,1)",0.9,147.69042229235333,70,2,299.38084458470667
5,"(3,1)",0.9,149.74279615634703,69,2,303.48559231269405
6,"(3,1)",0.9,89.22924980230137,50,2,182.45849960460274
7,"(3,1)",0.9,111.38394271379812,57,2,226.76788542759624
8,"(3,1)",0.9,73.18197668695632,43,2,150.36395337391264
9,"(3,1)",0.9,124.87274152432153,62,2,253.74548304864305
10,"(3,1)",0.9,149.15780048565517,70,2,302.31560097131035
11,"(3,1)",0.9,81.82139815054428,46,2,167.64279630108857
12,"(3,1)",0.9,97.16879857221005,52,2,198.3375971444201
13,"(3,1)",0.9,147.62393064559487,70,2,299.24786129118974
14,"(3,1)",0.9,75.73176031244458,44,2,155.46352062488916
15,"(3,1)",0.9,100.4955162090371,54,2,204.9910324180742
16,"(3,1)",0.9,144.40505482072666,69,2,292.8101096414533
17,"(3,1)",0.9,142.71362826811585,67,2,289.4272565362317
18,"(3,1)",0.9,144.8770115755933,69,2,293.7540231511866
19,"(3,1)",0.9,147.95663639942063,70,2,299.91327279884126
20,"(3,1)",0.9,149.33143132611167,69,2,302.66286265222334
21,"(3,1)",0.9,147.43553004272454,70,2,298.8710600854491
22,"(3,1)",0.9,48.80709650813118,33,2,101.61419301626236
23,"(3,1)",0.9,117.74080156951679,60,2,239.48160313903358
4,"(4,1)",0.1,1157.069676193627,70,1,2316.139352387254
5,"(4,1)",0.1,1161.6991974704788,69,1,2325.3983949409576
6,"(4,1)",0.1,657.6107352820526,50,1,1317.2214705641052
7,"(4,1)",0.1,781.9390423439573,57,1,1565.8780846879147
8,"(4,1)",0.1,496.42977877246926,43,1,994.8595575449385
9,"(4,1)",0.1,934.1973405540161,62,1,1870.3946811080323
10,"(4,1)",0.1,1160.5236241406747,70,1,2323.0472482813493
11,"(4,1)",0.1,569.0795625409729,46,1,1140.1591250819458
12,"(4,1)",0.1,726.6882880718739,52,1,1455.3765761437478
13,"(4,1)",0.1,1157.8048829926274,70,1,2317.609765985255
14,"(4,1)",0.1,521.9292483924238,44,1,1045.8584967848476
15,"(4,1)",0.1,747.2717919664452,54,1,1496.5435839328904
16,"(4,1)",0.1,1133.2255149401726,69,1,2268.4510298803452
17,"(4,1)",0.1,1094.7419082168578,67,1,2191.4838164337157
18,"(4,1)",0.1,1134.0438252636866,69,1,2270.087650527373
19,"(4,1)",0.1,1160.2472300279967,70,1,2322.4944600559934
20,"(4,1)",0.1,1142.5853695459666,69,1,2287.1707390919332
21,"(4,1)",0.1,1156.5878381067341,70,1,2315.1756762134683
22,"(4,1)",0.1,232.54878381002794,33,1,467.0975676200559
23,"(4,1)",0.1,885.0746829993436,60,1,1772.1493659986872
4,"(4,1)",0.2,1040.7734390977996,70,2,2085.546878195599
5,"(4,1)",0.2,1031.8934810278074,69,2,2067.786962055615
6,"(4,1)",0.2,628.9617346005629,50,2,1261.9234692011257
7,"(4,1)",0.2,760.1644110767106,57,2,1524.3288221534212
8,"(4,1)",0.2,467.78077809097954,43,2,939.5615561819591
9,"(4,1)",0.2,912.2220385913073,62,2,1828.4440771826146
10,"(4,1)",0.2,1046.4346619580372,70,2,2096.8693239160743
11,"(4,1)",0.2,547.8986445572979,46,2,1099.7972891145957
12,"(4,1)",0.2,676.9143952216368,52,2,1357.8287904432736
13,"(4,1)",0.2,1038.3573834654662,70,2,2080.7147669309325
14,"(4,1)",0.2,500.35528782063926,44,2,1004.7105756412785
15,"(4,1)",0.2,719.9379526592126,54,2,1443.875905318425
16,"(4,1)",0.2,1015.2983996006733,69,2,2034.5967992013466
17,"(4,1)",0.2,982.5459423019221,67,2,1969.0918846038442
18,"(4,1)",0.2,1017.7475881678592,69,2,2039.4951763357185
19,"(4,1)",0.2,1039.4845691265784,70,2,2082.969138253157
20,"(4,1)",0.2,1029.696256450471,69,2,2063.392512900942
21,"(4,1)",0.2,1039.2918345568755,70,2,2082.583669113751
22,"(4,1)",0.2,144.4398148621455,33,2,292.879629724291
23,"(4,1)",0.2,861.9850203909986,60,2,1727.970040781997
4,"(4,1)",0.3,214.30875004193075,70,2,432.6175000838615
5,"(4,1)",0.3,465.29902612712067,69,2,934.5980522542413
6,"(4,1)",0.3,136.44343926703164,50,2,276.88687853406327
7,"(4,1)",0.3,276.1807263572156,57,2,556.3614527144312
8,"(4,1)",0.3,110.24506375744103,43,2,224.49012751488206
9,"(4,1)",0.3,234.37186474839004,62,2,472.7437294967801
10,"(4,1)",0.3,244.16307491992575,70,2,492.3261498398515
11,"(4,1)",0.3,242.52455955425097,46,2,489.04911910850194
12,"(4,1)",0.3,146.66657600809108,52,2,297.33315201618217
13,"(4,1)",0.3,207.09500639746156,70,2,418.1900127949231
14,"(4,1)",0.3,195.6619274781537,44,2,395.3238549563074
15,"(4,1)",0.3,168.56876797613648,54,2,341.13753595227297
16,"(4,1)",0.3,206.35954088812042,69,2,416.71908177624084
17,"(4,1)",0.3,337.088230094535,67,2,678.17646018907
18,"(4,1)",0.3,210.80219214461076,69,2,425.6043842892215
19,"(4,1)",0.3,206.72344284102908,70,2,417.44688568205817
20,"(4,1)",0.3,384.81390838798717,69,2,773.6278167759743
21,"(4,1)",0.3,211.8810018059827,70,2,427.7620036119654
22,"(4,1)",0.3,71.56701866013451,33,2,147.13403732026902
23,"(4,1)",0.3,200.47483854132477,60,2,404.94967708264954
4,"(4,1)",0.4,239.37211164220355,70,2,482.7442232844071
5,"(4,1)",0.4,251.9476983315563,69,2,507.8953966631126
6,"(4,1)",0.4,168.68144417716454,50,2,341.3628883543291
7,"(4,1)",0.4,270.2900609234375,57,2,544.580121846875
8,"(4,1)",0.4,177.724792800197,43,2,359.449585600394
9,"(4,1)",0.4,250.36975713305836,62,2,504.7395142661167
10,"(4,1)",0.4,246.61633915780695,70,2,497.2326783156139
11,"(4,1)",0.4,153.88957821782088,46,2,311.77915643564177
12,"(4,1)",0.4,233.28735817362232,52,2,470.57471634724465
13,"(4,1)",0.4,232.04970282905882,70,2,468.09940565811763
14,"(4,1)",0.4,142.22897679320621,44,2,288.45795358641243
15,"(4,1)",0.4,167.6760465728476,54,2,339.3520931456952
16,"(4,1)",0.4,231.3410514619629,69,2,466.6821029239258
17,"(4,1)",0.4,240.31698983092966,67,2,484.6339796618593
18,"(4,1)",0.4,235.4600886367754,69,2,474.9201772735508
19,"(4,1)",0.4,230.96507678236543,70,2,465.93015356473086
20,"(4,1)",0.4,249.75047375422008,69,2,503.50094750844016
21,"(4,1)",0.4,237.17488706486733,70,2,478.34977412973467
22,"(4,1)",0.4,75.11721762188817,33,2,154.23443524377635
23,"(4,1)",0.4,238.00953380770088,60,2,480.01906761540175
4,"(4,1)",0.5,194.81930618668937,70,2,393.63861237337875
5,"(4,1)",0.5,202.71334754431223,69,2,409.42669508862446
6,"(4,1)",0.5,155.61389971564267,50,2,315.22779943128535
7,"(4,1)",0.5,191.96412793943455,57,2,387.9282558788691
8,"(4,1)",0.5,91.10046456661102,43,2,186.20092913322205
9,"(4,1)",0.5,188.34471412479482,62,2,380.68942824958964
10,"(4,1)",0.5,199.19151919991495,70,2,402.3830383998299
11,"(4,1)",0.5,155.68466281897318,46,2,315.36932563794636
12,"(4,1)",0.5,259.8208605174091,52,2,523.6417210348181
13,"(4,1)",0.5,190.61693088025356,70,2,385.2338617605071
14,"(4,1)",0.5,128.1842618854617,44,2,260.3685237709234
15,"(4,1)",0.5,169.86171113426064,54,2,343.7234222685213
16,"(4,1)",0.5,189.10547337617965,69,2,382.2109467523593
17,"(4,1)",0.5,192.2102119726845,67,2,388.420423945369
18,"(4,1)",0.5,191.31274828936938,69,2,386.62549657873876
19,"(4,1)",0.5,189.2446227611084,70,2,382.4892455222168
20,"(4,1)",0.5,200.53551415629065,69,2,405.0710283125813
21,"(4,1)",0.5,193.66185339799833,70,2,391.32370679599666
22,"(4,1)",0.5,56.9457001685746,33,2,117.8914003371492
23,"(4,1)",0.5,178.06904744178394,60,2,360.1380948835679
4,"(4,1)",0.6,180.92588580905382,70,2,365.85177161810765
5,"(4,1)",0.6,206.94541535387418,69,2,417.89083070774836
6,"(4,1)",0.6,105.84585544744009,50,2,215.69171089488017
7,"(4,1)",0.6,167.10977684485806,57,2,338.2195536897161
8,"(4,1)",0.6,86.95974107157491,43,2,177.91948214314982
9,"(4,1)",0.6,181.8178616080792,62,2,367.6357232161584
10,"(4,1)",0.6,189.89457915815126,70,2,383.7891583163025
11,"(4,1)",0.6,120.45700852494514,46,2,244.91401704989028
12,"(4,1)",0.6,111.65963881731064,52,2,227.31927763462127
13,"(4,1)",0.6,172.670057381772,70,2,349.340114763544
14,"(4,1)",0.6,110.2052142781408,44,2,224.4104285562816
15,"(4,1)",0.6,118.45221184233642,54,2,240.90442368467285
16,"(4,1)",0.6,173.0530496340281,69,2,350.1060992680562
17,"(4,1)",0.6,189.93809831206474,67,2,383.8761966241295
18,"(4,1)",0.6,177.70700998418562,69,2,359.41401996837124
19,"(4,1)",0.6,171.47613491329957,70,2,346.95226982659915
20,"(4,1)",0.6,200.03941160793082,69,2,404.07882321586163
21,"(4,1)",0.6,178.28682847943855,70,2,360.5736569588771
22,"(4,1)",0.6,55.64600545136536,33,2,115.29201090273072
23,"(4,1)",0.6,169.6435376608636,60,2,343.2870753217272
4,"(4,1)",0.7,190.1447080005891,70,2,384.2894160011782
5,"(4,1)",0.7,202.1747811076977,69,2,408.3495622153954
6,"(4,1)",0.7,107.47700563610204,50,2,218.95401127220407
7,"(4,1)",0.7,144.57442578549077,57,2,293.14885157098155
8,"(4,1)",0.7,79.02115951563839,43,2,162.04231903127678
9,"(4,1)",0.7,178.1199504073912,62,2,360.2399008147824
10,"(4,1)",0.7,193.7634020495474,70,2,391.5268040990948
11,"(4,1)",0.7,101.86468775349043,46,2,207.72937550698086
12,"(4,1)",0.7,115.31215962436998,52,2,234.62431924873997
13,"(4,1)",0.7,188.14115971028505,70,2,380.2823194205701
14,"(4,1)",0.7,90.88045015558056,44,2,185.76090031116112
15,"(4,1)",0.7,124.519760268605,54,2,253.03952053721
16,"(4,1)",0.7,185.1239788933236,69,2,374.2479577866472
17,"(4,1)",0.7,188.37419619995006,67,2,380.7483923999001
18,"(4,1)",0.7,186.23268499516095,69,2,376.4653699903219
19,"(4,1)",0.7,187.88984528200416,70,2,379.7796905640083
20,"(4,1)",0.7,198.44953400941287,69,2,400.89906801882574
21,"(4,1)",0.7,189.61407974952692,70,2,383.22815949905385
22,"(4,1)",0.7,51.69529533785544,33,2,107.39059067571088
23,"(4,1)",0.7,167.27596604384928,60,2,338.55193208769856
4,"(4,1)",0.8,134.51158527697507,70,2,273.02317055395014
5,"(4,1)",0.8,142.09639206674646,69,2,288.1927841334929
6,"(4,1)",0.8,88.81903837224695,50,2,181.6380767444939
7,"(4,1)",0.8,113.97666617579024,57,2,231.95333235158049
8,"(4,1)",0.8,75.94180384533465,43,2,155.8836076906693
9,"(4,1)",0.8,141.8480865626078,62,2,287.6961731252156
10,"(4,1)",0.8,137.58079875989193,70,2,279.16159751978387
11,"(4,1)",0.8,90.18967469413595,46,2,184.3793493882719
12,"(4,1)",0.8,102.45005109399466,52,2,208.90010218798932
13,"(4,1)",0.8,131.73256566440503,70,2,267.46513132881006
14,"(4,1)",0.8,86.16509490617939,44,2,176.33018981235878
15,"(4,1)",0.8,98.46099248391727,54,2,200.92198496783453
16,"(4,1)",0.8,130.73569444587153,69,2,265.47138889174306
17,"(4,1)",0.8,134.6459999057874,67,2,273.2919998115748
18,"(4,1)",0.8,132.30431036378536,69,2,268.6086207275707
19,"(4,1)",0.8,131.47020139993754,70,2,266.9404027998751
20,"(4,1)",0.8,140.3290610576303,69,2,284.6581221152606
21,"(4,1)",0.8,133.7231279166108,70,2,271.4462558332216
22,"(4,1)",0.8,53.82520922020874,33,2,111.65041844041748
23,"(4,1)",0.8,117.79927405518151,60,2,239.59854811036303
4,"(4,1)",0.9,183.9130184798824,70,2,371.8260369597648
5,"(4,1)",0.9,189.35221941551475,69,2,382.7044388310295
6,"(4,1)",0.9,111.312358513259,50,2,226.624717026518
7,"(4,1)",0.9,137.80255763112964,57,2,279.6051152622593
8,"(4,1)",0.9,84.31874074785797,43,2,172.63748149571595
9,"(4,1)",0.9,174.29561242476615,62,2,352.5912248495323
10,"(4,1)",0.9,186.27818205418572,70,2,376.55636410837144
11,"(4,1)",0.9,103.89579106613687,46,2,211.79158213227373
12,"(4,1)",0.9,121.97014766950836,52,2,247.94029533901673
13,"(4,1)",0.9,182.9997098575741,70,2,369.9994197151482
14,"(4,1)",0.9,92.13839270470245,44,2,188.2767854094049
15,"(4,1)",0.9,123.97601226803636,54,2,251.9520245360727
16,"(4,1)",0.9,179.64730264008134,69,2,363.29460528016267
17,"(4,1)",0.9,179.3278671607848,67,2,362.6557343215696
18,"(4,1)",0.9,180.4064605825624,69,2,364.8129211651248
19,"(4,1)",0.9,183.22285340888828,70,2,370.44570681777657
20,"(4,1)",0.9,187.6094942808883,69,2,379.2189885617766
21,"(4,1)",0.9,183.4334453996205,70,2,370.866890799241
22,"(4,1)",0.9,50.814817667610455,33,2,105.62963533522091
23,"(4,1)",0.9,147.21903020859352,60,2,298.43806041718705
4,"(5,1)",0.1,1249.3650592073748,70,1,2500.7301184147495
5,"(5,1)",0.1,1333.3690030309301,69,1,2668.7380060618602
6,"(5,1)",0.1,749.0149602307479,50,1,1500.0299204614957
7,"(5,1)",0.1,877.7105512125956,57,1,1757.4211024251913
8,"(5,1)",0.1,587.8340037211645,43,1,1177.668007442329
9,"(5,1)",0.1,1028.3594115102205,62,1,2058.718823020441
10,"(5,1)",0.1,1254.6856950968784,70,1,2511.3713901937567
11,"(5,1)",0.1,724.1204468267008,46,1,1450.2408936534016
12,"(5,1)",0.1,799.6617819407634,52,1,1601.3235638815268
13,"(5,1)",0.1,1248.9106149527663,70,1,2499.8212299055326
14,"(5,1)",0.1,637.4207209891448,44,1,1276.8414419782896
15,"(5,1)",0.1,838.3775239265846,54,1,1678.7550478531691
16,"(5,1)",0.1,1224.6476942231973,69,1,2451.2953884463946
17,"(5,1)",0.1,1268.896620427097,67,1,2539.793240854194
18,"(5,1)",0.1,1226.3392082774344,69,1,2454.678416554869
19,"(5,1)",0.1,1251.6514549766916,70,1,2505.3029099533833
20,"(5,1)",0.1,1333.3690030309301,69,1,2668.7380060618602
21,"(5,1)",0.1,1248.3464896263802,70,1,2498.6929792527603
22,"(5,1)",0.1,343.05678634738206,33,1,688.1135726947641
23,"(5,1)",0.1,978.2238363879846,60,1,1958.4476727759693
4,"(5,1)",0.2,271.939330313631,70,2,547.878660627262
5,"(5,1)",0.2,474.1088046542431,69,2,952.2176093084862
6,"(5,1)",0.2,208.0397074080838,50,2,420.0794148161676
7,"(5,1)",0.2,251.84892335039564,57,2,507.6978467007913
8,"(5,1)",0.2,231.0655583380242,43,2,466.1311166760484
9,"(5,1)",0.2,274.674103584874,62,2,553.348207169748
10,"(5,1)",0.2,280.3370640650099,70,2,564.6741281300198
11,"(5,1)",0.2,282.55263778101437,46,2,569.1052755620287
12,"(5,1)",0.2,311.345881664512,52,2,626.691763329024
13,"(5,1)",0.2,268.04841938820283,70,2,540.0968387764057
14,"(5,1)",0.2,251.52041928342348,44,2,507.04083856684696
15,"(5,1)",0.2,225.54409742016205,54,2,455.0881948403241
16,"(5,1)",0.2,264.12870732310694,69,2,532.2574146462139
17,"(5,1)",0.2,349.6922485914293,67,2,703.3844971828586
18,"(5,1)",0.2,267.3341601276429,69,2,538.6683202552858
19,"(5,1)",0.2,268.96471012007703,70,2,541.9294202401541
20,"(5,1)",0.2,397.94117502864617,69,2,799.8823500572923
21,"(5,1)",0.2,270.12017187021485,70,2,544.2403437404297
22,"(5,1)",0.2,222.74903584207019,33,2,449.49807168414037
23,"(5,1)",0.2,277.75539374678954,60,2,559.5107874935791
4,"(5,1)",0.3,234.69697140145215,70,2,473.3939428029043
5,"(5,1)",0.3,245.94801937346247,69,2,495.89603874692494
6,"(5,1)",0.3,205.81970654799449,50,2,415.63941309598897
7,"(5,1)",0.3,282.2025254160481,57,2,568.4050508320962
8,"(5,1)",0.3,217.3563485395821,43,2,438.7126970791642
9,"(5,1)",0.3,262.65951585681034,62,2,529.3190317136207
10,"(5,1)",0.3,239.68484970842582,70,2,483.36969941685163
11,"(5,1)",0.3,223.6399633702822,46,2,451.2799267405644
12,"(5,1)",0.3,310.0130114815244,52,2,624.0260229630488
13,"(5,1)",0.3,229.87269807368685,70,2,463.7453961473737
14,"(5,1)",0.3,231.81622997472786,44,2,467.6324599494557
15,"(5,1)",0.3,221.55118017864615,54,2,447.1023603572923
16,"(5,1)",0.3,228.09216566705257,69,2,460.18433133410514
17,"(5,1)",0.3,234.6049929452876,67,2,473.2099858905752
18,"(5,1)",0.3,231.19041350413215,69,2,466.3808270082643
19,"(5,1)",0.3,229.7893164647478,70,2,463.5786329294956
20,"(5,1)",0.3,244.03847686857802,69,2,492.07695373715603
21,"(5,1)",0.3,233.11285129700235,70,2,470.2257025940047
22,"(5,1)",0.3,77.36821336712242,33,2,158.73642673424484
23,"(5,1)",0.3,270.283175303475,60,2,544.56635060695
4,"(5,1)",0.4,206.0147633710958,70,2,416.0295267421916
5,"(5,1)",0.4,216.6985124437787,69,2,437.3970248875574
6,"(5,1)",0.4,187.96887007668653,50,2,379.93774015337306
7,"(5,1)",0.4,205.41742620614343,57,2,414.83485241228686
8,"(5,1)",0.4,128.9700043201208,43,2,261.9400086402416
9,"(5,1)",0.4,237.9105461038286,62,2,479.8210922076572
10,"(5,1)",0.4,210.88122887436248,70,2,425.76245774872496
11,"(5,1)",0.4,170.79274142340574,46,2,345.5854828468115
12,"(5,1)",0.4,274.6568511306304,52,2,553.3137022612608
13,"(5,1)",0.4,202.73719185306874,70,2,409.4743837061375
14,"(5,1)",0.4,181.68948074895218,44,2,367.37896149790436
15,"(5,1)",0.4,145.76921927859348,54,2,295.53843855718696
16,"(5,1)",0.4,201.00412807699954,69,2,406.00825615399907
17,"(5,1)",0.4,204.96202684760902,67,2,413.92405369521805
18,"(5,1)",0.4,202.5082054737758,69,2,409.0164109475516
19,"(5,1)",0.4,201.6235416870361,70,2,407.2470833740722
20,"(5,1)",0.4,212.9402235382926,69,2,429.8804470765852
21,"(5,1)",0.4,205.32161619053585,70,2,414.6432323810717
22,"(5,1)",0.4,72.09449557748843,33,2,148.18899115497686
23,"(5,1)",0.4,246.56185875022086,60,2,497.1237175004417
4,"(5,1)",0.5,210.67935953736205,70,2,425.3587190747241
5,"(5,1)",0.5,220.8805562534889,69,2,445.7611125069778
6,"(5,1)",0.5,123.75268646309817,50,2,251.50537292619634
7,"(5,1)",0.5,179.17239843469392,57,2,362.34479686938784
8,"(5,1)",0.5,137.27359450576614,43,2,278.5471890115323
9,"(5,1)",0.5,179.95927250805605,62,2,363.9185450161121
10,"(5,1)",0.5,214.40176168351465,70,2,432.8035233670293
11,"(5,1)",0.5,118.06264830224114,46,2,240.1252966044823
12,"(5,1)",0.5,152.10670772273636,52,2,308.2134154454727
13,"(5,1)",0.5,207.36544435120726,70,2,418.7308887024145
14,"(5,1)",0.5,109.55825649046051,44,2,223.11651298092102
15,"(5,1)",0.5,140.14443372218358,54,2,284.28886744436716
16,"(5,1)",0.5,205.17006018453907,69,2,414.34012036907814
17,"(5,1)",0.5,207.1928790670345,67,2,418.385758134069
18,"(5,1)",0.5,206.7673365319339,69,2,417.5346730638678
19,"(5,1)",0.5,206.2052741695397,70,2,416.4105483390794
20,"(5,1)",0.5,216.90399472692317,69,2,437.80798945384635
21,"(5,1)",0.5,209.87701306483712,70,2,423.75402612967423
22,"(5,1)",0.5,61.229749663152525,33,2,126.45949932630505
23,"(5,1)",0.5,187.29905216821865,60,2,378.5981043364373
4,"(5,1)",0.6,242.62702482973043,70,2,489.25404965946086
5,"(5,1)",0.6,254.84516203300424,69,2,513.6903240660085
6,"(5,1)",0.6,161.4618580336096,50,2,326.9237160672192
7,"(5,1)",0.6,220.47782472734855,57,2,444.9556494546971
8,"(5,1)",0.6,105.86030866143616,43,2,215.72061732287233
9,"(5,1)",0.6,224.81106119785304,62,2,453.62212239570607
10,"(5,1)",0.6,247.78561883340603,70,2,499.57123766681207
11,"(5,1)",0.6,137.528200613183,46,2,279.056401226366
12,"(5,1)",0.6,149.705986390029,52,2,303.411972780058
13,"(5,1)",0.6,239.16657886805598,70,2,482.33315773611196
14,"(5,1)",0.6,126.55578677131918,44,2,257.1115735426383
15,"(5,1)",0.6,178.66809467336876,54,2,361.3361893467375
16,"(5,1)",0.6,236.19187396169406,69,2,476.3837479233881
17,"(5,1)",0.6,241.40207477594683,67,2,486.80414955189366
18,"(5,1)",0.6,238.02185464374233,69,2,480.04370928748466
19,"(5,1)",0.6,238.30158143056937,70,2,480.60316286113874
20,"(5,1)",0.6,252.78146884829255,69,2,509.5629376965851
21,"(5,1)",0.6,241.62372272086665,70,2,487.2474454417333
22,"(5,1)",0.6,65.77369664988989,33,2,135.54739329977977
23,"(5,1)",0.6,211.57710675504023,60,2,427.15421351008047
4,"(5,1)",0.7,225.64718881569175,70,2,455.2943776313835
5,"(5,1)",0.7,234.33883622470597,69,2,472.67767244941194
6,"(5,1)",0.7,121.32642949656525,50,2,246.6528589931305
7,"(5,1)",0.7,163.94632598690924,57,2,331.8926519738185
8,"(5,1)",0.7,87.46837776221602,43,2,178.93675552443204
9,"(5,1)",0.7,206.287870994229,62,2,416.575741988458
10,"(5,1)",0.7,229.95557581034194,70,2,463.9111516206839
11,"(5,1)",0.7,154.7712415302512,46,2,313.5424830605024
12,"(5,1)",0.7,148.31691338220622,52,2,300.63382676441245
13,"(5,1)",0.7,221.0684760038522,70,2,446.1369520077044
14,"(5,1)",0.7,124.56570160584499,44,2,253.13140321168999
15,"(5,1)",0.7,140.77371199320947,54,2,285.54742398641895
16,"(5,1)",0.7,218.67044066522266,69,2,441.3408813304453
17,"(5,1)",0.7,220.99064770947132,67,2,445.98129541894264
18,"(5,1)",0.7,221.04201862970365,69,2,446.0840372594073
19,"(5,1)",0.7,220.23222797965158,70,2,444.46445595930317
20,"(5,1)",0.7,231.64790706438384,69,2,467.2958141287677
21,"(5,1)",0.7,224.41504513439912,70,2,452.83009026879824
22,"(5,1)",0.7,50.178535213857096,33,2,104.35707042771419
23,"(5,1)",0.7,193.98838390405933,60,2,391.97676780811867
4,"(5,1)",0.8,168.8159935343148,70,2,341.6319870686296
5,"(5,1)",0.8,176.02097147728998,69,2,356.04194295457995
6,"(5,1)",0.8,98.011793800321,50,2,200.023587600642
7,"(5,1)",0.8,124.53310686686582,57,2,253.06621373373164
8,"(5,1)",0.8,78.34272681601014,43,2,160.68545363202028
9,"(5,1)",0.8,141.01376417922796,62,2,286.0275283584559
10,"(5,1)",0.8,170.95217404207568,70,2,345.90434808415137
11,"(5,1)",0.8,92.25290845708545,46,2,188.5058169141709
12,"(5,1)",0.8,107.37628485212443,52,2,218.75256970424886
13,"(5,1)",0.8,167.3112994350188,70,2,338.6225988700376
14,"(5,1)",0.8,85.28996827958268,44,2,174.57993655916536
15,"(5,1)",0.8,109.26001659989178,54,2,222.52003319978357
16,"(5,1)",0.8,164.2683471924649,69,2,332.5366943849298
17,"(5,1)",0.8,162.74836527253456,67,2,329.4967305450691
18,"(5,1)",0.8,165.3094356369948,69,2,334.6188712739896
19,"(5,1)",0.8,167.09357595117393,70,2,338.18715190234786
20,"(5,1)",0.8,171.8586221859538,69,2,347.7172443719076
21,"(5,1)",0.8,168.27699703358212,70,2,340.55399406716424
22,"(5,1)",0.8,53.674219082135785,33,2,111.34843816427157
23,"(5,1)",0.8,131.53009869040267,60,2,267.06019738080533
4,"(5,1)",0.9,177.58343498117256,70,2,359.1668699623451
5,"(5,1)",0.9,186.4952640370898,69,2,376.9905280741796
6,"(5,1)",0.9,99.79264403782915,50,2,203.5852880756583
7,"(5,1)",0.9,132.36295994584202,57,2,268.72591989168404
8,"(5,1)",0.9,76.59591893693505,43,2,157.1918378738701
9,"(5,1)",0.9,167.15637877132792,62,2,338.31275754265585
10,"(5,1)",0.9,181.3832810560701,70,2,366.7665621121402
11,"(5,1)",0.9,96.58114536218798,46,2,197.16229072437596
12,"(5,1)",0.9,110.25241958820799,52,2,224.50483917641597
13,"(5,1)",0.9,175.63652871450734,70,2,355.27305742901467
14,"(5,1)",0.9,87.60608104358379,44,2,179.21216208716757
15,"(5,1)",0.9,113.6612466829055,54,2,231.322493365811
16,"(5,1)",0.9,173.04096897569573,69,2,350.08193795139147
17,"(5,1)",0.9,176.2506749795488,67,2,356.5013499590976
18,"(5,1)",0.9,174.07687708385257,69,2,352.15375416770513
19,"(5,1)",0.9,175.48237803468007,70,2,354.96475606936013
20,"(5,1)",0.9,184.83863724185326,69,2,373.6772744837065
21,"(5,1)",0.9,177.08033140350048,70,2,358.16066280700096
22,"(5,1)",0.9,45.2070298307298,33,2,94.4140596614596
23,"(5,1)",0.9,157.4885492060934,60,2,318.9770984121868
4,"(6,1)",0.1,1196.2004669317105,70,1,2394.400933863421
5,"(6,1)",0.1,1336.394710674008,69,1,2674.789421348016
6,"(6,1)",0.1,695.9037931699822,50,1,1393.8075863399645
7,"(6,1)",0.1,826.6193489281193,57,1,1655.2386978562386
8,"(6,1)",0.1,534.7228366603989,43,1,1071.4456733207978
9,"(6,1)",0.1,977.8968178851663,62,1,1957.7936357703327
10,"(6,1)",0.1,1204.2231014718245,70,1,2410.446202943649
11,"(6,1)",0.1,671.4786471298132,46,1,1344.9572942596265
12,"(6,1)",0.1,745.4315937196985,52,1,1492.863187439397
13,"(6,1)",0.1,1195.617126335207,70,1,2393.234252670414
14,"(6,1)",0.1,585.8775335809254,44,1,1173.7550671618508
15,"(6,1)",0.1,785.084035309025,54,1,1572.16807061805
16,"(6,1)",0.1,1171.803247290867,69,1,2345.606494581734
17,"(6,1)",0.1,1216.660285838318,67,1,2435.320571676636
18,"(6,1)",0.1,1173.1746160017701,69,1,2348.3492320035402
19,"(6,1)",0.1,1198.5402879159262,70,1,2399.0805758318525
20,"(6,1)",0.1,1299.5533491861036,69,1,2601.106698372207
21,"(6,1)",0.1,1195.2709309730863,70,1,2392.5418619461725
22,"(6,1)",0.1,288.82659812631715,33,1,579.6531962526343
23,"(6,1)",0.1,924.8521009023525,60,1,1851.704201804705
4,"(6,1)",0.2,1118.7930450623926,70,2,2241.586090124785
5,"(6,1)",0.2,1109.3780982601008,69,2,2222.7561965202017
6,"(6,1)",0.2,613.3837867742316,50,2,1230.7675735484631
7,"(6,1)",0.2,743.384663527374,57,2,1490.769327054748
8,"(6,1)",0.2,452.2028302646482,43,2,908.4056605292964
9,"(6,1)",0.2,896.5716749893055,62,2,1797.143349978611
10,"(6,1)",0.2,1123.2828043968696,70,2,2250.565608793739
11,"(6,1)",0.2,532.0862480525393,46,2,1068.1724961050786
12,"(6,1)",0.2,661.5262297310462,52,2,1327.0524594620924
13,"(6,1)",0.2,1115.6016321033526,70,2,2235.203264206705
14,"(6,1)",0.2,483.9344853637758,44,2,971.8689707275516
15,"(6,1)",0.2,704.6836952562646,54,2,1413.3673905125293
16,"(6,1)",0.2,1093.3956161679714,69,2,2190.791232335943
17,"(6,1)",0.2,1059.232051837998,67,2,2122.464103675996
18,"(6,1)",0.2,1095.7671941324522,69,2,2195.5343882649045
19,"(6,1)",0.2,1116.4051273410812,70,2,2236.8102546821624
20,"(6,1)",0.2,1107.298656718421,69,2,2218.597313436842
21,"(6,1)",0.2,1117.6944327737247,70,2,2239.3888655474493
22,"(6,1)",0.2,167.67440754165213,33,2,339.34881508330426
23,"(6,1)",0.2,847.1288260836159,60,2,1698.2576521672318
4,"(6,1)",0.3,215.56634072423734,70,2,435.13268144847467
5,"(6,1)",0.3,331.67557867548504,69,2,667.3511573509701
6,"(6,1)",0.3,187.67479205271349,50,2,379.34958410542697
7,"(6,1)",0.3,262.3661588347995,57,2,528.732317669599
8,"(6,1)",0.3,123.06442370590638,43,2,250.12884741181276
9,"(6,1)",0.3,242.39933502878534,62,2,488.7986700575707
10,"(6,1)",0.3,220.24585559678434,70,2,444.4917111935687
11,"(6,1)",0.3,205.61370539692993,46,2,415.22741079385986
12,"(6,1)",0.3,291.6870168945376,52,2,587.3740337890752
13,"(6,1)",0.3,212.7656932783006,70,2,429.5313865566012
14,"(6,1)",0.3,175.68009918800738,44,2,355.36019837601475
15,"(6,1)",0.3,203.62298866687638,54,2,411.24597733375276
16,"(6,1)",0.3,210.26203172802104,69,2,424.5240634560421
17,"(6,1)",0.3,217.07449928788415,67,2,438.1489985757683
18,"(6,1)",0.3,211.65431771880918,69,2,427.30863543761836
19,"(6,1)",0.3,212.46558868585026,70,2,428.9311773717005
20,"(6,1)",0.3,248.52323272976972,69,2,501.04646545953943
21,"(6,1)",0.3,214.83545321569454,70,2,433.6709064313891
22,"(6,1)",0.3,61.94956598844765,33,2,127.8991319768953
23,"(6,1)",0.3,249.86980333511744,60,2,503.7396066702349
4,"(6,1)",0.4,244.81234177282158,70,2,493.62468354564317
5,"(6,1)",0.4,260.5801889343143,69,2,525.1603778686286
6,"(6,1)",0.4,182.6427895522044,50,2,369.2855791044088
7,"(6,1)",0.4,226.92489006163134,57,2,457.8497801232627
8,"(6,1)",0.4,115.2709618942693,43,2,234.5419237885386
9,"(6,1)",0.4,246.8596985382135,62,2,497.719397076427
10,"(6,1)",0.4,252.1171939102414,70,2,508.2343878204828
11,"(6,1)",0.4,168.7243080120339,46,2,341.4486160240678
12,"(6,1)",0.4,229.1869678971831,52,2,462.3739357943662
13,"(6,1)",0.4,239.09199747007128,70,2,482.18399494014255
14,"(6,1)",0.4,140.16457364423263,44,2,284.32914728846526
15,"(6,1)",0.4,199.0725821518184,54,2,402.1451643036368
16,"(6,1)",0.4,236.88008217732505,69,2,477.7601643546501
17,"(6,1)",0.4,245.87678711899758,67,2,495.75357423799517
18,"(6,1)",0.4,240.20717158683348,69,2,484.41434317366696
19,"(6,1)",0.4,238.31029689216987,70,2,480.62059378433975
20,"(6,1)",0.4,257.28435206831,69,2,518.56870413662
21,"(6,1)",0.4,243.2029038603875,70,2,490.405807720775
22,"(6,1)",0.4,70.29166249515747,33,2,144.58332499031494
23,"(6,1)",0.4,213.53326319729925,60,2,431.0665263945985
4,"(6,1)",0.5,532.839492208722,70,2,1069.678984417444
5,"(6,1)",0.5,534.7136830696326,69,2,1073.4273661392651
6,"(6,1)",0.5,133.1355788555393,50,2,270.2711577110786
7,"(6,1)",0.5,198.92115545466422,57,2,401.84231090932843
8,"(6,1)",0.5,100.3266593525948,43,2,204.6533187051896
9,"(6,1)",0.5,275.4834664373204,62,2,554.9669328746407
10,"(6,1)",0.5,538.6408550117171,70,2,1081.2817100234342
11,"(6,1)",0.5,130.42664870458657,46,2,264.85329740917314
12,"(6,1)",0.5,133.71533827881308,52,2,271.43067655762616
13,"(6,1)",0.5,528.5581728188168,70,2,1061.1163456376337
14,"(6,1)",0.5,116.08789000285776,44,2,236.17578000571552
15,"(6,1)",0.5,173.3182146115613,54,2,350.6364292231226
16,"(6,1)",0.5,507.7189322649709,69,2,1019.4378645299417
17,"(6,1)",0.5,478.06207682778796,67,2,960.1241536555759
18,"(6,1)",0.5,509.8136412787816,69,2,1023.6272825575631
19,"(6,1)",0.5,527.264251777828,70,2,1058.528503555656
20,"(6,1)",0.5,527.1205607974094,69,2,1058.2411215948189
21,"(6,1)",0.5,531.6763413989163,70,2,1067.3526827978326
22,"(6,1)",0.5,58.91614594925327,33,2,121.83229189850654
23,"(6,1)",0.5,224.20038034941547,60,2,452.40076069883094
4,"(6,1)",0.6,245.11741481017572,70,2,494.23482962035143
5,"(6,1)",0.6,261.7556141662038,69,2,527.5112283324077
6,"(6,1)",0.6,163.39604660779642,50,2,330.79209321559284
7,"(6,1)",0.6,206.3901056025629,57,2,416.7802112051258
8,"(6,1)",0.6,105.88490796789631,43,2,215.76981593579262
9,"(6,1)",0.6,227.767297906916,62,2,459.534595813832
10,"(6,1)",0.6,250.05917966177637,70,2,504.11835932355274
11,"(6,1)",0.6,138.82817620051472,46,2,281.65635240102944
12,"(6,1)",0.6,225.50130559749806,52,2,455.0026111949961
13,"(6,1)",0.6,241.7286399485121,70,2,487.4572798970242
14,"(6,1)",0.6,126.36394165648817,44,2,256.72788331297636
15,"(6,1)",0.6,182.59539670574694,54,2,369.19079341149387
16,"(6,1)",0.6,238.7429580108116,69,2,481.4859160216232
17,"(6,1)",0.6,243.65286853787427,67,2,491.30573707574854
18,"(6,1)",0.6,240.51224462418762,69,2,485.02448924837523
19,"(6,1)",0.6,240.94997059451399,70,2,485.89994118902797
20,"(6,1)",0.6,255.90773134757387,69,2,515.8154626951477
21,"(6,1)",0.6,244.32895744981144,70,2,492.6579148996229
22,"(6,1)",0.6,54.981656728933146,33,2,113.96331345786629
23,"(6,1)",0.6,214.74365793515696,60,2,433.4873158703139
4,"(6,1)",0.7,200.89065162768875,70,2,405.7813032553775
5,"(6,1)",0.7,215.95543624135573,69,2,435.91087248271145
6,"(6,1)",0.7,117.01872234126976,50,2,238.03744468253953
7,"(6,1)",0.7,173.63008894163607,57,2,351.26017788327215
8,"(6,1)",0.7,94.27587608451186,43,2,192.55175216902373
9,"(6,1)",0.7,189.71709861383,62,2,383.43419722766
10,"(6,1)",0.7,205.4619202620012,70,2,414.9238405240024
11,"(6,1)",0.7,119.07004115720456,46,2,242.1400823144091
12,"(6,1)",0.7,128.07316228759817,52,2,260.14632457519633
13,"(6,1)",0.7,196.14683494840935,70,2,396.2936698968187
14,"(6,1)",0.7,109.92935995566789,44,2,223.85871991133578
15,"(6,1)",0.7,132.45722725670277,54,2,268.91445451340553
16,"(6,1)",0.7,194.44778487728556,69,2,392.8955697545711
17,"(6,1)",0.7,199.61343566233737,67,2,403.22687132467473
18,"(6,1)",0.7,196.9786286222606,69,2,397.9572572445212
19,"(6,1)",0.7,195.2231641092376,70,2,394.4463282184752
20,"(6,1)",0.7,210.25408728085023,69,2,424.50817456170046
21,"(6,1)",0.7,199.56378068703964,70,2,403.1275613740793
22,"(6,1)",0.7,50.27192102783934,33,2,104.54384205567868
23,"(6,1)",0.7,179.12423872700603,60,2,362.24847745401206
4,"(6,1)",0.8,172.87163851676587,70,2,349.74327703353174
5,"(6,1)",0.8,178.79003954340084,69,2,361.5800790868017
6,"(6,1)",0.8,131.69111939273628,50,2,267.38223878547257
7,"(6,1)",0.8,214.13341922708415,57,2,432.2668384541683
8,"(6,1)",0.8,91.34466751856192,43,2,186.68933503712384
9,"(6,1)",0.8,188.67235366037627,62,2,381.34470732075255
10,"(6,1)",0.8,173.88088728821603,70,2,351.76177457643206
11,"(6,1)",0.8,125.18591413158147,46,2,254.37182826316294
12,"(6,1)",0.8,182.20934494531397,52,2,368.41868989062795
13,"(6,1)",0.8,171.76159753227412,70,2,347.52319506454825
14,"(6,1)",0.8,101.03159794982321,44,2,206.06319589964642
15,"(6,1)",0.8,162.58720571600242,54,2,329.17441143200483
16,"(6,1)",0.8,169.6374952197669,69,2,343.2749904395338
17,"(6,1)",0.8,166.71464522151282,67,2,337.42929044302565
18,"(6,1)",0.8,169.8759062432119,69,2,343.7518124864238
19,"(6,1)",0.8,171.26912104717633,70,2,346.53824209435265
20,"(6,1)",0.8,174.16139700122764,69,2,352.3227940024553
21,"(6,1)",0.8,172.87163851676587,70,2,349.74327703353174
22,"(6,1)",0.8,57.31636468545067,33,2,118.63272937090134
23,"(6,1)",0.8,183.4208401966274,60,2,370.8416803932548
4,"(6,1)",0.9,160.00548693192812,70,2,324.01097386385624
5,"(6,1)",0.9,165.38935932440097,69,2,334.77871864880194
6,"(6,1)",0.9,114.6433178847829,50,2,233.2866357695658
7,"(6,1)",0.9,137.40112529108987,57,2,278.80225058217974
8,"(6,1)",0.9,77.61627222269145,43,2,159.2325444453829
9,"(6,1)",0.9,172.45869547941575,62,2,348.9173909588315
10,"(6,1)",0.9,161.22808469894827,70,2,326.45616939789653
11,"(6,1)",0.9,88.73928963641883,46,2,181.47857927283766
12,"(6,1)",0.9,185.4354405051412,52,2,374.8708810102824
13,"(6,1)",0.9,159.34998301300917,70,2,322.69996602601833
14,"(6,1)",0.9,83.94360929299786,44,2,171.88721858599573
15,"(6,1)",0.9,107.81696730327926,54,2,219.6339346065585
16,"(6,1)",0.9,156.01568622545727,69,2,316.03137245091455
17,"(6,1)",0.9,153.6091691787112,67,2,311.2183383574224
18,"(6,1)",0.9,156.49892903460812,69,2,316.99785806921625
19,"(6,1)",0.9,159.54413902745011,70,2,323.08827805490023
20,"(6,1)",0.9,162.5681951224065,69,2,329.136390244813
21,"(6,1)",0.9,159.73355321644448,70,2,323.46710643288895
22,"(6,1)",0.9,44.559368142408886,33,2,93.11873628481777
23,"(6,1)",0.9,166.14882209557518,60,2,336.29764419115037
4,"(9,1)",0.1,283.832937827799,70,1,569.665875655598
5,"(9,1)",0.1,550.1690672816935,69,1,1102.338134563387
6,"(9,1)",0.1,222.9588951280808,50,1,447.9177902561616
7,"(9,1)",0.1,342.26346443898797,57,1,686.5269288779759
8,"(9,1)",0.1,245.98474605802116,43,1,493.9694921160423
9,"(9,1)",0.1,345.48234026385614,62,1,692.9646805277123
10,"(9,1)",0.1,350.06730774252645,70,1,702.1346154850529
11,"(9,1)",0.1,365.98246254948833,46,1,733.9649250989767
12,"(9,1)",0.1,347.29849014975935,52,1,696.5969802995187
13,"(9,1)",0.1,280.60868026127235,70,1,563.2173605225447
14,"(9,1)",0.1,338.35144143355996,44,1,678.7028828671199
15,"(9,1)",0.1,239.18235129469699,54,1,480.36470258939397
16,"(9,1)",0.1,276.20796834217435,69,1,554.4159366843487
17,"(9,1)",0.1,430.4346424460034,67,1,862.8692848920068
18,"(9,1)",0.1,279.22776764181094,69,1,560.4555352836219
19,"(9,1)",0.1,282.80590483860857,70,1,567.6118096772171
20,"(9,1)",0.1,476.486344305884,69,1,954.972688611768
21,"(9,1)",0.1,282.0983367724109,70,1,566.1966735448218
22,"(9,1)",0.1,259.8002566159855,33,1,521.600513231971
23,"(9,1)",0.1,291.71640725912613,60,1,585.4328145182523
4,"(9,1)",0.2,1168.5039971107806,70,2,2341.007994221561
5,"(9,1)",0.2,1339.5274164710615,69,2,2683.054832942123
6,"(9,1)",0.2,681.5759542611621,50,2,1367.1519085223242
7,"(9,1)",0.2,852.5188110395134,57,2,1709.0376220790267
8,"(9,1)",0.2,520.3949977515788,43,2,1044.7899955031576
9,"(9,1)",0.2,965.7021555401604,62,2,1935.404311080321
10,"(9,1)",0.2,1172.934813909624,70,2,2349.869627819248
11,"(9,1)",0.2,657.269081764265,46,2,1318.53816352853
12,"(9,1)",0.2,729.0776662965491,52,2,1462.1553325930981
13,"(9,1)",0.2,1164.4256766093513,70,2,2332.8513532187026
14,"(9,1)",0.2,572.9897240553595,44,2,1149.979448110719
15,"(9,1)",0.2,772.986210800364,54,2,1549.972421600728
16,"(9,1)",0.2,1142.7796654307542,69,2,2289.5593308615084
17,"(9,1)",0.2,1182.951630147467,67,2,2369.903260294934
18,"(9,1)",0.2,1145.4781461808402,69,2,2294.9562923616804
19,"(9,1)",0.2,1165.1188237899114,70,2,2334.237647579823
20,"(9,1)",0.2,1265.8446934952524,69,2,2535.6893869905048
21,"(9,1)",0.2,1167.271853429488,70,2,2338.543706858976
22,"(9,1)",0.2,291.58649862768004,33,2,587.1729972553601
23,"(9,1)",0.2,916.0669347418234,60,2,1836.1338694836468
4,"(9,1)",0.3,1225.5561550610792,70,2,2455.1123101221583
5,"(9,1)",0.3,1360.8162059349206,69,2,2725.6324118698412
6,"(9,1)",0.3,737.5874903106557,50,2,1479.1749806213113
7,"(9,1)",0.3,930.4559370963497,57,2,1864.9118741926993
8,"(9,1)",0.3,576.4065338010723,43,2,1156.8130676021447
9,"(9,1)",0.3,1025.3727515328715,62,2,2054.745503065743
10,"(9,1)",0.3,1232.6054099023347,70,2,2469.2108198046694
11,"(9,1)",0.3,734.5130606405414,46,2,1473.0261212810829
12,"(9,1)",0.3,784.2145563154402,52,2,1572.4291126308804
13,"(9,1)",0.3,1221.4786665336728,70,2,2446.9573330673456
14,"(9,1)",0.3,650.9268501121957,44,2,1305.8537002243913
15,"(9,1)",0.3,830.0392007246858,54,2,1664.0784014493715
16,"(9,1)",0.3,1200.0896524903546,69,2,2404.1793049807093
17,"(9,1)",0.3,1259.502461843183,67,2,2523.004923686366
18,"(9,1)",0.3,1202.5303041311388,69,2,2409.0606082622776
19,"(9,1)",0.3,1221.1303598394047,70,2,2446.2607196788094
20,"(9,1)",0.3,1342.3955251909683,69,2,2688.7910503819367
21,"(9,1)",0.3,1224.243968672113,70,2,2452.487937344226
22,"(9,1)",0.3,346.72338864657115,33,2,697.4467772931423
23,"(9,1)",0.3,974.7567014815228,60,2,1953.5134029630456
4,"(9,1)",0.4,640.1802161185412,70,2,1284.3604322370825
5,"(9,1)",0.4,632.0645662135198,69,2,1268.1291324270396
6,"(9,1)",0.4,207.83413879515774,50,2,419.6682775903155
7,"(9,1)",0.4,285.7599929170429,57,2,575.5199858340858
8,"(9,1)",0.4,192.63233387607363,43,2,389.26466775214726
9,"(9,1)",0.4,436.34431469353007,62,2,876.6886293870601
10,"(9,1)",0.4,643.5669227271408,70,2,1291.1338454542815
11,"(9,1)",0.4,220.14258004451696,46,2,444.2851600890339
12,"(9,1)",0.4,308.6156660731485,52,2,621.231332146297
13,"(9,1)",0.4,636.7692184322808,70,2,1277.5384368645616
14,"(9,1)",0.4,227.00154515932968,44,2,458.00309031865936
15,"(9,1)",0.4,226.92927458665793,54,2,457.85854917331585
16,"(9,1)",0.4,615.4251260763541,69,2,1234.8502521527082
17,"(9,1)",0.4,580.3372527559494,67,2,1164.6745055118988
18,"(9,1)",0.4,617.1543651886008,69,2,1238.3087303772015
19,"(9,1)",0.4,636.094763384733,70,2,1276.189526769466
20,"(9,1)",0.4,628.2215360795786,69,2,1260.4430721591573
21,"(9,1)",0.4,639.2459068811644,70,2,1282.4918137623288
22,"(9,1)",0.4,70.13721510579566,33,2,144.27443021159132
23,"(9,1)",0.4,387.64350516818035,60,2,779.2870103363607
4,"(9,1)",0.5,539.7868150724036,70,2,1083.573630144807
5,"(9,1)",0.5,539.1746613677753,69,2,1082.3493227355507
6,"(9,1)",0.5,179.67176818585548,50,2,363.34353637171097
7,"(9,1)",0.5,281.2402765231262,57,2,566.4805530462525
8,"(9,1)",0.5,112.70474752478403,43,2,229.40949504956805
9,"(9,1)",0.5,320.89504872779105,62,2,645.7900974555821
10,"(9,1)",0.5,546.5383375053542,70,2,1097.0766750107084
11,"(9,1)",0.5,182.57128778211805,46,2,369.1425755642361
12,"(9,1)",0.5,282.34661638988484,52,2,568.6932327797697
13,"(9,1)",0.5,535.4641139038145,70,2,1074.928227807629
14,"(9,1)",0.5,133.2080006992647,44,2,270.4160013985294
15,"(9,1)",0.5,217.71742140648945,54,2,439.4348428129789
16,"(9,1)",0.5,514.5999426137909,69,2,1033.1998852275817
17,"(9,1)",0.5,485.10602298889495,67,2,974.2120459777899
18,"(9,1)",0.5,516.7609641424631,69,2,1037.5219282849262
19,"(9,1)",0.5,534.2496697996213,70,2,1072.4993395992426
20,"(9,1)",0.5,533.5556201215743,69,2,1071.1112402431486
21,"(9,1)",0.5,538.7571956552224,70,2,1081.5143913104448
22,"(9,1)",0.5,73.86048556953313,33,2,151.72097113906625
23,"(9,1)",0.5,251.17522108778343,60,2,506.35044217556685
4,"(9,1)",0.6,1050.5853111575605,70,2,2105.170622315121
5,"(9,1)",0.6,1205.1942712303771,69,2,2414.3885424607543
6,"(9,1)",0.6,561.282815733483,50,2,1126.565631466966
7,"(9,1)",0.6,737.7895172194771,57,2,1479.5790344389543
8,"(9,1)",0.6,325.0530445942877,43,2,654.1060891885754
9,"(9,1)",0.6,850.6161867761855,62,2,1705.232373552371
10,"(9,1)",0.6,1057.8488451456496,70,2,2119.6976902912993
11,"(9,1)",0.6,472.60656904434967,46,2,949.2131380886993
12,"(9,1)",0.6,606.8023007796166,52,2,1217.6046015592333
13,"(9,1)",0.6,1045.5728996640632,70,2,2095.1457993281265
14,"(9,1)",0.6,403.24173426209785,44,2,810.4834685241957
15,"(9,1)",0.6,654.1334338550752,54,2,1312.2668677101503
16,"(9,1)",0.6,1024.621791755021,69,2,2053.243583510042
17,"(9,1)",0.6,1037.6954282729187,67,2,2079.3908565458373
18,"(9,1)",0.6,1027.55946022762,69,2,2059.11892045524
19,"(9,1)",0.6,1044.8256852622328,70,2,2093.6513705244656
20,"(9,1)",0.6,1124.9322970425578,69,2,2253.8645940851156
21,"(9,1)",0.6,1048.9538943384077,70,2,2101.9077886768155
22,"(9,1)",0.6,63.346787159416145,33,2,130.6935743188323
23,"(9,1)",0.6,798.9103888406496,60,2,1601.8207776812992
4,"(9,1)",0.7,610.0611198284278,70,2,1224.1222396568555
5,"(9,1)",0.7,605.2347637217712,69,2,1214.4695274435423
6,"(9,1)",0.7,120.05281550800133,50,2,244.10563101600266
7,"(9,1)",0.7,200.04966613861035,57,2,404.0993322772207
8,"(9,1)",0.7,135.14236664212697,43,2,274.28473328425395
9,"(9,1)",0.7,389.0439653209161,62,2,782.0879306418321
10,"(9,1)",0.7,614.6771017270152,70,2,1233.3542034540303
11,"(9,1)",0.7,178.63213760553077,46,2,361.26427521106154
12,"(9,1)",0.7,187.8555733037889,52,2,379.7111466075778
13,"(9,1)",0.7,606.6710414688607,70,2,1217.3420829377214
14,"(9,1)",0.7,131.5368055913991,44,2,267.0736111827982
15,"(9,1)",0.7,160.01035542253592,54,2,324.02071084507185
16,"(9,1)",0.7,585.3823458741134,69,2,1174.7646917482268
17,"(9,1)",0.7,552.4929154787238,67,2,1108.9858309574477
18,"(9,1)",0.7,587.0352688984873,69,2,1178.0705377969746
19,"(9,1)",0.7,605.7310342103692,70,2,1215.4620684207384
20,"(9,1)",0.7,601.3172060608446,69,2,1206.6344121216891
21,"(9,1)",0.7,609.3139054265976,70,2,1222.6278108531951
22,"(9,1)",0.7,50.71221322174852,33,2,105.42442644349704
23,"(9,1)",0.7,339.26725448633755,60,2,682.5345089726751
4,"(9,1)",0.8,751.0585696585487,70,2,1506.1171393170973
5,"(9,1)",0.8,745.3767662556866,69,2,1494.7535325113731
6,"(9,1)",0.8,228.0402682997103,50,2,460.0805365994206
7,"(9,1)",0.8,395.9780149310402,57,2,795.9560298620804
8,"(9,1)",0.8,133.08816551845283,43,2,270.17633103690565
9,"(9,1)",0.8,528.5093807437004,62,2,1061.0187614874008
10,"(9,1)",0.8,754.1526695212635,70,2,1512.305339042527
11,"(9,1)",0.8,218.52110435566394,46,2,441.0422087113279
12,"(9,1)",0.8,236.15042775524577,52,2,476.30085551049154
13,"(9,1)",0.8,748.8291798030127,70,2,1501.6583596060254
14,"(9,1)",0.8,224.99543844927126,44,2,453.9908768985425
15,"(9,1)",0.8,338.97908358592576,54,2,681.9581671718515
16,"(9,1)",0.8,726.8207777546331,69,2,1457.6415555092663
17,"(9,1)",0.8,691.3960579493128,67,2,1386.7921158986255
18,"(9,1)",0.8,728.0327187286082,69,2,1460.0654374572164
19,"(9,1)",0.8,748.4042966090475,70,2,1500.808593218095
20,"(9,1)",0.8,739.8755080451418,69,2,1483.7510160902837
21,"(9,1)",0.8,750.4989538706133,70,2,1504.9979077412265
22,"(9,1)",0.8,50.278796753281284,33,2,104.55759350656257
23,"(9,1)",0.8,479.91696425928944,60,2,963.8339285185789
4,"(9,1)",0.9,222.14505656230162,70,2,448.29011312460324
5,"(9,1)",0.9,234.84756789959135,69,2,473.6951357991827
6,"(9,1)",0.9,167.88174952754855,50,2,339.7634990550971
7,"(9,1)",0.9,238.47639636222263,57,2,480.95279272444526
8,"(9,1)",0.9,135.26092720442668,43,2,274.52185440885336
9,"(9,1)",0.9,220.45895639790857,62,2,444.91791279581713
10,"(9,1)",0.9,225.04392387657927,70,2,454.08784775315854
11,"(9,1)",0.9,140.17617445198636,46,2,284.3523489039727
12,"(9,1)",0.9,179.72705724388854,52,2,363.4541144877771
13,"(9,1)",0.9,220.66186778935574,70,2,445.3237355787115
14,"(9,1)",0.9,168.4217429383895,44,2,340.843485876779
15,"(9,1)",0.9,183.4046784063071,54,2,370.8093568126142
16,"(9,1)",0.9,216.59585888946776,69,2,437.1917177789355
17,"(9,1)",0.9,215.53194264178438,67,2,435.06388528356877
18,"(9,1)",0.9,217.53988637631352,69,2,439.07977275262704
19,"(9,1)",0.9,220.78703093230973,70,2,445.57406186461947
20,"(9,1)",0.9,227.47231212158158,69,2,458.94462424316316
21,"(9,1)",0.9,221.62711347076677,70,2,447.25422694153355
22,"(9,1)",0.9,44.80855902548698,33,2,93.61711805097396
23,"(9,1)",0.9,190.7234434266352,60,2,385.4468868532704
