run_id,theta,p_gen,total_nll,num_trials,k,aic
1,"(15,1)",0.1,25.502945451793558,17,1,53.005890903587115
2,"(15,1)",0.1,9.606131809379256,9,1,21.212263618758513
3,"(15,1)",0.1,23.55826272212956,17,1,49.11652544425912
4,"(15,1)",0.1,18.41856851892709,13,1,38.83713703785418
5,"(15,1)",0.1,21.262891858918543,16,1,44.525783717837086
6,"(15,1)",0.1,171.19621292494725,24,1,344.3924258498945
7,"(15,1)",0.1,24.827251826974226,15,1,51.65450365394845
8,"(15,1)",0.1,133.05592560398748,26,1,268.11185120797495
9,"(15,1)",0.1,29.508679237454036,13,1,61.01735847490807
10,"(15,1)",0.1,177.67957699752654,28,1,357.3591539950531
11,"(15,1)",0.1,10.811287499273373,12,1,23.622574998546746
12,"(15,1)",0.1,8.491536117545667,10,1,18.983072235091335
13,"(15,1)",0.1,42.19953145558337,22,1,86.39906291116674
14,"(15,1)",0.1,15.124506682067022,14,1,32.24901336413404
15,"(15,1)",0.1,69.42348618203677,22,1,140.84697236407354
16,"(15,1)",0.1,7.5932384623811675,10,1,17.186476924762335
17,"(15,1)",0.1,98.51031314606792,23,1,199.02062629213583
18,"(15,1)",0.1,27.464655601615654,17,1,56.92931120323131
19,"(15,1)",0.1,569.1062368349349,42,1,1140.2124736698697
20,"(15,1)",0.1,70.40741541736335,23,1,142.8148308347267
1,"(15,1)",0.2,20.929072766171164,17,2,45.85814553234233
2,"(15,1)",0.2,10.648572543392019,9,2,25.297145086784038
3,"(15,1)",0.2,20.954733626249062,17,2,45.909467252498125
4,"(15,1)",0.2,14.429802477989753,13,2,32.859604955979506
5,"(15,1)",0.2,19.39542351443927,16,2,42.79084702887854
6,"(15,1)",0.2,72.4584108264094,24,2,148.9168216528188
7,"(15,1)",0.2,20.29009362270355,15,2,44.5801872454071
8,"(15,1)",0.2,36.35824601617503,26,2,76.71649203235006
9,"(15,1)",0.2,28.095972901789107,13,2,60.191945803578214
10,"(15,1)",0.2,49.59297562683605,28,2,103.1859512536721
11,"(15,1)",0.2,10.95566042351877,12,2,25.91132084703754
12,"(15,1)",0.2,10.410519102951264,10,2,24.82103820590253
13,"(15,1)",0.2,33.95803552123215,22,2,71.9160710424643
14,"(15,1)",0.2,16.445842785899863,14,2,36.89168557179973
15,"(15,1)",0.2,43.58459527302247,22,2,91.16919054604494
16,"(15,1)",0.2,9.066457505454647,10,2,22.132915010909294
17,"(15,1)",0.2,58.468063043339406,23,2,120.93612608667881
18,"(15,1)",0.2,19.632465551221575,17,2,43.26493110244315
19,"(15,1)",0.2,453.7670301951175,42,2,911.534060390235
20,"(15,1)",0.2,30.99527924422389,23,2,65.99055848844779
1,"(15,1)",0.3,19.11911242330181,17,2,42.23822484660362
2,"(15,1)",0.3,11.517043034536623,9,2,27.034086069073247
3,"(15,1)",0.3,22.106153334286578,17,2,48.212306668573156
4,"(15,1)",0.3,15.205523260840016,13,2,34.411046521680035
5,"(15,1)",0.3,19.26466585525569,16,2,42.52933171051138
6,"(15,1)",0.3,42.163468623315026,24,2,88.32693724663005
7,"(15,1)",0.3,18.890348444625907,15,2,41.780696889251814
8,"(15,1)",0.3,38.55108615738032,26,2,81.10217231476064
9,"(15,1)",0.3,23.175503828717098,13,2,50.351007657434195
10,"(15,1)",0.3,70.74202263647676,28,2,145.48404527295352
11,"(15,1)",0.3,12.909076377610036,12,2,29.818152755220073
12,"(15,1)",0.3,12.87896482564775,10,2,29.7579296512955
13,"(15,1)",0.3,36.354487967213025,22,2,76.70897593442605
14,"(15,1)",0.3,18.612960019205264,14,2,41.22592003841053
15,"(15,1)",0.3,37.32583406273035,22,2,78.6516681254607
16,"(15,1)",0.3,11.290580322411481,10,2,26.581160644822962
17,"(15,1)",0.3,59.70380405009494,23,2,123.40760810018988
18,"(15,1)",0.3,18.54501263699715,17,2,41.0900252739943
19,"(15,1)",0.3,422.5130003480784,42,2,849.0260006961568
20,"(15,1)",0.3,29.78696861990484,23,2,63.57393723980968
1,"(15,1)",0.4,23.150429008975504,17,2,50.30085801795101
2,"(15,1)",0.4,12.861209156054578,9,2,29.722418312109156
3,"(15,1)",0.4,23.06300699049945,17,2,50.1260139809989
4,"(15,1)",0.4,15.460951659298283,13,2,34.92190331859656
5,"(15,1)",0.4,21.907018461738662,16,2,47.814036923477325
6,"(15,1)",0.4,43.79387193302438,24,2,91.58774386604875
7,"(15,1)",0.4,19.199193875502154,15,2,42.39838775100431
8,"(15,1)",0.4,36.045765018428305,26,2,76.09153003685661
9,"(15,1)",0.4,20.62851645823421,13,2,45.25703291646842
10,"(15,1)",0.4,44.8567808880241,28,2,93.7135617760482
11,"(15,1)",0.4,15.336363514399899,12,2,34.6727270287998
12,"(15,1)",0.4,14.284959713886758,10,2,32.56991942777351
13,"(15,1)",0.4,32.486228595022006,22,2,68.97245719004401
14,"(15,1)",0.4,19.490567952640546,14,2,42.98113590528109
15,"(15,1)",0.4,34.1607476231603,22,2,72.3214952463206
16,"(15,1)",0.4,13.677370421688458,10,2,31.354740843376916
17,"(15,1)",0.4,44.54851501639186,23,2,93.09703003278372
18,"(15,1)",0.4,21.20156849097244,17,2,46.40313698194488
19,"(15,1)",0.4,444.9492714294864,42,2,893.8985428589727
20,"(15,1)",0.4,29.19613554141356,23,2,62.39227108282712
1,"(15,1)",0.5,21.184661490994117,17,2,46.36932298198823
2,"(15,1)",0.5,13.376221896742237,9,2,30.752443793484474
3,"(15,1)",0.5,27.990322316461942,17,2,59.980644632923884
4,"(15,1)",0.5,16.790362129252994,13,2,37.58072425850599
5,"(15,1)",0.5,23.23135876409465,16,2,50.4627175281893
6,"(15,1)",0.5,37.32637348789255,24,2,78.6527469757851
7,"(15,1)",0.5,23.82270555313351,15,2,51.64541110626702
8,"(15,1)",0.5,36.44723071696545,26,2,76.8944614339309
9,"(15,1)",0.5,24.025740510348474,13,2,52.05148102069695
10,"(15,1)",0.5,42.76576207252559,28,2,89.53152414505118
11,"(15,1)",0.5,15.273530518344735,12,2,34.54706103668947
12,"(15,1)",0.5,15.265230715529539,10,2,34.53046143105908
13,"(15,1)",0.5,33.13248605790958,22,2,70.26497211581916
14,"(15,1)",0.5,22.280428676373834,14,2,48.56085735274767
15,"(15,1)",0.5,33.2980747285209,22,2,70.5961494570418
16,"(15,1)",0.5,14.052208075683685,10,2,32.104416151367374
17,"(15,1)",0.5,42.2385117472444,23,2,88.4770234944888
18,"(15,1)",0.5,21.589290828054885,17,2,47.17858165610977
19,"(15,1)",0.5,212.7315623992761,42,2,429.4631247985522
20,"(15,1)",0.5,31.711605246514146,23,2,67.4232104930283
1,"(15,1)",0.6,18.00407235194034,17,2,40.00814470388068
2,"(15,1)",0.6,14.440269014937865,9,2,32.88053802987573
3,"(15,1)",0.6,33.417043610675684,17,2,70.83408722135137
4,"(15,1)",0.6,20.06220535452826,13,2,44.12441070905652
5,"(15,1)",0.6,23.62133607682546,16,2,51.24267215365092
6,"(15,1)",0.6,33.665491187706444,24,2,71.33098237541289
7,"(15,1)",0.6,29.247227918520153,15,2,62.494455837040306
8,"(15,1)",0.6,33.40039723576898,26,2,70.80079447153796
9,"(15,1)",0.6,32.5799548853588,13,2,69.1599097707176
10,"(15,1)",0.6,38.48014465574408,28,2,80.96028931148815
11,"(15,1)",0.6,16.23162639552287,12,2,36.46325279104574
12,"(15,1)",0.6,18.09005032959611,10,2,40.18010065919222
13,"(15,1)",0.6,32.76486429968202,22,2,69.52972859936403
14,"(15,1)",0.6,25.59392648117712,14,2,55.18785296235424
15,"(15,1)",0.6,32.95738140837516,22,2,69.91476281675033
16,"(15,1)",0.6,15.809938092454122,10,2,35.61987618490824
17,"(15,1)",0.6,46.92651737602553,23,2,97.85303475205106
18,"(15,1)",0.6,20.19174696671565,17,2,44.3834939334313
19,"(15,1)",0.6,263.4521904423084,42,2,530.9043808846168
20,"(15,1)",0.6,31.990840076993468,23,2,67.98168015398693
1,"(15,1)",0.7,20.258215342487784,17,2,44.51643068497557
2,"(15,1)",0.7,34.53460374581191,9,2,73.06920749162381
3,"(15,1)",0.7,33.69281154008055,17,2,71.3856230801611
4,"(15,1)",0.7,20.850350047809037,13,2,45.700700095618075
5,"(15,1)",0.7,23.815383585521708,16,2,51.630767171043416
6,"(15,1)",0.7,31.82573188999511,24,2,67.65146377999022
7,"(15,1)",0.7,29.728056959471182,15,2,63.456113918942364
8,"(15,1)",0.7,37.629388746339,26,2,79.258777492678
9,"(15,1)",0.7,49.07526161157772,13,2,102.15052322315545
10,"(15,1)",0.7,40.44272447518714,28,2,84.88544895037428
11,"(15,1)",0.7,17.76370522526508,12,2,39.52741045053016
12,"(15,1)",0.7,17.389638538614477,10,2,38.779277077228954
13,"(15,1)",0.7,31.17695114576679,22,2,66.35390229153359
14,"(15,1)",0.7,23.378250016740058,14,2,50.756500033480116
15,"(15,1)",0.7,29.56414607599103,22,2,63.12829215198206
16,"(15,1)",0.7,16.677515456595525,10,2,37.35503091319105
17,"(15,1)",0.7,35.39210003475102,23,2,74.78420006950203
18,"(15,1)",0.7,23.743564890252976,17,2,51.48712978050595
19,"(15,1)",0.7,87.05930212809372,42,2,178.11860425618744
20,"(15,1)",0.7,34.58980783332334,23,2,73.17961566664668
1,"(15,1)",0.8,19.61097758752704,17,2,43.22195517505408
2,"(15,1)",0.8,35.87312933828035,9,2,75.7462586765607
3,"(15,1)",0.8,38.19099581654546,17,2,80.38199163309092
4,"(15,1)",0.8,24.165094860431044,13,2,52.33018972086209
5,"(15,1)",0.8,21.630770903425343,16,2,47.26154180685069
6,"(15,1)",0.8,27.91803861063527,24,2,59.83607722127054
7,"(15,1)",0.8,32.94684770687821,15,2,69.89369541375642
8,"(15,1)",0.8,36.68348359983974,26,2,77.36696719967948
9,"(15,1)",0.8,57.237362143380935,13,2,118.47472428676187
10,"(15,1)",0.8,38.929457104619885,28,2,81.85891420923977
11,"(15,1)",0.8,18.086185512398433,12,2,40.17237102479687
12,"(15,1)",0.8,35.6813031322502,10,2,75.3626062645004
13,"(15,1)",0.8,30.124346260918013,22,2,64.24869252183603
14,"(15,1)",0.8,24.26151268786353,14,2,52.52302537572706
15,"(15,1)",0.8,26.462938635331327,22,2,56.92587727066265
16,"(15,1)",0.8,35.31839763856083,10,2,74.63679527712166
17,"(15,1)",0.8,34.57981772942839,23,2,73.15963545885678
18,"(15,1)",0.8,23.180819127300552,17,2,50.361638254601104
19,"(15,1)",0.8,92.43465704124111,42,2,188.86931408248222
20,"(15,1)",0.8,38.015807528186826,23,2,80.03161505637365
1,"(15,1)",0.9,20.16137169426097,17,2,44.32274338852194
2,"(15,1)",0.9,15.967735460252424,9,2,35.93547092050485
3,"(15,1)",0.9,34.47784038056427,17,2,72.95568076112853
4,"(15,1)",0.9,23.784224570229473,13,2,51.568449140458945
5,"(15,1)",0.9,21.38369102974561,16,2,46.76738205949122
6,"(15,1)",0.9,30.675724617234316,24,2,65.35144923446863
7,"(15,1)",0.9,32.53639577060693,15,2,69.07279154121386
8,"(15,1)",0.9,36.082936795247356,26,2,76.16587359049471
9,"(15,1)",0.9,34.03733223983063,13,2,72.07466447966127
10,"(15,1)",0.9,36.467051223631586,28,2,76.93410244726317
11,"(15,1)",0.9,17.12714310843682,12,2,38.25428621687364
12,"(15,1)",0.9,16.339552349209477,10,2,36.67910469841895
13,"(15,1)",0.9,26.7709195057411,22,2,57.5418390114822
14,"(15,1)",0.9,22.241641257575022,14,2,48.483282515150044
15,"(15,1)",0.9,26.817282156918058,22,2,57.634564313836115
16,"(15,1)",0.9,16.70828876320964,10,2,37.41657752641928
17,"(15,1)",0.9,30.340370211841204,23,2,64.68074042368241
18,"(15,1)",0.9,24.822568303514956,17,2,53.64513660702991
19,"(15,1)",0.9,84.21328234719371,42,2,172.42656469438742
20,"(15,1)",0.9,38.63402459115119,23,2,81.26804918230238
1,"(19,1)",0.1,27.665299450438127,17,0,55.330598900876254
2,"(19,1)",0.1,9.306871222511976,9,0,18.613742445023952
3,"(19,1)",0.1,25.264064763921755,17,0,50.52812952784351
4,"(19,1)",0.1,17.32915980641202,13,0,34.65831961282404
5,"(19,1)",0.1,22.587837173379505,16,0,45.17567434675901
6,"(19,1)",0.1,154.4085849206681,24,0,308.8171698413362
7,"(19,1)",0.1,24.06094068962728,15,0,48.12188137925456
8,"(19,1)",0.1,173.7385812958614,26,0,347.4771625917228
9,"(19,1)",0.1,24.763273234014676,13,0,49.52654646802935
10,"(19,1)",0.1,175.04051030019036,28,0,350.0810206003807
11,"(19,1)",0.1,12.298567208401257,12,0,24.597134416802515
12,"(19,1)",0.1,8.604393890806222,10,0,17.208787781612443
13,"(19,1)",0.1,59.97774539175695,22,0,119.9554907835139
14,"(19,1)",0.1,16.338348967378938,14,0,32.676697934757875
15,"(19,1)",0.1,127.69817419775822,22,0,255.39634839551644
16,"(19,1)",0.1,8.250753850562644,10,0,16.501507701125288
17,"(19,1)",0.1,172.51773237634654,23,0,345.0354647526931
18,"(19,1)",0.1,27.789975964613923,17,0,55.579951929227846
19,"(19,1)",0.1,457.63999771573964,42,0,915.2799954314793
20,"(19,1)",0.1,107.84926507953566,23,0,215.6985301590713
1,"(19,1)",0.2,20.19922353604376,17,1,42.39844707208752
2,"(19,1)",0.2,11.224307118799508,9,1,24.448614237599017
3,"(19,1)",0.2,21.702543823050277,17,1,45.405087646100554
4,"(19,1)",0.2,15.653765660164419,13,1,33.307531320328835
5,"(19,1)",0.2,20.043002626005325,16,1,42.08600525201065
6,"(19,1)",0.2,48.79806756854884,24,1,99.59613513709768
7,"(19,1)",0.2,20.330739702054533,15,1,42.661479404109066
8,"(19,1)",0.2,38.364088685461724,26,1,78.72817737092345
9,"(19,1)",0.2,46.06074150665273,13,1,94.12148301330546
10,"(19,1)",0.2,55.67898902722072,28,1,113.35797805444145
11,"(19,1)",0.2,10.628417595043349,12,1,23.256835190086697
12,"(19,1)",0.2,11.46206908345881,10,1,24.92413816691762
13,"(19,1)",0.2,37.127748369138786,22,1,76.25549673827757
14,"(19,1)",0.2,17.48865760397241,14,1,36.97731520794482
15,"(19,1)",0.2,40.95968044042188,22,1,83.91936088084375
16,"(19,1)",0.2,9.213723759401761,10,1,20.427447518803522
17,"(19,1)",0.2,96.09263231274342,23,1,194.18526462548684
18,"(19,1)",0.2,19.05317654966551,17,1,40.10635309933102
19,"(19,1)",0.2,469.55138357784733,42,1,941.1027671556947
20,"(19,1)",0.2,32.72117899356765,23,1,67.4423579871353
1,"(19,1)",0.3,21.84936205397334,17,1,45.69872410794668
2,"(19,1)",0.3,10.74155678798179,9,1,23.48311357596358
3,"(19,1)",0.3,21.193115167156808,17,1,44.386230334313616
4,"(19,1)",0.3,14.271343641973049,13,1,30.542687283946098
5,"(19,1)",0.3,21.230199302943653,16,1,44.460398605887306
6,"(19,1)",0.3,46.994217333083704,24,1,95.98843466616741
7,"(19,1)",0.3,17.927008805610793,15,1,37.854017611221586
8,"(19,1)",0.3,41.84066737223136,26,1,85.68133474446272
9,"(19,1)",0.3,20.475835196816455,13,1,42.95167039363291
10,"(19,1)",0.3,52.25667600191643,28,1,106.51335200383286
11,"(19,1)",0.3,13.206254045343583,12,1,28.412508090687165
12,"(19,1)",0.3,12.786119655525619,10,1,27.572239311051238
13,"(19,1)",0.3,39.54123500361823,22,1,81.08247000723647
14,"(19,1)",0.3,18.870091054481023,14,1,39.740182108962046
15,"(19,1)",0.3,42.714880985511776,22,1,87.42976197102355
16,"(19,1)",0.3,11.043150350466997,10,1,24.086300700933993
17,"(19,1)",0.3,53.398577487393695,23,1,108.79715497478739
18,"(19,1)",0.3,19.09937794753068,17,1,40.19875589506136
19,"(19,1)",0.3,260.70320906533374,42,1,523.4064181306675
20,"(19,1)",0.3,31.645349663884705,23,1,65.2906993277694
1,"(19,1)",0.4,18.94055478890386,17,1,39.88110957780772
2,"(19,1)",0.4,14.011546031883224,9,1,30.02309206376645
3,"(19,1)",0.4,28.706973790880603,17,1,59.41394758176121
4,"(19,1)",0.4,18.96238808846572,13,1,39.92477617693144
5,"(19,1)",0.4,19.355947601749566,16,1,40.71189520349913
6,"(19,1)",0.4,35.1801170819586,24,1,72.3602341639172
7,"(19,1)",0.4,23.302139239991362,15,1,48.604278479982725
8,"(19,1)",0.4,34.46416164553832,26,1,70.92832329107664
9,"(19,1)",0.4,27.702608882445382,13,1,57.405217764890764
10,"(19,1)",0.4,39.18005861512055,28,1,80.3601172302411
11,"(19,1)",0.4,15.088229104508116,12,1,32.17645820901623
12,"(19,1)",0.4,13.642035879651045,10,1,29.28407175930209
13,"(19,1)",0.4,28.196394172618454,22,1,58.39278834523691
14,"(19,1)",0.4,21.36850256216897,14,1,44.73700512433794
15,"(19,1)",0.4,31.326671269647214,22,1,64.65334253929443
16,"(19,1)",0.4,12.832832894316528,10,1,27.665665788633056
17,"(19,1)",0.4,39.76473191444837,23,1,81.52946382889674
18,"(19,1)",0.4,19.04911311919428,17,1,40.09822623838856
19,"(19,1)",0.4,241.54616625117296,42,1,485.0923325023459
20,"(19,1)",0.4,29.35770496124627,23,1,60.71540992249254
1,"(19,1)",0.5,21.10875053763318,17,1,44.21750107526636
2,"(19,1)",0.5,33.046978245796936,9,1,68.09395649159387
3,"(19,1)",0.5,28.201803426834307,17,1,58.40360685366861
4,"(19,1)",0.5,18.270113716676093,13,1,38.540227433352186
5,"(19,1)",0.5,20.716734155756306,16,1,43.43346831151261
6,"(19,1)",0.5,37.2934677835219,24,1,76.5869355670438
7,"(19,1)",0.5,24.537750835596224,15,1,51.07550167119245
8,"(19,1)",0.5,35.32931126705375,26,1,72.6586225341075
9,"(19,1)",0.5,28.454003029386694,13,1,58.90800605877339
10,"(19,1)",0.5,40.60175170336152,28,1,83.20350340672304
11,"(19,1)",0.5,15.53883768960355,12,1,33.0776753792071
12,"(19,1)",0.5,15.053602153560702,10,1,32.10720430712141
13,"(19,1)",0.5,30.773101489363423,22,1,63.546202978726846
14,"(19,1)",0.5,22.187934603078844,14,1,46.37586920615769
15,"(19,1)",0.5,32.85865634001354,22,1,67.71731268002708
16,"(19,1)",0.5,14.468914893397871,10,1,30.937829786795742
17,"(19,1)",0.5,38.007753877792474,23,1,78.01550775558495
18,"(19,1)",0.5,20.000387851310553,17,1,42.000775702621105
19,"(19,1)",0.5,133.1568026542591,42,1,268.3136053085182
20,"(19,1)",0.5,30.973132478675375,23,1,63.94626495735075
1,"(19,1)",0.6,20.378560295382307,17,1,42.757120590764615
2,"(19,1)",0.6,33.99031234915409,9,1,69.98062469830818
3,"(19,1)",0.6,32.97725794884762,17,1,67.95451589769525
4,"(19,1)",0.6,20.474028508215998,13,1,42.948057016431996
5,"(19,1)",0.6,21.358275390016942,16,1,44.716550780033884
6,"(19,1)",0.6,36.20177695850011,24,1,74.40355391700022
7,"(19,1)",0.6,26.383787046803622,15,1,54.767574093607244
8,"(19,1)",0.6,32.28414422771334,26,1,66.56828845542668
9,"(19,1)",0.6,32.00716174715758,13,1,66.01432349431516
10,"(19,1)",0.6,35.873250515470914,28,1,73.74650103094183
11,"(19,1)",0.6,17.704399827604696,12,1,37.40879965520939
12,"(19,1)",0.6,16.292789864177706,10,1,34.58557972835541
13,"(19,1)",0.6,28.603858570094744,22,1,59.20771714018949
14,"(19,1)",0.6,24.525167155658693,14,1,51.050334311317386
15,"(19,1)",0.6,28.48550889733924,22,1,58.97101779467848
16,"(19,1)",0.6,15.53041089204844,10,1,33.06082178409688
17,"(19,1)",0.6,36.82933347350151,23,1,75.65866694700301
18,"(19,1)",0.6,21.315293458738758,17,1,44.630586917477515
19,"(19,1)",0.6,288.1159655970631,42,1,578.2319311941262
20,"(19,1)",0.6,32.56244124446633,23,1,67.12488248893266
1,"(19,1)",0.7,19.814567085663253,17,1,41.629134171326506
2,"(19,1)",0.7,35.02360839910449,9,1,72.04721679820898
3,"(19,1)",0.7,75.44911750304168,17,1,152.89823500608335
4,"(19,1)",0.7,19.614592256881632,13,1,41.229184513763265
5,"(19,1)",0.7,23.09726522630945,16,1,48.1945304526189
6,"(19,1)",0.7,30.445046372498734,24,1,62.89009274499747
7,"(19,1)",0.7,28.97029847912934,15,1,59.94059695825868
8,"(19,1)",0.7,35.602407866636575,26,1,73.20481573327315
9,"(19,1)",0.7,93.27618450869237,13,1,188.55236901738473
10,"(19,1)",0.7,40.2574896932399,28,1,82.5149793864798
11,"(19,1)",0.7,17.414620957255767,12,1,36.829241914511535
12,"(19,1)",0.7,37.54994628971617,10,1,77.09989257943234
13,"(19,1)",0.7,30.837654460560188,22,1,63.675308921120376
14,"(19,1)",0.7,26.859648665866025,14,1,55.71929733173205
15,"(19,1)",0.7,30.950256307335835,22,1,63.90051261467167
16,"(19,1)",0.7,36.24345792186463,10,1,74.48691584372926
17,"(19,1)",0.7,42.858667569810244,23,1,87.71733513962049
18,"(19,1)",0.7,21.214890924306825,17,1,44.42978184861365
19,"(19,1)",0.7,96.39290833167661,42,1,194.78581666335322
20,"(19,1)",0.7,29.794518137444374,23,1,61.58903627488875
1,"(19,1)",0.8,18.561483500167267,17,1,39.12296700033453
2,"(19,1)",0.8,34.03603274549338,9,1,70.07206549098676
3,"(19,1)",0.8,36.87157332376152,17,1,75.74314664752303
4,"(19,1)",0.8,23.740147752876585,13,1,49.48029550575317
5,"(19,1)",0.8,23.977009801536365,16,1,49.95401960307273
6,"(19,1)",0.8,28.466422042577044,24,1,58.93284408515409
7,"(19,1)",0.8,35.001758789565905,15,1,72.00351757913181
8,"(19,1)",0.8,35.59331330214614,26,1,73.18662660429229
9,"(19,1)",0.8,34.945278112112454,13,1,71.89055622422491
10,"(19,1)",0.8,36.99688245655062,28,1,75.99376491310124
11,"(19,1)",0.8,17.324571944281946,12,1,36.64914388856389
12,"(19,1)",0.8,17.44067165918668,10,1,36.88134331837336
13,"(19,1)",0.8,29.738488770867914,22,1,61.47697754173583
14,"(19,1)",0.8,26.548668484342425,14,1,55.09733696868485
15,"(19,1)",0.8,26.824767641229233,22,1,55.649535282458466
16,"(19,1)",0.8,16.014126895445493,10,1,34.028253790890986
17,"(19,1)",0.8,36.82398131022207,23,1,75.64796262044413
18,"(19,1)",0.8,23.018667064668776,17,1,48.03733412933755
19,"(19,1)",0.8,104.253915701729,42,1,210.507831403458
20,"(19,1)",0.8,37.48364751601458,23,1,76.96729503202916
1,"(19,1)",0.9,20.790312871649842,17,1,43.580625743299684
2,"(19,1)",0.9,16.2531151005907,9,1,34.5062302011814
3,"(19,1)",0.9,36.86151583913245,17,1,75.7230316782649
4,"(19,1)",0.9,21.77450863256554,13,1,45.54901726513108
5,"(19,1)",0.9,21.75686527237997,16,1,45.51373054475994
6,"(19,1)",0.9,29.585455570631584,24,1,61.17091114126317
7,"(19,1)",0.9,31.60703709616117,15,1,65.21407419232234
8,"(19,1)",0.9,37.77522691263211,26,1,77.55045382526421
9,"(19,1)",0.9,57.805982424299565,13,1,117.61196484859913
10,"(19,1)",0.9,39.922941839011074,28,1,81.84588367802215
11,"(19,1)",0.9,17.22742167261324,12,1,36.45484334522648
12,"(19,1)",0.9,17.809373698491225,10,1,37.61874739698245
13,"(19,1)",0.9,29.198256951906718,22,1,60.396513903813435
14,"(19,1)",0.9,23.147059570931535,14,1,48.29411914186307
15,"(19,1)",0.9,26.62550521038541,22,1,55.25101042077082
16,"(19,1)",0.9,17.522422353145398,10,1,37.044844706290796
17,"(19,1)",0.9,31.383578311720537,23,1,64.76715662344108
18,"(19,1)",0.9,24.396434384043427,17,1,50.792868768086855
19,"(19,1)",0.9,83.5695351734115,42,1,169.139070346823
20,"(19,1)",0.9,36.779472954630705,23,1,75.55894590926141
1,"(1,1)",0.1,37.51245772816645,17,1,77.0249154563329
2,"(1,1)",0.1,68.38440560926142,9,1,138.76881121852284
3,"(1,1)",0.1,89.84064112095497,17,1,181.68128224190994
4,"(1,1)",0.1,76.6441697713969,13,1,155.2883395427938
5,"(1,1)",0.1,20.268773337093883,16,1,42.537546674187766
6,"(1,1)",0.1,41.960707330883054,24,1,85.92141466176611
7,"(1,1)",0.1,99.69533850932166,15,1,201.39067701864332
8,"(1,1)",0.1,63.011054039045725,26,1,128.02210807809143
9,"(1,1)",0.1,160.1231662154354,13,1,322.2463324308708
10,"(1,1)",0.1,48.447022792858455,28,1,98.89404558571691
11,"(1,1)",0.1,29.481433102849323,12,1,60.962866205698646
12,"(1,1)",0.1,37.79795559880341,10,1,77.59591119760682
13,"(1,1)",0.1,28.123585544178802,22,1,58.247171088357604
14,"(1,1)",0.1,22.538143126500202,14,1,47.076286253000404
15,"(1,1)",0.1,29.867186517824685,22,1,61.73437303564937
16,"(1,1)",0.1,46.28489574704862,10,1,94.56979149409725
17,"(1,1)",0.1,22.58046948481873,23,1,47.16093896963746
18,"(1,1)",0.1,61.73155055464955,17,1,125.4631011092991
19,"(1,1)",0.1,129.85334056370118,42,1,261.70668112740236
20,"(1,1)",0.1,119.98955365761564,23,1,241.9791073152313
1,"(1,1)",0.2,29.3123230211972,17,2,62.6246460423944
2,"(1,1)",0.2,21.10232978311016,9,2,46.20465956622032
3,"(1,1)",0.2,38.3566300292276,17,2,80.7132600584552
4,"(1,1)",0.2,29.305854226922758,13,2,62.611708453845516
5,"(1,1)",0.2,18.420241004427577,16,2,40.840482008855155
6,"(1,1)",0.2,28.456126004511727,24,2,60.912252009023454
7,"(1,1)",0.2,33.546381299322945,15,2,71.09276259864589
8,"(1,1)",0.2,52.36225504396559,26,2,108.72451008793118
9,"(1,1)",0.2,38.22996661278395,13,2,80.4599332255679
10,"(1,1)",0.2,43.66974388210224,28,2,91.33948776420448
11,"(1,1)",0.2,21.65713864285907,12,2,47.31427728571814
12,"(1,1)",0.2,14.053285822673978,10,2,32.106571645347955
13,"(1,1)",0.2,28.517816870122786,22,2,61.03563374024557
14,"(1,1)",0.2,19.194599440412347,14,2,42.389198880824694
15,"(1,1)",0.2,26.5835792222804,22,2,57.1671584445608
16,"(1,1)",0.2,18.758986697643945,10,2,41.51797339528789
17,"(1,1)",0.2,24.56367028784543,23,2,53.12734057569086
18,"(1,1)",0.2,35.57629912578735,17,2,75.1525982515747
19,"(1,1)",0.2,109.00753525776949,42,2,222.01507051553898
20,"(1,1)",0.2,52.800440785742744,23,2,109.60088157148549
1,"(1,1)",0.3,18.608379500334873,17,2,41.21675900066975
2,"(1,1)",0.3,36.74316268419453,9,2,77.48632536838906
3,"(1,1)",0.3,35.12412378953407,17,2,74.24824757906813
4,"(1,1)",0.3,25.59591774879091,13,2,55.19183549758182
5,"(1,1)",0.3,13.5822771611932,16,2,31.1645543223864
6,"(1,1)",0.3,33.142349861348876,24,2,70.28469972269775
7,"(1,1)",0.3,30.819058195996313,15,2,65.63811639199263
8,"(1,1)",0.3,35.791803963865334,26,2,75.58360792773067
9,"(1,1)",0.3,80.39425379282866,13,2,164.78850758565733
10,"(1,1)",0.3,38.45208673744908,28,2,80.90417347489816
11,"(1,1)",0.3,35.0330755641787,12,2,74.0661511283574
12,"(1,1)",0.3,32.53479056583271,10,2,69.06958113166542
13,"(1,1)",0.3,25.651529979895056,22,2,55.30305995979011
14,"(1,1)",0.3,18.778054427471467,14,2,41.556108854942934
15,"(1,1)",0.3,28.739111702210796,22,2,61.47822340442159
16,"(1,1)",0.3,33.55247052358757,10,2,71.10494104717515
17,"(1,1)",0.3,36.60249914685946,23,2,77.20499829371892
18,"(1,1)",0.3,22.72904137087435,17,2,49.4580827417487
19,"(1,1)",0.3,91.75806996819607,42,2,187.51613993639214
20,"(1,1)",0.3,40.735825199248424,23,2,85.47165039849685
1,"(1,1)",0.4,15.925679202680705,17,2,35.85135840536141
2,"(1,1)",0.4,34.96956955105557,9,2,73.93913910211114
3,"(1,1)",0.4,32.900065120870124,17,2,69.80013024174025
4,"(1,1)",0.4,25.919800426709564,13,2,55.83960085341913
5,"(1,1)",0.4,17.11848022091105,16,2,38.2369604418221
6,"(1,1)",0.4,28.92203693056912,24,2,61.84407386113824
7,"(1,1)",0.4,50.06478528103893,15,2,104.12957056207786
8,"(1,1)",0.4,36.632452142184526,26,2,77.26490428436905
9,"(1,1)",0.4,94.49643391824945,13,2,192.9928678364989
10,"(1,1)",0.4,42.98707833491915,28,2,89.9741566698383
11,"(1,1)",0.4,33.426671521147355,12,2,70.85334304229471
12,"(1,1)",0.4,34.670864538959655,10,2,73.34172907791931
13,"(1,1)",0.4,34.13333581300095,22,2,72.2666716260019
14,"(1,1)",0.4,20.35079573983482,14,2,44.70159147966964
15,"(1,1)",0.4,29.49886414920924,22,2,62.99772829841848
16,"(1,1)",0.4,33.504632062616565,10,2,71.00926412523313
17,"(1,1)",0.4,46.85824361455371,23,2,97.71648722910741
18,"(1,1)",0.4,19.36373930612453,17,2,42.72747861224906
19,"(1,1)",0.4,76.95488692219863,42,2,157.90977384439725
20,"(1,1)",0.4,42.29158391456006,23,2,88.58316782912011
1,"(1,1)",0.5,17.10624647391463,17,2,38.21249294782926
2,"(1,1)",0.5,30.902900225395086,9,2,65.80580045079017
3,"(1,1)",0.5,27.451319070033954,17,2,58.90263814006791
4,"(1,1)",0.5,18.10777278739917,13,2,40.21554557479834
5,"(1,1)",0.5,23.14175694971867,16,2,50.28351389943734
6,"(1,1)",0.5,37.26322494393523,24,2,78.52644988787046
7,"(1,1)",0.5,25.385853458995083,15,2,54.771706917990166
8,"(1,1)",0.5,34.60604146391909,26,2,73.21208292783818
9,"(1,1)",0.5,68.31714770930834,13,2,140.6342954186167
10,"(1,1)",0.5,42.688657933756154,28,2,89.37731586751231
11,"(1,1)",0.5,13.752643972481632,12,2,31.505287944963264
12,"(1,1)",0.5,17.875600728417282,10,2,39.751201456834565
13,"(1,1)",0.5,34.91331992153164,22,2,73.82663984306328
14,"(1,1)",0.5,25.05729713111628,14,2,54.11459426223256
15,"(1,1)",0.5,39.00460727871064,22,2,82.00921455742127
16,"(1,1)",0.5,13.949854141769336,10,2,31.899708283538672
17,"(1,1)",0.5,52.685309194940146,23,2,109.37061838988029
18,"(1,1)",0.5,15.520352814660136,17,2,35.04070562932027
19,"(1,1)",0.5,83.30653013670137,42,2,170.61306027340274
20,"(1,1)",0.5,31.069722275537895,23,2,66.1394445510758
1,"(1,1)",0.6,18.046862649535072,17,2,40.093725299070144
2,"(1,1)",0.6,33.03862056929297,9,2,70.07724113858595
3,"(1,1)",0.6,31.83030721983007,17,2,67.66061443966014
4,"(1,1)",0.6,19.42926189995238,13,2,42.85852379990476
5,"(1,1)",0.6,24.168070451211065,16,2,52.33614090242213
6,"(1,1)",0.6,35.455910637799825,24,2,74.91182127559965
7,"(1,1)",0.6,28.875364287201986,15,2,61.75072857440397
8,"(1,1)",0.6,31.790383178493794,26,2,67.5807663569876
9,"(1,1)",0.6,52.44675469208773,13,2,108.89350938417546
10,"(1,1)",0.6,44.70865007233386,28,2,93.41730014466772
11,"(1,1)",0.6,15.258934668009141,12,2,34.51786933601828
12,"(1,1)",0.6,37.05157380597025,10,2,78.1031476119405
13,"(1,1)",0.6,37.146541349381266,22,2,78.29308269876253
14,"(1,1)",0.6,26.438917168417902,14,2,56.877834336835804
15,"(1,1)",0.6,33.870343254807004,22,2,71.74068650961401
16,"(1,1)",0.6,33.694701049379546,10,2,71.38940209875909
17,"(1,1)",0.6,50.513618234214604,23,2,105.02723646842921
18,"(1,1)",0.6,18.359557620944642,17,2,40.719115241889284
19,"(1,1)",0.6,77.94103201854305,42,2,159.8820640370861
20,"(1,1)",0.6,31.948712286113558,23,2,67.89742457222712
1,"(1,1)",0.7,18.6309992338321,17,2,41.2619984676642
2,"(1,1)",0.7,33.673170011080074,9,2,71.34634002216015
3,"(1,1)",0.7,30.29095997169472,17,2,64.58191994338944
4,"(1,1)",0.7,19.962189145171987,13,2,43.924378290343974
5,"(1,1)",0.7,24.250756543783552,16,2,52.501513087567105
6,"(1,1)",0.7,35.566683376468454,24,2,75.13336675293691
7,"(1,1)",0.7,26.5587899955172,15,2,57.1175799910344
8,"(1,1)",0.7,36.00608737192815,26,2,76.0121747438563
9,"(1,1)",0.7,31.146960481934467,13,2,66.29392096386894
10,"(1,1)",0.7,46.76027113598182,28,2,97.52054227196363
11,"(1,1)",0.7,16.44229210234164,12,2,36.88458420468328
12,"(1,1)",0.7,37.68551459865247,10,2,79.37102919730494
13,"(1,1)",0.7,37.53920031603246,22,2,79.07840063206493
14,"(1,1)",0.7,23.998168045363595,14,2,51.99633609072719
15,"(1,1)",0.7,33.89871285155624,22,2,71.79742570311248
16,"(1,1)",0.7,35.34824394767053,10,2,74.69648789534106
17,"(1,1)",0.7,48.7603176554574,23,2,101.5206353109148
18,"(1,1)",0.7,20.13474564338098,17,2,44.26949128676196
19,"(1,1)",0.7,74.72970720833315,42,2,153.4594144166663
20,"(1,1)",0.7,34.3564514813803,23,2,72.7129029627606
1,"(1,1)",0.8,18.898805315198224,17,2,41.79761063039645
2,"(1,1)",0.8,53.41338078833357,9,2,110.82676157666714
3,"(1,1)",0.8,53.13783121793962,17,2,110.27566243587924
4,"(1,1)",0.8,21.32855229978934,13,2,46.65710459957868
5,"(1,1)",0.8,22.91195569011767,16,2,49.82391138023534
6,"(1,1)",0.8,33.74798670488888,24,2,71.49597340977776
7,"(1,1)",0.8,30.216861119299107,15,2,64.43372223859822
8,"(1,1)",0.8,41.63329215945112,26,2,87.26658431890225
9,"(1,1)",0.8,91.0404878339308,13,2,186.0809756678616
10,"(1,1)",0.8,43.408095262425164,28,2,90.81619052485033
11,"(1,1)",0.8,17.344672633422707,12,2,38.689345266845415
12,"(1,1)",0.8,37.4134404110635,10,2,78.826880822127
13,"(1,1)",0.8,32.54114478954987,22,2,69.08228957909974
14,"(1,1)",0.8,24.132631101852294,14,2,52.26526220370459
15,"(1,1)",0.8,32.806777472994234,22,2,69.61355494598847
16,"(1,1)",0.8,35.66569088283188,10,2,75.33138176566376
17,"(1,1)",0.8,39.600482388903146,23,2,83.20096477780629
18,"(1,1)",0.8,21.539897795038822,17,2,47.079795590077644
19,"(1,1)",0.8,62.57548848294195,42,2,129.1509769658839
20,"(1,1)",0.8,37.96999597075215,23,2,79.9399919415043
1,"(1,1)",0.9,18.557992852878634,17,2,41.11598570575727
2,"(1,1)",0.9,34.539647173928714,9,2,73.07929434785743
3,"(1,1)",0.9,36.53861385517263,17,2,77.07722771034526
4,"(1,1)",0.9,24.79709098820572,13,2,53.59418197641144
5,"(1,1)",0.9,22.820589162845867,16,2,49.64117832569173
6,"(1,1)",0.9,30.22336833268801,24,2,64.44673666537602
7,"(1,1)",0.9,35.221973115857075,15,2,74.44394623171415
8,"(1,1)",0.9,35.3059588461453,26,2,74.6119176922906
9,"(1,1)",0.9,74.07512576863174,13,2,152.15025153726347
10,"(1,1)",0.9,42.67650445500656,28,2,89.35300891001312
11,"(1,1)",0.9,17.28810725846258,12,2,38.57621451692516
12,"(1,1)",0.9,17.41512397006591,10,2,38.83024794013182
13,"(1,1)",0.9,31.89945110375431,22,2,67.79890220750862
14,"(1,1)",0.9,25.96601457709714,14,2,55.93202915419428
15,"(1,1)",0.9,29.529711888259726,22,2,63.05942377651945
16,"(1,1)",0.9,16.460612025371557,10,2,36.92122405074311
17,"(1,1)",0.9,37.99341653506017,23,2,79.98683307012034
18,"(1,1)",0.9,22.642720253262382,17,2,49.285440506524765
19,"(1,1)",0.9,61.02725169664151,42,2,126.05450339328301
20,"(1,1)",0.9,36.931735818587335,23,2,77.86347163717467
1,"(1,2)",0.1,70.61656617767304,17,1,143.23313235534607
2,"(1,2)",0.1,67.7215114718725,9,1,137.443022943745
3,"(1,2)",0.1,113.6962522906173,17,1,229.3925045812346
4,"(1,2)",0.1,61.1422602598624,13,1,124.2845205197248
5,"(1,2)",0.1,32.480609037671016,16,1,66.96121807534203
6,"(1,2)",0.1,55.726912406377345,24,1,113.45382481275469
7,"(1,2)",0.1,47.73221481000628,15,1,97.46442962001257
8,"(1,2)",0.1,99.1998290897614,26,1,200.3996581795228
9,"(1,2)",0.1,69.4161071926469,13,1,140.8322143852938
10,"(1,2)",0.1,62.58012401510905,28,1,127.1602480302181
11,"(1,2)",0.1,52.42212622444947,12,1,106.84425244889894
12,"(1,2)",0.1,20.652424732478767,10,1,43.304849464957535
13,"(1,2)",0.1,39.60848825035495,22,1,81.2169765007099
14,"(1,2)",0.1,29.914058398842503,14,1,61.828116797685006
15,"(1,2)",0.1,42.6155164836508,22,1,87.2310329673016
16,"(1,2)",0.1,47.529273966009605,10,1,97.05854793201921
17,"(1,2)",0.1,23.564620328874817,23,1,49.129240657749634
18,"(1,2)",0.1,77.05783164670925,17,1,156.1156632934185
19,"(1,2)",0.1,202.46550092870862,42,1,406.93100185741724
20,"(1,2)",0.1,99.44710574757814,23,1,200.89421149515627
1,"(1,2)",0.2,34.518543628772214,17,2,73.03708725754443
2,"(1,2)",0.2,46.97804292760858,9,2,97.95608585521715
3,"(1,2)",0.2,91.5401720769161,17,2,187.0803441538322
4,"(1,2)",0.2,77.4914676317841,13,2,158.9829352635682
5,"(1,2)",0.2,21.6125725241379,16,2,47.2251450482758
6,"(1,2)",0.2,34.679646201351325,24,2,73.35929240270265
7,"(1,2)",0.2,82.89959986433936,15,2,169.79919972867873
8,"(1,2)",0.2,76.90944658065762,26,2,157.81889316131523
9,"(1,2)",0.2,144.59285722937918,13,2,293.18571445875835
10,"(1,2)",0.2,44.0384315087725,28,2,92.076863017545
11,"(1,2)",0.2,27.285581209325073,12,2,58.57116241865015
12,"(1,2)",0.2,36.71183685538336,10,2,77.42367371076672
13,"(1,2)",0.2,27.4807601665834,22,2,58.9615203331668
14,"(1,2)",0.2,26.504672749872046,14,2,57.00934549974409
15,"(1,2)",0.2,29.961730023539427,22,2,63.923460047078855
16,"(1,2)",0.2,42.82385836503045,10,2,89.6477167300609
17,"(1,2)",0.2,19.79683323634546,23,2,43.59366647269092
18,"(1,2)",0.2,42.91247102338705,17,2,89.8249420467741
19,"(1,2)",0.2,86.12539041593072,42,2,176.25078083186145
20,"(1,2)",0.2,100.58818953860504,23,2,205.17637907721007
1,"(1,2)",0.3,22.975078131036938,17,2,49.950156262073875
2,"(1,2)",0.3,60.572492100462966,9,2,125.14498420092593
3,"(1,2)",0.3,86.77288304145158,17,2,177.54576608290316
4,"(1,2)",0.3,53.145943028065645,13,2,110.29188605613129
5,"(1,2)",0.3,19.459036607588317,16,2,42.91807321517663
6,"(1,2)",0.3,26.411994733403677,24,2,56.823989466807355
7,"(1,2)",0.3,42.90598323890831,15,2,89.81196647781663
8,"(1,2)",0.3,40.37867173556899,26,2,84.75734347113799
9,"(1,2)",0.3,105.27663942753989,13,2,214.55327885507978
10,"(1,2)",0.3,33.31058102468965,28,2,70.6211620493793
11,"(1,2)",0.3,22.550293383634447,12,2,49.100586767268894
12,"(1,2)",0.3,15.535447484756702,10,2,35.070894969513404
13,"(1,2)",0.3,21.95495003693746,22,2,47.90990007387492
14,"(1,2)",0.3,25.12999845086614,14,2,54.25999690173228
15,"(1,2)",0.3,21.917898488751227,22,2,47.835796977502454
16,"(1,2)",0.3,19.033685150460965,10,2,42.06737030092193
17,"(1,2)",0.3,25.459836905847077,23,2,54.91967381169415
18,"(1,2)",0.3,34.406209132683,17,2,72.812418265366
19,"(1,2)",0.3,79.07916557407188,42,2,162.15833114814376
20,"(1,2)",0.3,70.32322676119162,23,2,144.64645352238324
1,"(1,2)",0.4,16.816391307706592,17,2,37.632782615413184
2,"(1,2)",0.4,55.53257265441698,9,2,115.06514530883396
3,"(1,2)",0.4,60.27534160689176,17,2,124.55068321378351
4,"(1,2)",0.4,50.99659642578019,13,2,105.99319285156038
5,"(1,2)",0.4,18.801343955208957,16,2,41.60268791041791
6,"(1,2)",0.4,25.59331368272455,24,2,55.1866273654491
7,"(1,2)",0.4,77.14334277222865,15,2,158.2866855444573
8,"(1,2)",0.4,35.080404502932296,26,2,74.16080900586459
9,"(1,2)",0.4,136.88725697372934,13,2,277.7745139474587
10,"(1,2)",0.4,34.871360436268,28,2,73.742720872536
11,"(1,2)",0.4,17.537153358742565,12,2,39.07430671748513
12,"(1,2)",0.4,34.63335920564804,10,2,73.26671841129608
13,"(1,2)",0.4,26.15593891073696,22,2,56.31187782147392
14,"(1,2)",0.4,23.751103345920207,14,2,51.502206691840414
15,"(1,2)",0.4,25.354414903825614,22,2,54.70882980765123
16,"(1,2)",0.4,34.250507689441704,10,2,72.50101537888341
17,"(1,2)",0.4,34.70008179898218,23,2,73.40016359796437
18,"(1,2)",0.4,23.97379017454331,17,2,51.94758034908662
19,"(1,2)",0.4,72.83769722112369,42,2,149.67539444224738
20,"(1,2)",0.4,65.01188008486578,23,2,134.02376016973156
1,"(1,2)",0.5,15.918012809215309,17,2,35.83602561843062
2,"(1,2)",0.5,52.12237471886745,9,2,108.2447494377349
3,"(1,2)",0.5,76.69203408611543,17,2,157.38406817223085
4,"(1,2)",0.5,24.144599455906693,13,2,52.289198911813386
5,"(1,2)",0.5,21.00382271327628,16,2,46.00764542655256
6,"(1,2)",0.5,30.266194140220172,24,2,64.53238828044034
7,"(1,2)",0.5,36.53299365823082,15,2,77.06598731646164
8,"(1,2)",0.5,34.9608905396707,26,2,73.9217810793414
9,"(1,2)",0.5,116.79793314218067,13,2,237.59586628436134
10,"(1,2)",0.5,39.01883933931504,28,2,82.03767867863009
11,"(1,2)",0.5,14.735320904058163,12,2,33.470641808116326
12,"(1,2)",0.5,54.0651464672864,10,2,112.1302929345728
13,"(1,2)",0.5,29.289725731524893,22,2,62.579451463049786
14,"(1,2)",0.5,25.807083370627648,14,2,55.614166741255296
15,"(1,2)",0.5,28.296783694009296,22,2,60.59356738801859
16,"(1,2)",0.5,51.92859524589757,10,2,107.85719049179514
17,"(1,2)",0.5,45.30687811166913,23,2,94.61375622333826
18,"(1,2)",0.5,19.317663940226474,17,2,42.63532788045295
19,"(1,2)",0.5,76.48770849685386,42,2,156.9754169937077
20,"(1,2)",0.5,37.8755197958606,23,2,79.7510395917212
1,"(1,2)",0.6,16.508816075065706,17,2,37.01763215013141
2,"(1,2)",0.6,52.7305421145864,9,2,109.4610842291728
3,"(1,2)",0.6,71.66636246164724,17,2,147.33272492329448
4,"(1,2)",0.6,21.019688766992704,13,2,46.03937753398541
5,"(1,2)",0.6,23.012071151148007,16,2,50.02414230229601
6,"(1,2)",0.6,32.45212689391366,24,2,68.90425378782732
7,"(1,2)",0.6,30.754099989484903,15,2,65.5081999789698
8,"(1,2)",0.6,36.35892781675729,26,2,76.71785563351457
9,"(1,2)",0.6,110.507032675332,13,2,225.014065350664
10,"(1,2)",0.6,46.42315169866648,28,2,96.84630339733296
11,"(1,2)",0.6,14.955706346480238,12,2,33.911412692960475
12,"(1,2)",0.6,56.256614794325884,10,2,116.51322958865177
13,"(1,2)",0.6,35.5483043180116,22,2,75.0966086360232
14,"(1,2)",0.6,25.86035026632246,14,2,55.72070053264492
15,"(1,2)",0.6,32.50104476005655,22,2,69.0020895201131
16,"(1,2)",0.6,53.20543497133558,10,2,110.41086994267116
17,"(1,2)",0.6,44.54448288805933,23,2,93.08896577611866
18,"(1,2)",0.6,18.898317675936937,17,2,41.796635351873874
19,"(1,2)",0.6,94.41918901693204,42,2,192.83837803386407
20,"(1,2)",0.6,35.29284363975714,23,2,74.58568727951427
1,"(1,2)",0.7,16.812696896483914,17,2,37.62539379296783
2,"(1,2)",0.7,34.07466573490074,9,2,72.14933146980148
3,"(1,2)",0.7,37.33257943249569,17,2,78.66515886499138
4,"(1,2)",0.7,24.300948913214718,13,2,52.601897826429436
5,"(1,2)",0.7,23.82052196082299,16,2,51.64104392164598
6,"(1,2)",0.7,29.211209714335507,24,2,62.42241942867101
7,"(1,2)",0.7,33.43920522113428,15,2,70.87841044226856
8,"(1,2)",0.7,40.61125740785346,26,2,85.22251481570692
9,"(1,2)",0.7,36.80604277767276,13,2,77.61208555534552
10,"(1,2)",0.7,41.59721298519356,28,2,87.19442597038712
11,"(1,2)",0.7,17.103750653413833,12,2,38.207501306827666
12,"(1,2)",0.7,18.43245112150254,10,2,40.86490224300508
13,"(1,2)",0.7,33.57696137203647,22,2,71.15392274407294
14,"(1,2)",0.7,28.077485247563175,14,2,60.15497049512635
15,"(1,2)",0.7,31.785678689881305,22,2,67.57135737976262
16,"(1,2)",0.7,16.130889570051284,10,2,36.26177914010257
17,"(1,2)",0.7,42.55838590782437,23,2,89.11677181564875
18,"(1,2)",0.7,21.61615304300287,17,2,47.23230608600574
19,"(1,2)",0.7,66.5560632240508,42,2,137.1121264481016
20,"(1,2)",0.7,40.120152221629375,23,2,84.24030444325875
1,"(1,2)",0.8,19.18616930107992,17,2,42.37233860215984
2,"(1,2)",0.8,33.979572863369825,9,2,71.95914572673965
3,"(1,2)",0.8,33.2342577873174,17,2,70.4685155746348
4,"(1,2)",0.8,20.912845315525402,13,2,45.825690631050804
5,"(1,2)",0.8,23.158841543406165,16,2,50.31768308681233
6,"(1,2)",0.8,29.86515610401662,24,2,63.73031220803324
7,"(1,2)",0.8,28.37022596741302,15,2,60.74045193482604
8,"(1,2)",0.8,37.52772133328241,26,2,79.05544266656482
9,"(1,2)",0.8,32.76079611927477,13,2,69.52159223854954
10,"(1,2)",0.8,47.051430255123435,28,2,98.10286051024687
11,"(1,2)",0.8,16.034220365893383,12,2,36.068440731786765
12,"(1,2)",0.8,15.968464009478279,10,2,35.93692801895656
13,"(1,2)",0.8,35.80971949721224,22,2,75.61943899442448
14,"(1,2)",0.8,24.223026305309595,14,2,52.44605261061919
15,"(1,2)",0.8,29.560203304257588,22,2,63.120406608515175
16,"(1,2)",0.8,14.764491205152343,10,2,33.528982410304685
17,"(1,2)",0.8,40.370304041030764,23,2,84.74060808206153
18,"(1,2)",0.8,22.09517686256188,17,2,48.19035372512376
19,"(1,2)",0.8,64.35628077148661,42,2,132.71256154297322
20,"(1,2)",0.8,36.81149835444617,23,2,77.62299670889234
1,"(1,2)",0.9,22.510021698556727,17,2,49.020043397113454
2,"(1,2)",0.9,35.70404045711815,9,2,75.4080809142363
3,"(1,2)",0.9,60.290539135323264,17,2,124.58107827064653
4,"(1,2)",0.9,25.758968124133858,13,2,55.517936248267716
5,"(1,2)",0.9,23.65845313774479,16,2,51.31690627548958
6,"(1,2)",0.9,29.205134177814475,24,2,62.41026835562895
7,"(1,2)",0.9,35.29530943286395,15,2,74.5906188657279
8,"(1,2)",0.9,49.06305638028017,26,2,102.12611276056035
9,"(1,2)",0.9,75.80544970317563,13,2,155.61089940635125
10,"(1,2)",0.9,44.27835410296312,28,2,92.55670820592624
11,"(1,2)",0.9,18.9512215457376,12,2,41.9024430914752
12,"(1,2)",0.9,15.971587567916036,10,2,35.94317513583207
13,"(1,2)",0.9,31.057833363442228,22,2,66.11566672688446
14,"(1,2)",0.9,25.13395443562934,14,2,54.26790887125868
15,"(1,2)",0.9,28.75223621997818,22,2,61.50447243995636
16,"(1,2)",0.9,16.422989771211224,10,2,36.84597954242245
17,"(1,2)",0.9,28.934248426129752,23,2,61.868496852259504
18,"(1,2)",0.9,28.826457416491024,17,2,61.65291483298205
19,"(1,2)",0.9,61.34609398274234,42,2,126.69218796548468
20,"(1,2)",0.9,49.25497047605904,23,2,102.50994095211809
1,"(1,3)",0.1,52.50377021348998,17,1,107.00754042697996
2,"(1,3)",0.1,49.993977908480076,9,1,101.98795581696015
3,"(1,3)",0.1,78.93878669474175,17,1,159.8775733894835
4,"(1,3)",0.1,46.41045897002397,13,1,94.82091794004793
5,"(1,3)",0.1,38.49258658511337,16,1,78.98517317022674
6,"(1,3)",0.1,62.13252060428086,24,1,126.26504120856173
7,"(1,3)",0.1,72.65518572483262,15,1,147.31037144966524
8,"(1,3)",0.1,78.43233156769811,26,1,158.86466313539623
9,"(1,3)",0.1,49.60913208757464,13,1,101.21826417514929
10,"(1,3)",0.1,64.7138429529696,28,1,131.4276859059392
11,"(1,3)",0.1,38.04150802174882,12,1,78.08301604349764
12,"(1,3)",0.1,21.771550021481257,10,1,45.543100042962514
13,"(1,3)",0.1,37.387344630192224,22,1,76.77468926038445
14,"(1,3)",0.1,30.263075466148923,14,1,62.526150932297845
15,"(1,3)",0.1,43.23440286652338,22,1,88.46880573304676
16,"(1,3)",0.1,30.910609191452473,10,1,63.821218382904945
17,"(1,3)",0.1,25.75916871878469,23,1,53.51833743756938
18,"(1,3)",0.1,62.05855099173655,17,1,126.1171019834731
19,"(1,3)",0.1,127.10395304977826,42,1,256.2079060995565
20,"(1,3)",0.1,77.82856854598165,23,1,157.6571370919633
1,"(1,3)",0.2,41.268374449507526,17,2,86.53674889901505
2,"(1,3)",0.2,46.49798896250933,9,2,96.99597792501866
3,"(1,3)",0.2,59.389240618950275,17,2,122.77848123790055
4,"(1,3)",0.2,41.5927141840709,13,2,87.1854283681418
5,"(1,3)",0.2,30.841999250416887,16,2,65.68399850083378
6,"(1,3)",0.2,40.07084094062967,24,2,84.14168188125934
7,"(1,3)",0.2,69.91688248055938,15,2,143.83376496111876
8,"(1,3)",0.2,59.209272376229016,26,2,122.41854475245803
9,"(1,3)",0.2,127.84615291899843,13,2,259.69230583799686
10,"(1,3)",0.2,49.04224728683571,28,2,102.08449457367142
11,"(1,3)",0.2,52.029500216225074,12,2,108.05900043245015
12,"(1,3)",0.2,38.36028068127064,10,2,80.72056136254128
13,"(1,3)",0.2,32.36511790946078,22,2,68.73023581892156
14,"(1,3)",0.2,30.531844322113052,14,2,65.0636886442261
15,"(1,3)",0.2,31.2982096351523,22,2,66.59641927030461
16,"(1,3)",0.2,45.409427009694724,10,2,94.81885401938945
17,"(1,3)",0.2,20.101358034693263,23,2,44.202716069386526
18,"(1,3)",0.2,71.51835222334431,17,2,147.03670444668862
19,"(1,3)",0.2,108.0880498243086,42,2,220.1760996486172
20,"(1,3)",0.2,84.88598206915063,23,2,173.77196413830126
1,"(1,3)",0.3,33.07138652224862,17,2,70.14277304449725
2,"(1,3)",0.3,101.57510885587243,9,2,207.15021771174486
3,"(1,3)",0.3,131.77837863174412,17,2,267.55675726348824
4,"(1,3)",0.3,101.53688764305221,13,2,207.07377528610442
5,"(1,3)",0.3,25.23531685454364,16,2,54.47063370908728
6,"(1,3)",0.3,27.13435874420084,24,2,58.26871748840168
7,"(1,3)",0.3,126.45985855787856,15,2,256.9197171157571
8,"(1,3)",0.3,75.85248337738979,26,2,155.70496675477958
9,"(1,3)",0.3,164.39983233445145,13,2,332.7996646689029
10,"(1,3)",0.3,42.9345416998962,28,2,89.8690833997924
11,"(1,3)",0.3,28.559444349860527,12,2,61.118888699721055
12,"(1,3)",0.3,37.36902039982105,10,2,78.7380407996421
13,"(1,3)",0.3,28.424979468409624,22,2,60.84995893681925
14,"(1,3)",0.3,30.969870987866592,14,2,65.93974197573318
15,"(1,3)",0.3,25.369504750716462,22,2,54.739009501432925
16,"(1,3)",0.3,42.04645084085277,10,2,88.09290168170554
17,"(1,3)",0.3,20.332279806458228,23,2,44.664559612916456
18,"(1,3)",0.3,64.07108182813376,17,2,132.1421636562675
19,"(1,3)",0.3,99.21523301152433,42,2,202.43046602304867
20,"(1,3)",0.3,141.99158084297153,23,2,287.98316168594306
1,"(1,3)",0.4,21.56948199226839,17,2,47.13896398453678
2,"(1,3)",0.4,76.8184757835706,9,2,157.6369515671412
3,"(1,3)",0.4,110.91194116182591,17,2,225.82388232365182
4,"(1,3)",0.4,79.24106366895934,13,2,162.48212733791868
5,"(1,3)",0.4,23.067384836418043,16,2,50.134769672836086
6,"(1,3)",0.4,20.53597447833065,24,2,45.0719489566613
7,"(1,3)",0.4,143.7134462727926,15,2,291.4268925455852
8,"(1,3)",0.4,42.791661142367374,26,2,89.58332228473475
9,"(1,3)",0.4,179.2674533474324,13,2,362.5349066948648
10,"(1,3)",0.4,35.50024165098171,28,2,75.00048330196341
11,"(1,3)",0.4,40.88078499618392,12,2,85.76156999236784
12,"(1,3)",0.4,55.64406999168959,10,2,115.28813998337918
13,"(1,3)",0.4,27.388652425956906,22,2,58.77730485191381
14,"(1,3)",0.4,49.20099918047559,14,2,102.40199836095118
15,"(1,3)",0.4,20.58768108448904,22,2,45.17536216897808
16,"(1,3)",0.4,56.69912599345619,10,2,117.39825198691238
17,"(1,3)",0.4,31.67435911797123,23,2,67.34871823594246
18,"(1,3)",0.4,34.36844066439483,17,2,72.73688132878966
19,"(1,3)",0.4,62.03851685563087,42,2,128.07703371126172
20,"(1,3)",0.4,79.43638088961262,23,2,162.87276177922524
1,"(1,3)",0.5,15.05669093249665,17,2,34.1133818649933
2,"(1,3)",0.5,34.286153213420995,9,2,72.57230642684199
3,"(1,3)",0.5,39.020527573052746,17,2,82.04105514610549
4,"(1,3)",0.5,31.06952471968807,13,2,66.13904943937614
5,"(1,3)",0.5,21.753515787534965,16,2,47.50703157506993
6,"(1,3)",0.5,22.98496238130823,24,2,49.96992476261646
7,"(1,3)",0.5,39.923190147725514,15,2,83.84638029545103
8,"(1,3)",0.5,37.22552371626656,26,2,78.45104743253312
9,"(1,3)",0.5,77.13716291886736,13,2,158.27432583773472
10,"(1,3)",0.5,39.98418611328029,28,2,83.96837222656058
11,"(1,3)",0.5,17.339697903095722,12,2,38.679395806191444
12,"(1,3)",0.5,35.621679334326444,10,2,75.24335866865289
13,"(1,3)",0.5,34.558505795598435,22,2,73.11701159119687
14,"(1,3)",0.5,25.43169284139576,14,2,54.86338568279152
15,"(1,3)",0.5,27.109741973822135,22,2,58.21948394764427
16,"(1,3)",0.5,33.92309866251823,10,2,71.84619732503646
17,"(1,3)",0.5,50.358839476116614,23,2,104.71767895223323
18,"(1,3)",0.5,24.049506570034758,17,2,52.099013140069516
19,"(1,3)",0.5,58.59026849231602,42,2,121.18053698463204
20,"(1,3)",0.5,47.13277105784943,23,2,98.26554211569886
1,"(1,3)",0.6,16.906373289806528,17,2,37.812746579613055
2,"(1,3)",0.6,33.81048566307597,9,2,71.62097132615195
3,"(1,3)",0.6,37.66939128535383,17,2,79.33878257070766
4,"(1,3)",0.6,44.58813116858371,13,2,93.17626233716742
5,"(1,3)",0.6,22.873131321902644,16,2,49.74626264380529
6,"(1,3)",0.6,26.322948127310678,24,2,56.645896254621356
7,"(1,3)",0.6,32.935159629967764,15,2,69.87031925993553
8,"(1,3)",0.6,44.56216538885356,26,2,93.12433077770712
9,"(1,3)",0.6,75.76061691564304,13,2,155.52123383128608
10,"(1,3)",0.6,44.83191168415442,28,2,93.66382336830884
11,"(1,3)",0.6,37.16428515367908,12,2,78.32857030735816
12,"(1,3)",0.6,37.76731862934152,10,2,79.53463725868303
13,"(1,3)",0.6,35.677928563067574,22,2,75.35585712613515
14,"(1,3)",0.6,26.957637435124457,14,2,57.915274870248915
15,"(1,3)",0.6,30.637570415461646,22,2,65.27514083092329
16,"(1,3)",0.6,35.06382424477517,10,2,74.12764848955034
17,"(1,3)",0.6,44.27009735689027,23,2,92.54019471378054
18,"(1,3)",0.6,22.19789115436672,17,2,48.39578230873344
19,"(1,3)",0.6,51.45661436210617,42,2,106.91322872421235
20,"(1,3)",0.6,43.743144071955825,23,2,91.48628814391165
1,"(1,3)",0.7,19.038405514466675,17,2,42.07681102893335
2,"(1,3)",0.7,15.309311602994402,9,2,34.618623205988804
3,"(1,3)",0.7,32.20905825263874,17,2,68.41811650527748
4,"(1,3)",0.7,20.850555240516886,13,2,45.70111048103377
5,"(1,3)",0.7,23.00759088503777,16,2,50.01518177007554
6,"(1,3)",0.7,31.037346395251507,24,2,66.07469279050301
7,"(1,3)",0.7,28.74627039826091,15,2,61.49254079652182
8,"(1,3)",0.7,40.53381060221693,26,2,85.06762120443386
9,"(1,3)",0.7,31.066373543683035,13,2,66.13274708736607
10,"(1,3)",0.7,46.71793630265618,28,2,97.43587260531235
11,"(1,3)",0.7,15.92954633094422,12,2,35.85909266188844
12,"(1,3)",0.7,17.77773702659861,10,2,39.55547405319722
13,"(1,3)",0.7,36.68860302131616,22,2,77.37720604263232
14,"(1,3)",0.7,24.537953265321164,14,2,53.07590653064233
15,"(1,3)",0.7,31.393672652862207,22,2,66.78734530572441
16,"(1,3)",0.7,15.70187330626666,10,2,35.40374661253332
17,"(1,3)",0.7,40.21649129921893,23,2,84.43298259843786
18,"(1,3)",0.7,20.508164126873815,17,2,45.01632825374763
19,"(1,3)",0.7,65.25499733947294,42,2,134.50999467894587
20,"(1,3)",0.7,38.689443014725036,23,2,81.37888602945007
1,"(1,3)",0.8,18.446105579966446,17,2,40.89221115993289
2,"(1,3)",0.8,33.58419061725805,9,2,71.1683812345161
3,"(1,3)",0.8,35.94334606174049,17,2,75.88669212348098
4,"(1,3)",0.8,26.897342472987923,13,2,57.794684945975845
5,"(1,3)",0.8,24.48014562800515,16,2,52.9602912560103
6,"(1,3)",0.8,29.139145571310635,24,2,62.27829114262127
7,"(1,3)",0.8,35.1507987161247,15,2,74.3015974322494
8,"(1,3)",0.8,41.11792802319527,26,2,86.23585604639054
9,"(1,3)",0.8,55.46351037019231,13,2,114.92702074038462
10,"(1,3)",0.8,45.80187109643862,28,2,95.60374219287723
11,"(1,3)",0.8,19.00124541449306,12,2,42.00249082898612
12,"(1,3)",0.8,36.18884137511449,10,2,76.37768275022898
13,"(1,3)",0.8,34.04813615248863,22,2,72.09627230497726
14,"(1,3)",0.8,26.976051176227582,14,2,57.952102352455164
15,"(1,3)",0.8,29.065672350507285,22,2,62.13134470101457
16,"(1,3)",0.8,34.525133832746334,10,2,73.05026766549267
17,"(1,3)",0.8,38.0568457085797,23,2,80.1136914171594
18,"(1,3)",0.8,24.90682666064999,17,2,53.81365332129998
19,"(1,3)",0.8,61.81338143731144,42,2,127.62676287462288
20,"(1,3)",0.8,42.29275943857364,23,2,88.58551887714728
1,"(1,3)",0.9,19.92698135846509,17,2,43.85396271693018
2,"(1,3)",0.9,34.845704823965875,9,2,73.69140964793175
3,"(1,3)",0.9,39.93294169440171,17,2,83.86588338880343
4,"(1,3)",0.9,24.491666330715912,13,2,52.983332661431824
5,"(1,3)",0.9,22.443519955335233,16,2,48.88703991067047
6,"(1,3)",0.9,27.040806526722736,24,2,58.08161305344547
7,"(1,3)",0.9,31.591074493920882,15,2,67.18214898784177
8,"(1,3)",0.9,44.773271390640566,26,2,93.54654278128113
9,"(1,3)",0.9,74.96389652999937,13,2,153.92779305999875
10,"(1,3)",0.9,44.28853404784135,28,2,92.5770680956827
11,"(1,3)",0.9,17.65746238480892,12,2,39.31492476961784
12,"(1,3)",0.9,17.148711749621494,10,2,38.29742349924299
13,"(1,3)",0.9,33.02301819192654,22,2,70.04603638385308
14,"(1,3)",0.9,25.02485883078388,14,2,54.04971766156776
15,"(1,3)",0.9,27.824111140186254,22,2,59.64822228037251
16,"(1,3)",0.9,16.28672636260488,10,2,36.57345272520976
17,"(1,3)",0.9,35.165717911298636,23,2,74.33143582259727
18,"(1,3)",0.9,24.978124535581934,17,2,53.95624907116387
19,"(1,3)",0.9,61.077987230945055,42,2,126.15597446189011
20,"(1,3)",0.9,45.71242223383002,23,2,95.42484446766004
1,"(2,1)",0.1,27.120743969660893,17,1,56.241487939321786
2,"(2,1)",0.1,19.98341065842136,9,1,41.96682131684272
3,"(2,1)",0.1,35.06494146759703,17,1,72.12988293519406
4,"(2,1)",0.1,24.83095964115423,13,1,51.66191928230846
5,"(2,1)",0.1,16.93849013071198,16,1,35.87698026142396
6,"(2,1)",0.1,41.21315239916829,24,1,84.42630479833657
7,"(2,1)",0.1,48.77187656307296,15,1,99.54375312614592
8,"(2,1)",0.1,74.76109574173329,26,1,151.52219148346657
9,"(2,1)",0.1,76.26662325297309,13,1,154.53324650594618
10,"(2,1)",0.1,78.65101593467504,28,1,159.3020318693501
11,"(2,1)",0.1,15.542258647687497,12,1,33.084517295374994
12,"(2,1)",0.1,11.138795695217567,10,1,24.277591390435134
13,"(2,1)",0.1,34.41815044288163,22,1,70.83630088576327
14,"(2,1)",0.1,15.698880048599982,14,1,33.39776009719996
15,"(2,1)",0.1,36.299970302042375,22,1,74.59994060408475
16,"(2,1)",0.1,14.74248030326827,10,1,31.48496060653654
17,"(2,1)",0.1,35.47937979222732,23,1,72.95875958445464
18,"(2,1)",0.1,31.75911932846643,17,1,65.51823865693285
19,"(2,1)",0.1,240.8374197640908,42,1,483.6748395281816
20,"(2,1)",0.1,53.8292571123669,23,1,109.6585142247338
1,"(2,1)",0.2,20.37747217491374,17,2,44.75494434982748
2,"(2,1)",0.2,35.44098435613581,9,2,74.88196871227161
3,"(2,1)",0.2,29.93725026311918,17,2,63.87450052623836
4,"(2,1)",0.2,20.93263479009185,13,2,45.8652695801837
5,"(2,1)",0.2,14.991460220084683,16,2,33.982920440169366
6,"(2,1)",0.2,32.879640524808,24,2,69.759281049616
7,"(2,1)",0.2,25.214652724179846,15,2,54.42930544835969
8,"(2,1)",0.2,38.57673993227561,26,2,81.15347986455122
9,"(2,1)",0.2,52.8757985762792,13,2,109.7515971525584
10,"(2,1)",0.2,39.92293220620193,28,2,83.84586441240386
11,"(2,1)",0.2,13.219301109965333,12,2,30.438602219930665
12,"(2,1)",0.2,12.175290798115325,10,2,28.35058159623065
13,"(2,1)",0.2,26.77241352470808,22,2,57.54482704941616
14,"(2,1)",0.2,14.276092470955025,14,2,32.55218494191005
15,"(2,1)",0.2,27.38386118251196,22,2,58.76772236502392
16,"(2,1)",0.2,14.012148818630896,10,2,32.024297637261796
17,"(2,1)",0.2,43.51335660842116,23,2,91.02671321684232
18,"(2,1)",0.2,24.689264473012607,17,2,53.37852894602521
19,"(2,1)",0.2,125.09728689565125,42,2,254.1945737913025
20,"(2,1)",0.2,39.73678021680995,23,2,83.4735604336199
1,"(2,1)",0.3,17.8859031756432,17,2,39.7718063512864
2,"(2,1)",0.3,32.74237466825289,9,2,69.48474933650579
3,"(2,1)",0.3,25.40310260812314,17,2,54.80620521624628
4,"(2,1)",0.3,18.167463902865016,13,2,40.33492780573003
5,"(2,1)",0.3,15.297581503308631,16,2,34.59516300661726
6,"(2,1)",0.3,35.976548016792414,24,2,75.95309603358483
7,"(2,1)",0.3,25.492303253581444,15,2,54.98460650716289
8,"(2,1)",0.3,34.222236337854774,26,2,72.44447267570955
9,"(2,1)",0.3,50.45604602167098,13,2,104.91209204334196
10,"(2,1)",0.3,42.68561167022706,28,2,89.37122334045412
11,"(2,1)",0.3,13.970278557407685,12,2,31.94055711481537
12,"(2,1)",0.3,31.951984031603274,10,2,67.90396806320655
13,"(2,1)",0.3,30.47037037798938,22,2,64.94074075597877
14,"(2,1)",0.3,15.990521306697877,14,2,35.98104261339576
15,"(2,1)",0.3,31.34291658441455,22,2,66.6858331688291
16,"(2,1)",0.3,32.15863084046877,10,2,68.31726168093753
17,"(2,1)",0.3,48.49187935579462,23,2,100.98375871158925
18,"(2,1)",0.3,18.931686183255056,17,2,41.86337236651011
19,"(2,1)",0.3,99.3490657484337,42,2,202.6981314968674
20,"(2,1)",0.3,32.405718764577244,23,2,68.81143752915449
1,"(2,1)",0.4,18.975145690598023,17,2,41.950291381196045
2,"(2,1)",0.4,10.552058388205939,9,2,25.104116776411878
3,"(2,1)",0.4,21.30529915081248,17,2,46.61059830162496
4,"(2,1)",0.4,14.380364706722279,13,2,32.76072941344456
5,"(2,1)",0.4,22.168420728176102,16,2,48.336841456352204
6,"(2,1)",0.4,42.08328035599389,24,2,88.16656071198778
7,"(2,1)",0.4,20.54406669155759,15,2,45.08813338311518
8,"(2,1)",0.4,37.83846353833423,26,2,79.67692707666846
9,"(2,1)",0.4,24.136753039437647,13,2,52.27350607887529
10,"(2,1)",0.4,47.21396892894477,28,2,98.42793785788955
11,"(2,1)",0.4,12.802515415765537,12,2,29.605030831531074
12,"(2,1)",0.4,14.844120286064255,10,2,33.68824057212851
13,"(2,1)",0.4,36.58416482068137,22,2,77.16832964136275
14,"(2,1)",0.4,20.642995450663904,14,2,45.28599090132781
15,"(2,1)",0.4,39.19716579693855,22,2,82.3943315938771
16,"(2,1)",0.4,11.605441833899873,10,2,27.210883667799745
17,"(2,1)",0.4,52.947193058387406,23,2,109.89438611677481
18,"(2,1)",0.4,17.305883037370826,17,2,38.61176607474165
19,"(2,1)",0.4,93.41425968968669,42,2,190.82851937937338
20,"(2,1)",0.4,31.023800860558566,23,2,66.04760172111713
1,"(2,1)",0.5,21.0863004712632,17,2,46.1726009425264
2,"(2,1)",0.5,30.829156312384725,9,2,65.65831262476945
3,"(2,1)",0.5,23.946129168047616,17,2,51.89225833609523
4,"(2,1)",0.5,14.080754463880416,13,2,32.161508927760835
5,"(2,1)",0.5,24.104561085635613,16,2,52.209122171271225
6,"(2,1)",0.5,42.94415255737504,24,2,89.88830511475008
7,"(2,1)",0.5,22.123067048971414,15,2,48.24613409794283
8,"(2,1)",0.5,36.248206297105284,26,2,76.49641259421057
9,"(2,1)",0.5,27.592010010125968,13,2,59.184020020251936
10,"(2,1)",0.5,47.03642566231556,28,2,98.07285132463112
11,"(2,1)",0.5,13.495617056900093,12,2,30.991234113800186
12,"(2,1)",0.5,16.894334422516586,10,2,37.78866884503317
13,"(2,1)",0.5,35.10256455213506,22,2,74.20512910427011
14,"(2,1)",0.5,22.70445824795947,14,2,49.40891649591894
15,"(2,1)",0.5,40.79499913578364,22,2,85.58999827156728
16,"(2,1)",0.5,13.826858244103754,10,2,31.653716488207507
17,"(2,1)",0.5,46.7422299046821,23,2,97.4844598093642
18,"(2,1)",0.5,17.452893575825858,17,2,38.905787151651715
19,"(2,1)",0.5,92.22442112359133,42,2,188.44884224718265
20,"(2,1)",0.5,28.034754523683784,23,2,60.06950904736757
1,"(2,1)",0.6,18.078121066280993,17,2,40.156242132561985
2,"(2,1)",0.6,34.00949421739916,9,2,72.01898843479832
3,"(2,1)",0.6,35.411220918579424,17,2,74.82244183715885
4,"(2,1)",0.6,20.44645872325687,13,2,44.89291744651374
5,"(2,1)",0.6,24.556776278959642,16,2,53.113552557919284
6,"(2,1)",0.6,31.621357517330313,24,2,67.24271503466062
7,"(2,1)",0.6,30.041565341213218,15,2,64.08313068242643
8,"(2,1)",0.6,37.9873691147693,26,2,79.9747382295386
9,"(2,1)",0.6,33.73224010586925,13,2,71.4644802117385
10,"(2,1)",0.6,43.443689251301265,28,2,90.88737850260253
11,"(2,1)",0.6,16.93665108858145,12,2,37.8733021771629
12,"(2,1)",0.6,37.318585844996065,10,2,78.63717168999213
13,"(2,1)",0.6,35.022274463388875,22,2,74.04454892677775
14,"(2,1)",0.6,26.344011624591232,14,2,56.688023249182464
15,"(2,1)",0.6,31.366602382883112,22,2,66.73320476576623
16,"(2,1)",0.6,34.85975143551784,10,2,73.71950287103569
17,"(2,1)",0.6,44.573033129367296,23,2,93.14606625873459
18,"(2,1)",0.6,20.261308989356742,17,2,44.522617978713484
19,"(2,1)",0.6,72.00717179888595,42,2,148.0143435977719
20,"(2,1)",0.6,36.123548218155044,23,2,76.24709643631009
1,"(2,1)",0.7,21.01183535623071,17,2,46.02367071246142
2,"(2,1)",0.7,15.714043841886916,9,2,35.42808768377383
3,"(2,1)",0.7,32.73297477025839,17,2,69.46594954051677
4,"(2,1)",0.7,22.68817563777877,13,2,49.37635127555754
5,"(2,1)",0.7,23.65411910751886,16,2,51.30823821503772
6,"(2,1)",0.7,35.674301758210156,24,2,75.34860351642031
7,"(2,1)",0.7,30.369364975426567,15,2,64.73872995085313
8,"(2,1)",0.7,40.66053487002787,26,2,85.32106974005573
9,"(2,1)",0.7,30.637440325304627,13,2,65.27488065060925
10,"(2,1)",0.7,46.9354222053048,28,2,97.8708444106096
11,"(2,1)",0.7,16.689694689280238,12,2,37.379389378560475
12,"(2,1)",0.7,17.33110810205608,10,2,38.66221620411216
13,"(2,1)",0.7,35.30872399888401,22,2,74.61744799776802
14,"(2,1)",0.7,25.66063676308977,14,2,55.32127352617954
15,"(2,1)",0.7,32.27656609258604,22,2,68.55313218517207
16,"(2,1)",0.7,15.379841753800243,10,2,34.759683507600485
17,"(2,1)",0.7,39.20797850821171,23,2,82.41595701642342
18,"(2,1)",0.7,21.82777736698695,17,2,47.6555547339739
19,"(2,1)",0.7,80.8476497390137,42,2,165.6952994780274
20,"(2,1)",0.7,39.130397629841326,23,2,82.26079525968265
1,"(2,1)",0.8,22.272667398444174,17,2,48.54533479688835
2,"(2,1)",0.8,34.77836367633748,9,2,73.55672735267495
3,"(2,1)",0.8,36.11050048533882,17,2,76.22100097067764
4,"(2,1)",0.8,21.869093514393857,13,2,47.73818702878771
5,"(2,1)",0.8,24.191282699989998,16,2,52.382565399979995
6,"(2,1)",0.8,31.774828160529708,24,2,67.54965632105942
7,"(2,1)",0.8,32.64008163463471,15,2,69.28016326926942
8,"(2,1)",0.8,38.33421133320885,26,2,80.6684226664177
9,"(2,1)",0.8,71.75562874101179,13,2,147.51125748202358
10,"(2,1)",0.8,43.137868622348584,28,2,90.27573724469717
11,"(2,1)",0.8,16.686305384790135,12,2,37.37261076958027
12,"(2,1)",0.8,35.27950152011513,10,2,74.55900304023027
13,"(2,1)",0.8,32.04156500947953,22,2,68.08313001895905
14,"(2,1)",0.8,23.701449471655774,14,2,51.40289894331155
15,"(2,1)",0.8,28.196771758673815,22,2,60.39354351734763
16,"(2,1)",0.8,35.4183847278116,10,2,74.8367694556232
17,"(2,1)",0.8,32.91318929436811,23,2,69.82637858873622
18,"(2,1)",0.8,26.66393843363617,17,2,57.32787686727234
19,"(2,1)",0.8,96.30195689373087,42,2,196.60391378746175
20,"(2,1)",0.8,39.53553528981483,23,2,83.07107057962966
1,"(2,1)",0.9,18.13374990933044,17,2,40.26749981866088
2,"(2,1)",0.9,53.37669406372306,9,2,110.75338812744612
3,"(2,1)",0.9,55.911473543551736,17,2,115.82294708710347
4,"(2,1)",0.9,23.505776173724637,13,2,51.011552347449275
5,"(2,1)",0.9,20.938625811680335,16,2,45.87725162336067
6,"(2,1)",0.9,30.75743420244229,24,2,65.51486840488458
7,"(2,1)",0.9,70.9560928791135,15,2,145.912185758227
8,"(2,1)",0.9,34.76996443969145,26,2,73.5399288793829
9,"(2,1)",0.9,114.81240219995072,13,2,233.62480439990145
10,"(2,1)",0.9,40.67239434843726,28,2,85.34478869687452
11,"(2,1)",0.9,16.711870164777945,12,2,37.42374032955589
12,"(2,1)",0.9,17.24135924730986,10,2,38.48271849461972
13,"(2,1)",0.9,30.508474890978885,22,2,65.01694978195778
14,"(2,1)",0.9,24.276364977354017,14,2,52.552729954708035
15,"(2,1)",0.9,28.113053093169604,22,2,60.22610618633921
16,"(2,1)",0.9,16.642877293290994,10,2,37.28575458658199
17,"(2,1)",0.9,35.768891997440306,23,2,75.53778399488061
18,"(2,1)",0.9,22.361706974168804,17,2,48.72341394833761
19,"(2,1)",0.9,74.17425592623647,42,2,152.34851185247294
20,"(2,1)",0.9,37.10927080547314,23,2,78.21854161094628
1,"(3,1)",0.1,25.63980729736391,17,1,53.27961459472782
2,"(3,1)",0.1,19.837456745798278,9,1,41.674913491596556
3,"(3,1)",0.1,32.99240731695625,17,1,67.9848146339125
4,"(3,1)",0.1,43.55841210379186,13,1,89.11682420758372
5,"(3,1)",0.1,16.522959469839115,16,1,35.04591893967823
6,"(3,1)",0.1,40.71805492659264,24,1,83.43610985318529
7,"(3,1)",0.1,68.53894719428153,15,1,139.07789438856307
8,"(3,1)",0.1,55.30916594469672,26,1,112.61833188939345
9,"(3,1)",0.1,113.42226906252367,13,1,228.84453812504734
10,"(3,1)",0.1,62.085987680279736,28,1,126.17197536055947
11,"(3,1)",0.1,14.189759026265758,12,1,30.379518052531516
12,"(3,1)",0.1,11.76923558536739,10,1,25.53847117073478
13,"(3,1)",0.1,35.74245291952873,22,1,73.48490583905746
14,"(3,1)",0.1,12.979403084332919,14,1,27.958806168665838
15,"(3,1)",0.1,36.98156001978765,22,1,75.9631200395753
16,"(3,1)",0.1,14.238241450780508,10,1,30.476482901561017
17,"(3,1)",0.1,43.012150670523106,23,1,88.02430134104621
18,"(3,1)",0.1,30.579586309618566,17,1,63.15917261923713
19,"(3,1)",0.1,223.7358169112973,42,1,449.4716338225946
20,"(3,1)",0.1,73.55053831693724,23,1,149.10107663387447
1,"(3,1)",0.2,19.907622488159525,17,2,43.81524497631905
2,"(3,1)",0.2,13.475409553292984,9,2,30.950819106585968
3,"(3,1)",0.2,25.378531648526806,17,2,54.75706329705361
4,"(3,1)",0.2,17.894405613171628,13,2,39.788811226343256
5,"(3,1)",0.2,15.19035753740481,16,2,34.380715074809615
6,"(3,1)",0.2,62.188097900669746,24,2,128.3761958013395
7,"(3,1)",0.2,21.839372774319123,15,2,47.67874554863825
8,"(3,1)",0.2,39.841594285283776,26,2,83.68318857056755
9,"(3,1)",0.2,29.641523465642152,13,2,63.283046931284304
10,"(3,1)",0.2,44.02988740840164,28,2,92.05977481680328
11,"(3,1)",0.2,11.700309829306102,12,2,27.400619658612204
12,"(3,1)",0.2,11.819197945193256,10,2,27.638395890386512
13,"(3,1)",0.2,29.983933996641543,22,2,63.967867993283086
14,"(3,1)",0.2,13.779889604477972,14,2,31.559779208955945
15,"(3,1)",0.2,41.02914527400892,22,2,86.05829054801784
16,"(3,1)",0.2,12.244625491516391,10,2,28.489250983032782
17,"(3,1)",0.2,50.91025762217494,23,2,105.82051524434988
18,"(3,1)",0.2,19.262874570737168,17,2,42.525749141474336
19,"(3,1)",0.2,242.2839263989055,42,2,488.567852797811
20,"(3,1)",0.2,35.22236508861123,23,2,74.44473017722245
1,"(3,1)",0.3,17.406130074191083,17,2,38.812260148382165
2,"(3,1)",0.3,12.771345649217583,9,2,29.542691298435166
3,"(3,1)",0.3,23.906782853871224,17,2,51.81356570774245
4,"(3,1)",0.3,15.82298929002902,13,2,35.64597858005804
5,"(3,1)",0.3,20.10500737265704,16,2,44.21001474531408
6,"(3,1)",0.3,38.85652225293955,24,2,81.7130445058791
7,"(3,1)",0.3,19.86267856862929,15,2,43.72535713725858
8,"(3,1)",0.3,36.65813011826954,26,2,77.31626023653908
9,"(3,1)",0.3,25.812694020333474,13,2,55.62538804066695
10,"(3,1)",0.3,47.4476018558343,28,2,98.8952037116686
11,"(3,1)",0.3,11.689979510055009,12,2,27.379959020110018
12,"(3,1)",0.3,14.780467473725732,10,2,33.560934947451464
13,"(3,1)",0.3,35.069874559245385,22,2,74.13974911849077
14,"(3,1)",0.3,17.95754526442635,14,2,39.9150905288527
15,"(3,1)",0.3,35.91424068937254,22,2,75.82848137874508
16,"(3,1)",0.3,12.466518622081374,10,2,28.933037244162747
17,"(3,1)",0.3,52.376902896574904,23,2,108.75380579314981
18,"(3,1)",0.3,17.801534523918377,17,2,39.603069047836755
19,"(3,1)",0.3,100.68514844025295,42,2,205.3702968805059
20,"(3,1)",0.3,30.964402027391206,23,2,65.9288040547824
1,"(3,1)",0.4,19.740425521482237,17,2,43.480851042964474
2,"(3,1)",0.4,12.989056502482018,9,2,29.978113004964037
3,"(3,1)",0.4,23.118623470166163,17,2,50.23724694033233
4,"(3,1)",0.4,15.174079818500202,13,2,34.34815963700041
5,"(3,1)",0.4,20.435763517892514,16,2,44.87152703578503
6,"(3,1)",0.4,41.415479909712964,24,2,86.83095981942593
7,"(3,1)",0.4,21.470099289322192,15,2,46.940198578644384
8,"(3,1)",0.4,33.303534402882214,26,2,70.60706880576443
9,"(3,1)",0.4,45.812574804847735,13,2,95.62514960969547
10,"(3,1)",0.4,44.420215048912596,28,2,92.84043009782519
11,"(3,1)",0.4,12.868156731227755,12,2,29.73631346245551
12,"(3,1)",0.4,16.127588915338283,10,2,36.255177830676566
13,"(3,1)",0.4,34.09450081228476,22,2,72.18900162456951
14,"(3,1)",0.4,20.514060205117687,14,2,45.028120410235374
15,"(3,1)",0.4,36.290012300424685,22,2,76.58002460084937
16,"(3,1)",0.4,13.895273018190792,10,2,31.790546036381585
17,"(3,1)",0.4,50.505384058600754,23,2,105.01076811720151
18,"(3,1)",0.4,16.518126208162514,17,2,37.03625241632503
19,"(3,1)",0.4,127.66812010190054,42,2,259.3362402038011
20,"(3,1)",0.4,26.791502164467566,23,2,57.58300432893513
1,"(3,1)",0.5,19.31384604728333,17,2,42.62769209456666
2,"(3,1)",0.5,13.038023228971078,9,2,30.076046457942155
3,"(3,1)",0.5,28.877818276163556,17,2,61.75563655232711
4,"(3,1)",0.5,16.396318979842395,13,2,36.79263795968479
5,"(3,1)",0.5,23.418841224925217,16,2,50.83768244985043
6,"(3,1)",0.5,34.33442430105621,24,2,72.66884860211242
7,"(3,1)",0.5,25.997856488129038,15,2,55.995712976258076
8,"(3,1)",0.5,38.705025460946906,26,2,81.41005092189381
9,"(3,1)",0.5,46.88189928512976,13,2,97.76379857025952
10,"(3,1)",0.5,45.399118452321076,28,2,94.79823690464215
11,"(3,1)",0.5,15.310452237340584,12,2,34.62090447468117
12,"(3,1)",0.5,16.118085462210228,10,2,36.236170924420456
13,"(3,1)",0.5,34.605440573025206,22,2,73.21088114605041
14,"(3,1)",0.5,23.087492205820944,14,2,50.17498441164189
15,"(3,1)",0.5,33.84395008254711,22,2,71.68790016509422
16,"(3,1)",0.5,14.065030675703586,10,2,32.13006135140717
17,"(3,1)",0.5,42.110376947195604,23,2,88.22075389439121
18,"(3,1)",0.5,20.18149642300988,17,2,44.36299284601976
19,"(3,1)",0.5,79.10876421937893,42,2,162.21752843875785
20,"(3,1)",0.5,32.425238082082615,23,2,68.85047616416523
1,"(3,1)",0.6,18.640357669543352,17,2,41.280715339086704
2,"(3,1)",0.6,32.91061478996244,9,2,69.82122957992487
3,"(3,1)",0.6,29.418132497981368,17,2,62.836264995962736
4,"(3,1)",0.6,17.763402332522144,13,2,39.52680466504429
5,"(3,1)",0.6,24.41503452632397,16,2,52.83006905264794
6,"(3,1)",0.6,34.41862462271079,24,2,72.83724924542157
7,"(3,1)",0.6,23.268899399395377,15,2,50.53779879879075
8,"(3,1)",0.6,41.38847248085186,26,2,86.77694496170372
9,"(3,1)",0.6,48.41621011943581,13,2,100.83242023887162
10,"(3,1)",0.6,51.23983736995011,28,2,106.47967473990022
11,"(3,1)",0.6,35.430504657296865,12,2,74.86100931459373
12,"(3,1)",0.6,37.35691828604662,10,2,78.71383657209324
13,"(3,1)",0.6,40.42501727141972,22,2,84.85003454283944
14,"(3,1)",0.6,24.217618209756324,14,2,52.43523641951265
15,"(3,1)",0.6,34.64534386030475,22,2,73.2906877206095
16,"(3,1)",0.6,34.070527604494345,10,2,72.14105520898869
17,"(3,1)",0.6,50.66679715436379,23,2,105.33359430872758
18,"(3,1)",0.6,18.680380587122674,17,2,41.36076117424535
19,"(3,1)",0.6,80.33081360231982,42,2,164.66162720463964
20,"(3,1)",0.6,35.94728444556932,23,2,75.89456889113865
1,"(3,1)",0.7,20.74210984369392,17,2,45.48421968738784
2,"(3,1)",0.7,15.489540671056666,9,2,34.97908134211333
3,"(3,1)",0.7,30.315668178948595,17,2,64.6313363578972
4,"(3,1)",0.7,19.35065135097776,13,2,42.70130270195552
5,"(3,1)",0.7,22.370483081600433,16,2,48.740966163200866
6,"(3,1)",0.7,34.43632661860043,24,2,72.87265323720086
7,"(3,1)",0.7,26.431360436750253,15,2,56.86272087350051
8,"(3,1)",0.7,38.07099524667486,26,2,80.14199049334972
9,"(3,1)",0.7,50.33286294447114,13,2,104.66572588894228
10,"(3,1)",0.7,44.959286593980515,28,2,93.91857318796103
11,"(3,1)",0.7,17.266853712189064,12,2,38.53370742437813
12,"(3,1)",0.7,18.16657150479628,10,2,40.33314300959256
13,"(3,1)",0.7,34.589780538574914,22,2,73.17956107714983
14,"(3,1)",0.7,24.037561903699544,14,2,52.07512380739909
15,"(3,1)",0.7,33.76516131970575,22,2,71.5303226394115
16,"(3,1)",0.7,16.735825381105553,10,2,37.471650762211105
17,"(3,1)",0.7,41.91476138311623,23,2,87.82952276623246
18,"(3,1)",0.7,20.47967038842975,17,2,44.9593407768595
19,"(3,1)",0.7,72.37843752088956,42,2,148.75687504177913
20,"(3,1)",0.7,34.0960176631869,23,2,72.1920353263738
1,"(3,1)",0.8,20.015302491315843,17,2,44.03060498263169
2,"(3,1)",0.8,15.687596484559002,9,2,35.375192969118004
3,"(3,1)",0.8,34.06824333763395,17,2,72.1364866752679
4,"(3,1)",0.8,20.793762714531727,13,2,45.587525429063454
5,"(3,1)",0.8,23.702461150410834,16,2,51.40492230082167
6,"(3,1)",0.8,34.71040923010663,24,2,73.42081846021325
7,"(3,1)",0.8,30.622559374466267,15,2,65.24511874893253
8,"(3,1)",0.8,34.222568617134975,26,2,72.44513723426995
9,"(3,1)",0.8,29.989835114710207,13,2,63.979670229420414
10,"(3,1)",0.8,36.346522725357225,28,2,76.69304545071445
11,"(3,1)",0.8,16.232589050817147,12,2,36.465178101634294
12,"(3,1)",0.8,16.48312237411497,10,2,36.96624474822994
13,"(3,1)",0.8,29.907932531432564,22,2,63.81586506286513
14,"(3,1)",0.8,22.89821832757279,14,2,49.79643665514558
15,"(3,1)",0.8,28.33659988306788,22,2,60.67319976613576
16,"(3,1)",0.8,15.595383544169257,10,2,35.19076708833852
17,"(3,1)",0.8,38.409414328353726,23,2,80.81882865670745
18,"(3,1)",0.8,24.447434478684706,17,2,52.89486895736941
19,"(3,1)",0.8,83.6832485368334,42,2,171.3664970736668
20,"(3,1)",0.8,37.085018223126625,23,2,78.17003644625325
1,"(3,1)",0.9,20.66199383842614,17,2,45.32398767685228
2,"(3,1)",0.9,34.78844526695935,9,2,73.5768905339187
3,"(3,1)",0.9,37.688104574781114,17,2,79.37620914956223
4,"(3,1)",0.9,22.66759473472162,13,2,49.33518946944324
5,"(3,1)",0.9,21.40344375069523,16,2,46.80688750139046
6,"(3,1)",0.9,28.85209798454309,24,2,61.70419596908618
7,"(3,1)",0.9,51.94505597150167,15,2,107.89011194300333
8,"(3,1)",0.9,39.849281983148494,26,2,83.69856396629699
9,"(3,1)",0.9,93.58389553599385,13,2,191.1677910719877
10,"(3,1)",0.9,40.83081354119992,28,2,85.66162708239985
11,"(3,1)",0.9,17.522223740686115,12,2,39.04444748137223
12,"(3,1)",0.9,16.08891541479805,10,2,36.1778308295961
13,"(3,1)",0.9,29.030860969506683,22,2,62.06172193901337
14,"(3,1)",0.9,24.22583005982977,14,2,52.45166011965954
15,"(3,1)",0.9,26.905476177360512,22,2,57.810952354721024
16,"(3,1)",0.9,16.494380522906212,10,2,36.988761045812424
17,"(3,1)",0.9,31.8335537131364,23,2,67.66710742627279
18,"(3,1)",0.9,24.95404703773892,17,2,53.90809407547784
19,"(3,1)",0.9,72.55215427348095,42,2,149.1043085469619
20,"(3,1)",0.9,39.800209286959365,23,2,83.60041857391873
1,"(4,1)",0.1,26.139620311600435,17,1,54.27924062320087
2,"(4,1)",0.1,13.942217291641699,9,1,29.884434583283397
3,"(4,1)",0.1,27.429573276385476,17,1,56.85914655277095
4,"(4,1)",0.1,18.176971584956142,13,1,38.353943169912284
5,"(4,1)",0.1,16.83876113579383,16,1,35.67752227158766
6,"(4,1)",0.1,92.10288109314327,24,1,186.20576218628653
7,"(4,1)",0.1,25.253476343186687,15,1,52.506952686373374
8,"(4,1)",0.1,97.33047589069805,26,1,196.6609517813961
9,"(4,1)",0.1,70.5062704268285,13,1,143.012540853657
10,"(4,1)",0.1,102.03744379789306,28,1,206.07488759578612
11,"(4,1)",0.1,12.17072453177925,12,1,26.3414490635585
12,"(4,1)",0.1,8.55196983733453,10,1,19.10393967466906
13,"(4,1)",0.1,39.33117255889955,22,1,80.6623451177991
14,"(4,1)",0.1,12.413392941717582,14,1,26.826785883435164
15,"(4,1)",0.1,46.569916737803,22,1,95.139833475606
16,"(4,1)",0.1,10.105486959849033,10,1,22.210973919698066
17,"(4,1)",0.1,55.63417739037057,23,1,113.26835478074113
18,"(4,1)",0.1,45.97027764036896,17,1,93.94055528073793
19,"(4,1)",0.1,458.2021229234445,42,1,918.404245846889
20,"(4,1)",0.1,89.66112866118216,23,1,181.32225732236432
1,"(4,1)",0.2,18.62107273477125,17,2,41.2421454695425
2,"(4,1)",0.2,13.883306654443635,9,2,31.76661330888727
3,"(4,1)",0.2,24.105680242668875,17,2,52.21136048533775
4,"(4,1)",0.2,17.819997106555412,13,2,39.639994213110825
5,"(4,1)",0.2,16.42003442584433,16,2,36.84006885168866
6,"(4,1)",0.2,41.98786451836407,24,2,87.97572903672814
7,"(4,1)",0.2,23.554449204267843,15,2,51.10889840853569
8,"(4,1)",0.2,35.406078467630344,26,2,74.81215693526069
9,"(4,1)",0.2,27.990846978802576,13,2,59.98169395760515
10,"(4,1)",0.2,45.08707659184494,28,2,94.17415318368988
11,"(4,1)",0.2,12.05450229759974,12,2,28.10900459519948
12,"(4,1)",0.2,10.94858855011346,10,2,25.89717710022692
13,"(4,1)",0.2,31.512735648533905,22,2,67.02547129706781
14,"(4,1)",0.2,14.864957931881678,14,2,33.72991586376335
15,"(4,1)",0.2,36.600189838534426,22,2,77.20037967706885
16,"(4,1)",0.2,10.981721484965895,10,2,25.96344296993179
17,"(4,1)",0.2,47.74099031927899,23,2,99.48198063855799
18,"(4,1)",0.2,19.82868025459352,17,2,43.65736050918704
19,"(4,1)",0.2,408.4282300732074,42,2,820.8564601464147
20,"(4,1)",0.2,33.38375407497887,23,2,70.76750814995773
1,"(4,1)",0.3,18.40583725557129,17,2,40.81167451114258
2,"(4,1)",0.3,10.956042639376589,9,2,25.912085278753178
3,"(4,1)",0.3,23.22067221376873,17,2,50.44134442753746
4,"(4,1)",0.3,15.516128011270967,13,2,35.03225602254193
5,"(4,1)",0.3,20.41826947856874,16,2,44.83653895713748
6,"(4,1)",0.3,43.840659580325095,24,2,91.68131916065019
7,"(4,1)",0.3,20.46340156331916,15,2,44.92680312663832
8,"(4,1)",0.3,34.30963391113675,26,2,72.6192678222735
9,"(4,1)",0.3,22.809655313678487,13,2,49.619310627356974
10,"(4,1)",0.3,47.500783899049594,28,2,99.00156779809919
11,"(4,1)",0.3,11.503291730372545,12,2,27.00658346074509
12,"(4,1)",0.3,14.029611599082694,10,2,32.059223198165384
13,"(4,1)",0.3,38.492728504113394,22,2,80.98545700822679
14,"(4,1)",0.3,20.269074547233906,14,2,44.53814909446781
15,"(4,1)",0.3,42.51611158939518,22,2,89.03222317879036
16,"(4,1)",0.3,11.25851921110385,10,2,26.5170384222077
17,"(4,1)",0.3,154.59451113483573,23,2,313.18902226967145
18,"(4,1)",0.3,16.086182874041896,17,2,36.17236574808379
19,"(4,1)",0.3,108.73213148221602,42,2,221.46426296443204
20,"(4,1)",0.3,28.946220009613075,23,2,61.89244001922615
1,"(4,1)",0.4,19.747824849411003,17,2,43.49564969882201
2,"(4,1)",0.4,11.813811687870075,9,2,27.62762337574015
3,"(4,1)",0.4,23.055353271687853,17,2,50.110706543375706
4,"(4,1)",0.4,14.706582396835469,13,2,33.41316479367094
5,"(4,1)",0.4,22.59835130142808,16,2,49.19670260285616
6,"(4,1)",0.4,47.209862956093644,24,2,98.41972591218729
7,"(4,1)",0.4,20.46076236387298,15,2,44.92152472774596
8,"(4,1)",0.4,34.511231137638426,26,2,73.02246227527685
9,"(4,1)",0.4,23.06708912461198,13,2,50.13417824922396
10,"(4,1)",0.4,51.55073074187593,28,2,107.10146148375186
11,"(4,1)",0.4,13.076302039678893,12,2,30.152604079357786
12,"(4,1)",0.4,15.720020852352782,10,2,35.440041704705564
13,"(4,1)",0.4,41.03934984219422,22,2,86.07869968438844
14,"(4,1)",0.4,22.145793539427682,14,2,48.291587078855365
15,"(4,1)",0.4,41.52881805919201,22,2,87.05763611838402
16,"(4,1)",0.4,12.516649214020546,10,2,29.033298428041093
17,"(4,1)",0.4,59.54863846832502,23,2,123.09727693665003
18,"(4,1)",0.4,16.326705968586428,17,2,36.653411937172855
19,"(4,1)",0.4,211.80931392283009,42,2,427.61862784566017
20,"(4,1)",0.4,28.632746946542873,23,2,61.26549389308575
1,"(4,1)",0.5,20.07341175616396,17,2,44.14682351232792
2,"(4,1)",0.5,14.19507987515247,9,2,32.39015975030494
3,"(4,1)",0.5,26.895245825729674,17,2,57.79049165145935
4,"(4,1)",0.5,17.022035738620687,13,2,38.044071477241374
5,"(4,1)",0.5,23.239252097960275,16,2,50.47850419592055
6,"(4,1)",0.5,39.379651047500055,24,2,82.75930209500011
7,"(4,1)",0.5,22.304016685849035,15,2,48.60803337169807
8,"(4,1)",0.5,37.251857224841686,26,2,78.50371444968337
9,"(4,1)",0.5,45.24910236142767,13,2,94.49820472285533
10,"(4,1)",0.5,47.33881093660146,28,2,98.67762187320292
11,"(4,1)",0.5,15.57224242466834,12,2,35.14448484933668
12,"(4,1)",0.5,17.3358310169297,10,2,38.6716620338594
13,"(4,1)",0.5,35.78202391495033,22,2,75.56404782990066
14,"(4,1)",0.5,22.67141005680324,14,2,49.34282011360648
15,"(4,1)",0.5,35.3344346889915,22,2,74.668869377983
16,"(4,1)",0.5,15.340730623683616,10,2,34.68146124736723
17,"(4,1)",0.5,46.126706362958934,23,2,96.25341272591787
18,"(4,1)",0.5,18.991157107199847,17,2,41.98231421439969
19,"(4,1)",0.5,91.40319833291983,42,2,186.80639666583966
20,"(4,1)",0.5,30.53034986168132,23,2,65.06069972336263
1,"(4,1)",0.6,18.879716260773556,17,2,41.75943252154711
2,"(4,1)",0.6,14.39958371647414,9,2,32.79916743294828
3,"(4,1)",0.6,27.979788162245423,17,2,59.95957632449085
4,"(4,1)",0.6,17.61667541954884,13,2,39.23335083909768
5,"(4,1)",0.6,23.43449908244977,16,2,50.86899816489954
6,"(4,1)",0.6,38.91680893921772,24,2,81.83361787843543
7,"(4,1)",0.6,24.42912051872665,15,2,52.8582410374533
8,"(4,1)",0.6,35.96325072128122,26,2,75.92650144256244
9,"(4,1)",0.6,28.03788781831123,13,2,60.07577563662246
10,"(4,1)",0.6,50.09174917381725,28,2,104.1834983476345
11,"(4,1)",0.6,14.73538708592779,12,2,33.47077417185558
12,"(4,1)",0.6,18.731885313846337,10,2,41.463770627692675
13,"(4,1)",0.6,41.127872582121256,22,2,86.25574516424251
14,"(4,1)",0.6,24.679696632984168,14,2,53.359393265968336
15,"(4,1)",0.6,40.56465828500431,22,2,85.12931657000863
16,"(4,1)",0.6,15.130017236722033,10,2,34.260034473444065
17,"(4,1)",0.6,58.306870920083234,23,2,120.61374184016647
18,"(4,1)",0.6,17.649426148130246,17,2,39.29885229626049
19,"(4,1)",0.6,85.28366834441226,42,2,174.56733668882453
20,"(4,1)",0.6,29.918387882209352,23,2,63.836775764418704
1,"(4,1)",0.7,20.01942418487743,17,2,44.03884836975486
2,"(4,1)",0.7,14.997961170175763,9,2,33.99592234035153
3,"(4,1)",0.7,35.23977694385094,17,2,74.47955388770188
4,"(4,1)",0.7,20.077602343973656,13,2,44.15520468794731
5,"(4,1)",0.7,22.332603870763403,16,2,48.66520774152681
6,"(4,1)",0.7,31.82250814435531,24,2,67.64501628871062
7,"(4,1)",0.7,30.26485806964043,15,2,64.52971613928085
8,"(4,1)",0.7,37.97628778214538,26,2,79.95257556429075
9,"(4,1)",0.7,34.53730643583011,13,2,73.07461287166022
10,"(4,1)",0.7,38.98291562618541,28,2,81.96583125237082
11,"(4,1)",0.7,16.971811082165935,12,2,37.94362216433187
12,"(4,1)",0.7,16.468720010974078,10,2,36.937440021948156
13,"(4,1)",0.7,30.052839729005456,22,2,64.10567945801091
14,"(4,1)",0.7,24.69857265166507,14,2,53.39714530333014
15,"(4,1)",0.7,30.301449049355334,22,2,64.60289809871067
16,"(4,1)",0.7,15.573877822507406,10,2,35.14775564501481
17,"(4,1)",0.7,38.75516031972704,23,2,81.51032063945408
18,"(4,1)",0.7,21.63528580020555,17,2,47.2705716004111
19,"(4,1)",0.7,78.04227913373539,42,2,160.08455826747078
20,"(4,1)",0.7,35.84888835764013,23,2,75.69777671528026
1,"(4,1)",0.8,17.98011079870217,17,2,39.96022159740434
2,"(4,1)",0.8,53.742667702299,9,2,111.485335404598
3,"(4,1)",0.8,57.88928417524928,17,2,119.77856835049856
4,"(4,1)",0.8,25.799046785955724,13,2,55.59809357191145
5,"(4,1)",0.8,21.723782979615052,16,2,47.447565959230104
6,"(4,1)",0.8,31.695092979905674,24,2,67.39018595981135
7,"(4,1)",0.8,34.76092579863341,15,2,73.52185159726682
8,"(4,1)",0.8,33.56422935506032,26,2,71.12845871012064
9,"(4,1)",0.8,96.35610864209472,13,2,196.71221728418945
10,"(4,1)",0.8,38.41095769201124,28,2,80.82191538402247
11,"(4,1)",0.8,17.610958081823767,12,2,39.221916163647535
12,"(4,1)",0.8,37.321084727772316,10,2,78.64216945554463
13,"(4,1)",0.8,28.880105788887075,22,2,61.76021157777415
14,"(4,1)",0.8,26.968466120476034,14,2,57.93693224095207
15,"(4,1)",0.8,28.83070789716136,22,2,61.66141579432272
16,"(4,1)",0.8,36.11068103311609,10,2,76.22136206623217
17,"(4,1)",0.8,35.37194690460785,23,2,74.7438938092157
18,"(4,1)",0.8,21.117294559214507,17,2,46.234589118429014
19,"(4,1)",0.8,75.93636446447006,42,2,155.87272892894012
20,"(4,1)",0.8,37.24162179564503,23,2,78.48324359129006
1,"(4,1)",0.9,19.975610673758123,17,2,43.951221347516245
2,"(4,1)",0.9,17.11708718009813,9,2,38.23417436019626
3,"(4,1)",0.9,36.49199180392721,17,2,76.98398360785443
4,"(4,1)",0.9,22.586971122883767,13,2,49.173942245767535
5,"(4,1)",0.9,21.464087497009334,16,2,46.92817499401867
6,"(4,1)",0.9,29.106300251583534,24,2,62.21260050316707
7,"(4,1)",0.9,32.61829204692978,15,2,69.23658409385956
8,"(4,1)",0.9,37.830041830926774,26,2,79.66008366185355
9,"(4,1)",0.9,55.723834521021985,13,2,115.44766904204397
10,"(4,1)",0.9,39.95740300557075,28,2,83.9148060111415
11,"(4,1)",0.9,16.167094541476022,12,2,36.334189082952044
12,"(4,1)",0.9,16.869251016193555,10,2,37.73850203238711
13,"(4,1)",0.9,30.631336227397828,22,2,65.26267245479565
14,"(4,1)",0.9,22.292964531571066,14,2,48.58592906314213
15,"(4,1)",0.9,25.33519514027239,22,2,54.67039028054478
16,"(4,1)",0.9,16.715100336366294,10,2,37.43020067273259
17,"(4,1)",0.9,33.2367249995114,23,2,70.4734499990228
18,"(4,1)",0.9,25.028610908864486,17,2,54.05722181772897
19,"(4,1)",0.9,79.44782219941816,42,2,162.8956443988363
20,"(4,1)",0.9,41.686420998423166,23,2,87.37284199684633
1,"(5,1)",0.1,24.26776001037089,17,1,50.53552002074178
2,"(5,1)",0.1,13.622848647376086,9,1,29.245697294752173
3,"(5,1)",0.1,27.4770562561535,17,1,56.954112512307
4,"(5,1)",0.1,18.91405191259118,13,1,39.82810382518236
5,"(5,1)",0.1,19.194388011541623,16,1,40.388776023083246
6,"(5,1)",0.1,48.52429210025619,24,1,99.04858420051238
7,"(5,1)",0.1,45.22591797023748,15,1,92.45183594047496
8,"(5,1)",0.1,49.655029048948855,26,1,101.31005809789771
9,"(5,1)",0.1,69.66847126251797,13,1,141.33694252503594
10,"(5,1)",0.1,62.20746715582629,28,1,126.41493431165259
11,"(5,1)",0.1,11.514837148997465,12,1,25.02967429799493
12,"(5,1)",0.1,7.695255247551075,10,1,17.39051049510215
13,"(5,1)",0.1,39.68601095932155,22,1,81.3720219186431
14,"(5,1)",0.1,13.628320998212176,14,1,29.256641996424353
15,"(5,1)",0.1,40.816638577421664,22,1,83.63327715484333
16,"(5,1)",0.1,8.932325047179765,10,1,19.86465009435953
17,"(5,1)",0.1,113.8054436120018,23,1,229.6108872240036
18,"(5,1)",0.1,28.979213248701594,17,1,59.95842649740319
19,"(5,1)",0.1,531.1756167923339,42,1,1064.3512335846679
20,"(5,1)",0.1,48.092550740831065,23,1,98.18510148166213
1,"(5,1)",0.2,20.0099565931857,17,2,44.0199131863714
2,"(5,1)",0.2,11.822641296091348,9,2,27.645282592182696
3,"(5,1)",0.2,22.92932823042362,17,2,49.85865646084724
4,"(5,1)",0.2,14.857182672387747,13,2,33.714365344775494
5,"(5,1)",0.2,17.243818579635235,16,2,38.48763715927047
6,"(5,1)",0.2,47.99932403614473,24,2,99.99864807228946
7,"(5,1)",0.2,20.765301443410966,15,2,45.53060288682193
8,"(5,1)",0.2,37.14736266909573,26,2,78.29472533819145
9,"(5,1)",0.2,47.6397495823342,13,2,99.2794991646684
10,"(5,1)",0.2,49.40415330506447,28,2,102.80830661012894
11,"(5,1)",0.2,10.32117930481236,12,2,24.64235860962472
12,"(5,1)",0.2,10.479271246558113,10,2,24.958542493116227
13,"(5,1)",0.2,36.618396609024764,22,2,77.23679321804953
14,"(5,1)",0.2,15.356823454522706,14,2,34.71364690904541
15,"(5,1)",0.2,41.839103372867875,22,2,87.67820674573575
16,"(5,1)",0.2,9.79381312566599,10,2,23.58762625133198
17,"(5,1)",0.2,113.94904609835486,23,2,231.8980921967097
18,"(5,1)",0.2,18.46259110939398,17,2,40.92518221878796
19,"(5,1)",0.2,263.09695522729487,42,2,530.1939104545897
20,"(5,1)",0.2,32.38152533468112,23,2,68.76305066936224
1,"(5,1)",0.3,18.387473969194666,17,2,40.77494793838933
2,"(5,1)",0.3,12.64844948819955,9,2,29.2968989763991
3,"(5,1)",0.3,24.502610279795555,17,2,53.00522055959111
4,"(5,1)",0.3,15.941669805168718,13,2,35.88333961033744
5,"(5,1)",0.3,19.158859813212555,16,2,42.31771962642511
6,"(5,1)",0.3,41.799876627009816,24,2,87.59975325401963
7,"(5,1)",0.3,21.654717994218004,15,2,47.30943598843601
8,"(5,1)",0.3,35.95786929057356,26,2,75.91573858114712
9,"(5,1)",0.3,27.34750745710995,13,2,58.6950149142199
10,"(5,1)",0.3,43.993635406649624,28,2,91.98727081329925
11,"(5,1)",0.3,12.002760363983654,12,2,28.00552072796731
12,"(5,1)",0.3,13.696621922892225,10,2,31.39324384578445
13,"(5,1)",0.3,32.24982800994019,22,2,68.49965601988038
14,"(5,1)",0.3,17.85629749400767,14,2,39.71259498801534
15,"(5,1)",0.3,37.79226253789804,22,2,79.58452507579608
16,"(5,1)",0.3,11.970596432206515,10,2,27.94119286441303
17,"(5,1)",0.3,48.38453114690942,23,2,100.76906229381883
18,"(5,1)",0.3,17.240479922777077,17,2,38.48095984555415
19,"(5,1)",0.3,177.40308334636143,42,2,358.80616669272285
20,"(5,1)",0.3,30.70872934297067,23,2,65.41745868594134
1,"(5,1)",0.4,21.658229465594065,17,2,47.31645893118813
2,"(5,1)",0.4,12.971488754540406,9,2,29.942977509080812
3,"(5,1)",0.4,23.24824161014656,17,2,50.49648322029312
4,"(5,1)",0.4,13.97971884910324,13,2,31.95943769820648
5,"(5,1)",0.4,22.762978807633523,16,2,49.525957615267046
6,"(5,1)",0.4,43.31991151572094,24,2,90.63982303144188
7,"(5,1)",0.4,18.957922991673023,15,2,41.915845983346046
8,"(5,1)",0.4,37.58105077118586,26,2,79.16210154237172
9,"(5,1)",0.4,22.1192493863568,13,2,48.2384987727136
10,"(5,1)",0.4,45.85692493947022,28,2,95.71384987894044
11,"(5,1)",0.4,13.99714763254876,12,2,31.99429526509752
12,"(5,1)",0.4,15.580507356092259,10,2,35.16101471218452
13,"(5,1)",0.4,34.81471379391416,22,2,73.62942758782832
14,"(5,1)",0.4,20.308212972496936,14,2,44.61642594499387
15,"(5,1)",0.4,37.35095210804398,22,2,78.70190421608795
16,"(5,1)",0.4,13.807013234841495,10,2,31.61402646968299
17,"(5,1)",0.4,49.05739407803457,23,2,102.11478815606914
18,"(5,1)",0.4,19.293008824760395,17,2,42.58601764952079
19,"(5,1)",0.4,126.5487023239625,42,2,257.09740464792503
20,"(5,1)",0.4,28.754336072854528,23,2,61.508672145709056
1,"(5,1)",0.5,20.40103224600223,17,2,44.80206449200446
2,"(5,1)",0.5,13.550715001023548,9,2,31.101430002047096
3,"(5,1)",0.5,24.4963333324357,17,2,52.9926666648714
4,"(5,1)",0.5,16.17922244150697,13,2,36.35844488301394
5,"(5,1)",0.5,21.605933085922103,16,2,47.21186617184421
6,"(5,1)",0.5,39.20345923816765,24,2,82.4069184763353
7,"(5,1)",0.5,20.20839391834498,15,2,44.41678783668996
8,"(5,1)",0.5,36.36143651437359,26,2,76.72287302874717
9,"(5,1)",0.5,26.80356756011321,13,2,57.60713512022642
10,"(5,1)",0.5,46.19445456951667,28,2,96.38890913903334
11,"(5,1)",0.5,15.665715319489024,12,2,35.33143063897805
12,"(5,1)",0.5,17.199472444596456,10,2,38.39894488919291
13,"(5,1)",0.5,34.581206034551684,22,2,73.16241206910337
14,"(5,1)",0.5,22.368573013010653,14,2,48.73714602602131
15,"(5,1)",0.5,36.00849387265816,22,2,76.01698774531631
16,"(5,1)",0.5,15.482833605836507,10,2,34.965667211673015
17,"(5,1)",0.5,45.662690905010486,23,2,95.32538181002097
18,"(5,1)",0.5,17.749174694239837,17,2,39.498349388479674
19,"(5,1)",0.5,136.19686701059848,42,2,276.39373402119696
20,"(5,1)",0.5,28.27423066359451,23,2,60.54846132718902
1,"(5,1)",0.6,20.388152641960446,17,2,44.77630528392089
2,"(5,1)",0.6,13.068081118776243,9,2,30.136162237552487
3,"(5,1)",0.6,28.305762043971747,17,2,60.611524087943494
4,"(5,1)",0.6,16.367870670079594,13,2,36.73574134015919
5,"(5,1)",0.6,23.549568640175487,16,2,51.09913728035097
6,"(5,1)",0.6,37.244101003240694,24,2,78.48820200648139
7,"(5,1)",0.6,23.979972696630902,15,2,51.959945393261805
8,"(5,1)",0.6,34.4528640923802,26,2,72.9057281847604
9,"(5,1)",0.6,27.14010213469444,13,2,58.28020426938888
10,"(5,1)",0.6,39.000289482062456,28,2,82.00057896412491
11,"(5,1)",0.6,15.348902810773854,12,2,34.69780562154771
12,"(5,1)",0.6,16.172828222484995,10,2,36.34565644496999
13,"(5,1)",0.6,31.753942762531857,22,2,67.50788552506371
14,"(5,1)",0.6,22.96674738941299,14,2,49.93349477882598
15,"(5,1)",0.6,34.703243187803295,22,2,73.40648637560659
16,"(5,1)",0.6,14.54236294285882,10,2,33.08472588571764
17,"(5,1)",0.6,46.0844961399136,23,2,96.1689922798272
18,"(5,1)",0.6,20.249900267869112,17,2,44.499800535738224
19,"(5,1)",0.6,93.45211183181588,42,2,190.90422366363177
20,"(5,1)",0.6,29.277319980683085,23,2,62.55463996136617
1,"(5,1)",0.7,18.436181541227004,17,2,40.87236308245401
2,"(5,1)",0.7,33.61765842093992,9,2,71.23531684187984
3,"(5,1)",0.7,34.4625112147583,17,2,72.9250224295166
4,"(5,1)",0.7,22.502656465696624,13,2,49.00531293139325
5,"(5,1)",0.7,24.162671219273737,16,2,52.32534243854747
6,"(5,1)",0.7,32.10749035253563,24,2,68.21498070507126
7,"(5,1)",0.7,30.862360076020092,15,2,65.72472015204019
8,"(5,1)",0.7,35.76729702577697,26,2,75.53459405155394
9,"(5,1)",0.7,51.56727677429831,13,2,107.13455354859661
10,"(5,1)",0.7,42.39215283854532,28,2,88.78430567709064
11,"(5,1)",0.7,16.672263556101086,12,2,37.34452711220217
12,"(5,1)",0.7,18.160317840873187,10,2,40.320635681746374
13,"(5,1)",0.7,33.65770209925972,22,2,71.31540419851945
14,"(5,1)",0.7,26.957840509134243,14,2,57.91568101826849
15,"(5,1)",0.7,30.96562045765457,22,2,65.93124091530913
16,"(5,1)",0.7,15.953182993514638,10,2,35.906365987029275
17,"(5,1)",0.7,41.471203825129244,23,2,86.94240765025849
18,"(5,1)",0.7,20.85432897770517,17,2,45.70865795541034
19,"(5,1)",0.7,77.80876557962051,42,2,159.61753115924103
20,"(5,1)",0.7,35.157102019421636,23,2,74.31420403884327
1,"(5,1)",0.8,20.367342232380448,17,2,44.734684464760896
2,"(5,1)",0.8,15.87831837394656,9,2,35.75663674789312
3,"(5,1)",0.8,31.982159602577916,17,2,67.96431920515583
4,"(5,1)",0.8,19.352014570617698,13,2,42.704029141235395
5,"(5,1)",0.8,21.932447894231395,16,2,47.86489578846279
6,"(5,1)",0.8,33.81170865274705,24,2,71.6234173054941
7,"(5,1)",0.8,26.537299550587598,15,2,57.074599101175195
8,"(5,1)",0.8,37.215219060547575,26,2,78.43043812109515
9,"(5,1)",0.8,31.011937830785385,13,2,66.02387566157077
10,"(5,1)",0.8,43.24814552900328,28,2,90.49629105800656
11,"(5,1)",0.8,16.06347488858258,12,2,36.12694977716516
12,"(5,1)",0.8,16.565820371664586,10,2,37.13164074332917
13,"(5,1)",0.8,31.510419381342647,22,2,67.02083876268529
14,"(5,1)",0.8,21.723685697875393,14,2,47.447371395750785
15,"(5,1)",0.8,29.45307420283132,22,2,62.90614840566264
16,"(5,1)",0.8,16.102214716898512,10,2,36.204429433797024
17,"(5,1)",0.8,37.00790944789399,23,2,78.01581889578797
18,"(5,1)",0.8,22.61834334616939,17,2,49.23668669233878
19,"(5,1)",0.8,78.58499140877115,42,2,161.1699828175423
20,"(5,1)",0.8,34.81618769328518,23,2,73.63237538657036
1,"(5,1)",0.9,19.343274009698327,17,2,42.68654801939665
2,"(5,1)",0.9,33.661421118590994,9,2,71.32284223718199
3,"(5,1)",0.9,37.20660030875251,17,2,78.41320061750503
4,"(5,1)",0.9,24.124487333969476,13,2,52.24897466793895
5,"(5,1)",0.9,24.81502331030365,16,2,53.6300466206073
6,"(5,1)",0.9,26.96420886978322,24,2,57.92841773956644
7,"(5,1)",0.9,34.21012496083323,15,2,72.42024992166645
8,"(5,1)",0.9,40.722445258636114,26,2,85.44489051727223
9,"(5,1)",0.9,34.373141773011355,13,2,72.74628354602271
10,"(5,1)",0.9,41.41897672137671,28,2,86.83795344275342
11,"(5,1)",0.9,17.240085056265038,12,2,38.480170112530075
12,"(5,1)",0.9,35.21541667397385,10,2,74.4308333479477
13,"(5,1)",0.9,32.646116981398634,22,2,69.29223396279727
14,"(5,1)",0.9,24.554241466617114,14,2,53.10848293323423
15,"(5,1)",0.9,25.801495736398195,22,2,55.60299147279639
16,"(5,1)",0.9,34.304418515465464,10,2,72.60883703093093
17,"(5,1)",0.9,35.01142006157224,23,2,74.02284012314448
18,"(5,1)",0.9,27.688234013736544,17,2,59.37646802747309
19,"(5,1)",0.9,75.62852093988047,42,2,155.25704187976095
20,"(5,1)",0.9,44.67218681347711,23,2,93.34437362695422
1,"(6,1)",0.1,25.993259268543387,17,1,53.98651853708677
2,"(6,1)",0.1,12.51089238583907,9,1,27.02178477167814
3,"(6,1)",0.1,26.278886910017793,17,1,54.557773820035585
4,"(6,1)",0.1,19.541928080825002,13,1,41.083856161650004
5,"(6,1)",0.1,19.341851962923844,16,1,40.68370392584769
6,"(6,1)",0.1,111.95141654053076,24,1,225.90283308106152
7,"(6,1)",0.1,26.87430308387232,15,1,55.74860616774464
8,"(6,1)",0.1,95.46702895223297,26,1,192.93405790446593
9,"(6,1)",0.1,29.945257826143067,13,1,61.89051565228613
10,"(6,1)",0.1,142.37796552531708,28,1,286.75593105063416
11,"(6,1)",0.1,11.677646371058719,12,1,25.355292742117438
12,"(6,1)",0.1,8.23005048007151,10,1,18.46010096014302
13,"(6,1)",0.1,43.56789380192049,22,1,89.13578760384098
14,"(6,1)",0.1,13.252785251944486,14,1,28.505570503888972
15,"(6,1)",0.1,68.02338352331797,22,1,138.04676704663595
16,"(6,1)",0.1,9.018078594471257,10,1,20.036157188942514
17,"(6,1)",0.1,118.79152027027311,23,1,239.58304054054622
18,"(6,1)",0.1,28.19621913738311,17,1,58.39243827476622
19,"(6,1)",0.1,476.9454285712691,42,1,955.8908571425382
20,"(6,1)",0.1,51.703240507809845,23,1,105.40648101561969
1,"(6,1)",0.2,21.23708637282285,17,2,46.4741727456457
2,"(6,1)",0.2,12.895497507322489,9,2,29.790995014644977
3,"(6,1)",0.2,22.022767184608448,17,2,48.045534369216895
4,"(6,1)",0.2,15.13680897763234,13,2,34.27361795526468
5,"(6,1)",0.2,16.45905835677638,16,2,36.91811671355276
6,"(6,1)",0.2,48.61017069359786,24,2,101.22034138719572
7,"(6,1)",0.2,19.229179205550725,15,2,42.45835841110145
8,"(6,1)",0.2,41.085655748389854,26,2,86.17131149677971
9,"(6,1)",0.2,65.35969297645994,13,2,134.71938595291988
10,"(6,1)",0.2,49.03622718341577,28,2,102.07245436683154
11,"(6,1)",0.2,10.809000171067556,12,2,25.61800034213511
12,"(6,1)",0.2,10.765294999138218,10,2,25.530589998276437
13,"(6,1)",0.2,34.075622354710916,22,2,72.15124470942183
14,"(6,1)",0.2,15.394006793709345,14,2,34.78801358741869
15,"(6,1)",0.2,42.345128680219624,22,2,88.69025736043925
16,"(6,1)",0.2,9.94546000457893,10,2,23.89092000915786
17,"(6,1)",0.2,50.14832653095087,23,2,104.29665306190174
18,"(6,1)",0.2,18.05258114948163,17,2,40.10516229896326
19,"(6,1)",0.2,392.22913436640044,42,2,788.4582687328009
20,"(6,1)",0.2,33.17950448841251,23,2,70.35900897682502
1,"(6,1)",0.3,19.797006129311267,17,2,43.594012258622534
2,"(6,1)",0.3,10.968145996403706,9,2,25.936291992807412
3,"(6,1)",0.3,25.19280511004744,17,2,54.38561022009488
4,"(6,1)",0.3,16.236908444212883,13,2,36.473816888425766
5,"(6,1)",0.3,21.16938605842084,16,2,46.33877211684168
6,"(6,1)",0.3,38.01821708166433,24,2,80.03643416332866
7,"(6,1)",0.3,22.69838933924844,15,2,49.39677867849688
8,"(6,1)",0.3,34.46474066519074,26,2,72.92948133038148
9,"(6,1)",0.3,43.82957327326409,13,2,91.65914654652818
10,"(6,1)",0.3,46.1420123843767,28,2,96.2840247687534
11,"(6,1)",0.3,12.968872798857007,12,2,29.937745597714013
12,"(6,1)",0.3,12.620166024567453,10,2,29.240332049134906
13,"(6,1)",0.3,32.930628114519585,22,2,69.86125622903917
14,"(6,1)",0.3,19.938032869204708,14,2,43.876065738409416
15,"(6,1)",0.3,34.30323965611237,22,2,72.60647931222474
16,"(6,1)",0.3,11.211804569418883,10,2,26.423609138837765
17,"(6,1)",0.3,47.10380984163186,23,2,98.20761968326372
18,"(6,1)",0.3,21.178264051042024,17,2,46.35652810208405
19,"(6,1)",0.3,98.46038740703595,42,2,200.9207748140719
20,"(6,1)",0.3,30.028892493612133,23,2,64.05778498722427
1,"(6,1)",0.4,19.17088372553232,17,2,42.34176745106464
2,"(6,1)",0.4,10.919498086845538,9,2,25.838996173691076
3,"(6,1)",0.4,22.984394087350452,17,2,49.968788174700904
4,"(6,1)",0.4,15.600625880089595,13,2,35.20125176017919
5,"(6,1)",0.4,22.952338852150447,16,2,49.904677704300894
6,"(6,1)",0.4,42.595945525808034,24,2,89.19189105161607
7,"(6,1)",0.4,20.86458832181526,15,2,45.72917664363052
8,"(6,1)",0.4,35.31959015017342,26,2,74.63918030034684
9,"(6,1)",0.4,23.025620173014886,13,2,50.05124034602977
10,"(6,1)",0.4,46.72854551774784,28,2,97.45709103549568
11,"(6,1)",0.4,13.172970109412454,12,2,30.345940218824907
12,"(6,1)",0.4,14.30683140438698,10,2,32.61366280877396
13,"(6,1)",0.4,37.623753643759706,22,2,79.24750728751941
14,"(6,1)",0.4,21.117371785328494,14,2,46.23474357065699
15,"(6,1)",0.4,37.41016709431393,22,2,78.82033418862785
16,"(6,1)",0.4,11.91357651114511,10,2,27.82715302229022
17,"(6,1)",0.4,55.220908543429786,23,2,114.44181708685957
18,"(6,1)",0.4,18.07069713293344,17,2,40.14139426586688
19,"(6,1)",0.4,109.42943564139422,42,2,222.85887128278844
20,"(6,1)",0.4,30.915195534986168,23,2,65.83039106997234
1,"(6,1)",0.5,20.71632089316052,17,2,45.43264178632104
2,"(6,1)",0.5,13.670739791916482,9,2,31.341479583832964
3,"(6,1)",0.5,26.293504360310266,17,2,56.58700872062053
4,"(6,1)",0.5,16.727840494711984,13,2,37.45568098942397
5,"(6,1)",0.5,23.41755503894845,16,2,50.8351100778969
6,"(6,1)",0.5,37.360686524598066,24,2,78.72137304919613
7,"(6,1)",0.5,21.686924463197478,15,2,47.373848926394956
8,"(6,1)",0.5,36.47048346837456,26,2,76.94096693674912
9,"(6,1)",0.5,25.04156998523653,13,2,54.08313997047306
10,"(6,1)",0.5,44.750313080883814,28,2,93.50062616176763
11,"(6,1)",0.5,16.233284386888474,12,2,36.46656877377695
12,"(6,1)",0.5,16.78760513505972,10,2,37.57521027011944
13,"(6,1)",0.5,35.46291990295973,22,2,74.92583980591947
14,"(6,1)",0.5,23.561300288262366,14,2,51.12260057652473
15,"(6,1)",0.5,36.58820741345098,22,2,77.17641482690196
16,"(6,1)",0.5,14.600994758965278,10,2,33.201989517930556
17,"(6,1)",0.5,49.677029996005764,23,2,103.35405999201153
18,"(6,1)",0.5,18.9386589669763,17,2,41.8773179339526
19,"(6,1)",0.5,94.41227179537375,42,2,192.8245435907475
20,"(6,1)",0.5,28.579405300897516,23,2,61.15881060179503
1,"(6,1)",0.6,19.18808812176136,17,2,42.37617624352272
2,"(6,1)",0.6,52.68064973000196,9,2,109.36129946000392
3,"(6,1)",0.6,52.559206457193966,17,2,109.11841291438793
4,"(6,1)",0.6,18.990571775833402,13,2,41.981143551666804
5,"(6,1)",0.6,21.55954548527833,16,2,47.11909097055666
6,"(6,1)",0.6,33.16153756430604,24,2,70.32307512861207
7,"(6,1)",0.6,24.945762202268355,15,2,53.89152440453671
8,"(6,1)",0.6,37.72370579320958,26,2,79.44741158641916
9,"(6,1)",0.6,91.86150440609984,13,2,187.72300881219968
10,"(6,1)",0.6,43.643152454130224,28,2,91.28630490826045
11,"(6,1)",0.6,17.80256359793042,12,2,39.60512719586084
12,"(6,1)",0.6,36.46024051500024,10,2,76.92048103000047
13,"(6,1)",0.6,31.533799911473242,22,2,67.06759982294648
14,"(6,1)",0.6,25.9945811499566,14,2,55.9891622999132
15,"(6,1)",0.6,32.639365839541135,22,2,69.27873167908227
16,"(6,1)",0.6,34.840752266712634,10,2,73.68150453342527
17,"(6,1)",0.6,43.92757184554513,23,2,91.85514369109026
18,"(6,1)",0.6,18.55648970334266,17,2,41.11297940668532
19,"(6,1)",0.6,95.17494454949325,42,2,194.3498890989865
20,"(6,1)",0.6,29.81837034038262,23,2,63.63674068076524
1,"(6,1)",0.7,17.48655620741917,17,2,38.97311241483834
2,"(6,1)",0.7,15.334938221722734,9,2,34.66987644344547
3,"(6,1)",0.7,35.08165236242518,17,2,74.16330472485036
4,"(6,1)",0.7,22.59359566555786,13,2,49.18719133111572
5,"(6,1)",0.7,23.028585018435724,16,2,50.05717003687145
6,"(6,1)",0.7,32.82895820228271,24,2,69.65791640456543
7,"(6,1)",0.7,32.367871486613986,15,2,68.73574297322797
8,"(6,1)",0.7,34.98534484153475,26,2,73.9706896830695
9,"(6,1)",0.7,34.04979047475267,13,2,72.09958094950534
10,"(6,1)",0.7,42.55896226116473,28,2,89.11792452232946
11,"(6,1)",0.7,16.622204447677817,12,2,37.24440889535563
12,"(6,1)",0.7,17.27452963371751,10,2,38.54905926743502
13,"(6,1)",0.7,32.79943044864397,22,2,69.59886089728793
14,"(6,1)",0.7,26.915236341900933,14,2,57.830472683801865
15,"(6,1)",0.7,32.793435557767516,22,2,69.58687111553503
16,"(6,1)",0.7,15.061556699413153,10,2,34.123113398826305
17,"(6,1)",0.7,41.58075560403307,23,2,87.16151120806614
18,"(6,1)",0.7,21.23845674920804,17,2,46.47691349841608
19,"(6,1)",0.7,87.3307280459436,42,2,178.6614560918872
20,"(6,1)",0.7,35.220315562194834,23,2,74.44063112438967
1,"(6,1)",0.8,20.892208325826267,17,2,45.784416651652535
2,"(6,1)",0.8,15.797034687618215,9,2,35.59406937523643
3,"(6,1)",0.8,34.78671268819194,17,2,73.57342537638388
4,"(6,1)",0.8,21.157867667207224,13,2,46.31573533441445
5,"(6,1)",0.8,22.71788096190756,16,2,49.43576192381512
6,"(6,1)",0.8,35.833650224400145,24,2,75.66730044880029
7,"(6,1)",0.8,29.05760666161059,15,2,62.11521332322118
8,"(6,1)",0.8,35.08938860168957,26,2,74.17877720337914
9,"(6,1)",0.8,35.55757654269296,13,2,75.11515308538593
10,"(6,1)",0.8,41.15397591275138,28,2,86.30795182550276
11,"(6,1)",0.8,17.534584908310897,12,2,39.069169816621795
12,"(6,1)",0.8,18.179884427114906,10,2,40.35976885422981
13,"(6,1)",0.8,30.302801074467993,22,2,64.60560214893599
14,"(6,1)",0.8,25.907467553038362,14,2,55.814935106076724
15,"(6,1)",0.8,29.802692370119853,22,2,63.60538474023971
16,"(6,1)",0.8,17.30825446606817,10,2,38.61650893213634
17,"(6,1)",0.8,36.57041560006486,23,2,77.14083120012972
18,"(6,1)",0.8,20.904606399416163,17,2,45.80921279883233
19,"(6,1)",0.8,83.125795204534,42,2,170.251590409068
20,"(6,1)",0.8,33.42952557413598,23,2,70.85905114827196
1,"(6,1)",0.9,20.258956074176027,17,2,44.51791214835205
2,"(6,1)",0.9,54.112034535615166,9,2,112.22406907123033
3,"(6,1)",0.9,80.02164867331867,17,2,164.04329734663733
4,"(6,1)",0.9,25.95291021195083,13,2,55.90582042390166
5,"(6,1)",0.9,23.579300208603467,16,2,51.158600417206934
6,"(6,1)",0.9,27.05844193370491,24,2,58.11688386740982
7,"(6,1)",0.9,35.422863815022616,15,2,74.84572763004523
8,"(6,1)",0.9,38.05490662548733,26,2,80.10981325097465
9,"(6,1)",0.9,117.27977122907339,13,2,238.55954245814678
10,"(6,1)",0.9,42.57460518555933,28,2,89.14921037111866
11,"(6,1)",0.9,19.766030113373276,12,2,43.53206022674655
12,"(6,1)",0.9,17.423131530182367,10,2,38.846263060364734
13,"(6,1)",0.9,32.087818621391015,22,2,68.17563724278203
14,"(6,1)",0.9,45.61986653518231,14,2,95.23973307036462
15,"(6,1)",0.9,26.738093821311278,22,2,57.476187642622556
16,"(6,1)",0.9,17.250870420414252,10,2,38.501740840828504
17,"(6,1)",0.9,31.675680658197578,23,2,67.35136131639516
18,"(6,1)",0.9,27.611544337844858,17,2,59.223088675689716
19,"(6,1)",0.9,74.06636388449785,42,2,152.1327277689957
20,"(6,1)",0.9,43.58971889196137,23,2,91.17943778392274
1,"(9,1)",0.1,25.788227305718937,17,1,53.576454611437875
2,"(9,1)",0.1,10.548446349960532,9,1,23.096892699921064
3,"(9,1)",0.1,25.67217750321637,17,1,53.34435500643274
4,"(9,1)",0.1,17.813762848855376,13,1,37.62752569771075
5,"(9,1)",0.1,21.564295176779982,16,1,45.128590353559964
6,"(9,1)",0.1,156.49374621380136,24,1,314.9874924276027
7,"(9,1)",0.1,26.45801244966414,15,1,54.91602489932828
8,"(9,1)",0.1,135.35091532667462,26,1,272.70183065334925
9,"(9,1)",0.1,49.1081088965084,13,1,100.2162177930168
10,"(9,1)",0.1,183.39574513928602,28,1,368.79149027857204
11,"(9,1)",0.1,10.890181439701832,12,1,23.780362879403665
12,"(9,1)",0.1,7.459519734093539,10,1,16.91903946818708
13,"(9,1)",0.1,69.67398705835426,22,1,141.3479741167085
14,"(9,1)",0.1,15.346119003982384,14,1,32.69223800796477
15,"(9,1)",0.1,132.65571428574293,22,1,267.31142857148586
16,"(9,1)",0.1,7.255061467203489,10,1,16.51012293440698
17,"(9,1)",0.1,239.15796087802178,23,1,480.31592175604356
18,"(9,1)",0.1,47.79047576799616,17,1,97.58095153599233
19,"(9,1)",0.1,301.24678828987834,42,1,604.4935765797567
20,"(9,1)",0.1,91.51828981334934,23,1,185.03657962669868
1,"(9,1)",0.2,24.463018651442393,17,2,52.92603730288479
2,"(9,1)",0.2,10.52480826201255,9,2,25.0496165240251
3,"(9,1)",0.2,19.384002589420447,17,2,42.768005178840895
4,"(9,1)",0.2,13.603443811322808,13,2,31.206887622645617
5,"(9,1)",0.2,21.63556989115351,16,2,47.27113978230702
6,"(9,1)",0.2,59.04734910002648,24,2,122.09469820005296
7,"(9,1)",0.2,19.00805855253531,15,2,42.01611710507062
8,"(9,1)",0.2,43.55165881343063,26,2,91.10331762686126
9,"(9,1)",0.2,19.89547553907025,13,2,43.7909510781405
10,"(9,1)",0.2,59.77638845476114,28,2,123.55277690952228
11,"(9,1)",0.2,10.054171428953197,12,2,24.108342857906393
12,"(9,1)",0.2,10.594143710572578,10,2,25.188287421145155
13,"(9,1)",0.2,41.33881265847737,22,2,86.67762531695475
14,"(9,1)",0.2,15.113258847674766,14,2,34.22651769534953
15,"(9,1)",0.2,44.36861553112525,22,2,92.7372310622505
16,"(9,1)",0.2,9.214303959229367,10,2,22.428607918458734
17,"(9,1)",0.2,116.11285874854276,23,2,236.22571749708553
18,"(9,1)",0.2,20.20321769801204,17,2,44.40643539602408
19,"(9,1)",0.2,498.8191569971443,42,2,1001.6383139942886
20,"(9,1)",0.2,34.67426027719565,23,2,73.3485205543913
1,"(9,1)",0.3,21.922879256282645,17,2,47.84575851256529
2,"(9,1)",0.3,10.962711080633254,9,2,25.925422161266507
3,"(9,1)",0.3,20.015479937081874,17,2,44.03095987416375
4,"(9,1)",0.3,13.663646809715765,13,2,31.32729361943153
5,"(9,1)",0.3,19.08857870918951,16,2,42.17715741837902
6,"(9,1)",0.3,56.32144749175935,24,2,116.6428949835187
7,"(9,1)",0.3,16.933854629410774,15,2,37.86770925882155
8,"(9,1)",0.3,37.735659469819694,26,2,79.47131893963939
9,"(9,1)",0.3,22.4735233205777,13,2,48.9470466411554
10,"(9,1)",0.3,48.0628781618759,28,2,100.1257563237518
11,"(9,1)",0.3,12.790454267741314,12,2,29.580908535482628
12,"(9,1)",0.3,12.904335507610188,10,2,29.808671015220376
13,"(9,1)",0.3,38.142382792918774,22,2,80.28476558583755
14,"(9,1)",0.3,18.051833788352447,14,2,40.10366757670489
15,"(9,1)",0.3,44.40367817452522,22,2,92.80735634905044
16,"(9,1)",0.3,11.267498620987972,10,2,26.534997241975944
17,"(9,1)",0.3,135.82122795686945,23,2,275.6424559137389
18,"(9,1)",0.3,16.989463966763516,17,2,37.97892793352703
19,"(9,1)",0.3,553.9560470160354,42,2,1111.9120940320709
20,"(9,1)",0.3,29.320660178154128,23,2,62.641320356308256
1,"(9,1)",0.4,20.745515829738736,17,2,45.49103165947747
2,"(9,1)",0.4,11.842354190707448,9,2,27.684708381414897
3,"(9,1)",0.4,24.60314476310109,17,2,53.20628952620218
4,"(9,1)",0.4,15.836748193568724,13,2,35.67349638713745
5,"(9,1)",0.4,22.25995812956135,16,2,48.5199162591227
6,"(9,1)",0.4,41.03858446565391,24,2,86.07716893130782
7,"(9,1)",0.4,20.766763820364957,15,2,45.533527640729915
8,"(9,1)",0.4,35.81831967105198,26,2,75.63663934210396
9,"(9,1)",0.4,21.4369185295766,13,2,46.8738370591532
10,"(9,1)",0.4,45.316086408066596,28,2,94.63217281613319
11,"(9,1)",0.4,14.278992568360135,12,2,32.55798513672027
12,"(9,1)",0.4,14.640400564548006,10,2,33.28080112909601
13,"(9,1)",0.4,34.388020144714496,22,2,72.77604028942899
14,"(9,1)",0.4,21.115796467478116,14,2,46.23159293495623
15,"(9,1)",0.4,37.12684200448346,22,2,78.25368400896691
16,"(9,1)",0.4,12.958641990534279,10,2,29.917283981068557
17,"(9,1)",0.4,46.499370672791905,23,2,96.99874134558381
18,"(9,1)",0.4,18.973740942720944,17,2,41.94748188544189
19,"(9,1)",0.4,109.5355577815127,42,2,223.0711155630254
20,"(9,1)",0.4,28.63613763355096,23,2,61.27227526710192
1,"(9,1)",0.5,19.306774753755395,17,2,42.61354950751079
2,"(9,1)",0.5,13.574488261167076,9,2,31.148976522334152
3,"(9,1)",0.5,26.96551570518742,17,2,57.93103141037484
4,"(9,1)",0.5,15.80926518415593,13,2,35.61853036831186
5,"(9,1)",0.5,23.174366088159566,16,2,50.34873217631913
6,"(9,1)",0.5,42.4993042432251,24,2,88.9986084864502
7,"(9,1)",0.5,21.05802048375595,15,2,46.1160409675119
8,"(9,1)",0.5,35.926444843150996,26,2,75.85288968630199
9,"(9,1)",0.5,29.103605377642147,13,2,62.207210755284294
10,"(9,1)",0.5,47.35080668088589,28,2,98.70161336177178
11,"(9,1)",0.5,15.817198704370755,12,2,35.634397408741506
12,"(9,1)",0.5,16.924601869439506,10,2,37.84920373887901
13,"(9,1)",0.5,35.042152400791544,22,2,74.08430480158309
14,"(9,1)",0.5,23.730616078287024,14,2,51.46123215657405
15,"(9,1)",0.5,38.1667512479716,22,2,80.3335024959432
16,"(9,1)",0.5,14.762922229522697,10,2,33.525844459045395
17,"(9,1)",0.5,52.32075794495749,23,2,108.64151588991498
18,"(9,1)",0.5,18.352009616216794,17,2,40.70401923243359
19,"(9,1)",0.5,146.4299783461125,42,2,296.859956692225
20,"(9,1)",0.5,27.29387273884041,23,2,58.58774547768082
1,"(9,1)",0.6,18.19097391777386,17,2,40.38194783554772
2,"(9,1)",0.6,15.388905514973185,9,2,34.77781102994637
3,"(9,1)",0.6,32.27382416588279,17,2,68.54764833176559
4,"(9,1)",0.6,19.20301718821019,13,2,42.40603437642038
5,"(9,1)",0.6,22.397363749670475,16,2,48.79472749934095
6,"(9,1)",0.6,33.7383535527983,24,2,71.4767071055966
7,"(9,1)",0.6,25.19628707749598,15,2,54.39257415499196
8,"(9,1)",0.6,33.834309814176,26,2,71.668619628352
9,"(9,1)",0.6,32.63449281395817,13,2,69.26898562791634
10,"(9,1)",0.6,41.337066128707846,28,2,86.67413225741569
11,"(9,1)",0.6,15.952629812258165,12,2,35.90525962451633
12,"(9,1)",0.6,16.849717337147883,10,2,37.699434674295766
13,"(9,1)",0.6,34.33497645712395,22,2,72.6699529142479
14,"(9,1)",0.6,24.762568167951443,14,2,53.525136335902886
15,"(9,1)",0.6,30.981553017584694,22,2,65.96310603516939
16,"(9,1)",0.6,14.774974316249601,10,2,33.5499486324992
17,"(9,1)",0.6,69.76327904018792,23,2,143.52655808037585
18,"(9,1)",0.6,20.280907295998464,17,2,44.56181459199693
19,"(9,1)",0.6,181.80137400942996,42,2,367.6027480188599
20,"(9,1)",0.6,33.60207883025525,23,2,71.2041576605105
1,"(9,1)",0.7,18.511068969002185,17,2,41.02213793800437
2,"(9,1)",0.7,34.837733465536104,9,2,73.67546693107221
3,"(9,1)",0.7,35.01385712617377,17,2,74.02771425234754
4,"(9,1)",0.7,19.95113357753496,13,2,43.90226715506992
5,"(9,1)",0.7,22.779465352535542,16,2,49.558930705071084
6,"(9,1)",0.7,33.44690296974074,24,2,70.89380593948148
7,"(9,1)",0.7,30.412960593646904,15,2,64.8259211872938
8,"(9,1)",0.7,36.22684559932891,26,2,76.45369119865782
9,"(9,1)",0.7,55.88602162289582,13,2,115.77204324579164
10,"(9,1)",0.7,46.61543317614303,28,2,97.23086635228606
11,"(9,1)",0.7,16.425416979665588,12,2,36.850833959331176
12,"(9,1)",0.7,37.80688368356917,10,2,79.61376736713834
13,"(9,1)",0.7,32.45464744919089,22,2,68.90929489838177
14,"(9,1)",0.7,25.434367824379652,14,2,54.868735648759305
15,"(9,1)",0.7,30.912006523468627,22,2,65.82401304693725
16,"(9,1)",0.7,36.069728348375975,10,2,76.13945669675195
17,"(9,1)",0.7,42.92736130091613,23,2,89.85472260183226
18,"(9,1)",0.7,19.27404180622159,17,2,42.54808361244318
19,"(9,1)",0.7,89.98753742826307,42,2,183.97507485652613
20,"(9,1)",0.7,30.279603794980456,23,2,64.55920758996092
1,"(9,1)",0.8,19.784870056021514,17,2,43.56974011204303
2,"(9,1)",0.8,34.66366380629813,9,2,73.32732761259626
3,"(9,1)",0.8,38.15470194420498,17,2,80.30940388840996
4,"(9,1)",0.8,23.79532909717711,13,2,51.59065819435422
5,"(9,1)",0.8,23.228453534202806,16,2,50.45690706840561
6,"(9,1)",0.8,28.44934735839908,24,2,60.89869471679816
7,"(9,1)",0.8,30.043385129666838,15,2,64.08677025933368
8,"(9,1)",0.8,34.757056210636115,26,2,73.51411242127223
9,"(9,1)",0.8,54.94753981399596,13,2,113.89507962799192
10,"(9,1)",0.8,37.36338158299569,28,2,78.72676316599139
11,"(9,1)",0.8,18.50424439198975,12,2,41.0084887839795
12,"(9,1)",0.8,18.185669461770633,10,2,40.371338923541266
13,"(9,1)",0.8,30.964632610322667,22,2,65.92926522064533
14,"(9,1)",0.8,25.967893977773585,14,2,55.93578795554717
15,"(9,1)",0.8,26.027257480961207,22,2,56.054514961922415
16,"(9,1)",0.8,17.16822058020973,10,2,38.33644116041946
17,"(9,1)",0.8,35.9048216120867,23,2,75.8096432241734
18,"(9,1)",0.8,24.270727972864673,17,2,52.541455945729346
19,"(9,1)",0.8,82.62294935255582,42,2,169.24589870511164
20,"(9,1)",0.8,38.03779933350892,23,2,80.07559866701784
1,"(9,1)",0.9,19.5603373389467,17,2,43.1206746778934
2,"(9,1)",0.9,35.60383721623548,9,2,75.20767443247097
3,"(9,1)",0.9,46.29931778396818,17,2,96.59863556793636
4,"(9,1)",0.9,48.285233267637196,13,2,100.57046653527439
5,"(9,1)",0.9,22.49386837378315,16,2,48.9877367475663
6,"(9,1)",0.9,26.569893285952073,24,2,57.139786571904146
7,"(9,1)",0.9,40.696165265742124,15,2,85.39233053148425
8,"(9,1)",0.9,36.31605155734465,26,2,76.6321031146893
9,"(9,1)",0.9,82.44482614783362,13,2,168.88965229566725
10,"(9,1)",0.9,36.76352316580894,28,2,77.52704633161788
11,"(9,1)",0.9,37.85803222508144,12,2,79.71606445016288
12,"(9,1)",0.9,36.345522766447075,10,2,76.69104553289415
13,"(9,1)",0.9,30.082416306963434,22,2,64.16483261392688
14,"(9,1)",0.9,31.34042112213551,14,2,66.68084224427102
15,"(9,1)",0.9,23.755826399095216,22,2,51.51165279819043
16,"(9,1)",0.9,35.80636148034696,10,2,75.61272296069392
17,"(9,1)",0.9,32.361365678156176,23,2,68.72273135631235
18,"(9,1)",0.9,25.743713561501195,17,2,55.48742712300239
19,"(9,1)",0.9,81.10661446917373,42,2,166.21322893834747
20,"(9,1)",0.9,45.70697396765953,23,2,95.41394793531906
